#
# There is insufficient memory for the Java Runtime Environment to continue.
# Native memory allocation (malloc) failed to allocate 1126944 bytes for Chunk::new
# Possible reasons:
#   The system is out of physical RAM or swap space
# Possible solutions:
#   Reduce memory load on the system
#   Increase physical memory or swap space
#   Check if swap backing store is full
#   Decrease Java heap size (-Xmx/-Xms)
#   Decrease number of Java threads
#   Decrease Java thread stack sizes (-Xss)
#   Set larger code cache with -XX:ReservedCodeCacheSize=
# This output file may be truncated or incomplete.
#
#  Out of Memory Error (arena.cpp:168), pid=14432, tid=6024
#
# JRE version: Java(TM) SE Runtime Environment (21.0.11+9) (build 21.0.11+9-LTS-211)
# Java VM: Java HotSpot(TM) 64-Bit Server VM (21.0.11+9-LTS-211, mixed mode, sharing, tiered, compressed class ptrs, parallel gc, windows-amd64)
# No core dump will be written. Minidumps are not enabled by default on client versions of Windows
#

---------------  S U M M A R Y ------------

Command Line: --add-modules=ALL-SYSTEM --add-opens=java.base/java.util=ALL-UNNAMED --add-opens=java.base/java.lang=ALL-UNNAMED --add-opens=java.base/sun.nio.fs=ALL-UNNAMED -Declipse.application=org.eclipse.jdt.ls.core.id1 -Dosgi.bundles.defaultStartLevel=4 -Declipse.product=org.eclipse.jdt.ls.core.product -Djava.import.generatesMetadataFilesAtProjectRoot=false -DDetectVMInstallationsJob.disabled=true -Dfile.encoding=utf8 -XX:+UseParallelGC -XX:GCTimeRatio=4 -XX:AdaptiveSizePolicyWeight=90 -Dsun.zip.disableMemoryMapping=true -Xmx64G -Xms100m -Xlog:disable -javaagent:c:\Users\hieun\.vscode\extensions\redhat.java-1.56.2026082208-win32-x64\lombok\lombok-1.18.39-4050.jar -XX:+HeapDumpOnOutOfMemoryError -XX:HeapDumpPath=c:\Users\hieun\AppData\Roaming\Code\User\workspaceStorage\f5c6fc432ce2b7ab2a33e31da49ea365\redhat.java -Daether.dependencyCollector.impl=bf -XX:+UnlockDiagnosticVMOptions -XX:+AllowArchivingWithJavaAgent -XX:+AutoCreateSharedArchive -XX:SharedArchiveFile=c:\Users\hieun\AppData\Roaming\Code\User\globalStorage\redhat.java\1.56.2026082208\jdtls.jsa c:\Users\hieun\.vscode\extensions\redhat.java-1.56.2026082208-win32-x64\server\plugins\org.eclipse.equinox.launcher_1.8.0.v20260804-1928.jar -configuration c:\Users\hieun\AppData\Roaming\Code\User\globalStorage\redhat.java\1.56.2026082208\config_win -data c:\Users\hieun\AppData\Roaming\Code\User\workspaceStorage\f5c6fc432ce2b7ab2a33e31da49ea365\redhat.java\jdt_ws --stdio

Host: AMD Ryzen 5 7535HS with Radeon Graphics        , 12 cores, 15G,  Windows 11 , 64 bit Build 26100 (10.0.26100.9168)
Time: Mon Aug 24 22:46:30 2026 SE Asia Standard Time elapsed time: 601.517864 seconds (0d 0h 10m 1s)

---------------  T H R E A D  ---------------

Current thread (0x000002725e9d4d20):  JavaThread "C2 CompilerThread0" daemon [_thread_in_native, id=6024, stack(0x0000009068200000,0x0000009068300000) (1024K)]


Current CompileTask:
C2: 601517 22465       4       org.objectweb.asm.ClassReader::accept (1419 bytes)

Stack: [0x0000009068200000,0x0000009068300000]
Native frames: (J=compiled Java code, j=interpreted, Vv=VM code, C=native code)
V  [jvm.dll+0x6d0ef9]
V  [jvm.dll+0x860126]
V  [jvm.dll+0x86261e]
V  [jvm.dll+0x862cf3]
V  [jvm.dll+0x282bc6]
V  [jvm.dll+0xc67ad]
V  [jvm.dll+0xc6cf1]
V  [jvm.dll+0x3bbeab]
V  [jvm.dll+0x1e3a69]
V  [jvm.dll+0x24b673]
V  [jvm.dll+0x24aaff]
V  [jvm.dll+0x1cae7e]
V  [jvm.dll+0x25a7d9]
V  [jvm.dll+0x258d65]
V  [jvm.dll+0x3f50d1]
V  [jvm.dll+0x80ac0d]
V  [jvm.dll+0x6cf79d]
C  [ucrtbase.dll+0x2cd30]
C  [KERNEL32.DLL+0x2ccb7]
C  [ntdll.dll+0xaad6c]


---------------  P R O C E S S  ---------------

Threads class SMR info:
_java_thread_list=0x000002831a50ed50, length=1235, elements={
0x0000027267a8da00, 0x000002721c76e620, 0x0000027269ed70d0, 0x0000027269edfa90,
0x0000027269ee04f0, 0x0000027269ee4460, 0x0000027269eeaf00, 0x000002725e9d4d20,
0x000002725e9d53d0, 0x000002725ec908c0, 0x00000272640048a0, 0x000002726470bc80,
0x0000027264ad1880, 0x0000027264b51980, 0x0000027264aca010, 0x0000027264fe9440,
0x0000027265274980, 0x0000027264cfd700, 0x0000027264cfe420, 0x0000027264cff140,
0x0000027264cff7d0, 0x0000027264cfdd90, 0x0000027266a2dc10, 0x0000027266a31db0,
0x0000027266a30a00, 0x0000027266a32ad0, 0x0000027266a337f0, 0x00000282fbcbcc60,
0x00000282fbcc1490, 0x0000028306028020, 0x000002830602a0f0, 0x000002830602bb30,
0x0000028306029a60, 0x0000028306028d40, 0x000002830602e920, 0x000002830602f640,
0x000002830602e290, 0x000002830602c850, 0x000002830602dc00, 0x000002830602efb0,
0x000002830602d570, 0x000002830602cee0, 0x00000282fc06dd80, 0x00000282fc0704e0,
0x00000282fc06d060, 0x00000282fc06e410, 0x00000282fc071200, 0x00000282fc071890,
0x00000282fc06f130, 0x00000282fc071f20, 0x00000282fc074680, 0x00000282fb3e3c00,
0x00000282fb3e21c0, 0x00000282fb3e4fb0, 0x00000282fb3e5640, 0x00000282fc16f6a0,
0x00000282fc1703c0, 0x00000282fc1710e0, 0x00000282fc16fd30, 0x00000282fc171770,
0x00000282fc1731b0, 0x00000282fc174560, 0x0000027265f79cd0, 0x0000027265f78fb0,
0x0000027265f7c430, 0x0000027265f7f8b0, 0x0000027265f7e500, 0x0000027265f7f220,
0x0000027266a32440, 0x00000283058c0330, 0x00000283058c16e0, 0x00000283058c09c0,
0x00000283058be260, 0x00000283058bef80, 0x00000283058bfca0, 0x00000283058c51f0,
0x00000283058c44d0, 0x00000283058c5880, 0x000002726655db60, 0x000002726655ad70,
0x00000282fa8b5010, 0x00000282fbcc1b20, 0x00000282fcf43000, 0x0000027265e6f510,
0x0000027265e71c70, 0x0000027265e736b0, 0x0000027265e750f0, 0x0000027265e78c00,
0x0000027265e79290, 0x00000282fbc3db20, 0x00000282fbc3fbf0, 0x00000282fbc40280,
0x00000282fbc40fa0, 0x00000282fbc45140, 0x00000282fbc43070, 0x00000282fbc4a000,
0x00000282fbc48c50, 0x00000282fbc478a0, 0x00000272664dbb00, 0x00000272664dc190,
0x00000272664dade0, 0x00000272664df610, 0x00000272664def80, 0x00000272664e2a90,
0x00000272664e1050, 0x00000272664e51f0, 0x00000272664e5f10, 0x00000272664e8d00,
0x00000272664e9390, 0x00000272664dfca0, 0x00000272664ed530, 0x00000272664ec810,
0x00000272664f0320, 0x00000272664f23f0, 0x00000282fcf46b10, 0x0000027265e75e10,
0x00000272664d93a0, 0x00000272664dceb0, 0x00000272664db470, 0x00000272664e0330,
0x00000272664e44d0, 0x00000272664de8f0, 0x00000272664de260, 0x00000272664e09c0,
0x00000272664e72c0, 0x00000272664e4b60, 0x00000272664ebaf0, 0x00000272664da0c0,
0x00000272664d9a30, 0x00000272664e9a20, 0x00000272664eadd0, 0x00000272664ddbd0,
0x00000272664ef600, 0x00000272664ee8e0, 0x00000272664f44c0, 0x00000272664f5f00,
0x00000282fcf39fa0, 0x00000282fcf39280, 0x00000282fcf3dab0, 0x00000282fcf45df0,
0x00000282fcf422e0, 0x00000272664ea0b0, 0x00000272664f1040, 0x00000272664efc90,
0x00000272664e6c30, 0x00000272664f6590, 0x00000282fbc3e1b0, 0x00000282fbc40910,
0x00000282fbc3ce00, 0x00000282fbc45e60, 0x00000282fbc44ab0, 0x000002726655e1f0,
0x00000282fcf443b0, 0x00000282fa8b8490, 0x0000027266560fe0, 0x000002726655ba90,
0x00000272664f5870, 0x00000282fcf46480, 0x00000282fcf3e140, 0x00000282fa8b7e00,
0x00000272664d8680, 0x00000272664f51e0, 0x00000272664e2400, 0x00000272664eb460,
0x00000272664f16d0, 0x00000282fcf3b9e0, 0x00000282fcf3a630, 0x00000282fcf408a0,
0x00000282fbc3f560, 0x00000282fbc42350, 0x00000282fbc3d490, 0x00000282fbc4a690,
0x000002726655a050, 0x00000272665602c0, 0x0000027265e77850, 0x00000282fcf38bf0,
0x00000282fcf44a40, 0x00000272664f09b0, 0x0000027265f7d150, 0x00000282fc16dc60,
0x00000282fa8b56a0, 0x00000282fa8b4980, 0x00000282fcf39910, 0x00000282fc06fe50,
0x00000282fbc3c0e0, 0x0000027265e6e7f0, 0x00000272664eef70, 0x00000282fcf3fb80,
0x00000282fcf37ed0, 0x0000027265e74a60, 0x0000027266a2e930, 0x00000282fb3e3570,
0x00000282fc173ed0, 0x00000282fcf3acc0, 0x0000027266561670, 0x0000027265e73020,
0x0000027265e73d40, 0x00000272664ea740, 0x00000272664f3110, 0x00000282fcf42970,
0x00000272664da750, 0x00000272664d7960, 0x00000272664e8670, 0x0000027265f7ff40,
0x0000027265e6dad0, 0x0000027265e7b360, 0x00000282fcf450d0, 0x000002726655c120,
0x00000282fbcbbf40, 0x00000282fbcc0e00, 0x00000282fbcc0770, 0x00000272664e3e40,
0x00000282fbc457d0, 0x00000282fc16e980, 0x00000282fc06f7c0, 0x00000282fb3e2ee0,
0x00000282fcf3f4f0, 0x00000282fa8b63c0, 0x00000282fa8bb280, 0x00000282fbcbe010,
0x0000027265e76b30, 0x0000027266a2d580, 0x00000282fbc4ad20, 0x00000272664f37a0,
0x000002726655fc30, 0x00000283058c2a90, 0x00000282fbc43700, 0x00000283060286b0,
0x00000282fb3e0780, 0x00000282fbcbf3c0, 0x0000027265e6d440, 0x00000282fcf3e7d0,
0x00000282fbcbe6a0, 0x00000272664f4b50, 0x0000027266a34510, 0x00000282fbc485c0,
0x0000027266a2efc0, 0x00000282fc0725b0, 0x00000282fb3e00f0, 0x000002726655f5a0,
0x00000282fc073ff0, 0x00000272664edbc0, 0x0000027265e743d0, 0x00000282fb3e0e10,
0x00000282fb3e69f0, 0x000002830602c1c0, 0x00000282fbcbed30, 0x00000282fc06d6f0,
0x000002830f63cba0, 0x000002830f63d8c0, 0x000002830f63b7f0, 0x000002830f640d40,
0x000002830f6413d0, 0x000002830f641a60, 0x000002830f6420f0, 0x000002830f642e10,
0x000002830f6406b0, 0x000002830f6441c0, 0x000002830f644850, 0x000002830f649080,
0x000002830f64d8b0, 0x000002830f64ec60, 0x000002830f64df40, 0x000002830f64f980,
0x000002830f6520e0, 0x000002830f650010, 0x000002830f652e00, 0x000002830f6513c0,
0x000002830f655560, 0x000002830f658350, 0x000002830f654ed0, 0x000002830f657630,
0x000002830f64b7e0, 0x00000282fa8b91b0, 0x00000282fa8bbfa0, 0x00000282fa8b9ed0,
0x0000027265e72990, 0x00000282fc175280, 0x00000282fbcbc5d0, 0x000002830f646920,
0x000002830f659070, 0x000002830f6506a0, 0x00000283058c37b0, 0x000002830602a780,
0x00000282fc073960, 0x0000027265e7acd0, 0x000002830f653b20, 0x00000283060293d0,
0x000002830f63df50, 0x00000282fc070b70, 0x00000283058c1050, 0x000002830f64f2f0,
0x00000282fa8bb910, 0x00000282fa8b9840, 0x000002726655ef10, 0x000002830fef1300,
0x000002830fef4780, 0x000002830fef5b30, 0x000002830fed9cf0, 0x000002830fed8fd0,
0x000002830fedbdc0, 0x000002830fedc450, 0x000002830fee05f0, 0x000002830fedd170,
0x000002830fede520, 0x000002830fee61d0, 0x000002830fee4e20, 0x000002830fee82a0,
0x000002830fee9ce0, 0x000002830feeb720, 0x000002830feed160, 0x000002830fee7580,
0x000002830feede80, 0x000002830feeeba0, 0x000002830fef0c70, 0x000002830f63f300,
0x000002830fef61c0, 0x00000282fa8b70e0, 0x00000282fcf45760, 0x00000283058be8f0,
0x00000272664f2a80, 0x000002830ff1a840, 0x000002830ff19490, 0x000002830ff1f070,
0x000002830ff1c910, 0x000002830ff1cfa0, 0x000002830ff1f700, 0x000002830ff23f30,
0x000002830ff26d20, 0x000002830ff29480, 0x000002830ff2bbe0, 0x000002830ff2aec0,
0x000002830ff2fd80, 0x000002830ff2e340, 0x000002830ff317c0, 0x000002830ff352d0,
0x000002830ff34c40, 0x000002830ff36680, 0x000002830fee0c80, 0x000002830fee8fc0,
0x000002830fedd800, 0x000002830f655bf0, 0x000002830f63aad0, 0x00000282fcf41c50,
0x00000282fcf471a0, 0x000002830f652770, 0x00000272664e7950, 0x000002830ff31e50,
0x000002830feeb090, 0x000002830fee2030, 0x0000027265e79920, 0x000002830fef1990,
0x000002830ff30410, 0x00000282fb3e5cd0, 0x00000282fbcbd980, 0x0000027266a34ba0,
0x000002830f649710, 0x0000028310696aa0, 0x00000283106984e0, 0x0000028310699200,
0x000002831069ac40, 0x0000028310696410, 0x0000028310699f20, 0x000002831069d3a0,
0x00000283106a2260, 0x000002830fee1310, 0x000002830feee510, 0x000002830ff1c280,
0x000002830ff28df0, 0x000002830f656280, 0x0000027265e6e160, 0x00000282fc174bf0,
0x000002831069b960, 0x000002830f653490, 0x000002830feec440, 0x00000282fc16f010,
0x00000282fcf40f30, 0x000002831069bff0, 0x000002830f654840, 0x0000027265e6c720,
0x00000283128c9ee0, 0x00000283128cac00, 0x00000283128ca570, 0x00000283128cbfb0,
0x00000283128cc640, 0x00000283128cd360, 0x00000283128d07e0, 0x00000283128cccd0,
0x00000283128d35d0, 0x00000283128d4980, 0x00000283128d1500, 0x00000283128d28b0,
0x00000283128d63c0, 0x00000283128d7e00, 0x00000283128da560, 0x00000283128db910,
0x00000283128dbfa0, 0x00000283128ded90, 0x00000283128dc630, 0x00000283128de700,
0x00000283128df420, 0x00000283128e2210, 0x00000283128e42e0, 0x00000283128e8480,
0x00000283128e63b0, 0x00000283128e5000, 0x00000283128eabe0, 0x00000283128ee060,
0x00000283128eb270, 0x00000283128ee6f0, 0x00000283128af450, 0x00000283128b2f60,
0x00000283128b49a0, 0x00000283128b63e0, 0x00000283128b8b40, 0x00000283128b91d0,
0x00000283128b7100, 0x00000283128bac10, 0x00000283128b9ef0, 0x00000283128bb930,
0x00000283128bda00, 0x00000283128bcce0, 0x00000283128bb2a0, 0x00000283128be720,
0x00000283128bfad0, 0x00000283128bedb0, 0x00000283128c35e0, 0x00000283128bd370,
0x00000283128c28c0, 0x00000283128c7780, 0x00000283128c6a60, 0x00000283128c70f0,
0x00000283128c63d0, 0x00000283128d8b20, 0x00000283128d91b0, 0x00000283128c5d40,
0x000002830ff1a1b0, 0x000002830ff20420, 0x000002830ff27a40, 0x000002830ff29b10,
0x000002830ff2d620, 0x000002830ff2e9d0, 0x000002830ff35ff0, 0x000002830fef40f0,
0x000002830fed82b0, 0x000002830fedf8d0, 0x000002830fedaa10, 0x000002830fee2d50,
0x000002830feea370, 0x000002830fef05e0, 0x000002831069b2d0, 0x0000028310699890,
0x00000283106a1bd0, 0x00000283106a0190, 0x00000283128b1bb0, 0x00000283128eb900,
0x00000283128cb290, 0x00000283128c1ba0, 0x00000283128c56b0, 0x00000283128b9860,
0x000002830f63d230, 0x000002830f6541b0, 0x000002830f648360, 0x00000283128e9ec0,
0x000002830ff35960, 0x00000283128e14f0, 0x00000283106a2f80, 0x000002830fed8940,
0x00000272664f1d60, 0x00000283106a3610, 0x00000283128dd350, 0x000002830ff238a0,
0x0000027265e77ee0, 0x000002830fedf240, 0x000002830f63ec70, 0x000002830f63f990,
0x000002726655ce40, 0x00000283128e8b10, 0x000002830fef26b0, 0x00000283058c2400,
0x00000283128b35f0, 0x00000282fb3e1b30, 0x0000027265f7a9f0, 0x00000283128d2220,
0x000002831069ede0, 0x00000283128b0170, 0x0000028310698b70, 0x00000282fcf3b350,
0x000002830ff21e60, 0x000002830feeaa00, 0x000002830ff33890, 0x000002830602b4a0,
0x00000282fa8b6a50, 0x000002830ff28760, 0x00000283128b5d50, 0x00000282fbc3e840,
0x00000282fbc492e0, 0x00000282fcf43d20, 0x0000028315d320f0, 0x0000028315d35c00,
0x0000028315d341c0, 0x0000028315d3a430, 0x0000028315d39080, 0x0000028315d37640,
0x0000028315d39710, 0x0000028315d3b150, 0x0000028315d3aac0, 0x0000028315d3c500,
0x0000028315d3cb90, 0x0000028315d39da0, 0x0000028315d3df40, 0x0000028315d3b7e0,
0x0000028315d406a0, 0x0000028315d3d8b0, 0x0000028315d3f980, 0x0000028315d420e0,
0x0000028315d41a50, 0x0000028315d42e00, 0x0000028315d43490, 0x0000028315d40010,
0x0000028315d44ed0, 0x0000028315d43b20, 0x0000028315d441b0, 0x0000028315d46280,
0x0000028315d44840, 0x0000028315d4be60, 0x0000028315d4c4f0, 0x0000028315d489e0,
0x0000028315d4b140, 0x0000028315d4cb80, 0x0000028315d4aab0, 0x0000028315d4a420,
0x0000028315d50d20, 0x0000028315d4f2e0, 0x0000028315d50000, 0x0000028315d4f970,
0x0000028315d4df30, 0x0000028315d4d8a0, 0x0000028315d36fb0, 0x0000028315d520d0,
0x0000028315d52df0, 0x0000028315d541a0, 0x0000028315d54ec0, 0x0000028315d513b0,
0x0000028315d56f90, 0x0000028315d59060, 0x0000028315d596f0, 0x0000028315d5d200,
0x0000028315d56270, 0x0000028315d5c4e0, 0x0000028315d5ec40, 0x0000028315d5e5b0,
0x0000028315d60d10, 0x0000028315d49d90, 0x0000028315d61a30, 0x0000028315d5b130,
0x0000028315d60680, 0x0000028315d62750, 0x0000028315d613a0, 0x0000028315d64eb0,
0x0000028315d65bd0, 0x0000028315d65540, 0x0000028315d668f0, 0x0000028315d62de0,
0x0000028315d69d70, 0x0000028315d67ca0, 0x0000028315d67610, 0x0000028315d30020,
0x0000028315d6aa90, 0x0000028315d6be40, 0x0000028315d6cb60, 0x0000028315d696e0,
0x0000028315d6c4d0, 0x0000028315d6b7b0, 0x0000028315d306b0, 0x0000028315d48350,
0x0000028315d58340, 0x0000028315d56900, 0x00000283128cb920, 0x00000283128d3c60,
0x00000283128d2f40, 0x00000283128e2f30, 0x00000283128e35c0, 0x00000283128ea550,
0x00000283128b3c80, 0x00000283128b2240, 0x00000283128bbfc0, 0x00000283128bc650,
0x00000283128e4970, 0x000002830ff20ab0, 0x000002830ff19b20, 0x000002830ff2f6f0,
0x000002830ff2c900, 0x000002830ff2c270, 0x000002830fedcae0, 0x000002830fee3a70,
0x000002830fee54b0, 0x000002830f643b30, 0x000002830f645570, 0x000002830f64d220,
0x000002830f64b150, 0x0000028315d2e5e0, 0x00000283128ae0a0, 0x00000283128dd9e0,
0x00000272664d7ff0, 0x000002830f6434a0, 0x00000283128dabf0, 0x00000283128c5020,
0x00000282fbcbd2f0, 0x00000283128c2f50, 0x00000283128ceda0, 0x000002830f651a50,
0x0000027265e771c0, 0x000002830feebdb0, 0x000002830fedff60, 0x0000027265e7b9f0,
0x000002830f642780, 0x000002830f640020, 0x000002830f656910, 0x0000028315d64820,
0x00000282fbc429e0, 0x00000282fbcc21b0, 0x00000283106a0eb0, 0x00000283058bf610,
0x00000282fc06eaa0, 0x00000283128ce080, 0x000002830fed6f00, 0x00000283128ce710,
0x0000028315d47cc0, 0x0000028315d5a410, 0x00000272664d72d0, 0x00000283128cfac0,
0x00000283128e0e60, 0x000002830ff1e350, 0x000002830f645c00, 0x0000028315d55550,
0x00000283128d9ed0, 0x000002830f646fb0, 0x000002830ff2a1a0, 0x000002830ff280d0,
0x0000028310694340, 0x00000283128c91c0, 0x00000283128bf440, 0x00000282fbc47210,
0x00000272664ec180, 0x00000283106949d0, 0x000002831069f470, 0x000002830fee4790,
0x000002830ff1e9e0, 0x00000282fbc41630, 0x00000282fb3e4920, 0x00000283128e0140,
0x000002830fef2d40, 0x0000028315d69050, 0x00000282fcf3c700, 0x0000027265e70f50,
0x00000272664e1d70, 0x000002830fed7590, 0x00000282fbcc00e0, 0x000002830fee33e0,
0x0000028315d5d890, 0x0000028315d413c0, 0x000002830fedebb0, 0x00000282fbc46b80,
0x0000028315d47630, 0x00000283128ba580, 0x00000282fb3e7080, 0x000002830fee6ef0,
0x00000272664ee250, 0x000002831069a5b0, 0x00000282fb3e2850, 0x00000282fc171e00,
0x0000028318eec3e0, 0x0000028318eea310, 0x0000028318eeb030, 0x0000028318ee88d0,
0x0000028318ee9c80, 0x0000028318eee4b0, 0x0000028318eebd50, 0x0000028318eeca70,
0x0000028318ef0580, 0x0000028318eed790, 0x0000028318ef0c10, 0x0000028318ef4720,
0x0000028318ef1fc0, 0x0000028318ef3a00, 0x0000028318eb6830, 0x0000028318eb5b10,
0x0000028318eb8f90, 0x0000028318eb8270, 0x0000028318eb7550, 0x0000028318eb4df0,
0x0000028318eb8900, 0x0000028318ebc410, 0x0000028318ebd7c0, 0x0000028318ebd130,
0x0000028318ebe4e0, 0x0000028318eba9d0, 0x0000028318ebff20, 0x0000028318ebde50,
0x0000028318ebf890, 0x0000028318ebeb70, 0x0000028318ebb060, 0x0000028318ec12d0,
0x0000028318ec05b0, 0x0000028318ec1ff0, 0x0000028318ec0c40, 0x0000028318ebf200,
0x0000028318ec2680, 0x0000028318ec40c0, 0x0000028318ec6eb0, 0x0000028318ec6820,
0x0000028318ec5b00, 0x0000028318ec8260, 0x0000028318ec4de0, 0x0000028318ecb6e0,
0x0000028318ec88f0, 0x0000028318eca9c0, 0x0000028318ecca90, 0x0000028318ec9610,
0x0000028318ecb050, 0x0000028318ecf1f0, 0x0000028318ed2670, 0x0000028318ed4740,
0x0000028318ecff10, 0x0000028318ed40b0, 0x0000028318ed8f70, 0x0000028318ed6ea0,
0x0000028318ed7530, 0x0000028318ed5af0, 0x0000028318ed7bc0, 0x0000028318ed1950,
0x0000028318ece4d0, 0x0000028318ed4dd0, 0x0000028318ed5460, 0x0000028318edb6d0,
0x0000028318edc3f0, 0x0000028318eda9b0, 0x0000028318ed1fe0, 0x0000028318edbd60,
0x0000028318edf870, 0x0000028318edd110, 0x0000028318ee3a10, 0x0000028318ee0590,
0x0000028318ee12b0, 0x0000028318ee2660, 0x0000028318ee6e90, 0x0000028318ed3a20,
0x0000028318ee6170, 0x0000028318ecf880, 0x0000028318eba340, 0x0000028318ebb6f0,
0x0000028318ed12c0, 0x0000028318edf1e0, 0x0000028318edde30, 0x0000028318ed6810,
0x0000028318edff00, 0x0000028318edd7a0, 0x0000028318ee5450, 0x0000028318ee1940,
0x0000028318ee5ae0, 0x0000028318ef2ce0, 0x0000028318eb9cb0, 0x0000028318ec8f80,
0x0000028318ee7bb0, 0x00000283128e5d20, 0x00000283128e28a0, 0x00000283128e3c50,
0x00000283128e70d0, 0x00000283128ec620, 0x00000283128ebf90, 0x00000283128e9830,
0x00000283128b0800, 0x00000283128ae730, 0x00000283128b0e90, 0x00000283128ed9d0,
0x00000283128c0160, 0x00000283128b5030, 0x00000283128c9850, 0x00000283128d1b90,
0x00000283128d70e0, 0x00000283128dccc0, 0x00000283128d5d30, 0x00000283128c1510,
0x0000028315d64190, 0x0000028315d66f80, 0x0000028315d66260, 0x0000028315d6d1f0,
0x0000028315d33b30, 0x0000028315d37cd0, 0x0000028315d36920, 0x0000028315d49700,
0x0000028315d55be0, 0x0000028315d63b00, 0x0000028315d6b120, 0x000002830ff1d630,
0x000002830ff26000, 0x000002830ff1aed0, 0x000002830ff2a830, 0x000002830ff2dcb0,
0x000002830ff2b550, 0x000002830ff32b70, 0x000002830ff33f20, 0x000002830ff373a0,
0x000002830ff2f060, 0x000002830f644ee0, 0x000002830f64cb90, 0x000002830f6589e0,
0x0000028310697e50, 0x0000028310695d80, 0x000002831069da30, 0x00000283106a0820,
0x00000283106a1540, 0x000002830fef2020, 0x000002830feed7f0, 0x000002830feeff50,
0x000002830feef8c0, 0x0000027265f7b080, 0x0000027265f7b710, 0x00000283058c4b60,
0x00000283058c1d70, 0x00000283058c3e40, 0x00000272664dd540, 0x00000272664ecea0,
0x0000028315d53480, 0x0000028315d54830, 0x00000283128db280, 0x00000283128e91a0,
0x00000283128b7790, 0x0000028315d689c0, 0x0000028315d6d880, 0x0000028315d5fff0,
0x0000028315d46fa0, 0x000002830ff18e00, 0x000002830ff1fd90, 0x0000027265f78920,
0x0000028318ecbd70, 0x00000282fbc464f0, 0x0000027265e75780, 0x0000027265e7a640,
0x0000028315d620c0, 0x000002830f64e5d0, 0x0000027264cfd070, 0x0000028318ecc400,
0x00000282fc172490, 0x0000028318ee7520, 0x000002726655c7b0, 0x0000028315d51a40,
0x0000028315d5be50, 0x0000028315d3e5d0, 0x0000028315d38360, 0x000002830fef4e10,
0x000002830fedde90, 0x000002830fef54a0, 0x000002830feef230, 0x000002830f647cd0,
0x000002830f64be70, 0x000002831069c680, 0x00000283128ed340, 0x000002830ff1b560,
0x000002830ff1bbf0, 0x000002830ff180e0, 0x0000028315d5aaa0, 0x0000028315d4ec50,
0x0000028315d5b7c0, 0x0000027265e72300, 0x0000028315d589d0, 0x0000028315d57620,
0x0000028318ed2d00, 0x0000027265f7de70, 0x00000282fcf40210, 0x00000282fbc3eed0,
0x000002830ff273b0, 0x000002830f656fa0, 0x000002830f63e5e0, 0x0000028318eb7be0,
0x00000283128b6a70, 0x0000028318eb4760, 0x0000028318eb61a0, 0x0000028318ec1960,
0x00000283128cd9f0, 0x00000282fc16e2f0, 0x0000027265e6cdb0, 0x0000028315d63470,
0x00000283106977c0, 0x000002830ff18770, 0x000002830f650d30, 0x0000027264cfeab0,
0x00000282fa8b5d30, 0x00000282fbc44420, 0x000002830f657cc0, 0x0000028318eb40d0,
0x00000283128eccb0, 0x00000282fbcbfa50, 0x0000027265f79640, 0x00000272664e37b0,
0x000002830ff324e0, 0x00000282fbcc3560, 0x0000028318ed0c30, 0x0000028318ee3380,
0x000002830fef3a60, 0x000002831a3bb7d0, 0x000002831a3bbe60, 0x000002831a3bd210,
0x000002831a3bcb80, 0x000002831a3bc4f0, 0x000002831a3c0690, 0x000002831a3bd8a0,
0x000002831a3c0d20, 0x000002831a3bb140, 0x000002831a3c1a40, 0x000002831a3c13b0,
0x000002831a3bf970, 0x000002831a3c20d0, 0x000002831a3c2760, 0x000002831a3be5c0,
0x000002831a3c0000, 0x000002831a3c4ec0, 0x000002831a3c3480, 0x000002831a3c5be0,
0x000002831a3c6270, 0x000002831a3c2df0, 0x000002831a3c5550, 0x000002831a3c6900,
0x000002831a3c3b10, 0x000002831a386fd0, 0x000002831a387cf0, 0x000002831a3862b0,
0x000002831a388380, 0x000002831a389730, 0x000002831a387660, 0x000002831a3890a0,
0x000002831a388a10, 0x000002831a38d8d0, 0x000002831a38a450, 0x000002831a386940,
0x000002831a38df60, 0x000002831a38b800, 0x000002831a38cbb0, 0x000002831a38b170,
0x000002831a38f310, 0x000002831a38d240, 0x000002831a38aae0, 0x000002831a38c520,
0x000002831a38be90, 0x000002831a3906c0, 0x000002831a390d50, 0x000002831a3913e0,
0x000002831a38f9a0, 0x000002831a38e5f0, 0x000002831a394860, 0x000002831a392e20,
0x000002831a3941d0, 0x000002831a391a70, 0x000002831a3934b0, 0x000002831a390030,
0x000002831a395580, 0x000002831a398a00, 0x000002831a392100, 0x000002831a392790,
0x000002831a396fc0, 0x000002831a397650, 0x000002831a398370, 0x000002831a3962a0,
0x000002831a399090, 0x000002831a397ce0, 0x000002831a399db0, 0x000002831a39b160,
0x000002831a39c510, 0x000002831a39cba0, 0x000002831a39aad0, 0x000002831a39a440,
0x000002831a39b7f0, 0x000002831a39d230, 0x000002831a39ec70, 0x000002831a39f300,
0x000002831a39be80, 0x000002831a39e5e0, 0x000002831a3a0020, 0x000002831a3a0d40,
0x000002831a3a06b0, 0x000002831a3a1a60, 0x000002831a3a34a0, 0x000002831a3a2780,
0x000002831a3a41c0, 0x000002831a3a13d0, 0x000002831a3a5c00, 0x000002831a3a4ee0,
0x000002831a3a5570, 0x000002831a3a20f0, 0x000002831a3a6fb0, 0x000002831a3a4850,
0x000002831a3a2e10, 0x000002831a3a6920, 0x000002831a3a8360, 0x000002831a3aaac0,
0x000002831a3a7cd0, 0x000002831a3ab7e0, 0x000002831a3a9da0, 0x000002831a3a9080,
0x000002831a3acb90, 0x000002831a3ac500, 0x000002831a3ad8b0, 0x000002831a3adf40,
0x000002831a3b1a50, 0x000002831a3b20e0, 0x000002831a3aec60, 0x000002831a3b0d30,
0x000002831a3b6280, 0x000002831a3b4840, 0x000002831a3b4ed0, 0x000002831a3b5560,
0x000002831a3b2770, 0x000002831a3b5bf0, 0x000002831a3b6910, 0x000002831a3b41b0,
0x000002831a3b3b20, 0x000002831a3b9700, 0x000002831a38ec80, 0x000002831a3ba420,
0x0000028315d32780, 0x0000028315d389f0, 0x0000028318edeb50, 0x0000028318ed8250,
0x0000028318ed9600, 0x0000028318ee1fd0, 0x0000028318ec6190, 0x0000028318ed6180,
0x0000028318ee8240, 0x0000028318ee4dc0, 0x0000028318eea9a0, 0x0000028318eef1d0,
0x0000028318ef12a0, 0x0000028318eefef0, 0x0000028318eede20, 0x0000028318ec7bd0,
0x0000028318ec3a30, 0x0000028318ecd7b0, 0x0000028318ecd120, 0x000002831a389dc0,
0x000002831a3a9710, 0x000002831a39f990, 0x000002831a3b89e0, 0x00000283128c84a0,
0x00000283128e1b80, 0x0000028315d32e10, 0x0000028315d3f2f0, 0x0000028315d334a0,
0x0000028315d46910, 0x0000028315d40d30, 0x0000028315d4e5c0, 0x0000028315d34850,
0x0000028315d45560, 0x0000028315d45bf0, 0x0000028315d49070, 0x0000028315d4d210,
0x0000028315d68330, 0x0000028315d313d0, 0x0000028315d5f2d0, 0x0000028315d6a400,
0x0000028315d53b10, 0x0000028315d52760, 0x000002831a3b2e00, 0x000002831a3a7640,
0x000002831a3b8350, 0x000002831a3b7630, 0x000002831a3baab0, 0x000002831a3b7cc0,
0x000002831a3b13c0, 0x000002831a3bdf30, 0x000002831a3c4830, 0x000002831a395c10,
0x000002831a3b9070, 0x000002831a3c41a0, 0x000002831a3ad220, 0x000002831a399720,
0x000002831a3a3b30, 0x000002831a3af2f0, 0x000002831a3b6fa0, 0x000002831a39df50,
0x00000283128d7770, 0x00000283128d8490, 0x00000283128d6a50, 0x00000283128d5010,
0x00000283128de070, 0x00000283128e5690, 0x00000283128e07d0, 0x00000283128e7760,
0x00000283128e7df0, 0x00000283128afae0, 0x00000283128aedc0, 0x00000283128b28d0,
0x00000283128b4310, 0x00000283128b56c0, 0x00000283128e6a40, 0x00000283128c07f0,
0x00000283128d0e70, 0x00000283128c4300, 0x00000283128c0e80, 0x00000283128c2230,
0x0000028318ef2650, 0x0000028318eed100, 0x0000028318ef4090, 0x0000028318ef3370,
0x0000028318ebcaa0, 0x0000028318eb9620, 0x0000028318ec2d10, 0x0000028318ec9ca0,
0x0000028318ebbd80, 0x0000028318ec7540, 0x0000028318ed05a0, 0x0000028318edca80,
0x0000028318eceb60, 0x0000028318ed9c90, 0x0000028318ed3390, 0x0000028318edb040,
0x0000028318eda320, 0x0000028318ee0c20, 0x0000028318ede4c0, 0x0000028318ee2cf0,
0x0000028318ee6800, 0x0000028318ee40a0, 0x0000028318ef1930, 0x000002830ff1dcc0,
0x000002830ff22b80, 0x000002830ff224f0, 0x000002830ff217d0, 0x000002830ff245c0,
0x000002830ff21140, 0x000002830ff24c50, 0x000002830ff26690, 0x000002830ff23210,
0x000002830ff252e0, 0x000002830ff2cf90, 0x000002830ff345b0, 0x000002830fed7c20,
0x000002830feda380, 0x000002830fee5b40, 0x000002830fee8930, 0x000002831a3a89f0,
0x000002831a3ae5d0, 0x000002831a3b06a0, 0x000002831a396930, 0x000002830f659700,
0x000002830f63be80, 0x000002830f63b160, 0x000002830f63c510, 0x00000272664d8d10,
0x00000272664e65a0, 0x00000272664e7fe0, 0x00000272664e5880, 0x0000028318ee8f60,
0x0000028318eb6ec0, 0x0000028318eb5480, 0x0000028318ee4730, 0x0000027265e78570,
0x0000027265e70230, 0x0000027265e764a0, 0x0000027265e79fb0, 0x00000283128d9840,
0x00000283128d42f0, 0x00000283128c4990, 0x00000283128c3c70, 0x0000027266a33e80,
0x00000282fcf3cd90, 0x000002830f64a430, 0x000002831069fb00, 0x000002831069cd10,
0x0000028318eeeb40, 0x000002831a3af980, 0x000002831a3a6290, 0x000002831a3bec50,
0x00000283128b1520, 0x00000283128b7e20, 0x00000283128cf430, 0x00000283128d56a0,
0x0000028318ec5470, 0x0000028318ecde40, 0x0000028318eef860, 0x000002726655b400,
0x000002726655a6e0, 0x0000027266560950, 0x000002830f649da0, 0x000002830f63a440,
0x000002830f64aac0, 0x000002830f647640, 0x000002830f64c500, 0x000002831069e750,
0x000002831a393b40, 0x000002831a3abe70, 0x00000282fb3e14a0, 0x00000282fb3e7710,
0x00000282fcf38560, 0x00000282fcf3d420, 0x00000282fcf43690, 0x00000282fcf3ee60,
0x00000282fbc4b3b0, 0x0000027265f7bda0, 0x0000027265f7d7e0, 0x0000027265f7a360,
0x0000027266a2fce0, 0x0000027266a2f650, 0x0000027266a33160, 0x0000028310695060,
0x000002831069e0c0, 0x0000028310697130, 0x00000283106a28f0, 0x000002830ff25970,
0x000002830ff30aa0, 0x000002830ff31130, 0x000002830ff33200, 0x00000282fbc41cc0,
0x00000282fbc47f30, 0x00000272664e16e0, 0x000002830fed9660, 0x000002830fedb730,
0x000002830fee19a0, 0x000002830fee26c0, 0x000002830fee6860, 0x000002830fee4100,
0x000002830fee7c10, 0x000002830feecad0, 0x000002830fee9650, 0x0000028315d30d40,
0x0000028315d2f300, 0x0000028315d34ee0, 0x0000028315d36290, 0x0000028315d2ec70,
0x0000028315d35570, 0x0000028315d3ec60, 0x0000028315d3d220, 0x0000028315d3be70,
0x0000028315d42770, 0x0000028315d50690, 0x0000028315d4b7d0
}

Java Threads: ( => current thread )
  0x0000027267a8da00 JavaThread "main"                              [_thread_blocked, id=28960, stack(0x0000009067800000,0x0000009067900000) (1024K)]
  0x000002721c76e620 JavaThread "Reference Handler"          daemon [_thread_blocked, id=54900, stack(0x0000009067c00000,0x0000009067d00000) (1024K)]
  0x0000027269ed70d0 JavaThread "Finalizer"                  daemon [_thread_blocked, id=32204, stack(0x0000009067d00000,0x0000009067e00000) (1024K)]
  0x0000027269edfa90 JavaThread "Signal Dispatcher"          daemon [_thread_blocked, id=33628, stack(0x0000009067e00000,0x0000009067f00000) (1024K)]
  0x0000027269ee04f0 JavaThread "Attach Listener"            daemon [_thread_blocked, id=2952, stack(0x0000009067f00000,0x0000009068000000) (1024K)]
  0x0000027269ee4460 JavaThread "Service Thread"             daemon [_thread_blocked, id=43640, stack(0x0000009068000000,0x0000009068100000) (1024K)]
  0x0000027269eeaf00 JavaThread "Monitor Deflation Thread"   daemon [_thread_blocked, id=43536, stack(0x0000009068100000,0x0000009068200000) (1024K)]
=>0x000002725e9d4d20 JavaThread "C2 CompilerThread0"         daemon [_thread_in_native, id=6024, stack(0x0000009068200000,0x0000009068300000) (1024K)]
  0x000002725e9d53d0 JavaThread "C1 CompilerThread0"         daemon [_thread_blocked, id=37896, stack(0x0000009068300000,0x0000009068400000) (1024K)]
  0x000002725ec908c0 JavaThread "Common-Cleaner"             daemon [_thread_blocked, id=16804, stack(0x0000009068500000,0x0000009068600000) (1024K)]
  0x00000272640048a0 JavaThread "Notification Thread"        daemon [_thread_blocked, id=40588, stack(0x0000009068400000,0x0000009068500000) (1024K)]
  0x000002726470bc80 JavaThread "Active Thread: Equinox Container: 39e77287-2ea5-498c-aefd-c053cb270ef3"        [_thread_blocked, id=22476, stack(0x0000009068e00000,0x0000009068f00000) (1024K)]
  0x0000027264ad1880 JavaThread "Refresh Thread: Equinox Container: 39e77287-2ea5-498c-aefd-c053cb270ef3" daemon [_thread_blocked, id=25000, stack(0x0000009068f00000,0x0000009069000000) (1024K)]
  0x0000027264b51980 JavaThread "Framework Event Dispatcher: Equinox Container: 39e77287-2ea5-498c-aefd-c053cb270ef3" daemon [_thread_blocked, id=51816, stack(0x0000009069000000,0x0000009069100000) (1024K)]
  0x0000027264aca010 JavaThread "Start Level: Equinox Container: 39e77287-2ea5-498c-aefd-c053cb270ef3" daemon [_thread_blocked, id=2224, stack(0x0000009069100000,0x0000009069200000) (1024K)]
  0x0000027264fe9440 JavaThread "Bundle File Closer"         daemon [_thread_blocked, id=30596, stack(0x0000009069500000,0x0000009069600000) (1024K)]
  0x0000027265274980 JavaThread "SCR Component Actor"        daemon [_thread_blocked, id=39664, stack(0x0000009068600000,0x0000009068700000) (1024K)]
  0x0000027264cfd700 JavaThread "Worker-JM"                         [_thread_blocked, id=49164, stack(0x0000009069200000,0x0000009069300000) (1024K)]
  0x0000027264cfe420 JavaThread "JNA Cleaner"                daemon [_thread_blocked, id=34460, stack(0x0000009069600000,0x0000009069700000) (1024K)]
  0x0000027264cff140 JavaThread "Worker-1: Initialize workspace"        [_thread_blocked, id=35552, stack(0x0000009069800000,0x0000009069900000) (1024K)]
  0x0000027264cff7d0 JavaThread "Worker-3: Initialize workspace"        [_thread_blocked, id=19788, stack(0x0000009069b00000,0x0000009069c00000) (1024K)]
  0x0000027264cfdd90 JavaThread "Java indexing"              daemon [_thread_blocked, id=42264, stack(0x0000009069d00000,0x0000009069e00000) (1024K)]
  0x0000027266a2dc10 JavaThread "pool-2-thread-1"                   [_thread_blocked, id=31832, stack(0x000000906a400000,0x000000906a500000) (1024K)]
  0x0000027266a31db0 JavaThread "WorkspaceEventsHandler"            [_thread_blocked, id=19148, stack(0x000000906a500000,0x000000906a600000) (1024K)]
  0x0000027266a30a00 JavaThread "pool-1-thread-1"                   [_thread_in_native, id=7936, stack(0x000000906a600000,0x000000906a700000) (1024K)]
  0x0000027266a32ad0 JavaThread "LocalFile Deleter"          daemon [_thread_blocked, id=18412, stack(0x000000906a800000,0x000000906a900000) (1024K)]
  0x0000027266a337f0 JavaThread "LocalFile Deleter"          daemon [_thread_blocked, id=49036, stack(0x000000906ab00000,0x000000906ac00000) (1024K)]
  0x00000282fbcbcc60 JavaThread "LocalFile Deleter"          daemon [_thread_blocked, id=34096, stack(0x000000906b100000,0x000000906b200000) (1024K)]
  0x00000282fbcc1490 JavaThread "PatternSearchJob-worker-1"  daemon [_thread_blocked, id=20936, stack(0x000000906bd00000,0x000000906be00000) (1024K)]
  0x0000028306028020 JavaThread "Timer-0"                           [_thread_blocked, id=33396, stack(0x000000906d600000,0x000000906d700000) (1024K)]
  0x000002830602a0f0 JavaThread "Timer-1"                           [_thread_blocked, id=1224, stack(0x000000906d700000,0x000000906d800000) (1024K)]
  0x000002830602bb30 JavaThread "Timer-2"                           [_thread_blocked, id=16000, stack(0x000000906d800000,0x000000906d900000) (1024K)]
  0x0000028306029a60 JavaThread "PatternSearchJob-worker-2"  daemon [_thread_blocked, id=42100, stack(0x000000906d500000,0x000000906d600000) (1024K)]
  0x0000028306028d40 JavaThread "PatternSearchJob-worker-3"  daemon [_thread_blocked, id=49872, stack(0x000000906d900000,0x000000906da00000) (1024K)]
  0x000002830602e920 JavaThread "PatternSearchJob-worker-4"  daemon [_thread_blocked, id=8368, stack(0x000000906da00000,0x000000906db00000) (1024K)]
  0x000002830602f640 JavaThread "PatternSearchJob-worker-5"  daemon [_thread_blocked, id=26928, stack(0x000000906db00000,0x000000906dc00000) (1024K)]
  0x000002830602e290 JavaThread "PatternSearchJob-worker-6"  daemon [_thread_blocked, id=8128, stack(0x000000906dc00000,0x000000906dd00000) (1024K)]
  0x000002830602c850 JavaThread "PatternSearchJob-worker-7"  daemon [_thread_blocked, id=16932, stack(0x000000906dd00000,0x000000906de00000) (1024K)]
  0x000002830602dc00 JavaThread "PatternSearchJob-worker-9"  daemon [_thread_blocked, id=42328, stack(0x000000906de00000,0x000000906df00000) (1024K)]
  0x000002830602efb0 JavaThread "PatternSearchJob-worker-10" daemon [_thread_blocked, id=17584, stack(0x000000906df00000,0x000000906e000000) (1024K)]
  0x000002830602d570 JavaThread "PatternSearchJob-worker-11" daemon [_thread_blocked, id=55212, stack(0x000000906e000000,0x000000906e100000) (1024K)]
  0x000002830602cee0 JavaThread "PatternSearchJob-worker-8"  daemon [_thread_blocked, id=17716, stack(0x000000906e100000,0x000000906e200000) (1024K)]
  0x00000282fc06dd80 JavaThread "Timer-3"                           [_thread_blocked, id=7444, stack(0x000000906e300000,0x000000906e400000) (1024K)]
  0x00000282fc0704e0 JavaThread "Connection worker"                 [_thread_in_native, id=20616, stack(0x000000906e600000,0x000000906e700000) (1024K)]
  0x00000282fc06d060 JavaThread "Timer-4"                           [_thread_blocked, id=58284, stack(0x000000906e700000,0x000000906e800000) (1024K)]
  0x00000282fc06e410 JavaThread "Timer-5"                           [_thread_blocked, id=14272, stack(0x000000906e900000,0x000000906ea00000) (1024K)]
  0x00000282fc071200 JavaThread "Timer-6"                           [_thread_blocked, id=39260, stack(0x000000906eb00000,0x000000906ec00000) (1024K)]
  0x00000282fc071890 JavaThread "Worker-8: Initialize workspace"        [_thread_blocked, id=22416, stack(0x000000906ec00000,0x000000906ed00000) (1024K)]
  0x00000282fc06f130 JavaThread "Worker-9: Initialize workspace"        [_thread_blocked, id=14044, stack(0x000000906ea00000,0x000000906eb00000) (1024K)]
  0x00000282fc071f20 JavaThread "Timer-7"                           [_thread_blocked, id=19404, stack(0x000000906ef00000,0x000000906f000000) (1024K)]
  0x00000282fc074680 JavaThread "Timer-8"                           [_thread_blocked, id=18360, stack(0x000000906f200000,0x000000906f300000) (1024K)]
  0x00000282fb3e3c00 JavaThread "pool-8-thread-1"                   [_thread_blocked, id=13888, stack(0x000000906fb00000,0x000000906fc00000) (1024K)]
  0x00000282fb3e21c0 JavaThread "Timer-9"                           [_thread_blocked, id=9876, stack(0x000000906fc00000,0x000000906fd00000) (1024K)]
  0x00000282fb3e4fb0 JavaThread "Timer-10"                          [_thread_blocked, id=34656, stack(0x0000009070100000,0x0000009070200000) (1024K)]
  0x00000282fb3e5640 JavaThread "Timer-11"                          [_thread_blocked, id=41400, stack(0x0000009070500000,0x0000009070600000) (1024K)]
  0x00000282fc16f6a0 JavaThread "Timer-12"                          [_thread_blocked, id=4140, stack(0x0000009070900000,0x0000009070a00000) (1024K)]
  0x00000282fc1703c0 JavaThread "Connection worker"                 [_thread_in_native, id=50912, stack(0x0000009070800000,0x0000009070900000) (1024K)]
  0x00000282fc1710e0 JavaThread "pool-14-thread-1"                  [_thread_blocked, id=36012, stack(0x0000009070a00000,0x0000009070b00000) (1024K)]
  0x00000282fc16fd30 JavaThread "Timer-13"                          [_thread_blocked, id=51400, stack(0x0000009070c00000,0x0000009070d00000) (1024K)]
  0x00000282fc171770 JavaThread "Timer-14"                          [_thread_blocked, id=47540, stack(0x0000009071100000,0x0000009071200000) (1024K)]
  0x00000282fc1731b0 JavaThread "Timer-15"                          [_thread_blocked, id=42700, stack(0x0000009071400000,0x0000009071500000) (1024K)]
  0x00000282fc174560 JavaThread "Timer-16"                          [_thread_blocked, id=30748, stack(0x0000009071700000,0x0000009071800000) (1024K)]
  0x0000027265f79cd0 JavaThread "Timer-17"                          [_thread_blocked, id=1860, stack(0x0000009071b00000,0x0000009071c00000) (1024K)]
  0x0000027265f78fb0 JavaThread "Worker-19: Initialize workspace"        [_thread_blocked, id=9620, stack(0x0000009071c00000,0x0000009071d00000) (1024K)]
  0x0000027265f7c430 JavaThread "Timer-18"                          [_thread_blocked, id=26652, stack(0x0000009072000000,0x0000009072100000) (1024K)]
  0x0000027265f7f8b0 JavaThread "Timer-19"                          [_thread_blocked, id=1172, stack(0x0000009072300000,0x0000009072400000) (1024K)]
  0x0000027265f7e500 JavaThread "Timer-20"                          [_thread_blocked, id=57612, stack(0x0000009072600000,0x0000009072700000) (1024K)]
  0x0000027265f7f220 JavaThread "Timer-21"                          [_thread_blocked, id=30004, stack(0x0000009072b00000,0x0000009072c00000) (1024K)]
  0x0000027266a32440 JavaThread "Worker-23: Initialize workspace"        [_thread_blocked, id=26536, stack(0x0000009072c00000,0x0000009072d00000) (1024K)]
  0x00000283058c0330 JavaThread "Worker-24: Initialize workspace"        [_thread_blocked, id=38592, stack(0x0000009072d00000,0x0000009072e00000) (1024K)]
  0x00000283058c16e0 JavaThread "Timer-22"                          [_thread_blocked, id=27588, stack(0x0000009073000000,0x0000009073100000) (1024K)]
  0x00000283058c09c0 JavaThread "Connection worker"                 [_thread_in_native, id=35636, stack(0x0000009072e00000,0x0000009072f00000) (1024K)]
  0x00000283058be260 JavaThread "pool-24-thread-1"                  [_thread_blocked, id=14616, stack(0x0000009073200000,0x0000009073300000) (1024K)]
  0x00000283058bef80 JavaThread "Timer-23"                          [_thread_blocked, id=14972, stack(0x0000009073300000,0x0000009073400000) (1024K)]
  0x00000283058bfca0 JavaThread "Worker-26: Initialize workspace"        [_thread_blocked, id=31044, stack(0x0000009073100000,0x0000009073200000) (1024K)]
  0x00000283058c51f0 JavaThread "Timer-24"                          [_thread_blocked, id=17144, stack(0x0000009073700000,0x0000009073800000) (1024K)]
  0x00000283058c44d0 JavaThread "Timer-25"                          [_thread_blocked, id=31276, stack(0x0000009073c00000,0x0000009073d00000) (1024K)]
  0x00000283058c5880 JavaThread "Timer-26"                          [_thread_blocked, id=35904, stack(0x0000009073f00000,0x0000009074000000) (1024K)]
  0x000002726655db60 JavaThread "Timer-27"                          [_thread_blocked, id=2632, stack(0x0000009074300000,0x0000009074400000) (1024K)]
  0x000002726655ad70 JavaThread "Timer-28"                          [_thread_blocked, id=27524, stack(0x000000906c000000,0x000000906c100000) (1024K)]
  0x00000282fa8b5010 JavaThread "Worker-31: Initialize workspace"        [_thread_blocked, id=29284, stack(0x0000009074b00000,0x0000009074c00000) (1024K)]
  0x00000282fbcc1b20 JavaThread "Timer-29"                          [_thread_blocked, id=16076, stack(0x0000009074d00000,0x0000009074e00000) (1024K)]
  0x00000282fcf43000 JavaThread "Timer-30"                          [_thread_blocked, id=51848, stack(0x0000009076800000,0x0000009076900000) (1024K)]
  0x0000027265e6f510 JavaThread "Timer-31"                          [_thread_blocked, id=54080, stack(0x0000009077c00000,0x0000009077d00000) (1024K)]
  0x0000027265e71c70 JavaThread "Timer-32"                          [_thread_blocked, id=33228, stack(0x0000009078700000,0x0000009078800000) (1024K)]
  0x0000027265e736b0 JavaThread "Timer-33"                          [_thread_blocked, id=22024, stack(0x0000009078900000,0x0000009078a00000) (1024K)]
  0x0000027265e750f0 JavaThread "Timer-34"                          [_thread_blocked, id=31556, stack(0x0000009079400000,0x0000009079500000) (1024K)]
  0x0000027265e78c00 JavaThread "Timer-35"                          [_thread_blocked, id=49176, stack(0x0000009079800000,0x0000009079900000) (1024K)]
  0x0000027265e79290 JavaThread "Worker-38: Initialize workspace"        [_thread_blocked, id=9780, stack(0x0000009079900000,0x0000009079a00000) (1024K)]
  0x00000282fbc3db20 JavaThread "Timer-36"                          [_thread_blocked, id=58240, stack(0x000000907a300000,0x000000907a400000) (1024K)]
  0x00000282fbc3fbf0 JavaThread "Timer-37"                          [_thread_blocked, id=676, stack(0x000000907a600000,0x000000907a700000) (1024K)]
  0x00000282fbc40280 JavaThread "Worker-40: Initialize workspace"        [_thread_blocked, id=28504, stack(0x000000907a500000,0x000000907a600000) (1024K)]
  0x00000282fbc40fa0 JavaThread "Timer-38"                          [_thread_blocked, id=19464, stack(0x000000907aa00000,0x000000907ab00000) (1024K)]
  0x00000282fbc45140 JavaThread "Timer-39"                          [_thread_blocked, id=28856, stack(0x000000907b100000,0x000000907b200000) (1024K)]
  0x00000282fbc43070 JavaThread "Timer-40"                          [_thread_blocked, id=34972, stack(0x000000907b500000,0x000000907b600000) (1024K)]
  0x00000282fbc4a000 JavaThread "Timer-41"                          [_thread_blocked, id=41140, stack(0x000000907ba00000,0x000000907bb00000) (1024K)]
  0x00000282fbc48c50 JavaThread "Timer-42"                          [_thread_blocked, id=42912, stack(0x000000907be00000,0x000000907bf00000) (1024K)]
  0x00000282fbc478a0 JavaThread "Timer-43"                          [_thread_blocked, id=25224, stack(0x000000907c200000,0x000000907c300000) (1024K)]
  0x00000272664dbb00 JavaThread "Timer-44"                          [_thread_blocked, id=24172, stack(0x000000907ca00000,0x000000907cb00000) (1024K)]
  0x00000272664dc190 JavaThread "Timer-45"                          [_thread_blocked, id=9264, stack(0x000000906c900000,0x000000906ca00000) (1024K)]
  0x00000272664dade0 JavaThread "Worker-47: Initialize workspace"        [_thread_blocked, id=40868, stack(0x0000009074900000,0x0000009074a00000) (1024K)]
  0x00000272664df610 JavaThread "Timer-46"                          [_thread_blocked, id=30644, stack(0x0000009076300000,0x0000009076400000) (1024K)]
  0x00000272664def80 JavaThread "Timer-47"                          [_thread_blocked, id=15400, stack(0x0000009074400000,0x0000009074500000) (1024K)]
  0x00000272664e2a90 JavaThread "Timer-48"                          [_thread_blocked, id=54476, stack(0x0000009075100000,0x0000009075200000) (1024K)]
  0x00000272664e1050 JavaThread "Timer-49"                          [_thread_blocked, id=57816, stack(0x0000009075900000,0x0000009075a00000) (1024K)]
  0x00000272664e51f0 JavaThread "Timer-50"                          [_thread_blocked, id=12140, stack(0x0000009075f00000,0x0000009076000000) (1024K)]
  0x00000272664e5f10 JavaThread "Timer-51"                          [_thread_blocked, id=33840, stack(0x0000009076c00000,0x0000009076d00000) (1024K)]
  0x00000272664e8d00 JavaThread "Timer-52"                          [_thread_blocked, id=51960, stack(0x0000009076900000,0x0000009076a00000) (1024K)]
  0x00000272664e9390 JavaThread "Timer-53"                          [_thread_blocked, id=19768, stack(0x0000009077000000,0x0000009077100000) (1024K)]
  0x00000272664dfca0 JavaThread "Timer-54"                          [_thread_blocked, id=21088, stack(0x000000906c100000,0x000000906c200000) (1024K)]
  0x00000272664ed530 JavaThread "Timer-55"                          [_thread_blocked, id=40860, stack(0x0000009075600000,0x0000009075700000) (1024K)]
  0x00000272664ec810 JavaThread "Timer-56"                          [_thread_blocked, id=13188, stack(0x0000009077700000,0x0000009077800000) (1024K)]
  0x00000272664f0320 JavaThread "Timer-57"                          [_thread_blocked, id=22992, stack(0x0000009077900000,0x0000009077a00000) (1024K)]
  0x00000272664f23f0 JavaThread "Timer-58"                          [_thread_blocked, id=15124, stack(0x0000009078e00000,0x0000009078f00000) (1024K)]
  0x00000282fcf46b10 JavaThread "Timer-59"                          [_thread_blocked, id=22748, stack(0x000000907a700000,0x000000907a800000) (1024K)]
  0x0000027265e75e10 JavaThread "Connection worker"                 [_thread_in_native, id=48628, stack(0x0000009067600000,0x0000009067700000) (1024K)]
  0x00000272664d93a0 JavaThread "Timer-60"                          [_thread_blocked, id=47664, stack(0x000000906e500000,0x000000906e600000) (1024K)]
  0x00000272664dceb0 JavaThread "Timer-61"                          [_thread_blocked, id=46528, stack(0x0000009075700000,0x0000009075800000) (1024K)]
  0x00000272664db470 JavaThread "Timer-62"                          [_thread_blocked, id=6860, stack(0x0000009076000000,0x0000009076100000) (1024K)]
  0x00000272664e0330 JavaThread "Worker-207: Initialize workspace"        [_thread_blocked, id=24928, stack(0x0000009075e00000,0x0000009075f00000) (1024K)]
  0x00000272664e44d0 JavaThread "Timer-63"                          [_thread_blocked, id=23072, stack(0x0000009076e00000,0x0000009076f00000) (1024K)]
  0x00000272664de8f0 JavaThread "Worker-220: Initialize workspace"        [_thread_blocked, id=23104, stack(0x0000009076700000,0x0000009076800000) (1024K)]
  0x00000272664de260 JavaThread "Timer-64"                          [_thread_blocked, id=55484, stack(0x0000009076600000,0x0000009076700000) (1024K)]
  0x00000272664e09c0 JavaThread "Worker-233: Initialize workspace"        [_thread_blocked, id=24160, stack(0x0000009076100000,0x0000009076200000) (1024K)]
  0x00000272664e72c0 JavaThread "Timer-65"                          [_thread_blocked, id=14472, stack(0x0000009077f00000,0x0000009078000000) (1024K)]
  0x00000272664e4b60 JavaThread "Connection worker"                 [_thread_in_native, id=41716, stack(0x0000009077800000,0x0000009077900000) (1024K)]
  0x00000272664ebaf0 JavaThread "pool-67-thread-1"                  [_thread_blocked, id=18744, stack(0x0000009077e00000,0x0000009077f00000) (1024K)]
  0x00000272664da0c0 JavaThread "Connection worker"                 [_thread_in_native, id=54192, stack(0x0000009076400000,0x0000009076500000) (1024K)]
  0x00000272664d9a30 JavaThread "Connection worker"                 [_thread_in_native, id=13076, stack(0x000000906a100000,0x000000906a200000) (1024K)]
  0x00000272664e9a20 JavaThread "Timer-66"                          [_thread_blocked, id=32496, stack(0x000000906f800000,0x000000906f900000) (1024K)]
  0x00000272664eadd0 JavaThread "Timer-67"                          [_thread_blocked, id=41880, stack(0x0000009076f00000,0x0000009077000000) (1024K)]
  0x00000272664ddbd0 JavaThread "Timer-68"                          [_thread_blocked, id=54064, stack(0x000000906a900000,0x000000906aa00000) (1024K)]
  0x00000272664ef600 JavaThread "Timer-69"                          [_thread_blocked, id=29492, stack(0x0000009078000000,0x0000009078100000) (1024K)]
  0x00000272664ee8e0 JavaThread "Timer-70"                          [_thread_blocked, id=57108, stack(0x0000009077100000,0x0000009077200000) (1024K)]
  0x00000272664f44c0 JavaThread "Timer-71"                          [_thread_blocked, id=23452, stack(0x0000009078c00000,0x0000009078d00000) (1024K)]
  0x00000272664f5f00 JavaThread "Timer-72"                          [_thread_blocked, id=35300, stack(0x0000009078500000,0x0000009078600000) (1024K)]
  0x00000282fcf39fa0 JavaThread "Timer-73"                          [_thread_blocked, id=33828, stack(0x0000009075b00000,0x0000009075c00000) (1024K)]
  0x00000282fcf39280 JavaThread "Timer-74"                          [_thread_blocked, id=3968, stack(0x000000906f900000,0x000000906fa00000) (1024K)]
  0x00000282fcf3dab0 JavaThread "Timer-75"                          [_thread_blocked, id=31456, stack(0x0000009078200000,0x0000009078300000) (1024K)]
  0x00000282fcf45df0 JavaThread "Timer-76"                          [_thread_blocked, id=28456, stack(0x000000907a000000,0x000000907a100000) (1024K)]
  0x00000282fcf422e0 JavaThread "Timer-77"                          [_thread_blocked, id=12864, stack(0x0000009076b00000,0x0000009076c00000) (1024K)]
  0x00000272664ea0b0 JavaThread "Timer-78"                          [_thread_blocked, id=12780, stack(0x0000009079200000,0x0000009079300000) (1024K)]
  0x00000272664f1040 JavaThread "Timer-79"                          [_thread_blocked, id=24392, stack(0x000000906ae00000,0x000000906af00000) (1024K)]
  0x00000272664efc90 JavaThread "Timer-80"                          [_thread_blocked, id=44692, stack(0x0000009075200000,0x0000009075300000) (1024K)]
  0x00000272664e6c30 JavaThread "Timer-81"                          [_thread_blocked, id=34536, stack(0x000000907a200000,0x000000907a300000) (1024K)]
  0x00000272664f6590 JavaThread "Timer-82"                          [_thread_blocked, id=32568, stack(0x0000009078600000,0x0000009078700000) (1024K)]
  0x00000282fbc3e1b0 JavaThread "Timer-83"                          [_thread_blocked, id=23892, stack(0x000000907a800000,0x000000907a900000) (1024K)]
  0x00000282fbc40910 JavaThread "Timer-84"                          [_thread_blocked, id=29224, stack(0x000000907af00000,0x000000907b000000) (1024K)]
  0x00000282fbc3ce00 JavaThread "Worker-458: Initialize workspace"        [_thread_blocked, id=23476, stack(0x000000907ab00000,0x000000907ac00000) (1024K)]
  0x00000282fbc45e60 JavaThread "Timer-85"                          [_thread_blocked, id=24872, stack(0x000000907bc00000,0x000000907bd00000) (1024K)]
  0x00000282fbc44ab0 JavaThread "Timer-86"                          [_thread_blocked, id=19704, stack(0x000000907ac00000,0x000000907ad00000) (1024K)]
  0x000002726655e1f0 JavaThread "Connection worker"                 [_thread_in_native, id=44072, stack(0x000000907c900000,0x000000907ca00000) (1024K)]
  0x00000282fcf443b0 JavaThread "Timer-87"                          [_thread_blocked, id=52840, stack(0x000000907d800000,0x000000907d900000) (1024K)]
  0x00000282fa8b8490 JavaThread "Timer-88"                          [_thread_blocked, id=50144, stack(0x000000907dc00000,0x000000907dd00000) (1024K)]
  0x0000027266560fe0 JavaThread "Worker-504: Initialize workspace"        [_thread_blocked, id=36872, stack(0x000000906fa00000,0x000000906fb00000) (1024K)]
  0x000002726655ba90 JavaThread "Connection worker"                 [_thread_in_native, id=52632, stack(0x000000906fe00000,0x000000906ff00000) (1024K)]
  0x00000272664f5870 JavaThread "Timer-89"                          [_thread_blocked, id=51428, stack(0x000000907bb00000,0x000000907bc00000) (1024K)]
  0x00000282fcf46480 JavaThread "Worker-518: Initialize workspace"        [_thread_blocked, id=38184, stack(0x000000907ad00000,0x000000907ae00000) (1024K)]
  0x00000282fcf3e140 JavaThread "Timer-90"                          [_thread_blocked, id=51212, stack(0x0000009072500000,0x0000009072600000) (1024K)]
  0x00000282fa8b7e00 JavaThread "Connection worker"                 [_thread_blocked, id=37968, stack(0x0000009069a00000,0x0000009069b00000) (1024K)]
  0x00000272664d8680 JavaThread "Connection worker"                 [_thread_in_native, id=20284, stack(0x0000009069f00000,0x000000906a000000) (1024K)]
  0x00000272664f51e0 JavaThread "Timer-91"                          [_thread_blocked, id=32560, stack(0x000000906e200000,0x000000906e300000) (1024K)]
  0x00000272664e2400 JavaThread "Timer-92"                          [_thread_blocked, id=49892, stack(0x0000009067500000,0x0000009067600000) (1024K)]
  0x00000272664eb460 JavaThread "Connection worker"                 [_thread_in_native, id=53212, stack(0x000000906f400000,0x000000906f500000) (1024K)]
  0x00000272664f16d0 JavaThread "Timer-93"                          [_thread_blocked, id=24856, stack(0x0000009071f00000,0x0000009072000000) (1024K)]
  0x00000282fcf3b9e0 JavaThread "Timer-94"                          [_thread_blocked, id=55200, stack(0x0000009072200000,0x0000009072300000) (1024K)]
  0x00000282fcf3a630 JavaThread "Timer-95"                          [_thread_blocked, id=48652, stack(0x0000009074200000,0x0000009074300000) (1024K)]
  0x00000282fcf408a0 JavaThread "Timer-96"                          [_thread_blocked, id=52140, stack(0x0000009077d00000,0x0000009077e00000) (1024K)]
  0x00000282fbc3f560 JavaThread "Timer-97"                          [_thread_blocked, id=48132, stack(0x0000009078800000,0x0000009078900000) (1024K)]
  0x00000282fbc42350 JavaThread "Timer-98"                          [_thread_blocked, id=21316, stack(0x0000009079100000,0x0000009079200000) (1024K)]
  0x00000282fbc3d490 JavaThread "Worker-617: Initialize workspace"        [_thread_blocked, id=43732, stack(0x0000009078f00000,0x0000009079000000) (1024K)]
  0x00000282fbc4a690 JavaThread "Timer-99"                          [_thread_blocked, id=53764, stack(0x0000009079f00000,0x000000907a000000) (1024K)]
  0x000002726655a050 JavaThread "Timer-100"                         [_thread_blocked, id=20212, stack(0x000000907ae00000,0x000000907af00000) (1024K)]
  0x00000272665602c0 JavaThread "Timer-101"                         [_thread_blocked, id=31364, stack(0x000000907c300000,0x000000907c400000) (1024K)]
  0x0000027265e77850 JavaThread "Timer-102"                         [_thread_blocked, id=20800, stack(0x000000907cf00000,0x000000907d000000) (1024K)]
  0x00000282fcf38bf0 JavaThread "Timer-103"                         [_thread_blocked, id=11280, stack(0x0000009076200000,0x0000009076300000) (1024K)]
  0x00000282fcf44a40 JavaThread "Timer-104"                         [_thread_blocked, id=5196, stack(0x0000009076a00000,0x0000009076b00000) (1024K)]
  0x00000272664f09b0 JavaThread "Timer-105"                         [_thread_blocked, id=45336, stack(0x0000009078b00000,0x0000009078c00000) (1024K)]
  0x0000027265f7d150 JavaThread "Timer-106"                         [_thread_blocked, id=38076, stack(0x000000907cd00000,0x000000907ce00000) (1024K)]
  0x00000282fc16dc60 JavaThread "Timer-107"                         [_thread_blocked, id=6872, stack(0x000000907de00000,0x000000907df00000) (1024K)]
  0x00000282fa8b56a0 JavaThread "Timer-108"                         [_thread_blocked, id=56068, stack(0x000000907e400000,0x000000907e500000) (1024K)]
  0x00000282fa8b4980 JavaThread "Worker-730: Initialize workspace"        [_thread_blocked, id=23048, stack(0x000000907dd00000,0x000000907de00000) (1024K)]
  0x00000282fcf39910 JavaThread "Timer-109"                         [_thread_blocked, id=50996, stack(0x0000009071900000,0x0000009071a00000) (1024K)]
  0x00000282fc06fe50 JavaThread "Timer-110"                         [_thread_blocked, id=32504, stack(0x000000907e500000,0x000000907e600000) (1024K)]
  0x00000282fbc3c0e0 JavaThread "Timer-111"                         [_thread_blocked, id=5660, stack(0x0000009074c00000,0x0000009074d00000) (1024K)]
  0x0000027265e6e7f0 JavaThread "Timer-112"                         [_thread_blocked, id=17140, stack(0x0000009079600000,0x0000009079700000) (1024K)]
  0x00000272664eef70 JavaThread "Timer-113"                         [_thread_blocked, id=41504, stack(0x000000907b200000,0x000000907b300000) (1024K)]
  0x00000282fcf3fb80 JavaThread "Timer-114"                         [_thread_blocked, id=26908, stack(0x000000907d700000,0x000000907d800000) (1024K)]
  0x00000282fcf37ed0 JavaThread "Connection worker"                 [_thread_in_native, id=54016, stack(0x000000906a200000,0x000000906a300000) (1024K)]
  0x0000027265e74a60 JavaThread "Timer-115"                         [_thread_blocked, id=30868, stack(0x000000907d400000,0x000000907d500000) (1024K)]
  0x0000027266a2e930 JavaThread "Timer-116"                         [_thread_blocked, id=19248, stack(0x000000907e600000,0x000000907e700000) (1024K)]
  0x00000282fb3e3570 JavaThread "Timer-117"                         [_thread_blocked, id=27512, stack(0x000000907cb00000,0x000000907cc00000) (1024K)]
  0x00000282fc173ed0 JavaThread "Timer-118"                         [_thread_blocked, id=18764, stack(0x0000009071300000,0x0000009071400000) (1024K)]
  0x00000282fcf3acc0 JavaThread "Worker-842: Initialize workspace"        [_thread_blocked, id=35276, stack(0x000000907b700000,0x000000907b800000) (1024K)]
  0x0000027266561670 JavaThread "Timer-119"                         [_thread_blocked, id=26988, stack(0x000000907d600000,0x000000907d700000) (1024K)]
  0x0000027265e73020 JavaThread "Connection worker"                 [_thread_in_native, id=21996, stack(0x0000009071200000,0x0000009071300000) (1024K)]
  0x0000027265e73d40 JavaThread "Connection worker"                 [_thread_in_native, id=13420, stack(0x0000009071800000,0x0000009071900000) (1024K)]
  0x00000272664ea740 JavaThread "Timer-120"                         [_thread_blocked, id=13044, stack(0x0000009074e00000,0x0000009074f00000) (1024K)]
  0x00000272664f3110 JavaThread "Timer-121"                         [_thread_blocked, id=36432, stack(0x000000907c500000,0x000000907c600000) (1024K)]
  0x00000282fcf42970 JavaThread "Timer-122"                         [_thread_blocked, id=31384, stack(0x0000009074800000,0x0000009074900000) (1024K)]
  0x00000272664da750 JavaThread "Timer-123"                         [_thread_blocked, id=48340, stack(0x000000906f100000,0x000000906f200000) (1024K)]
  0x00000272664d7960 JavaThread "Worker-899: Initialize workspace"        [_thread_blocked, id=25644, stack(0x000000906e400000,0x000000906e500000) (1024K)]
  0x00000272664e8670 JavaThread "Timer-124"                         [_thread_blocked, id=41156, stack(0x0000009079b00000,0x0000009079c00000) (1024K)]
  0x0000027265f7ff40 JavaThread "Timer-125"                         [_thread_blocked, id=36476, stack(0x0000009069c00000,0x0000009069d00000) (1024K)]
  0x0000027265e6dad0 JavaThread "Timer-126"                         [_thread_blocked, id=50388, stack(0x000000906c200000,0x000000906c300000) (1024K)]
  0x0000027265e7b360 JavaThread "Timer-127"                         [_thread_blocked, id=1624, stack(0x0000009077600000,0x0000009077700000) (1024K)]
  0x00000282fcf450d0 JavaThread "Timer-128"                         [_thread_blocked, id=48388, stack(0x000000906af00000,0x000000906b000000) (1024K)]
  0x000002726655c120 JavaThread "Timer-129"                         [_thread_blocked, id=10528, stack(0x0000009078a00000,0x0000009078b00000) (1024K)]
  0x00000282fbcbbf40 JavaThread "Timer-130"                         [_thread_blocked, id=9752, stack(0x000000906b600000,0x000000906b700000) (1024K)]
  0x00000282fbcc0e00 JavaThread "Timer-131"                         [_thread_blocked, id=16516, stack(0x000000906bb00000,0x000000906bc00000) (1024K)]
  0x00000282fbcc0770 JavaThread "Timer-132"                         [_thread_blocked, id=39896, stack(0x0000009079a00000,0x0000009079b00000) (1024K)]
  0x00000272664e3e40 JavaThread "Timer-133"                         [_thread_blocked, id=54012, stack(0x000000907a100000,0x000000907a200000) (1024K)]
  0x00000282fbc457d0 JavaThread "Timer-134"                         [_thread_blocked, id=22512, stack(0x0000009073e00000,0x0000009073f00000) (1024K)]
  0x00000282fc16e980 JavaThread "Timer-135"                         [_thread_blocked, id=15764, stack(0x000000907b600000,0x000000907b700000) (1024K)]
  0x00000282fc06f7c0 JavaThread "Timer-136"                         [_thread_blocked, id=12320, stack(0x000000907c000000,0x000000907c100000) (1024K)]
  0x00000282fb3e2ee0 JavaThread "Timer-137"                         [_thread_blocked, id=39072, stack(0x000000907cc00000,0x000000907cd00000) (1024K)]
  0x00000282fcf3f4f0 JavaThread "Timer-138"                         [_thread_blocked, id=10148, stack(0x000000907d300000,0x000000907d400000) (1024K)]
  0x00000282fa8b63c0 JavaThread "Timer-139"                         [_thread_blocked, id=15636, stack(0x000000906cf00000,0x000000906d000000) (1024K)]
  0x00000282fa8bb280 JavaThread "Timer-140"                         [_thread_blocked, id=45392, stack(0x000000906d200000,0x000000906d300000) (1024K)]
  0x00000282fbcbe010 JavaThread "Timer-141"                         [_thread_blocked, id=46388, stack(0x0000009072700000,0x0000009072800000) (1024K)]
  0x0000027265e76b30 JavaThread "Timer-142"                         [_thread_blocked, id=36724, stack(0x000000907c800000,0x000000907c900000) (1024K)]
  0x0000027266a2d580 JavaThread "Timer-143"                         [_thread_blocked, id=56956, stack(0x000000907d000000,0x000000907d100000) (1024K)]
  0x00000282fbc4ad20 JavaThread "Timer-144"                         [_thread_blocked, id=5144, stack(0x000000907d100000,0x000000907d200000) (1024K)]
  0x00000272664f37a0 JavaThread "Timer-145"                         [_thread_blocked, id=54628, stack(0x0000009075d00000,0x0000009075e00000) (1024K)]
  0x000002726655fc30 JavaThread "Timer-146"                         [_thread_blocked, id=28424, stack(0x000000907df00000,0x000000907e000000) (1024K)]
  0x00000283058c2a90 JavaThread "Timer-147"                         [_thread_blocked, id=22160, stack(0x000000907bd00000,0x000000907be00000) (1024K)]
  0x00000282fbc43700 JavaThread "Timer-148"                         [_thread_blocked, id=50296, stack(0x000000907c600000,0x000000907c700000) (1024K)]
  0x00000283060286b0 JavaThread "Timer-149"                         [_thread_blocked, id=40312, stack(0x000000907e700000,0x000000907e800000) (1024K)]
  0x00000282fb3e0780 JavaThread "Timer-150"                         [_thread_blocked, id=28204, stack(0x000000907e100000,0x000000907e200000) (1024K)]
  0x00000282fbcbf3c0 JavaThread "Timer-151"                         [_thread_blocked, id=17436, stack(0x000000907e900000,0x000000907ea00000) (1024K)]
  0x0000027265e6d440 JavaThread "Timer-152"                         [_thread_blocked, id=55988, stack(0x000000907e800000,0x000000907e900000) (1024K)]
  0x00000282fcf3e7d0 JavaThread "Timer-153"                         [_thread_blocked, id=19356, stack(0x000000907da00000,0x000000907db00000) (1024K)]
  0x00000282fbcbe6a0 JavaThread "Timer-154"                         [_thread_blocked, id=55616, stack(0x000000907d500000,0x000000907d600000) (1024K)]
  0x00000272664f4b50 JavaThread "Timer-155"                         [_thread_blocked, id=30076, stack(0x000000907ec00000,0x000000907ed00000) (1024K)]
  0x0000027266a34510 JavaThread "Timer-156"                         [_thread_blocked, id=55420, stack(0x000000907f000000,0x000000907f100000) (1024K)]
  0x00000282fbc485c0 JavaThread "Timer-157"                         [_thread_blocked, id=57380, stack(0x000000907f100000,0x000000907f200000) (1024K)]
  0x0000027266a2efc0 JavaThread "Timer-158"                         [_thread_blocked, id=24536, stack(0x000000907f200000,0x000000907f300000) (1024K)]
  0x00000282fc0725b0 JavaThread "Timer-159"                         [_thread_blocked, id=51432, stack(0x0000009071500000,0x0000009071600000) (1024K)]
  0x00000282fb3e00f0 JavaThread "Timer-160"                         [_thread_blocked, id=14464, stack(0x000000906be00000,0x000000906bf00000) (1024K)]
  0x000002726655f5a0 JavaThread "Timer-161"                         [_thread_blocked, id=51976, stack(0x000000907f900000,0x000000907fa00000) (1024K)]
  0x00000282fc073ff0 JavaThread "Timer-162"                         [_thread_blocked, id=40724, stack(0x000000907fe00000,0x000000907ff00000) (1024K)]
  0x00000272664edbc0 JavaThread "Timer-163"                         [_thread_blocked, id=19928, stack(0x0000009000500000,0x0000009000600000) (1024K)]
  0x0000027265e743d0 JavaThread "Worker-1364: Initialize workspace"        [_thread_blocked, id=54536, stack(0x0000009000300000,0x0000009000400000) (1024K)]
  0x00000282fb3e0e10 JavaThread "Timer-164"                         [_thread_blocked, id=30664, stack(0x0000009000a00000,0x0000009000b00000) (1024K)]
  0x00000282fb3e69f0 JavaThread "Timer-165"                         [_thread_blocked, id=38464, stack(0x0000009001200000,0x0000009001300000) (1024K)]
  0x000002830602c1c0 JavaThread "Timer-166"                         [_thread_blocked, id=2924, stack(0x0000009001500000,0x0000009001600000) (1024K)]
  0x00000282fbcbed30 JavaThread "Connection worker"                 [_thread_in_native, id=47696, stack(0x0000009000800000,0x0000009000900000) (1024K)]
  0x00000282fc06d6f0 JavaThread "Timer-167"                         [_thread_blocked, id=50664, stack(0x0000009001b00000,0x0000009001c00000) (1024K)]
  0x000002830f63cba0 JavaThread "Timer-168"                         [_thread_blocked, id=45004, stack(0x0000009001e00000,0x0000009001f00000) (1024K)]
  0x000002830f63d8c0 JavaThread "Timer-169"                         [_thread_blocked, id=55660, stack(0x0000009001f00000,0x0000009002000000) (1024K)]
  0x000002830f63b7f0 JavaThread "Timer-170"                         [_thread_blocked, id=51028, stack(0x0000009002500000,0x0000009002600000) (1024K)]
  0x000002830f640d40 JavaThread "Worker-1432: Initialize workspace"        [_thread_blocked, id=12436, stack(0x0000009002400000,0x0000009002500000) (1024K)]
  0x000002830f6413d0 JavaThread "Timer-171"                         [_thread_blocked, id=8408, stack(0x0000009000900000,0x0000009000a00000) (1024K)]
  0x000002830f641a60 JavaThread "Connection worker"                 [_thread_blocked, id=37200, stack(0x0000009002900000,0x0000009002a00000) (1024K)]
  0x000002830f6420f0 JavaThread "pool-173-thread-1"                 [_thread_blocked, id=26812, stack(0x0000009002800000,0x0000009002900000) (1024K)]
  0x000002830f642e10 JavaThread "Timer-172"                         [_thread_blocked, id=23984, stack(0x0000009002c00000,0x0000009002d00000) (1024K)]
  0x000002830f6406b0 JavaThread "Timer-173"                         [_thread_blocked, id=34064, stack(0x0000009001800000,0x0000009001900000) (1024K)]
  0x000002830f6441c0 JavaThread "Timer-174"                         [_thread_blocked, id=2432, stack(0x0000009003300000,0x0000009003400000) (1024K)]
  0x000002830f644850 JavaThread "Timer-175"                         [_thread_blocked, id=54752, stack(0x0000009003700000,0x0000009003800000) (1024K)]
  0x000002830f649080 JavaThread "Timer-176"                         [_thread_blocked, id=29500, stack(0x0000009003a00000,0x0000009003b00000) (1024K)]
  0x000002830f64d8b0 JavaThread "Timer-177"                         [_thread_blocked, id=36628, stack(0x0000009003f00000,0x0000009004000000) (1024K)]
  0x000002830f64ec60 JavaThread "Timer-178"                         [_thread_blocked, id=30064, stack(0x0000009004800000,0x0000009004900000) (1024K)]
  0x000002830f64df40 JavaThread "Timer-179"                         [_thread_blocked, id=17820, stack(0x0000009003000000,0x0000009003100000) (1024K)]
  0x000002830f64f980 JavaThread "Timer-180"                         [_thread_blocked, id=30864, stack(0x0000009003c00000,0x0000009003d00000) (1024K)]
  0x000002830f6520e0 JavaThread "Timer-181"                         [_thread_blocked, id=30568, stack(0x0000009004100000,0x0000009004200000) (1024K)]
  0x000002830f650010 JavaThread "Timer-182"                         [_thread_blocked, id=36560, stack(0x0000009004300000,0x0000009004400000) (1024K)]
  0x000002830f652e00 JavaThread "Timer-183"                         [_thread_blocked, id=36348, stack(0x0000009004900000,0x0000009004a00000) (1024K)]
  0x000002830f6513c0 JavaThread "Worker-1573: Initialize workspace"        [_thread_blocked, id=51488, stack(0x0000009004700000,0x0000009004800000) (1024K)]
  0x000002830f655560 JavaThread "Timer-184"                         [_thread_blocked, id=42412, stack(0x0000009004d00000,0x0000009004e00000) (1024K)]
  0x000002830f658350 JavaThread "Timer-185"                         [_thread_blocked, id=51688, stack(0x0000009004f00000,0x0000009005000000) (1024K)]
  0x000002830f654ed0 JavaThread "Timer-186"                         [_thread_blocked, id=8232, stack(0x0000009005200000,0x0000009005300000) (1024K)]
  0x000002830f657630 JavaThread "Timer-187"                         [_thread_blocked, id=31656, stack(0x0000009005500000,0x0000009005600000) (1024K)]
  0x000002830f64b7e0 JavaThread "Worker-1618: Initialize workspace"        [_thread_blocked, id=54240, stack(0x0000009001300000,0x0000009001400000) (1024K)]
  0x00000282fa8b91b0 JavaThread "Timer-188"                         [_thread_blocked, id=42516, stack(0x0000009005800000,0x0000009005900000) (1024K)]
  0x00000282fa8bbfa0 JavaThread "Connection worker"                 [_thread_blocked, id=12008, stack(0x0000009005a00000,0x0000009005b00000) (1024K)]
  0x00000282fa8b9ed0 JavaThread "pool-190-thread-1"                 [_thread_blocked, id=33348, stack(0x0000009004b00000,0x0000009004c00000) (1024K)]
  0x0000027265e72990 JavaThread "Timer-189"                         [_thread_blocked, id=13316, stack(0x0000009005900000,0x0000009005a00000) (1024K)]
  0x00000282fc175280 JavaThread "Timer-190"                         [_thread_blocked, id=26824, stack(0x0000009005e00000,0x0000009005f00000) (1024K)]
  0x00000282fbcbc5d0 JavaThread "Timer-191"                         [_thread_blocked, id=20380, stack(0x0000009006200000,0x0000009006300000) (1024K)]
  0x000002830f646920 JavaThread "Timer-192"                         [_thread_blocked, id=7204, stack(0x0000009006400000,0x0000009006500000) (1024K)]
  0x000002830f659070 JavaThread "Timer-193"                         [_thread_blocked, id=15720, stack(0x0000009006800000,0x0000009006900000) (1024K)]
  0x000002830f6506a0 JavaThread "Timer-194"                         [_thread_blocked, id=14348, stack(0x0000009006a00000,0x0000009006b00000) (1024K)]
  0x00000283058c37b0 JavaThread "Timer-195"                         [_thread_blocked, id=36976, stack(0x0000009006500000,0x0000009006600000) (1024K)]
  0x000002830602a780 JavaThread "Timer-196"                         [_thread_blocked, id=13600, stack(0x0000009007100000,0x0000009007200000) (1024K)]
  0x00000282fc073960 JavaThread "Timer-197"                         [_thread_blocked, id=14920, stack(0x0000009007600000,0x0000009007700000) (1024K)]
  0x0000027265e7acd0 JavaThread "Timer-198"                         [_thread_blocked, id=25520, stack(0x0000009007800000,0x0000009007900000) (1024K)]
  0x000002830f653b20 JavaThread "Timer-199"                         [_thread_blocked, id=684, stack(0x0000009006300000,0x0000009006400000) (1024K)]
  0x00000283060293d0 JavaThread "Timer-200"                         [_thread_blocked, id=19780, stack(0x0000009007e00000,0x0000009007f00000) (1024K)]
  0x000002830f63df50 JavaThread "Timer-201"                         [_thread_blocked, id=51352, stack(0x0000009002200000,0x0000009002300000) (1024K)]
  0x00000282fc070b70 JavaThread "Timer-202"                         [_thread_blocked, id=16724, stack(0x0000009008300000,0x0000009008400000) (1024K)]
  0x00000283058c1050 JavaThread "Timer-203"                         [_thread_blocked, id=32344, stack(0x0000009008600000,0x0000009008700000) (1024K)]
  0x000002830f64f2f0 JavaThread "Timer-204"                         [_thread_blocked, id=54680, stack(0x0000009008800000,0x0000009008900000) (1024K)]
  0x00000282fa8bb910 JavaThread "Timer-205"                         [_thread_blocked, id=46976, stack(0x0000009008900000,0x0000009008a00000) (1024K)]
  0x00000282fa8b9840 JavaThread "Worker-1811: Initialize workspace"        [_thread_blocked, id=39444, stack(0x0000009005f00000,0x0000009006000000) (1024K)]
  0x000002726655ef10 JavaThread "Timer-206"                         [_thread_blocked, id=30160, stack(0x0000009008d00000,0x0000009008e00000) (1024K)]
  0x000002830fef1300 JavaThread "Timer-207"                         [_thread_blocked, id=33192, stack(0x0000009009000000,0x0000009009100000) (1024K)]
  0x000002830fef4780 JavaThread "Timer-208"                         [_thread_blocked, id=49404, stack(0x0000009009200000,0x0000009009300000) (1024K)]
  0x000002830fef5b30 JavaThread "Timer-209"                         [_thread_blocked, id=42884, stack(0x0000009007b00000,0x0000009007c00000) (1024K)]
  0x000002830fed9cf0 JavaThread "Timer-210"                         [_thread_blocked, id=13928, stack(0x0000009002b00000,0x0000009002c00000) (1024K)]
  0x000002830fed8fd0 JavaThread "Timer-211"                         [_thread_blocked, id=26724, stack(0x0000009000200000,0x0000009000300000) (1024K)]
  0x000002830fedbdc0 JavaThread "Timer-212"                         [_thread_blocked, id=36180, stack(0x0000009009c00000,0x0000009009d00000) (1024K)]
  0x000002830fedc450 JavaThread "Timer-213"                         [_thread_blocked, id=10924, stack(0x000000900a200000,0x000000900a300000) (1024K)]
  0x000002830fee05f0 JavaThread "Timer-214"                         [_thread_blocked, id=5004, stack(0x000000900a300000,0x000000900a400000) (1024K)]
  0x000002830fedd170 JavaThread "Timer-215"                         [_thread_blocked, id=37912, stack(0x000000900a700000,0x000000900a800000) (1024K)]
  0x000002830fede520 JavaThread "Timer-216"                         [_thread_blocked, id=12616, stack(0x000000900aa00000,0x000000900ab00000) (1024K)]
  0x000002830fee61d0 JavaThread "Timer-217"                         [_thread_blocked, id=24204, stack(0x000000900af00000,0x000000900b000000) (1024K)]
  0x000002830fee4e20 JavaThread "Timer-218"                         [_thread_blocked, id=40576, stack(0x000000900b400000,0x000000900b500000) (1024K)]
  0x000002830fee82a0 JavaThread "Timer-219"                         [_thread_blocked, id=37656, stack(0x000000900b800000,0x000000900b900000) (1024K)]
  0x000002830fee9ce0 JavaThread "Timer-220"                         [_thread_blocked, id=27376, stack(0x000000900ba00000,0x000000900bb00000) (1024K)]
  0x000002830feeb720 JavaThread "Timer-221"                         [_thread_blocked, id=55100, stack(0x0000009000f00000,0x0000009001000000) (1024K)]
  0x000002830feed160 JavaThread "Timer-222"                         [_thread_blocked, id=48512, stack(0x000000900bf00000,0x000000900c000000) (1024K)]
  0x000002830fee7580 JavaThread "Worker-2001: Initialize workspace"        [_thread_blocked, id=48200, stack(0x0000009005c00000,0x0000009005d00000) (1024K)]
  0x000002830feede80 JavaThread "Timer-223"                         [_thread_blocked, id=35752, stack(0x000000900c300000,0x000000900c400000) (1024K)]
  0x000002830feeeba0 JavaThread "Timer-224"                         [_thread_blocked, id=54960, stack(0x000000900c800000,0x000000900c900000) (1024K)]
  0x000002830fef0c70 JavaThread "Timer-225"                         [_thread_blocked, id=41588, stack(0x000000900ca00000,0x000000900cb00000) (1024K)]
  0x000002830f63f300 JavaThread "Timer-226"                         [_thread_blocked, id=58352, stack(0x000000900cd00000,0x000000900ce00000) (1024K)]
  0x000002830fef61c0 JavaThread "Timer-227"                         [_thread_blocked, id=33124, stack(0x000000900d000000,0x000000900d100000) (1024K)]
  0x00000282fa8b70e0 JavaThread "Timer-228"                         [_thread_blocked, id=35420, stack(0x000000900d400000,0x000000900d500000) (1024K)]
  0x00000282fcf45760 JavaThread "Timer-229"                         [_thread_blocked, id=30652, stack(0x000000900d800000,0x000000900d900000) (1024K)]
  0x00000283058be8f0 JavaThread "Worker-2080: Initialize workspace"        [_thread_blocked, id=38540, stack(0x000000900d600000,0x000000900d700000) (1024K)]
  0x00000272664f2a80 JavaThread "Timer-230"                         [_thread_blocked, id=44336, stack(0x000000900dc00000,0x000000900dd00000) (1024K)]
  0x000002830ff1a840 JavaThread "Timer-231"                         [_thread_blocked, id=48904, stack(0x000000900e000000,0x000000900e100000) (1024K)]
  0x000002830ff19490 JavaThread "Timer-232"                         [_thread_blocked, id=41148, stack(0x000000900e400000,0x000000900e500000) (1024K)]
  0x000002830ff1f070 JavaThread "Timer-233"                         [_thread_blocked, id=32984, stack(0x000000900e700000,0x000000900e800000) (1024K)]
  0x000002830ff1c910 JavaThread "Timer-234"                         [_thread_blocked, id=45716, stack(0x000000900e600000,0x000000900e700000) (1024K)]
  0x000002830ff1cfa0 JavaThread "Timer-235"                         [_thread_blocked, id=16100, stack(0x0000009002300000,0x0000009002400000) (1024K)]
  0x000002830ff1f700 JavaThread "Timer-236"                         [_thread_blocked, id=25688, stack(0x000000900f000000,0x000000900f100000) (1024K)]
  0x000002830ff23f30 JavaThread "Timer-237"                         [_thread_blocked, id=4800, stack(0x000000900f300000,0x000000900f400000) (1024K)]
  0x000002830ff26d20 JavaThread "Timer-238"                         [_thread_blocked, id=35816, stack(0x000000900f600000,0x000000900f700000) (1024K)]
  0x000002830ff29480 JavaThread "Timer-239"                         [_thread_blocked, id=18324, stack(0x000000900fb00000,0x000000900fc00000) (1024K)]
  0x000002830ff2bbe0 JavaThread "Timer-240"                         [_thread_blocked, id=55864, stack(0x000000900fe00000,0x000000900ff00000) (1024K)]
  0x000002830ff2aec0 JavaThread "Timer-241"                         [_thread_blocked, id=21964, stack(0x0000009010100000,0x0000009010200000) (1024K)]
  0x000002830ff2fd80 JavaThread "Timer-242"                         [_thread_blocked, id=27964, stack(0x0000009010200000,0x0000009010300000) (1024K)]
  0x000002830ff2e340 JavaThread "Timer-243"                         [_thread_blocked, id=47976, stack(0x000000900da00000,0x000000900db00000) (1024K)]
  0x000002830ff317c0 JavaThread "Timer-244"                         [_thread_blocked, id=11736, stack(0x0000009010a00000,0x0000009010b00000) (1024K)]
  0x000002830ff352d0 JavaThread "Timer-245"                         [_thread_blocked, id=27784, stack(0x0000009010c00000,0x0000009010d00000) (1024K)]
  0x000002830ff34c40 JavaThread "Timer-246"                         [_thread_blocked, id=18088, stack(0x0000009011000000,0x0000009011100000) (1024K)]
  0x000002830ff36680 JavaThread "Timer-247"                         [_thread_blocked, id=33800, stack(0x0000009011200000,0x0000009011300000) (1024K)]
  0x000002830fee0c80 JavaThread "Timer-248"                         [_thread_blocked, id=35156, stack(0x0000009011600000,0x0000009011700000) (1024K)]
  0x000002830fee8fc0 JavaThread "Timer-249"                         [_thread_blocked, id=42848, stack(0x0000009011800000,0x0000009011900000) (1024K)]
  0x000002830fedd800 JavaThread "Worker-2294: Initialize workspace"        [_thread_blocked, id=42448, stack(0x000000900f800000,0x000000900f900000) (1024K)]
  0x000002830f655bf0 JavaThread "Timer-250"                         [_thread_blocked, id=34852, stack(0x0000009011c00000,0x0000009011d00000) (1024K)]
  0x000002830f63aad0 JavaThread "Timer-251"                         [_thread_blocked, id=40328, stack(0x0000009011b00000,0x0000009011c00000) (1024K)]
  0x00000282fcf41c50 JavaThread "Timer-252"                         [_thread_blocked, id=27956, stack(0x0000009012100000,0x0000009012200000) (1024K)]
  0x00000282fcf471a0 JavaThread "Worker-2328: Initialize workspace"        [_thread_blocked, id=26404, stack(0x000000900df00000,0x000000900e000000) (1024K)]
  0x000002830f652770 JavaThread "Timer-253"                         [_thread_blocked, id=38096, stack(0x0000009012400000,0x0000009012500000) (1024K)]
  0x00000272664e7950 JavaThread "Timer-254"                         [_thread_blocked, id=57880, stack(0x0000009012500000,0x0000009012600000) (1024K)]
  0x000002830ff31e50 JavaThread "Timer-255"                         [_thread_blocked, id=56304, stack(0x0000009012700000,0x0000009012800000) (1024K)]
  0x000002830feeb090 JavaThread "Timer-256"                         [_thread_blocked, id=12468, stack(0x0000009012900000,0x0000009012a00000) (1024K)]
  0x000002830fee2030 JavaThread "Timer-257"                         [_thread_blocked, id=7116, stack(0x000000900ae00000,0x000000900af00000) (1024K)]
  0x0000027265e79920 JavaThread "Timer-258"                         [_thread_blocked, id=44036, stack(0x0000009012f00000,0x0000009013000000) (1024K)]
  0x000002830fef1990 JavaThread "Worker-2391: Initialize workspace"        [_thread_blocked, id=33416, stack(0x0000009000600000,0x0000009000700000) (1024K)]
  0x000002830ff30410 JavaThread "Timer-259"                         [_thread_blocked, id=34824, stack(0x0000009013100000,0x0000009013200000) (1024K)]
  0x00000282fb3e5cd0 JavaThread "Connection worker"                 [_thread_in_native, id=54948, stack(0x0000009010700000,0x0000009010800000) (1024K)]
  0x00000282fbcbd980 JavaThread "pool-261-thread-1"                 [_thread_blocked, id=34864, stack(0x0000009013000000,0x0000009013100000) (1024K)]
  0x0000027266a34ba0 JavaThread "Timer-260"                         [_thread_blocked, id=49912, stack(0x0000009013200000,0x0000009013300000) (1024K)]
  0x000002830f649710 JavaThread "Worker-2411: Initialize workspace"        [_thread_blocked, id=14636, stack(0x0000009000b00000,0x0000009000c00000) (1024K)]
  0x0000028310696aa0 JavaThread "Timer-261"                         [_thread_blocked, id=21760, stack(0x0000009013600000,0x0000009013700000) (1024K)]
  0x00000283106984e0 JavaThread "Timer-262"                         [_thread_blocked, id=19712, stack(0x0000009013400000,0x0000009013500000) (1024K)]
  0x0000028310699200 JavaThread "Timer-263"                         [_thread_blocked, id=42732, stack(0x0000009013a00000,0x0000009013b00000) (1024K)]
  0x000002831069ac40 JavaThread "Timer-264"                         [_thread_blocked, id=9388, stack(0x0000009013c00000,0x0000009013d00000) (1024K)]
  0x0000028310696410 JavaThread "Worker-2453: Initialize workspace"        [_thread_blocked, id=31664, stack(0x000000900ad00000,0x000000900ae00000) (1024K)]
  0x0000028310699f20 JavaThread "Timer-265"                         [_thread_blocked, id=47404, stack(0x0000009013d00000,0x0000009013e00000) (1024K)]
  0x000002831069d3a0 JavaThread "Timer-266"                         [_thread_blocked, id=41928, stack(0x0000009013f00000,0x0000009014000000) (1024K)]
  0x00000283106a2260 JavaThread "Timer-267"                         [_thread_blocked, id=20436, stack(0x000000900c900000,0x000000900ca00000) (1024K)]
  0x000002830fee1310 JavaThread "Timer-268"                         [_thread_blocked, id=31128, stack(0x0000009014200000,0x0000009014300000) (1024K)]
  0x000002830feee510 JavaThread "Timer-269"                         [_thread_blocked, id=54764, stack(0x0000009011700000,0x0000009011800000) (1024K)]
  0x000002830ff1c280 JavaThread "Timer-270"                         [_thread_blocked, id=36496, stack(0x0000009014600000,0x0000009014700000) (1024K)]
  0x000002830ff28df0 JavaThread "Timer-271"                         [_thread_blocked, id=24312, stack(0x0000009014a00000,0x0000009014b00000) (1024K)]
  0x000002830f656280 JavaThread "Worker-2532: Initialize workspace"        [_thread_blocked, id=38552, stack(0x0000009014500000,0x0000009014600000) (1024K)]
  0x0000027265e6e160 JavaThread "Timer-272"                         [_thread_blocked, id=17220, stack(0x0000009014e00000,0x0000009014f00000) (1024K)]
  0x00000282fc174bf0 JavaThread "Worker-2541: Initialize workspace"        [_thread_blocked, id=57080, stack(0x0000009014900000,0x0000009014a00000) (1024K)]
  0x000002831069b960 JavaThread "Timer-273"                         [_thread_blocked, id=41200, stack(0x0000009015100000,0x0000009015200000) (1024K)]
  0x000002830f653490 JavaThread "Connection worker"                 [_thread_blocked, id=6652, stack(0x0000009015200000,0x0000009015300000) (1024K)]
  0x000002830feec440 JavaThread "pool-275-thread-1"                 [_thread_blocked, id=32284, stack(0x0000009015300000,0x0000009015400000) (1024K)]
  0x00000282fc16f010 JavaThread "Timer-274"                         [_thread_blocked, id=32100, stack(0x0000009015500000,0x0000009015600000) (1024K)]
  0x00000282fcf40f30 JavaThread "Timer-275"                         [_thread_blocked, id=54008, stack(0x0000009015700000,0x0000009015800000) (1024K)]
  0x000002831069bff0 JavaThread "Worker-2578: Initialize workspace"        [_thread_blocked, id=36868, stack(0x0000009015400000,0x0000009015500000) (1024K)]
  0x000002830f654840 JavaThread "Timer-276"                         [_thread_blocked, id=51516, stack(0x0000009015b00000,0x0000009015c00000) (1024K)]
  0x0000027265e6c720 JavaThread "Connection worker"                 [_thread_blocked, id=46340, stack(0x0000009015600000,0x0000009015700000) (1024K)]
  0x00000283128c9ee0 JavaThread "pool-278-thread-1"                 [_thread_blocked, id=51864, stack(0x0000009015c00000,0x0000009015d00000) (1024K)]
  0x00000283128cac00 JavaThread "Timer-277"                         [_thread_blocked, id=37960, stack(0x0000009013700000,0x0000009013800000) (1024K)]
  0x00000283128ca570 JavaThread "Timer-278"                         [_thread_blocked, id=21648, stack(0x0000009016000000,0x0000009016100000) (1024K)]
  0x00000283128cbfb0 JavaThread "Timer-279"                         [_thread_blocked, id=1980, stack(0x0000009016100000,0x0000009016200000) (1024K)]
  0x00000283128cc640 JavaThread "Worker-2623: Initialize workspace"        [_thread_blocked, id=56688, stack(0x0000009006100000,0x0000009006200000) (1024K)]
  0x00000283128cd360 JavaThread "Timer-280"                         [_thread_blocked, id=45736, stack(0x0000009016400000,0x0000009016500000) (1024K)]
  0x00000283128d07e0 JavaThread "Timer-281"                         [_thread_blocked, id=58016, stack(0x0000009016800000,0x0000009016900000) (1024K)]
  0x00000283128cccd0 JavaThread "Worker-2645: Initialize workspace"        [_thread_blocked, id=53172, stack(0x0000009012b00000,0x0000009012c00000) (1024K)]
  0x00000283128d35d0 JavaThread "Connection worker"                 [_thread_blocked, id=9624, stack(0x0000009005700000,0x0000009005800000) (1024K)]
  0x00000283128d4980 JavaThread "Timer-282"                         [_thread_blocked, id=36372, stack(0x0000009012300000,0x0000009012400000) (1024K)]
  0x00000283128d1500 JavaThread "Worker-2659: Initialize workspace"        [_thread_blocked, id=42552, stack(0x000000900bd00000,0x000000900be00000) (1024K)]
  0x00000283128d28b0 JavaThread "Timer-283"                         [_thread_blocked, id=34192, stack(0x0000009016a00000,0x0000009016b00000) (1024K)]
  0x00000283128d63c0 JavaThread "Worker-2670: Initialize workspace"        [_thread_blocked, id=24648, stack(0x000000900c500000,0x000000900c600000) (1024K)]
  0x00000283128d7e00 JavaThread "Timer-284"                         [_thread_blocked, id=30964, stack(0x0000009016c00000,0x0000009016d00000) (1024K)]
  0x00000283128da560 JavaThread "Timer-285"                         [_thread_blocked, id=46596, stack(0x0000009016b00000,0x0000009016c00000) (1024K)]
  0x00000283128db910 JavaThread "Timer-286"                         [_thread_blocked, id=20588, stack(0x000000900be00000,0x000000900bf00000) (1024K)]
  0x00000283128dbfa0 JavaThread "Timer-287"                         [_thread_blocked, id=21216, stack(0x0000009016f00000,0x0000009017000000) (1024K)]
  0x00000283128ded90 JavaThread "Timer-288"                         [_thread_blocked, id=48704, stack(0x0000009017500000,0x0000009017600000) (1024K)]
  0x00000283128dc630 JavaThread "Connection worker"                 [_thread_blocked, id=52372, stack(0x000000900c200000,0x000000900c300000) (1024K)]
  0x00000283128de700 JavaThread "Timer-289"                         [_thread_blocked, id=54768, stack(0x0000009017600000,0x0000009017700000) (1024K)]
  0x00000283128df420 JavaThread "Worker-2736: Initialize workspace"        [_thread_blocked, id=55232, stack(0x000000900ec00000,0x000000900ed00000) (1024K)]
  0x00000283128e2210 JavaThread "Timer-290"                         [_thread_blocked, id=22500, stack(0x0000009015900000,0x0000009015a00000) (1024K)]
  0x00000283128e42e0 JavaThread "Timer-291"                         [_thread_blocked, id=5880, stack(0x0000009017900000,0x0000009017a00000) (1024K)]
  0x00000283128e8480 JavaThread "Timer-292"                         [_thread_blocked, id=39396, stack(0x0000009017d00000,0x0000009017e00000) (1024K)]
  0x00000283128e63b0 JavaThread "Worker-2767: Initialize workspace"        [_thread_blocked, id=11892, stack(0x0000009017e00000,0x0000009017f00000) (1024K)]
  0x00000283128e5000 JavaThread "Timer-293"                         [_thread_blocked, id=34488, stack(0x0000009018000000,0x0000009018100000) (1024K)]
  0x00000283128eabe0 JavaThread "Timer-294"                         [_thread_blocked, id=21472, stack(0x0000009017100000,0x0000009017200000) (1024K)]
  0x00000283128ee060 JavaThread "Timer-295"                         [_thread_blocked, id=35632, stack(0x0000009018300000,0x0000009018400000) (1024K)]
  0x00000283128eb270 JavaThread "Worker-2803: Initialize workspace"        [_thread_blocked, id=40088, stack(0x0000009018100000,0x0000009018200000) (1024K)]
  0x00000283128ee6f0 JavaThread "Timer-296"                         [_thread_blocked, id=45416, stack(0x0000009018400000,0x0000009018500000) (1024K)]
  0x00000283128af450 JavaThread "Timer-297"                         [_thread_blocked, id=6424, stack(0x0000009018600000,0x0000009018700000) (1024K)]
  0x00000283128b2f60 JavaThread "Timer-298"                         [_thread_blocked, id=51104, stack(0x0000009018a00000,0x0000009018b00000) (1024K)]
  0x00000283128b49a0 JavaThread "Timer-299"                         [_thread_blocked, id=25008, stack(0x0000009018900000,0x0000009018a00000) (1024K)]
  0x00000283128b63e0 JavaThread "Timer-300"                         [_thread_blocked, id=36620, stack(0x0000009018e00000,0x0000009018f00000) (1024K)]
  0x00000283128b8b40 JavaThread "Timer-301"                         [_thread_blocked, id=21496, stack(0x0000009019100000,0x0000009019200000) (1024K)]
  0x00000283128b91d0 JavaThread "Worker-2870: Initialize workspace"        [_thread_blocked, id=33040, stack(0x0000009019000000,0x0000009019100000) (1024K)]
  0x00000283128b7100 JavaThread "Timer-302"                         [_thread_blocked, id=23128, stack(0x0000009019400000,0x0000009019500000) (1024K)]
  0x00000283128bac10 JavaThread "Connection worker"                 [_thread_in_native, id=16164, stack(0x0000009019500000,0x0000009019600000) (1024K)]
  0x00000283128b9ef0 JavaThread "pool-304-thread-1"                 [_thread_blocked, id=5568, stack(0x0000009019200000,0x0000009019300000) (1024K)]
  0x00000283128bb930 JavaThread "Timer-303"                         [_thread_blocked, id=55076, stack(0x0000009013b00000,0x0000009013c00000) (1024K)]
  0x00000283128bda00 JavaThread "Worker-2897: Initialize workspace"        [_thread_blocked, id=41756, stack(0x0000009019700000,0x0000009019800000) (1024K)]
  0x00000283128bcce0 JavaThread "Timer-304"                         [_thread_blocked, id=39348, stack(0x0000009019b00000,0x0000009019c00000) (1024K)]
  0x00000283128bb2a0 JavaThread "Connection worker"                 [_thread_in_native, id=664, stack(0x0000009019c00000,0x0000009019d00000) (1024K)]
  0x00000283128be720 JavaThread "pool-306-thread-1"                 [_thread_blocked, id=40560, stack(0x0000009019900000,0x0000009019a00000) (1024K)]
  0x00000283128bfad0 JavaThread "Timer-305"                         [_thread_blocked, id=37904, stack(0x0000009019e00000,0x0000009019f00000) (1024K)]
  0x00000283128bedb0 JavaThread "Connection worker"                 [_thread_in_native, id=51240, stack(0x0000009003400000,0x0000009003500000) (1024K)]
  0x00000283128c35e0 JavaThread "Timer-306"                         [_thread_blocked, id=54852, stack(0x000000901a000000,0x000000901a100000) (1024K)]
  0x00000283128bd370 JavaThread "Worker-2930: Initialize workspace"        [_thread_blocked, id=40924, stack(0x0000009019f00000,0x000000901a000000) (1024K)]
  0x00000283128c28c0 JavaThread "Timer-307"                         [_thread_blocked, id=43428, stack(0x000000901a300000,0x000000901a400000) (1024K)]
  0x00000283128c7780 JavaThread "Timer-308"                         [_thread_blocked, id=3468, stack(0x000000901a700000,0x000000901a800000) (1024K)]
  0x00000283128c6a60 JavaThread "Worker-2951: Initialize workspace"        [_thread_blocked, id=52992, stack(0x000000901a400000,0x000000901a500000) (1024K)]
  0x00000283128c70f0 JavaThread "Timer-309"                         [_thread_blocked, id=54896, stack(0x000000901ab00000,0x000000901ac00000) (1024K)]
  0x00000283128c63d0 JavaThread "Worker-2961: Initialize workspace"        [_thread_blocked, id=28464, stack(0x0000009019d00000,0x0000009019e00000) (1024K)]
  0x00000283128d8b20 JavaThread "Timer-310"                         [_thread_blocked, id=24440, stack(0x000000900d900000,0x000000900da00000) (1024K)]
  0x00000283128d91b0 JavaThread "Worker-2975: Initialize workspace"        [_thread_blocked, id=48076, stack(0x000000900c400000,0x000000900c500000) (1024K)]
  0x00000283128c5d40 JavaThread "Timer-311"                         [_thread_blocked, id=17816, stack(0x0000009008200000,0x0000009008300000) (1024K)]
  0x000002830ff1a1b0 JavaThread "Connection worker"                 [_thread_blocked, id=22100, stack(0x0000009016200000,0x0000009016300000) (1024K)]
  0x000002830ff20420 JavaThread "pool-313-thread-1"                 [_thread_blocked, id=18720, stack(0x000000901ae00000,0x000000901af00000) (1024K)]
  0x000002830ff27a40 JavaThread "Timer-312"                         [_thread_blocked, id=39408, stack(0x000000901b100000,0x000000901b200000) (1024K)]
  0x000002830ff29b10 JavaThread "Timer-313"                         [_thread_blocked, id=22652, stack(0x000000901b300000,0x000000901b400000) (1024K)]
  0x000002830ff2d620 JavaThread "Worker-3004: Initialize workspace"        [_thread_blocked, id=50364, stack(0x000000901b200000,0x000000901b300000) (1024K)]
  0x000002830ff2e9d0 JavaThread "Timer-314"                         [_thread_blocked, id=14848, stack(0x000000901b800000,0x000000901b900000) (1024K)]
  0x000002830ff35ff0 JavaThread "Timer-315"                         [_thread_blocked, id=51608, stack(0x000000901ba00000,0x000000901bb00000) (1024K)]
  0x000002830fef40f0 JavaThread "Timer-316"                         [_thread_blocked, id=19804, stack(0x000000901bf00000,0x000000901c000000) (1024K)]
  0x000002830fed82b0 JavaThread "Worker-3036: Initialize workspace"        [_thread_blocked, id=50812, stack(0x0000009007f00000,0x0000009008000000) (1024K)]
  0x000002830fedf8d0 JavaThread "Timer-317"                         [_thread_blocked, id=29272, stack(0x000000901bb00000,0x000000901bc00000) (1024K)]
  0x000002830fedaa10 JavaThread "Worker-3046: Initialize workspace"        [_thread_blocked, id=31160, stack(0x000000900b200000,0x000000900b300000) (1024K)]
  0x000002830fee2d50 JavaThread "Timer-318"                         [_thread_blocked, id=8528, stack(0x000000901c300000,0x000000901c400000) (1024K)]
  0x000002830feea370 JavaThread "Timer-319"                         [_thread_blocked, id=52968, stack(0x000000901c600000,0x000000901c700000) (1024K)]
  0x000002830fef05e0 JavaThread "Timer-320"                         [_thread_blocked, id=5652, stack(0x000000900e500000,0x000000900e600000) (1024K)]
  0x000002831069b2d0 JavaThread "Timer-321"                         [_thread_blocked, id=8216, stack(0x000000901cd00000,0x000000901ce00000) (1024K)]
  0x0000028310699890 JavaThread "Worker-3084: Initialize workspace"        [_thread_blocked, id=47960, stack(0x000000901cc00000,0x000000901cd00000) (1024K)]
  0x00000283106a1bd0 JavaThread "Timer-322"                         [_thread_blocked, id=34892, stack(0x000000901cf00000,0x000000901d000000) (1024K)]
  0x00000283106a0190 JavaThread "Worker-3095: Initialize workspace"        [_thread_blocked, id=9480, stack(0x000000901ce00000,0x000000901cf00000) (1024K)]
  0x00000283128b1bb0 JavaThread "Timer-323"                         [_thread_blocked, id=17936, stack(0x000000901d100000,0x000000901d200000) (1024K)]
  0x00000283128eb900 JavaThread "Connection worker"                 [_thread_blocked, id=54720, stack(0x0000009007c00000,0x0000009007d00000) (1024K)]
  0x00000283128cb290 JavaThread "Timer-324"                         [_thread_blocked, id=8228, stack(0x000000901d500000,0x000000901d600000) (1024K)]
  0x00000283128c1ba0 JavaThread "Timer-325"                         [_thread_blocked, id=28272, stack(0x000000901d600000,0x000000901d700000) (1024K)]
  0x00000283128c56b0 JavaThread "Connection worker"                 [_thread_in_native, id=11212, stack(0x000000901ac00000,0x000000901ad00000) (1024K)]
  0x00000283128b9860 JavaThread "Timer-326"                         [_thread_blocked, id=54668, stack(0x000000901d800000,0x000000901d900000) (1024K)]
  0x000002830f63d230 JavaThread "Worker-3133: Initialize workspace"        [_thread_blocked, id=11920, stack(0x0000009003200000,0x0000009003300000) (1024K)]
  0x000002830f6541b0 JavaThread "Timer-327"                         [_thread_blocked, id=44696, stack(0x000000901da00000,0x000000901db00000) (1024K)]
  0x000002830f648360 JavaThread "Worker-3143: Initialize workspace"        [_thread_blocked, id=14404, stack(0x000000901d900000,0x000000901da00000) (1024K)]
  0x00000283128e9ec0 JavaThread "Timer-328"                         [_thread_blocked, id=35968, stack(0x0000009000c00000,0x0000009000d00000) (1024K)]
  0x000002830ff35960 JavaThread "Timer-329"                         [_thread_blocked, id=23280, stack(0x000000901e000000,0x000000901e100000) (1024K)]
  0x00000283128e14f0 JavaThread "Timer-330"                         [_thread_blocked, id=15272, stack(0x000000901e200000,0x000000901e300000) (1024K)]
  0x00000283106a2f80 JavaThread "Timer-331"                         [_thread_blocked, id=22728, stack(0x000000901e400000,0x000000901e500000) (1024K)]
  0x000002830fed8940 JavaThread "Timer-332"                         [_thread_blocked, id=48564, stack(0x000000901e500000,0x000000901e600000) (1024K)]
  0x00000272664f1d60 JavaThread "Timer-333"                         [_thread_blocked, id=15292, stack(0x000000901ec00000,0x000000901ed00000) (1024K)]
  0x00000283106a3610 JavaThread "Timer-334"                         [_thread_blocked, id=27840, stack(0x000000901f400000,0x000000901f500000) (1024K)]
  0x00000283128dd350 JavaThread "Timer-335"                         [_thread_blocked, id=25616, stack(0x000000901f100000,0x000000901f200000) (1024K)]
  0x000002830ff238a0 JavaThread "Worker-3230: Initialize workspace"        [_thread_blocked, id=55084, stack(0x0000009017200000,0x0000009017300000) (1024K)]
  0x0000027265e77ee0 JavaThread "Timer-336"                         [_thread_blocked, id=43136, stack(0x000000901f900000,0x000000901fa00000) (1024K)]
  0x000002830fedf240 JavaThread "Worker-3239: Initialize workspace"        [_thread_blocked, id=42372, stack(0x000000901dd00000,0x000000901de00000) (1024K)]
  0x000002830f63ec70 JavaThread "Timer-337"                         [_thread_in_vm, id=41404, stack(0x0000009002700000,0x0000009002800000) (1024K)]
  0x000002830f63f990 JavaThread "Worker-3252: Initialize workspace"        [_thread_blocked, id=28632, stack(0x0000009000e00000,0x0000009000f00000) (1024K)]
  0x000002726655ce40 JavaThread "Timer-338"                         [_thread_blocked, id=7612, stack(0x000000901e100000,0x000000901e200000) (1024K)]
  0x00000283128e8b10 JavaThread "Timer-339"                         [_thread_blocked, id=16172, stack(0x000000901fa00000,0x000000901fb00000) (1024K)]
  0x000002830fef26b0 JavaThread "Worker-3274: Initialize workspace"        [_thread_blocked, id=42248, stack(0x0000009005100000,0x0000009005200000) (1024K)]
  0x00000283058c2400 JavaThread "Timer-340"                         [_thread_blocked, id=34560, stack(0x000000901fc00000,0x000000901fd00000) (1024K)]
  0x00000283128b35f0 JavaThread "Worker-3289: Initialize workspace"        [_thread_blocked, id=30012, stack(0x000000901f000000,0x000000901f100000) (1024K)]
  0x00000282fb3e1b30 JavaThread "Timer-341"                         [_thread_blocked, id=33656, stack(0x000000901fe00000,0x000000901ff00000) (1024K)]
  0x0000027265f7a9f0 JavaThread "Timer-342"                         [_thread_blocked, id=31408, stack(0x000000901c900000,0x000000901ca00000) (1024K)]
  0x00000283128d2220 JavaThread "Timer-343"                         [_thread_blocked, id=33912, stack(0x0000009020000000,0x0000009020100000) (1024K)]
  0x000002831069ede0 JavaThread "Worker-3320: Initialize workspace"        [_thread_blocked, id=25396, stack(0x0000009015000000,0x0000009015100000) (1024K)]
  0x00000283128b0170 JavaThread "Worker-3327: Initialize workspace"        [_thread_blocked, id=47656, stack(0x0000009004c00000,0x0000009004d00000) (1024K)]
  0x0000028310698b70 JavaThread "Timer-344"                         [_thread_blocked, id=46236, stack(0x0000009016e00000,0x0000009016f00000) (1024K)]
  0x00000282fcf3b350 JavaThread "Timer-345"                         [_thread_blocked, id=46072, stack(0x0000009009600000,0x0000009009700000) (1024K)]
  0x000002830ff21e60 JavaThread "Connection worker"                 [_thread_blocked, id=9588, stack(0x000000901b900000,0x000000901ba00000) (1024K)]
  0x000002830feeaa00 JavaThread "Timer-346"                         [_thread_blocked, id=44784, stack(0x0000009020400000,0x0000009020500000) (1024K)]
  0x000002830ff33890 JavaThread "Worker-3352: Initialize workspace"        [_thread_blocked, id=44964, stack(0x0000009020300000,0x0000009020400000) (1024K)]
  0x000002830602b4a0 JavaThread "Timer-347"                         [_thread_blocked, id=21936, stack(0x0000009020800000,0x0000009020900000) (1024K)]
  0x00000282fa8b6a50 JavaThread "Worker-3362: Initialize workspace"        [_thread_blocked, id=5748, stack(0x000000901bd00000,0x000000901be00000) (1024K)]
  0x000002830ff28760 JavaThread "Connection worker"                 [_thread_blocked, id=3916, stack(0x000000900f500000,0x000000900f600000) (1024K)]
  0x00000283128b5d50 JavaThread "pool-349-thread-1"                 [_thread_blocked, id=55096, stack(0x0000009010e00000,0x0000009010f00000) (1024K)]
  0x00000282fbc3e840 JavaThread "Timer-348"                         [_thread_blocked, id=37432, stack(0x0000009020700000,0x0000009020800000) (1024K)]
  0x00000282fbc492e0 JavaThread "Worker-3372: Initialize workspace"        [_thread_blocked, id=23884, stack(0x0000009020900000,0x0000009020a00000) (1024K)]
  0x00000282fcf43d20 JavaThread "Timer-349"                         [_thread_blocked, id=18032, stack(0x0000009020c00000,0x0000009020d00000) (1024K)]
  0x0000028315d320f0 JavaThread "Timer-350"                         [_thread_blocked, id=15664, stack(0x0000009001000000,0x0000009001100000) (1024K)]
  0x0000028315d35c00 JavaThread "Timer-351"                         [_thread_blocked, id=3652, stack(0x0000009020a00000,0x0000009020b00000) (1024K)]
  0x0000028315d341c0 JavaThread "Timer-352"                         [_thread_blocked, id=7124, stack(0x0000009020e00000,0x0000009020f00000) (1024K)]
  0x0000028315d3a430 JavaThread "Timer-353"                         [_thread_blocked, id=29964, stack(0x0000009021200000,0x0000009021300000) (1024K)]
  0x0000028315d39080 JavaThread "Timer-354"                         [_thread_blocked, id=36144, stack(0x0000009009400000,0x0000009009500000) (1024K)]
  0x0000028315d37640 JavaThread "Worker-3432: Initialize workspace"        [_thread_blocked, id=30788, stack(0x0000009021400000,0x0000009021500000) (1024K)]
  0x0000028315d39710 JavaThread "Timer-355"                         [_thread_blocked, id=2628, stack(0x0000009021600000,0x0000009021700000) (1024K)]
  0x0000028315d3b150 JavaThread "Connection worker"                 [_thread_in_native, id=18380, stack(0x0000009021500000,0x0000009021600000) (1024K)]
  0x0000028315d3aac0 JavaThread "pool-357-thread-1"                 [_thread_blocked, id=22980, stack(0x0000009021300000,0x0000009021400000) (1024K)]
  0x0000028315d3c500 JavaThread "Connection worker"                 [_thread_in_native, id=19616, stack(0x000000900c600000,0x000000900c700000) (1024K)]
  0x0000028315d3cb90 JavaThread "Timer-356"                         [_thread_blocked, id=18620, stack(0x0000009021800000,0x0000009021900000) (1024K)]
  0x0000028315d39da0 JavaThread "Worker-3457: Initialize workspace"        [_thread_blocked, id=43588, stack(0x0000009021700000,0x0000009021800000) (1024K)]
  0x0000028315d3df40 JavaThread "Timer-357"                         [_thread_blocked, id=21776, stack(0x0000009021a00000,0x0000009021b00000) (1024K)]
  0x0000028315d3b7e0 JavaThread "Worker-3466: Initialize workspace"        [_thread_blocked, id=55992, stack(0x0000009021900000,0x0000009021a00000) (1024K)]
  0x0000028315d406a0 JavaThread "Connection worker"                 [_thread_blocked, id=12988, stack(0x0000009004e00000,0x0000009004f00000) (1024K)]
  0x0000028315d3d8b0 JavaThread "pool-359-thread-1"                 [_thread_blocked, id=36316, stack(0x0000009005000000,0x0000009005100000) (1024K)]
  0x0000028315d3f980 JavaThread "Timer-358"                         [_thread_blocked, id=49524, stack(0x000000900ef00000,0x000000900f000000) (1024K)]
  0x0000028315d420e0 JavaThread "Connection worker"                 [_thread_in_native, id=25344, stack(0x000000901ef00000,0x000000901f000000) (1024K)]
  0x0000028315d41a50 JavaThread "pool-360-thread-1"                 [_thread_blocked, id=16328, stack(0x0000009021b00000,0x0000009021c00000) (1024K)]
  0x0000028315d42e00 JavaThread "Connection worker"                 [_thread_blocked, id=37980, stack(0x0000009012200000,0x0000009012300000) (1024K)]
  0x0000028315d43490 JavaThread "Timer-359"                         [_thread_blocked, id=25724, stack(0x0000009016300000,0x0000009016400000) (1024K)]
  0x0000028315d40010 JavaThread "Worker-3487: Initialize workspace"        [_thread_blocked, id=56856, stack(0x0000009021c00000,0x0000009021d00000) (1024K)]
  0x0000028315d44ed0 JavaThread "Timer-360"                         [_thread_blocked, id=28012, stack(0x0000009021f00000,0x0000009022000000) (1024K)]
  0x0000028315d43b20 JavaThread "Connection worker"                 [_thread_blocked, id=17256, stack(0x0000009021d00000,0x0000009021e00000) (1024K)]
  0x0000028315d441b0 JavaThread "pool-362-thread-1"                 [_thread_blocked, id=16152, stack(0x0000009022000000,0x0000009022100000) (1024K)]
  0x0000028315d46280 JavaThread "Timer-361"                         [_thread_blocked, id=43292, stack(0x0000009022400000,0x0000009022500000) (1024K)]
  0x0000028315d44840 JavaThread "Timer-362"                         [_thread_blocked, id=10092, stack(0x0000009022700000,0x0000009022800000) (1024K)]
  0x0000028315d4be60 JavaThread "Timer-363"                         [_thread_blocked, id=29064, stack(0x0000009022a00000,0x0000009022b00000) (1024K)]
  0x0000028315d4c4f0 JavaThread "Worker-3530: Initialize workspace"        [_thread_blocked, id=47712, stack(0x0000009022800000,0x0000009022900000) (1024K)]
  0x0000028315d489e0 JavaThread "Timer-364"                         [_thread_blocked, id=26248, stack(0x0000009022d00000,0x0000009022e00000) (1024K)]
  0x0000028315d4b140 JavaThread "Worker-3543: Initialize workspace"        [_thread_blocked, id=36408, stack(0x0000009006900000,0x0000009006a00000) (1024K)]
  0x0000028315d4cb80 JavaThread "Connection worker"                 [_thread_blocked, id=28408, stack(0x0000009018200000,0x0000009018300000) (1024K)]
  0x0000028315d4aab0 JavaThread "Timer-365"                         [_thread_blocked, id=13800, stack(0x0000009023000000,0x0000009023100000) (1024K)]
  0x0000028315d4a420 JavaThread "Worker-3557: Initialize workspace"        [_thread_blocked, id=40776, stack(0x0000009022f00000,0x0000009023000000) (1024K)]
  0x0000028315d50d20 JavaThread "Connection worker"                 [_thread_blocked, id=49952, stack(0x0000009010900000,0x0000009010a00000) (1024K)]
  0x0000028315d4f2e0 JavaThread "pool-367-thread-1"                 [_thread_blocked, id=48428, stack(0x0000009022e00000,0x0000009022f00000) (1024K)]
  0x0000028315d50000 JavaThread "Timer-366"                         [_thread_blocked, id=51284, stack(0x0000009023200000,0x0000009023300000) (1024K)]
  0x0000028315d4f970 JavaThread "Worker-3568: Initialize workspace"        [_thread_blocked, id=5408, stack(0x0000009023300000,0x0000009023400000) (1024K)]
  0x0000028315d4df30 JavaThread "Timer-367"                         [_thread_blocked, id=37236, stack(0x0000009023500000,0x0000009023600000) (1024K)]
  0x0000028315d4d8a0 JavaThread "Worker-3579: Initialize workspace"        [_thread_blocked, id=19672, stack(0x0000009023100000,0x0000009023200000) (1024K)]
  0x0000028315d36fb0 JavaThread "Timer-368"                         [_thread_blocked, id=18560, stack(0x000000900fa00000,0x000000900fb00000) (1024K)]
  0x0000028315d520d0 JavaThread "Worker-3589: Initialize workspace"        [_thread_blocked, id=20316, stack(0x0000009023400000,0x0000009023500000) (1024K)]
  0x0000028315d52df0 JavaThread "Timer-369"                         [_thread_blocked, id=30208, stack(0x0000009023c00000,0x0000009023d00000) (1024K)]
  0x0000028315d541a0 JavaThread "Connection worker"                 [_thread_blocked, id=41072, stack(0x0000009023e00000,0x0000009023f00000) (1024K)]
  0x0000028315d54ec0 JavaThread "Timer-370"                         [_thread_blocked, id=25068, stack(0x0000009023f00000,0x0000009024000000) (1024K)]
  0x0000028315d513b0 JavaThread "Worker-3612: Initialize workspace"        [_thread_blocked, id=9912, stack(0x0000009001400000,0x0000009001500000) (1024K)]
  0x0000028315d56f90 JavaThread "Timer-371"                         [_thread_blocked, id=41412, stack(0x0000009024300000,0x0000009024400000) (1024K)]
  0x0000028315d59060 JavaThread "Timer-372"                         [_thread_blocked, id=56568, stack(0x0000009024400000,0x0000009024500000) (1024K)]
  0x0000028315d596f0 JavaThread "Worker-3634: Initialize workspace"        [_thread_blocked, id=14716, stack(0x0000009024200000,0x0000009024300000) (1024K)]
  0x0000028315d5d200 JavaThread "Timer-373"                         [_thread_blocked, id=30476, stack(0x0000009024800000,0x0000009024900000) (1024K)]
  0x0000028315d56270 JavaThread "Worker-3645: Initialize workspace"        [_thread_blocked, id=24104, stack(0x0000009024500000,0x0000009024600000) (1024K)]
  0x0000028315d5c4e0 JavaThread "Timer-374"                         [_thread_blocked, id=46776, stack(0x000000900c700000,0x000000900c800000) (1024K)]
  0x0000028315d5ec40 JavaThread "Timer-375"                         [_thread_blocked, id=48828, stack(0x0000009024f00000,0x0000009025000000) (1024K)]
  0x0000028315d5e5b0 JavaThread "Worker-3669: Initialize workspace"        [_thread_blocked, id=14132, stack(0x0000009024d00000,0x0000009024e00000) (1024K)]
  0x0000028315d60d10 JavaThread "Timer-376"                         [_thread_blocked, id=17368, stack(0x0000009025000000,0x0000009025100000) (1024K)]
  0x0000028315d49d90 JavaThread "Worker-3681: Initialize workspace"        [_thread_blocked, id=44068, stack(0x0000009003100000,0x0000009003200000) (1024K)]
  0x0000028315d61a30 JavaThread "Connection worker"                 [_thread_in_native, id=51364, stack(0x0000009016900000,0x0000009016a00000) (1024K)]
  0x0000028315d5b130 JavaThread "pool-378-thread-1"                 [_thread_blocked, id=47944, stack(0x0000009014c00000,0x0000009014d00000) (1024K)]
  0x0000028315d60680 JavaThread "Timer-377"                         [_thread_blocked, id=33056, stack(0x0000009025300000,0x0000009025400000) (1024K)]
  0x0000028315d62750 JavaThread "Connection worker"                 [_thread_blocked, id=48168, stack(0x000000900a600000,0x000000900a700000) (1024K)]
  0x0000028315d613a0 JavaThread "Connection worker"                 [_thread_blocked, id=27940, stack(0x0000009025400000,0x0000009025500000) (1024K)]
  0x0000028315d64eb0 JavaThread "pool-379-thread-1"                 [_thread_blocked, id=8892, stack(0x0000009025600000,0x0000009025700000) (1024K)]
  0x0000028315d65bd0 JavaThread "Connection worker"                 [_thread_blocked, id=6508, stack(0x0000009015e00000,0x0000009015f00000) (1024K)]
  0x0000028315d65540 JavaThread "Timer-378"                         [_thread_blocked, id=53784, stack(0x0000009017400000,0x0000009017500000) (1024K)]
  0x0000028315d668f0 JavaThread "Timer-379"                         [_thread_blocked, id=8388, stack(0x0000009025a00000,0x0000009025b00000) (1024K)]
  0x0000028315d62de0 JavaThread "Worker-3714: Initialize workspace"        [_thread_blocked, id=40524, stack(0x0000009025700000,0x0000009025800000) (1024K)]
  0x0000028315d69d70 JavaThread "Timer-380"                         [_thread_blocked, id=33184, stack(0x0000009025d00000,0x0000009025e00000) (1024K)]
  0x0000028315d67ca0 JavaThread "Worker-3725: Initialize workspace"        [_thread_blocked, id=12356, stack(0x0000009025b00000,0x0000009025c00000) (1024K)]
  0x0000028315d67610 JavaThread "Timer-381"                         [_thread_blocked, id=11624, stack(0x0000009026000000,0x0000009026100000) (1024K)]
  0x0000028315d30020 JavaThread "Connection worker"                 [_thread_blocked, id=52244, stack(0x0000009009300000,0x0000009009400000) (1024K)]
  0x0000028315d6aa90 JavaThread "Timer-382"                         [_thread_blocked, id=1620, stack(0x0000009008a00000,0x0000009008b00000) (1024K)]
  0x0000028315d6be40 JavaThread "Connection worker"                 [_thread_in_native, id=25108, stack(0x0000009026100000,0x0000009026200000) (1024K)]
  0x0000028315d6cb60 JavaThread "pool-383-thread-1"                 [_thread_blocked, id=36520, stack(0x0000009026300000,0x0000009026400000) (1024K)]
  0x0000028315d696e0 JavaThread "Worker-3745: Initialize workspace"        [_thread_blocked, id=50948, stack(0x0000009026400000,0x0000009026500000) (1024K)]
  0x0000028315d6c4d0 JavaThread "Timer-383"                         [_thread_blocked, id=11524, stack(0x0000009026200000,0x0000009026300000) (1024K)]
  0x0000028315d6b7b0 JavaThread "Worker-3757: Initialize workspace"        [_thread_blocked, id=48224, stack(0x0000009016d00000,0x0000009016e00000) (1024K)]
  0x0000028315d306b0 JavaThread "Timer-384"                         [_thread_blocked, id=51868, stack(0x0000009026600000,0x0000009026700000) (1024K)]
  0x0000028315d48350 JavaThread "Connection worker"                 [_thread_blocked, id=26552, stack(0x0000009026700000,0x0000009026800000) (1024K)]
  0x0000028315d58340 JavaThread "pool-386-thread-1"                 [_thread_blocked, id=43692, stack(0x0000009026800000,0x0000009026900000) (1024K)]
  0x0000028315d56900 JavaThread "Timer-385"                         [_thread_blocked, id=27780, stack(0x0000009025f00000,0x0000009026000000) (1024K)]
  0x00000283128cb920 JavaThread "Timer-386"                         [_thread_blocked, id=24940, stack(0x0000009007900000,0x0000009007a00000) (1024K)]
  0x00000283128d3c60 JavaThread "Timer-387"                         [_thread_blocked, id=44008, stack(0x0000009026d00000,0x0000009026e00000) (1024K)]
  0x00000283128d2f40 JavaThread "Connection worker"                 [_thread_blocked, id=3720, stack(0x0000009001c00000,0x0000009001d00000) (1024K)]
  0x00000283128e2f30 JavaThread "Timer-388"                         [_thread_blocked, id=33824, stack(0x0000009027200000,0x0000009027300000) (1024K)]
  0x00000283128e35c0 JavaThread "Worker-3813: Initialize workspace"        [_thread_blocked, id=57888, stack(0x0000009011400000,0x0000009011500000) (1024K)]
  0x00000283128ea550 JavaThread "Timer-389"                         [_thread_blocked, id=34828, stack(0x0000009027300000,0x0000009027400000) (1024K)]
  0x00000283128b3c80 JavaThread "Timer-390"                         [_thread_blocked, id=55908, stack(0x0000009027500000,0x0000009027600000) (1024K)]
  0x00000283128b2240 JavaThread "Worker-3840: Initialize workspace"        [_thread_blocked, id=13624, stack(0x000000901e900000,0x000000901ea00000) (1024K)]
  0x00000283128bbfc0 JavaThread "Timer-391"                         [_thread_blocked, id=32320, stack(0x0000009027800000,0x0000009027900000) (1024K)]
  0x00000283128bc650 JavaThread "Connection worker"                 [_thread_blocked, id=42464, stack(0x0000009027700000,0x0000009027800000) (1024K)]
  0x00000283128e4970 JavaThread "pool-393-thread-1"                 [_thread_blocked, id=54704, stack(0x0000009027b00000,0x0000009027c00000) (1024K)]
  0x000002830ff20ab0 JavaThread "Timer-392"                         [_thread_blocked, id=36584, stack(0x0000009027a00000,0x0000009027b00000) (1024K)]
  0x000002830ff19b20 JavaThread "Worker-3858: Initialize workspace"        [_thread_blocked, id=44424, stack(0x0000009027900000,0x0000009027a00000) (1024K)]
  0x000002830ff2f6f0 JavaThread "Timer-393"                         [_thread_blocked, id=39556, stack(0x0000009026e00000,0x0000009026f00000) (1024K)]
  0x000002830ff2c900 JavaThread "Connection worker"                 [_thread_blocked, id=47204, stack(0x000000901a200000,0x000000901a300000) (1024K)]
  0x000002830ff2c270 JavaThread "pool-395-thread-1"                 [_thread_blocked, id=43972, stack(0x000000900f200000,0x000000900f300000) (1024K)]
  0x000002830fedcae0 JavaThread "Timer-394"                         [_thread_blocked, id=14868, stack(0x0000009026c00000,0x0000009026d00000) (1024K)]
  0x000002830fee3a70 JavaThread "Timer-395"                         [_thread_blocked, id=46176, stack(0x0000009028000000,0x0000009028100000) (1024K)]
  0x000002830fee54b0 JavaThread "Timer-396"                         [_thread_blocked, id=42928, stack(0x0000009006b00000,0x0000009006c00000) (1024K)]
  0x000002830f643b30 JavaThread "Timer-397"                         [_thread_blocked, id=46292, stack(0x000000901af00000,0x000000901b000000) (1024K)]
  0x000002830f645570 JavaThread "Worker-3914: Initialize workspace"        [_thread_blocked, id=6564, stack(0x0000009028300000,0x0000009028400000) (1024K)]
  0x000002830f64d220 JavaThread "Timer-398"                         [_thread_blocked, id=27768, stack(0x0000009028800000,0x0000009028900000) (1024K)]
  0x000002830f64b150 JavaThread "Worker-3926: Initialize workspace"        [_thread_blocked, id=41656, stack(0x0000009004200000,0x0000009004300000) (1024K)]
  0x0000028315d2e5e0 JavaThread "Timer-399"                         [_thread_blocked, id=5520, stack(0x0000009028c00000,0x0000009028d00000) (1024K)]
  0x00000283128ae0a0 JavaThread "Timer-400"                         [_thread_blocked, id=37144, stack(0x000000901e600000,0x000000901e700000) (1024K)]
  0x00000283128dd9e0 JavaThread "Timer-401"                         [_thread_blocked, id=30916, stack(0x0000009029000000,0x0000009029100000) (1024K)]
  0x00000272664d7ff0 JavaThread "Worker-3962: Initialize workspace"        [_thread_blocked, id=3352, stack(0x0000009028600000,0x0000009028700000) (1024K)]
  0x000002830f6434a0 JavaThread "Timer-402"                         [_thread_blocked, id=34876, stack(0x0000009029200000,0x0000009029300000) (1024K)]
  0x00000283128dabf0 JavaThread "Timer-403"                         [_thread_blocked, id=24132, stack(0x0000009029500000,0x0000009029600000) (1024K)]
  0x00000283128c5020 JavaThread "Timer-404"                         [_thread_blocked, id=30976, stack(0x0000009029900000,0x0000009029a00000) (1024K)]
  0x00000282fbcbd2f0 JavaThread "Worker-3996: Initialize workspace"        [_thread_blocked, id=45120, stack(0x0000009017000000,0x0000009017100000) (1024K)]
  0x00000283128c2f50 JavaThread "Timer-405"                         [_thread_blocked, id=40416, stack(0x0000009029700000,0x0000009029800000) (1024K)]
  0x00000283128ceda0 JavaThread "Worker-4007: Initialize workspace"        [_thread_blocked, id=12412, stack(0x000000900ce00000,0x000000900cf00000) (1024K)]
  0x000002830f651a50 JavaThread "Timer-406"                         [_thread_blocked, id=37684, stack(0x0000009029d00000,0x0000009029e00000) (1024K)]
  0x0000027265e771c0 JavaThread "Connection worker"                 [_thread_blocked, id=34228, stack(0x0000009005300000,0x0000009005400000) (1024K)]
  0x000002830feebdb0 JavaThread "pool-408-thread-1"                 [_thread_blocked, id=8900, stack(0x0000009029e00000,0x0000009029f00000) (1024K)]
  0x000002830fedff60 JavaThread "Timer-407"                         [_thread_blocked, id=16300, stack(0x0000009029c00000,0x0000009029d00000) (1024K)]
  0x0000027265e7b9f0 JavaThread "Timer-408"                         [_thread_blocked, id=13132, stack(0x000000902a100000,0x000000902a200000) (1024K)]
  0x000002830f642780 JavaThread "Timer-409"                         [_thread_blocked, id=45856, stack(0x000000902a600000,0x000000902a700000) (1024K)]
  0x000002830f640020 JavaThread "Connection worker"                 [_thread_blocked, id=39380, stack(0x000000901a800000,0x000000901a900000) (1024K)]
  0x000002830f656910 JavaThread "Worker-4050: Initialize workspace"        [_thread_blocked, id=35080, stack(0x000000901f800000,0x000000901f900000) (1024K)]
  0x0000028315d64820 JavaThread "Timer-410"                         [_thread_blocked, id=6512, stack(0x000000902a800000,0x000000902a900000) (1024K)]
  0x00000282fbc429e0 JavaThread "Worker-4062: Initialize workspace"        [_thread_blocked, id=32356, stack(0x0000009025200000,0x0000009025300000) (1024K)]
  0x00000282fbcc21b0 JavaThread "Timer-411"                         [_thread_blocked, id=35712, stack(0x000000902ac00000,0x000000902ad00000) (1024K)]
  0x00000283106a0eb0 JavaThread "Timer-412"                         [_thread_blocked, id=19272, stack(0x000000902ae00000,0x000000902af00000) (1024K)]
  0x00000283058bf610 JavaThread "Worker-4085: Initialize workspace"        [_thread_blocked, id=32540, stack(0x000000902ad00000,0x000000902ae00000) (1024K)]
  0x00000282fc06eaa0 JavaThread "Timer-413"                         [_thread_blocked, id=29580, stack(0x000000902af00000,0x000000902b000000) (1024K)]
  0x00000283128ce080 JavaThread "Timer-414"                         [_thread_blocked, id=41076, stack(0x000000901b700000,0x000000901b800000) (1024K)]
  0x000002830fed6f00 JavaThread "Connection worker"                 [_thread_blocked, id=21404, stack(0x000000900cf00000,0x000000900d000000) (1024K)]
  0x00000283128ce710 JavaThread "pool-415-thread-1"                 [_thread_blocked, id=25480, stack(0x000000901d300000,0x000000901d400000) (1024K)]
  0x0000028315d47cc0 JavaThread "Connection worker"                 [_thread_blocked, id=49248, stack(0x0000009000400000,0x0000009000500000) (1024K)]
  0x0000028315d5a410 JavaThread "Timer-415"                         [_thread_blocked, id=10156, stack(0x000000900f900000,0x000000900fa00000) (1024K)]
  0x00000272664d72d0 JavaThread "Connection worker"                 [_thread_in_native, id=4848, stack(0x0000009001900000,0x0000009001a00000) (1024K)]
  0x00000283128cfac0 JavaThread "Timer-416"                         [_thread_blocked, id=42392, stack(0x000000901b400000,0x000000901b500000) (1024K)]
  0x00000283128e0e60 JavaThread "Worker-4129: Initialize workspace"        [_thread_blocked, id=34416, stack(0x000000901d400000,0x000000901d500000) (1024K)]
  0x000002830ff1e350 JavaThread "Timer-417"                         [_thread_blocked, id=680, stack(0x000000901eb00000,0x000000901ec00000) (1024K)]
  0x000002830f645c00 JavaThread "Timer-418"                         [_thread_blocked, id=12936, stack(0x0000009022200000,0x0000009022300000) (1024K)]
  0x0000028315d55550 JavaThread "Worker-4155: Initialize workspace"        [_thread_blocked, id=36736, stack(0x0000009021e00000,0x0000009021f00000) (1024K)]
  0x00000283128d9ed0 JavaThread "Timer-419"                         [_thread_blocked, id=54540, stack(0x000000900cc00000,0x000000900cd00000) (1024K)]
  0x000002830f646fb0 JavaThread "Worker-4166: Initialize workspace"        [_thread_blocked, id=3248, stack(0x0000009022600000,0x0000009022700000) (1024K)]
  0x000002830ff2a1a0 JavaThread "Connection worker"                 [_thread_blocked, id=30620, stack(0x000000900cb00000,0x000000900cc00000) (1024K)]
  0x000002830ff280d0 JavaThread "pool-421-thread-1"                 [_thread_blocked, id=2448, stack(0x0000009022500000,0x0000009022600000) (1024K)]
  0x0000028310694340 JavaThread "Timer-420"                         [_thread_blocked, id=53368, stack(0x0000009023a00000,0x0000009023b00000) (1024K)]
  0x00000283128c91c0 JavaThread "Connection worker"                 [_thread_blocked, id=50976, stack(0x0000009010b00000,0x0000009010c00000) (1024K)]
  0x00000283128bf440 JavaThread "pool-422-thread-1"                 [_thread_blocked, id=9148, stack(0x0000009024c00000,0x0000009024d00000) (1024K)]
  0x00000282fbc47210 JavaThread "Timer-421"                         [_thread_blocked, id=46972, stack(0x0000009026f00000,0x0000009027000000) (1024K)]
  0x00000272664ec180 JavaThread "Worker-4188: Initialize workspace"        [_thread_blocked, id=53724, stack(0x0000009013300000,0x0000009013400000) (1024K)]
  0x00000283106949d0 JavaThread "Connection worker"                 [_thread_blocked, id=50636, stack(0x000000900a500000,0x000000900a600000) (1024K)]
  0x000002831069f470 JavaThread "Timer-422"                         [_thread_blocked, id=19112, stack(0x000000900ea00000,0x000000900eb00000) (1024K)]
  0x000002830fee4790 JavaThread "Worker-4204: Initialize workspace"        [_thread_blocked, id=37244, stack(0x0000009008400000,0x0000009008500000) (1024K)]
  0x000002830ff1e9e0 JavaThread "Timer-423"                         [_thread_blocked, id=51644, stack(0x0000009027600000,0x0000009027700000) (1024K)]
  0x00000282fbc41630 JavaThread "Worker-4211: Initialize workspace"        [_thread_blocked, id=57328, stack(0x0000009027000000,0x0000009027100000) (1024K)]
  0x00000282fb3e4920 JavaThread "Timer-424"                         [_thread_blocked, id=50596, stack(0x0000009028500000,0x0000009028600000) (1024K)]
  0x00000283128e0140 JavaThread "Connection worker"                 [_thread_blocked, id=19964, stack(0x0000009029100000,0x0000009029200000) (1024K)]
  0x000002830fef2d40 JavaThread "pool-426-thread-1"                 [_thread_blocked, id=38052, stack(0x0000009028200000,0x0000009028300000) (1024K)]
  0x0000028315d69050 JavaThread "Timer-425"                         [_thread_blocked, id=37852, stack(0x0000009029f00000,0x000000902a000000) (1024K)]
  0x00000282fcf3c700 JavaThread "Worker-4231: Initialize workspace"        [_thread_blocked, id=41132, stack(0x0000009029b00000,0x0000009029c00000) (1024K)]
  0x0000027265e70f50 JavaThread "Timer-426"                         [_thread_blocked, id=10832, stack(0x000000902b100000,0x000000902b200000) (1024K)]
  0x00000272664e1d70 JavaThread "Timer-427"                         [_thread_blocked, id=41860, stack(0x000000902a300000,0x000000902a400000) (1024K)]
  0x000002830fed7590 JavaThread "Worker-4253: Initialize workspace"        [_thread_blocked, id=28132, stack(0x0000009007a00000,0x0000009007b00000) (1024K)]
  0x00000282fbcc00e0 JavaThread "Timer-428"                         [_thread_blocked, id=14476, stack(0x000000902b000000,0x000000902b100000) (1024K)]
  0x000002830fee33e0 JavaThread "Worker-4263: Initialize workspace"        [_thread_blocked, id=49832, stack(0x0000009024a00000,0x0000009024b00000) (1024K)]
  0x0000028315d5d890 JavaThread "Connection worker"                 [_thread_blocked, id=24612, stack(0x000000902a400000,0x000000902a500000) (1024K)]
  0x0000028315d413c0 JavaThread "pool-430-thread-1"                 [_thread_blocked, id=19868, stack(0x0000009019600000,0x0000009019700000) (1024K)]
  0x000002830fedebb0 JavaThread "Timer-429"                         [_thread_blocked, id=54432, stack(0x000000902b200000,0x000000902b300000) (1024K)]
  0x00000282fbc46b80 JavaThread "Worker-4274: Initialize workspace"        [_thread_blocked, id=57020, stack(0x0000009027d00000,0x0000009027e00000) (1024K)]
  0x0000028315d47630 JavaThread "Connection worker"                 [_thread_blocked, id=21532, stack(0x000000902b400000,0x000000902b500000) (1024K)]
  0x00000283128ba580 JavaThread "pool-431-thread-1"                 [_thread_blocked, id=4668, stack(0x0000009019300000,0x0000009019400000) (1024K)]
  0x00000282fb3e7080 JavaThread "Timer-430"                         [_thread_blocked, id=49836, stack(0x000000902b700000,0x000000902b800000) (1024K)]
  0x000002830fee6ef0 JavaThread "Timer-431"                         [_thread_blocked, id=17392, stack(0x000000902b800000,0x000000902b900000) (1024K)]
  0x00000272664ee250 JavaThread "Worker-4295: Initialize workspace"        [_thread_blocked, id=2348, stack(0x0000009010800000,0x0000009010900000) (1024K)]
  0x000002831069a5b0 JavaThread "Timer-432"                         [_thread_blocked, id=3376, stack(0x000000901aa00000,0x000000901ab00000) (1024K)]
  0x00000282fb3e2850 JavaThread "Worker-4308: Initialize workspace"        [_thread_blocked, id=14800, stack(0x0000009001600000,0x0000009001700000) (1024K)]
  0x00000282fc171e00 JavaThread "Timer-433"                         [_thread_blocked, id=37764, stack(0x000000902b600000,0x000000902b700000) (1024K)]
  0x0000028318eec3e0 JavaThread "Worker-4320: Initialize workspace"        [_thread_blocked, id=48472, stack(0x0000009027f00000,0x0000009028000000) (1024K)]
  0x0000028318eea310 JavaThread "Timer-434"                         [_thread_blocked, id=48656, stack(0x000000902bd00000,0x000000902be00000) (1024K)]
  0x0000028318eeb030 JavaThread "Worker-4328: Initialize workspace"        [_thread_blocked, id=8008, stack(0x0000009013900000,0x0000009013a00000) (1024K)]
  0x0000028318ee88d0 JavaThread "Connection worker"                 [_thread_in_native, id=55480, stack(0x000000902be00000,0x000000902bf00000) (1024K)]
  0x0000028318ee9c80 JavaThread "pool-436-thread-1"                 [_thread_blocked, id=9708, stack(0x000000902c000000,0x000000902c100000) (1024K)]
  0x0000028318eee4b0 JavaThread "Timer-435"                         [_thread_blocked, id=8648, stack(0x000000902c100000,0x000000902c200000) (1024K)]
  0x0000028318eebd50 JavaThread "Worker-4338: Initialize workspace"        [_thread_blocked, id=3036, stack(0x0000009017300000,0x0000009017400000) (1024K)]
  0x0000028318eeca70 JavaThread "Connection worker"                 [_thread_in_native, id=1668, stack(0x0000009003e00000,0x0000009003f00000) (1024K)]
  0x0000028318ef0580 JavaThread "Timer-436"                         [_thread_blocked, id=50424, stack(0x000000902c200000,0x000000902c300000) (1024K)]
  0x0000028318eed790 JavaThread "Worker-4348: Initialize workspace"        [_thread_blocked, id=43652, stack(0x000000900e900000,0x000000900ea00000) (1024K)]
  0x0000028318ef0c10 JavaThread "Timer-437"                         [_thread_blocked, id=38968, stack(0x000000902c500000,0x000000902c600000) (1024K)]
  0x0000028318ef4720 JavaThread "Connection worker"                 [_thread_blocked, id=31428, stack(0x000000902ab00000,0x000000902ac00000) (1024K)]
  0x0000028318ef1fc0 JavaThread "Timer-438"                         [_thread_blocked, id=49604, stack(0x000000902c800000,0x000000902c900000) (1024K)]
  0x0000028318ef3a00 JavaThread "Worker-4369: Initialize workspace"        [_thread_blocked, id=30912, stack(0x000000902c600000,0x000000902c700000) (1024K)]
  0x0000028318eb6830 JavaThread "Timer-439"                         [_thread_blocked, id=16524, stack(0x000000902c900000,0x000000902ca00000) (1024K)]
  0x0000028318eb5b10 JavaThread "Timer-440"                         [_thread_blocked, id=56044, stack(0x000000902cd00000,0x000000902ce00000) (1024K)]
  0x0000028318eb8f90 JavaThread "Worker-4389: Initialize workspace"        [_thread_blocked, id=38412, stack(0x000000902ca00000,0x000000902cb00000) (1024K)]
  0x0000028318eb8270 JavaThread "Timer-441"                         [_thread_blocked, id=14812, stack(0x000000902d000000,0x000000902d100000) (1024K)]
  0x0000028318eb7550 JavaThread "Worker-4398: Initialize workspace"        [_thread_blocked, id=36596, stack(0x000000902cf00000,0x000000902d000000) (1024K)]
  0x0000028318eb4df0 JavaThread "Connection worker"                 [_thread_blocked, id=56312, stack(0x000000902d100000,0x000000902d200000) (1024K)]
  0x0000028318eb8900 JavaThread "pool-443-thread-1"                 [_thread_blocked, id=41708, stack(0x000000902d200000,0x000000902d300000) (1024K)]
  0x0000028318ebc410 JavaThread "Timer-442"                         [_thread_blocked, id=18160, stack(0x000000902d400000,0x000000902d500000) (1024K)]
  0x0000028318ebd7c0 JavaThread "Timer-443"                         [_thread_blocked, id=36376, stack(0x000000902d800000,0x000000902d900000) (1024K)]
  0x0000028318ebd130 JavaThread "Worker-4419: Initialize workspace"        [_thread_blocked, id=34080, stack(0x0000009005400000,0x0000009005500000) (1024K)]
  0x0000028318ebe4e0 JavaThread "Timer-444"                         [_thread_blocked, id=52016, stack(0x000000902dc00000,0x000000902dd00000) (1024K)]
  0x0000028318eba9d0 JavaThread "Connection worker"                 [_thread_blocked, id=6752, stack(0x0000009007400000,0x0000009007500000) (1024K)]
  0x0000028318ebff20 JavaThread "Worker-4430: Initialize workspace"        [_thread_blocked, id=28680, stack(0x000000900a800000,0x000000900a900000) (1024K)]
  0x0000028318ebde50 JavaThread "Connection worker"                 [_thread_blocked, id=35620, stack(0x000000902db00000,0x000000902dc00000) (1024K)]
  0x0000028318ebf890 JavaThread "pool-446-thread-1"                 [_thread_blocked, id=48908, stack(0x000000902de00000,0x000000902df00000) (1024K)]
  0x0000028318ebeb70 JavaThread "Timer-445"                         [_thread_blocked, id=21484, stack(0x000000902df00000,0x000000902e000000) (1024K)]
  0x0000028318ebb060 JavaThread "Worker-4440: Initialize workspace"        [_thread_blocked, id=35232, stack(0x000000902da00000,0x000000902db00000) (1024K)]
  0x0000028318ec12d0 JavaThread "Connection worker"                 [_thread_blocked, id=56952, stack(0x000000902e000000,0x000000902e100000) (1024K)]
  0x0000028318ec05b0 JavaThread "pool-447-thread-1"                 [_thread_blocked, id=52584, stack(0x000000902dd00000,0x000000902de00000) (1024K)]
  0x0000028318ec1ff0 JavaThread "Timer-446"                         [_thread_blocked, id=13844, stack(0x000000902e500000,0x000000902e600000) (1024K)]
  0x0000028318ec0c40 JavaThread "Worker-4453: Initialize workspace"        [_thread_blocked, id=45956, stack(0x000000902e100000,0x000000902e200000) (1024K)]
  0x0000028318ebf200 JavaThread "Connection worker"                 [_thread_in_native, id=31316, stack(0x000000902e600000,0x000000902e700000) (1024K)]
  0x0000028318ec2680 JavaThread "pool-448-thread-1"                 [_thread_blocked, id=37924, stack(0x0000009000700000,0x0000009000800000) (1024K)]
  0x0000028318ec40c0 JavaThread "Timer-447"                         [_thread_blocked, id=55400, stack(0x000000902e700000,0x000000902e800000) (1024K)]
  0x0000028318ec6eb0 JavaThread "Timer-448"                         [_thread_blocked, id=5084, stack(0x0000009026900000,0x0000009026a00000) (1024K)]
  0x0000028318ec6820 JavaThread "Worker-4470: Initialize workspace"        [_thread_blocked, id=11452, stack(0x000000902e800000,0x000000902e900000) (1024K)]
  0x0000028318ec5b00 JavaThread "Connection worker"                 [_thread_in_native, id=28140, stack(0x0000009008f00000,0x0000009009000000) (1024K)]
  0x0000028318ec8260 JavaThread "Timer-449"                         [_thread_blocked, id=9896, stack(0x000000902ea00000,0x000000902eb00000) (1024K)]
  0x0000028318ec4de0 JavaThread "Connection worker"                 [_thread_blocked, id=41396, stack(0x0000009011900000,0x0000009011a00000) (1024K)]
  0x0000028318ecb6e0 JavaThread "pool-451-thread-1"                 [_thread_blocked, id=17056, stack(0x000000902eb00000,0x000000902ec00000) (1024K)]
  0x0000028318ec88f0 JavaThread "Timer-450"                         [_thread_blocked, id=35548, stack(0x000000902ec00000,0x000000902ed00000) (1024K)]
  0x0000028318eca9c0 JavaThread "Timer-451"                         [_thread_blocked, id=46788, stack(0x000000902ed00000,0x000000902ee00000) (1024K)]
  0x0000028318ecca90 JavaThread "Timer-452"                         [_thread_blocked, id=38892, stack(0x0000009014100000,0x0000009014200000) (1024K)]
  0x0000028318ec9610 JavaThread "Worker-4514: Initialize workspace"        [_thread_blocked, id=20496, stack(0x0000009007300000,0x0000009007400000) (1024K)]
  0x0000028318ecb050 JavaThread "Timer-453"                         [_thread_blocked, id=33044, stack(0x000000902f200000,0x000000902f300000) (1024K)]
  0x0000028318ecf1f0 JavaThread "Worker-4529: Initialize workspace"        [_thread_blocked, id=26256, stack(0x000000902e900000,0x000000902ea00000) (1024K)]
  0x0000028318ed2670 JavaThread "Timer-454"                         [_thread_blocked, id=23764, stack(0x000000902fa00000,0x000000902fb00000) (1024K)]
  0x0000028318ed4740 JavaThread "Worker-4539: Initialize workspace"        [_thread_blocked, id=2108, stack(0x000000902fb00000,0x000000902fc00000) (1024K)]
  0x0000028318ecff10 JavaThread "Connection worker"                 [_thread_blocked, id=48156, stack(0x000000902fe00000,0x000000902ff00000) (1024K)]
  0x0000028318ed40b0 JavaThread "pool-456-thread-1"                 [_thread_blocked, id=2828, stack(0x0000009030300000,0x0000009030400000) (1024K)]
  0x0000028318ed8f70 JavaThread "Timer-455"                         [_thread_blocked, id=42920, stack(0x0000009030800000,0x0000009030900000) (1024K)]
  0x0000028318ed6ea0 JavaThread "Worker-4547: Initialize workspace"        [_thread_blocked, id=40864, stack(0x0000009007d00000,0x0000009007e00000) (1024K)]
  0x0000028318ed7530 JavaThread "Connection worker"                 [_thread_in_native, id=54212, stack(0x0000009004400000,0x0000009004500000) (1024K)]
  0x0000028318ed5af0 JavaThread "pool-457-thread-1"                 [_thread_blocked, id=51632, stack(0x0000009010500000,0x0000009010600000) (1024K)]
  0x0000028318ed7bc0 JavaThread "Timer-456"                         [_thread_blocked, id=42292, stack(0x000000900b900000,0x000000900ba00000) (1024K)]
  0x0000028318ed1950 JavaThread "Connection worker"                 [_thread_blocked, id=10616, stack(0x0000009002a00000,0x0000009002b00000) (1024K)]
  0x0000028318ece4d0 JavaThread "Connection worker"                 [_thread_blocked, id=42148, stack(0x0000009000100000,0x0000009000200000) (1024K)]
  0x0000028318ed4dd0 JavaThread "pool-458-thread-1"                 [_thread_blocked, id=14768, stack(0x0000009001a00000,0x0000009001b00000) (1024K)]
  0x0000028318ed5460 JavaThread "Worker-4562: Initialize workspace"        [_thread_blocked, id=33668, stack(0x000000900c100000,0x000000900c200000) (1024K)]
  0x0000028318edb6d0 JavaThread "Timer-457"                         [_thread_blocked, id=16232, stack(0x000000901f200000,0x000000901f300000) (1024K)]
  0x0000028318edc3f0 JavaThread "Connection worker"                 [_thread_in_native, id=44944, stack(0x0000009022c00000,0x0000009022d00000) (1024K)]
  0x0000028318eda9b0 JavaThread "Worker-4570: Initialize workspace"        [_thread_blocked, id=47020, stack(0x0000009013800000,0x0000009013900000) (1024K)]
  0x0000028318ed1fe0 JavaThread "Connection worker"                 [_thread_in_native, id=20896, stack(0x0000009003500000,0x0000009003600000) (1024K)]
  0x0000028318edbd60 JavaThread "Timer-458"                         [_thread_blocked, id=5060, stack(0x000000900e200000,0x000000900e300000) (1024K)]
  0x0000028318edf870 JavaThread "Timer-459"                         [_thread_blocked, id=56024, stack(0x0000009018f00000,0x0000009019000000) (1024K)]
  0x0000028318edd110 JavaThread "Worker-4590: Initialize workspace"        [_thread_blocked, id=3088, stack(0x000000901b500000,0x000000901b600000) (1024K)]
  0x0000028318ee3a10 JavaThread "Connection worker"                 [_thread_blocked, id=56072, stack(0x0000009008b00000,0x0000009008c00000) (1024K)]
  0x0000028318ee0590 JavaThread "Timer-460"                         [_thread_blocked, id=27932, stack(0x000000901e300000,0x000000901e400000) (1024K)]
  0x0000028318ee12b0 JavaThread "Worker-4604: Initialize workspace"        [_thread_blocked, id=43336, stack(0x000000901df00000,0x000000901e000000) (1024K)]
  0x0000028318ee2660 JavaThread "Timer-461"                         [_thread_blocked, id=14764, stack(0x0000009021000000,0x0000009021100000) (1024K)]
  0x0000028318ee6e90 JavaThread "Worker-4614: Initialize workspace"        [_thread_blocked, id=13440, stack(0x0000009020f00000,0x0000009021000000) (1024K)]
  0x0000028318ed3a20 JavaThread "Connection worker"                 [_thread_blocked, id=20276, stack(0x0000009024000000,0x0000009024100000) (1024K)]
  0x0000028318ee6170 JavaThread "pool-463-thread-1"                 [_thread_blocked, id=40432, stack(0x0000009024100000,0x0000009024200000) (1024K)]
  0x0000028318ecf880 JavaThread "Connection worker"                 [_thread_blocked, id=25812, stack(0x0000009007500000,0x0000009007600000) (1024K)]
  0x0000028318eba340 JavaThread "Timer-462"                         [_thread_blocked, id=31280, stack(0x0000009013e00000,0x0000009013f00000) (1024K)]
  0x0000028318ebb6f0 JavaThread "Worker-4628: Initialize workspace"        [_thread_blocked, id=15828, stack(0x0000009010000000,0x0000009010100000) (1024K)]
  0x0000028318ed12c0 JavaThread "Connection worker"                 [_thread_blocked, id=41808, stack(0x0000009015800000,0x0000009015900000) (1024K)]
  0x0000028318edf1e0 JavaThread "pool-464-thread-1"                 [_thread_blocked, id=8252, stack(0x0000009019800000,0x0000009019900000) (1024K)]
  0x0000028318edde30 JavaThread "Timer-463"                         [_thread_blocked, id=43808, stack(0x000000901c500000,0x000000901c600000) (1024K)]
  0x0000028318ed6810 JavaThread "Worker-4640: Initialize workspace"        [_thread_blocked, id=45324, stack(0x0000009012e00000,0x0000009012f00000) (1024K)]
  0x0000028318edff00 JavaThread "Connection worker"                 [_thread_blocked, id=57252, stack(0x000000901ad00000,0x000000901ae00000) (1024K)]
  0x0000028318edd7a0 JavaThread "pool-465-thread-1"                 [_thread_blocked, id=20664, stack(0x000000901c200000,0x000000901c300000) (1024K)]
  0x0000028318ee5450 JavaThread "Timer-464"                         [_thread_blocked, id=33956, stack(0x0000009025800000,0x0000009025900000) (1024K)]
  0x0000028318ee1940 JavaThread "Worker-4651: Initialize workspace"        [_thread_blocked, id=28824, stack(0x0000009020d00000,0x0000009020e00000) (1024K)]
  0x0000028318ee5ae0 JavaThread "Timer-465"                         [_thread_blocked, id=51764, stack(0x0000009028f00000,0x0000009029000000) (1024K)]
  0x0000028318ef2ce0 JavaThread "Connection worker"                 [_thread_blocked, id=56308, stack(0x000000902a500000,0x000000902a600000) (1024K)]
  0x0000028318eb9cb0 JavaThread "pool-467-thread-1"                 [_thread_blocked, id=14640, stack(0x000000902bb00000,0x000000902bc00000) (1024K)]
  0x0000028318ec8f80 JavaThread "Timer-466"                         [_thread_blocked, id=43596, stack(0x000000902d600000,0x000000902d700000) (1024K)]
  0x0000028318ee7bb0 JavaThread "Worker-4672: Initialize workspace"        [_thread_blocked, id=52912, stack(0x0000009012600000,0x0000009012700000) (1024K)]
  0x00000283128e5d20 JavaThread "Timer-467"                         [_thread_blocked, id=10840, stack(0x0000009026a00000,0x0000009026b00000) (1024K)]
  0x00000283128e28a0 JavaThread "Worker-4686: Initialize workspace"        [_thread_blocked, id=54256, stack(0x000000902f600000,0x000000902f700000) (1024K)]
  0x00000283128e3c50 JavaThread "Connection worker"                 [_thread_blocked, id=32036, stack(0x000000902f500000,0x000000902f600000) (1024K)]
  0x00000283128e70d0 JavaThread "pool-469-thread-1"                 [_thread_blocked, id=15116, stack(0x000000902d900000,0x000000902da00000) (1024K)]
  0x00000283128ec620 JavaThread "Timer-468"                         [_thread_blocked, id=11564, stack(0x000000902f700000,0x000000902f800000) (1024K)]
  0x00000283128ebf90 JavaThread "Worker-4696: Initialize workspace"        [_thread_blocked, id=54116, stack(0x0000009010d00000,0x0000009010e00000) (1024K)]
  0x00000283128e9830 JavaThread "Connection worker"                 [_thread_blocked, id=13868, stack(0x000000902f900000,0x000000902fa00000) (1024K)]
  0x00000283128b0800 JavaThread "pool-470-thread-1"                 [_thread_blocked, id=2028, stack(0x000000902fd00000,0x000000902fe00000) (1024K)]
  0x00000283128ae730 JavaThread "Timer-469"                         [_thread_blocked, id=28368, stack(0x0000009030000000,0x0000009030100000) (1024K)]
  0x00000283128b0e90 JavaThread "Connection worker"                 [_thread_blocked, id=10324, stack(0x000000902fc00000,0x000000902fd00000) (1024K)]
  0x00000283128ed9d0 JavaThread "Worker-4705: Initialize workspace"        [_thread_blocked, id=44488, stack(0x0000009009100000,0x0000009009200000) (1024K)]
  0x00000283128c0160 JavaThread "Timer-470"                         [_thread_blocked, id=38364, stack(0x0000009030400000,0x0000009030500000) (1024K)]
  0x00000283128b5030 JavaThread "Worker-4715: Initialize workspace"        [_thread_blocked, id=39436, stack(0x0000009030100000,0x0000009030200000) (1024K)]
  0x00000283128c9850 JavaThread "Connection worker"                 [_thread_blocked, id=39288, stack(0x0000009030200000,0x0000009030300000) (1024K)]
  0x00000283128d1b90 JavaThread "pool-472-thread-1"                 [_thread_blocked, id=25796, stack(0x0000009030600000,0x0000009030700000) (1024K)]
  0x00000283128d70e0 JavaThread "Timer-471"                         [_thread_blocked, id=14424, stack(0x0000009030900000,0x0000009030a00000) (1024K)]
  0x00000283128dccc0 JavaThread "Connection worker"                 [_thread_blocked, id=32112, stack(0x0000009028700000,0x0000009028800000) (1024K)]
  0x00000283128d5d30 JavaThread "Worker-4727: Initialize workspace"        [_thread_blocked, id=42432, stack(0x0000009030700000,0x0000009030800000) (1024K)]
  0x00000283128c1510 JavaThread "Timer-472"                         [_thread_blocked, id=38384, stack(0x0000009030e00000,0x0000009030f00000) (1024K)]
  0x0000028315d64190 JavaThread "Worker-4733: Initialize workspace"        [_thread_blocked, id=32988, stack(0x0000009030c00000,0x0000009030d00000) (1024K)]
  0x0000028315d66f80 JavaThread "Connection worker"                 [_thread_blocked, id=19164, stack(0x0000009030d00000,0x0000009030e00000) (1024K)]
  0x0000028315d66260 JavaThread "pool-474-thread-1"                 [_thread_blocked, id=11220, stack(0x0000009030f00000,0x0000009031000000) (1024K)]
  0x0000028315d6d1f0 JavaThread "Timer-473"                         [_thread_blocked, id=16960, stack(0x0000009031100000,0x0000009031200000) (1024K)]
  0x0000028315d33b30 JavaThread "Worker-4746: Initialize workspace"        [_thread_blocked, id=53864, stack(0x0000009031200000,0x0000009031300000) (1024K)]
  0x0000028315d37cd0 JavaThread "Connection worker"                 [_thread_blocked, id=29716, stack(0x0000009031300000,0x0000009031400000) (1024K)]
  0x0000028315d36920 JavaThread "pool-475-thread-1"                 [_thread_blocked, id=50036, stack(0x0000009031000000,0x0000009031100000) (1024K)]
  0x0000028315d49700 JavaThread "Timer-474"                         [_thread_blocked, id=20884, stack(0x0000009031700000,0x0000009031800000) (1024K)]
  0x0000028315d55be0 JavaThread "Worker-4752: Initialize workspace"        [_thread_blocked, id=25544, stack(0x0000009031800000,0x0000009031900000) (1024K)]
  0x0000028315d63b00 JavaThread "Connection worker"                 [_thread_blocked, id=55284, stack(0x0000009031c00000,0x0000009031d00000) (1024K)]
  0x0000028315d6b120 JavaThread "pool-476-thread-1"                 [_thread_blocked, id=51440, stack(0x0000009031e00000,0x0000009031f00000) (1024K)]
  0x000002830ff1d630 JavaThread "Connection worker"                 [_thread_blocked, id=2100, stack(0x0000009001100000,0x0000009001200000) (1024K)]
  0x000002830ff26000 JavaThread "Timer-475"                         [_thread_blocked, id=3612, stack(0x0000009032100000,0x0000009032200000) (1024K)]
  0x000002830ff1aed0 JavaThread "Worker-4766: Initialize workspace"        [_thread_blocked, id=3040, stack(0x0000009009b00000,0x0000009009c00000) (1024K)]
  0x000002830ff2a830 JavaThread "Connection worker"                 [_thread_blocked, id=23624, stack(0x0000009032200000,0x0000009032300000) (1024K)]
  0x000002830ff2dcb0 JavaThread "pool-477-thread-1"                 [_thread_blocked, id=21056, stack(0x0000009032400000,0x0000009032500000) (1024K)]
  0x000002830ff2b550 JavaThread "Timer-476"                         [_thread_blocked, id=7896, stack(0x0000009032500000,0x0000009032600000) (1024K)]
  0x000002830ff32b70 JavaThread "Worker-4779: Initialize workspace"        [_thread_blocked, id=51908, stack(0x0000009023d00000,0x0000009023e00000) (1024K)]
  0x000002830ff33f20 JavaThread "Connection worker"                 [_thread_blocked, id=7732, stack(0x0000009032600000,0x0000009032700000) (1024K)]
  0x000002830ff373a0 JavaThread "pool-478-thread-1"                 [_thread_blocked, id=45564, stack(0x0000009032300000,0x0000009032400000) (1024K)]
  0x000002830ff2f060 JavaThread "Timer-477"                         [_thread_blocked, id=47480, stack(0x0000009032900000,0x0000009032a00000) (1024K)]
  0x000002830f644ee0 JavaThread "Timer-478"                         [_thread_blocked, id=43296, stack(0x0000009032d00000,0x0000009032e00000) (1024K)]
  0x000002830f64cb90 JavaThread "Timer-479"                         [_thread_blocked, id=15992, stack(0x0000009033100000,0x0000009033200000) (1024K)]
  0x000002830f6589e0 JavaThread "Worker-4816: Initialize workspace"        [_thread_blocked, id=25028, stack(0x0000009032f00000,0x0000009033000000) (1024K)]
  0x0000028310697e50 JavaThread "Timer-480"                         [_thread_blocked, id=51456, stack(0x0000009033500000,0x0000009033600000) (1024K)]
  0x0000028310695d80 JavaThread "Worker-4829: Initialize workspace"        [_thread_blocked, id=48060, stack(0x0000009033300000,0x0000009033400000) (1024K)]
  0x000002831069da30 JavaThread "Connection worker"                 [_thread_blocked, id=37772, stack(0x0000009033600000,0x0000009033700000) (1024K)]
  0x00000283106a0820 JavaThread "pool-482-thread-1"                 [_thread_blocked, id=19864, stack(0x0000009033800000,0x0000009033900000) (1024K)]
  0x00000283106a1540 JavaThread "Timer-481"                         [_thread_blocked, id=52024, stack(0x0000009033900000,0x0000009033a00000) (1024K)]
  0x000002830fef2020 JavaThread "Worker-4842: Initialize workspace"        [_thread_blocked, id=53200, stack(0x0000009033700000,0x0000009033800000) (1024K)]
  0x000002830feed7f0 JavaThread "Connection worker"                 [_thread_blocked, id=53216, stack(0x0000009033a00000,0x0000009033b00000) (1024K)]
  0x000002830feeff50 JavaThread "pool-483-thread-1"                 [_thread_blocked, id=5272, stack(0x0000009033c00000,0x0000009033d00000) (1024K)]
  0x000002830feef8c0 JavaThread "Timer-482"                         [_thread_blocked, id=26048, stack(0x0000009033d00000,0x0000009033e00000) (1024K)]
  0x0000027265f7b080 JavaThread "Worker-4853: Initialize workspace"        [_thread_blocked, id=16356, stack(0x0000009033000000,0x0000009033100000) (1024K)]
  0x0000027265f7b710 JavaThread "Connection worker"                 [_thread_blocked, id=37600, stack(0x0000009033e00000,0x0000009033f00000) (1024K)]
  0x00000283058c4b60 JavaThread "pool-484-thread-1"                 [_thread_blocked, id=37288, stack(0x0000009034000000,0x0000009034100000) (1024K)]
  0x00000283058c1d70 JavaThread "Timer-483"                         [_thread_blocked, id=24116, stack(0x0000009034100000,0x0000009034200000) (1024K)]
  0x00000283058c3e40 JavaThread "Worker-4866: Initialize workspace"        [_thread_blocked, id=38020, stack(0x0000009033f00000,0x0000009034000000) (1024K)]
  0x00000272664dd540 JavaThread "Connection worker"                 [_thread_blocked, id=7296, stack(0x0000009034200000,0x0000009034300000) (1024K)]
  0x00000272664ecea0 JavaThread "pool-485-thread-1"                 [_thread_blocked, id=26352, stack(0x0000009034400000,0x0000009034500000) (1024K)]
  0x0000028315d53480 JavaThread "Timer-484"                         [_thread_blocked, id=34136, stack(0x0000009034500000,0x0000009034600000) (1024K)]
  0x0000028315d54830 JavaThread "Worker-4878: Initialize workspace"        [_thread_blocked, id=34956, stack(0x000000901ed00000,0x000000901ee00000) (1024K)]
  0x00000283128db280 JavaThread "Connection worker"                 [_thread_blocked, id=31412, stack(0x0000009002100000,0x0000009002200000) (1024K)]
  0x00000283128e91a0 JavaThread "Connection worker"                 [_thread_blocked, id=15188, stack(0x0000009005d00000,0x0000009005e00000) (1024K)]
  0x00000283128b7790 JavaThread "pool-486-thread-1"                 [_thread_blocked, id=53540, stack(0x0000009008000000,0x0000009008100000) (1024K)]
  0x0000028315d689c0 JavaThread "Timer-485"                         [_thread_blocked, id=27948, stack(0x0000009003b00000,0x0000009003c00000) (1024K)]
  0x0000028315d6d880 JavaThread "Worker-4890: Initialize workspace"        [_thread_blocked, id=50312, stack(0x0000009002f00000,0x0000009003000000) (1024K)]
  0x0000028315d5fff0 JavaThread "Timer-486"                         [_thread_blocked, id=57088, stack(0x0000009027c00000,0x0000009027d00000) (1024K)]
  0x0000028315d46fa0 JavaThread "Worker-4902: Initialize workspace"        [_thread_blocked, id=28252, stack(0x0000009030500000,0x0000009030600000) (1024K)]
  0x000002830ff18e00 JavaThread "Timer-487"                         [_thread_blocked, id=50392, stack(0x0000009031600000,0x0000009031700000) (1024K)]
  0x000002830ff1fd90 JavaThread "Worker-4914: Initialize workspace"        [_thread_blocked, id=19988, stack(0x0000009031500000,0x0000009031600000) (1024K)]
  0x0000027265f78920 JavaThread "Connection worker"                 [_thread_blocked, id=47652, stack(0x000000900b300000,0x000000900b400000) (1024K)]
  0x0000028318ecbd70 JavaThread "Timer-488"                         [_thread_blocked, id=52448, stack(0x0000009034600000,0x0000009034700000) (1024K)]
  0x00000282fbc464f0 JavaThread "Worker-4928: Initialize workspace"        [_thread_blocked, id=34436, stack(0x0000009034300000,0x0000009034400000) (1024K)]
  0x0000027265e75780 JavaThread "Connection worker"                 [_thread_blocked, id=14356, stack(0x0000009034a00000,0x0000009034b00000) (1024K)]
  0x0000027265e7a640 JavaThread "pool-490-thread-1"                 [_thread_blocked, id=15708, stack(0x0000009034b00000,0x0000009034c00000) (1024K)]
  0x0000028315d620c0 JavaThread "Timer-489"                         [_thread_blocked, id=700, stack(0x0000009034e00000,0x0000009034f00000) (1024K)]
  0x000002830f64e5d0 JavaThread "Worker-4937: Initialize workspace"        [_thread_blocked, id=14376, stack(0x0000009034d00000,0x0000009034e00000) (1024K)]
  0x0000027264cfd070 JavaThread "Connection worker"                 [_thread_blocked, id=36224, stack(0x0000009034c00000,0x0000009034d00000) (1024K)]
  0x0000028318ecc400 JavaThread "Timer-490"                         [_thread_blocked, id=38908, stack(0x0000009035700000,0x0000009035800000) (1024K)]
  0x00000282fc172490 JavaThread "pool-491-thread-1"                 [_thread_blocked, id=42236, stack(0x0000009035900000,0x0000009035a00000) (1024K)]
  0x0000028318ee7520 JavaThread "Worker-4948: Initialize workspace"        [_thread_blocked, id=53360, stack(0x0000009035300000,0x0000009035400000) (1024K)]
  0x000002726655c7b0 JavaThread "Connection worker"                 [_thread_blocked, id=8348, stack(0x0000009006000000,0x0000009006100000) (1024K)]
  0x0000028315d51a40 JavaThread "Connection worker"                 [_thread_blocked, id=37428, stack(0x0000009006600000,0x0000009006700000) (1024K)]
  0x0000028315d5be50 JavaThread "Connection worker"                 [_thread_blocked, id=46956, stack(0x000000900d100000,0x000000900d200000) (1024K)]
  0x0000028315d3e5d0 JavaThread "Connection worker"                 [_thread_blocked, id=50924, stack(0x0000009015f00000,0x0000009016000000) (1024K)]
  0x0000028315d38360 JavaThread "pool-492-thread-1"                 [_thread_blocked, id=200, stack(0x0000009015d00000,0x0000009015e00000) (1024K)]
  0x000002830fef4e10 JavaThread "Timer-491"                         [_thread_blocked, id=50712, stack(0x000000901c800000,0x000000901c900000) (1024K)]
  0x000002830fedde90 JavaThread "Worker-4962: Initialize workspace"        [_thread_blocked, id=16344, stack(0x0000009017f00000,0x0000009018000000) (1024K)]
  0x000002830fef54a0 JavaThread "Connection worker"                 [_thread_blocked, id=47980, stack(0x0000009023600000,0x0000009023700000) (1024K)]
  0x000002830feef230 JavaThread "pool-493-thread-1"                 [_thread_blocked, id=7244, stack(0x000000901b000000,0x000000901b100000) (1024K)]
  0x000002830f647cd0 JavaThread "Timer-492"                         [_thread_blocked, id=49848, stack(0x000000902a700000,0x000000902a800000) (1024K)]
  0x000002830f64be70 JavaThread "Worker-4973: Initialize workspace"        [_thread_blocked, id=54616, stack(0x0000009023700000,0x0000009023800000) (1024K)]
  0x000002831069c680 JavaThread "Connection worker"                 [_thread_blocked, id=17856, stack(0x000000902a900000,0x000000902aa00000) (1024K)]
  0x00000283128ed340 JavaThread "pool-494-thread-1"                 [_thread_blocked, id=13756, stack(0x000000900d300000,0x000000900d400000) (1024K)]
  0x000002830ff1b560 JavaThread "Timer-493"                         [_thread_blocked, id=27168, stack(0x0000009005b00000,0x0000009005c00000) (1024K)]
  0x000002830ff1bbf0 JavaThread "Connection worker"                 [_thread_blocked, id=13168, stack(0x000000900db00000,0x000000900dc00000) (1024K)]
  0x000002830ff180e0 JavaThread "Worker-4984: Initialize workspace"        [_thread_blocked, id=3012, stack(0x0000009010400000,0x0000009010500000) (1024K)]
  0x0000028315d5aaa0 JavaThread "Connection worker"                 [_thread_blocked, id=32956, stack(0x000000901ca00000,0x000000901cb00000) (1024K)]
  0x0000028315d4ec50 JavaThread "pool-495-thread-1"                 [_thread_blocked, id=44676, stack(0x0000009014d00000,0x0000009014e00000) (1024K)]
  0x0000028315d5b7c0 JavaThread "Timer-494"                         [_thread_blocked, id=1852, stack(0x0000009031900000,0x0000009031a00000) (1024K)]
  0x0000027265e72300 JavaThread "Worker-4999: Initialize workspace"        [_thread_blocked, id=57152, stack(0x000000902a000000,0x000000902a100000) (1024K)]
  0x0000028315d589d0 JavaThread "Connection worker"                 [_thread_blocked, id=31460, stack(0x0000009031b00000,0x0000009031c00000) (1024K)]
  0x0000028315d57620 JavaThread "pool-496-thread-1"                 [_thread_blocked, id=50028, stack(0x0000009024600000,0x0000009024700000) (1024K)]
  0x0000028318ed2d00 JavaThread "Timer-495"                         [_thread_blocked, id=49252, stack(0x0000009034800000,0x0000009034900000) (1024K)]
  0x0000027265f7de70 JavaThread "Worker-5012: Initialize workspace"        [_thread_blocked, id=39064, stack(0x0000009034700000,0x0000009034800000) (1024K)]
  0x00000282fcf40210 JavaThread "Timer-496"                         [_thread_blocked, id=51040, stack(0x0000009035100000,0x0000009035200000) (1024K)]
  0x00000282fbc3eed0 JavaThread "Worker-5025: Initialize workspace"        [_thread_blocked, id=37128, stack(0x0000009031d00000,0x0000009031e00000) (1024K)]
  0x000002830ff273b0 JavaThread "Connection worker"                 [_thread_blocked, id=31600, stack(0x0000009011d00000,0x0000009011e00000) (1024K)]
  0x000002830f656fa0 JavaThread "Connection worker"                 [_thread_in_native, id=27644, stack(0x0000009011e00000,0x0000009011f00000) (1024K)]
  0x000002830f63e5e0 JavaThread "Connection worker"                 [_thread_blocked, id=53908, stack(0x0000009025100000,0x0000009025200000) (1024K)]
  0x0000028318eb7be0 JavaThread "pool-498-thread-1"                 [_thread_blocked, id=56096, stack(0x0000009025900000,0x0000009025a00000) (1024K)]
  0x00000283128b6a70 JavaThread "Timer-497"                         [_thread_blocked, id=37704, stack(0x0000009035600000,0x0000009035700000) (1024K)]
  0x0000028318eb4760 JavaThread "Worker-5036: Initialize workspace"        [_thread_blocked, id=32208, stack(0x0000009006f00000,0x0000009007000000) (1024K)]
  0x0000028318eb61a0 JavaThread "Connection worker"                 [_thread_blocked, id=46020, stack(0x0000009004500000,0x0000009004600000) (1024K)]
  0x0000028318ec1960 JavaThread "pool-499-thread-1"                 [_thread_blocked, id=52536, stack(0x000000902aa00000,0x000000902ab00000) (1024K)]
  0x00000283128cd9f0 JavaThread "Timer-498"                         [_thread_blocked, id=26572, stack(0x0000009033b00000,0x0000009033c00000) (1024K)]
  0x00000282fc16e2f0 JavaThread "Worker-5045: Initialize workspace"        [_thread_blocked, id=53836, stack(0x000000902d300000,0x000000902d400000) (1024K)]
  0x0000027265e6cdb0 JavaThread "Connection worker"                 [_thread_blocked, id=34992, stack(0x0000009034f00000,0x0000009035000000) (1024K)]
  0x0000028315d63470 JavaThread "pool-500-thread-1"                 [_thread_blocked, id=7512, stack(0x0000009035800000,0x0000009035900000) (1024K)]
  0x00000283106977c0 JavaThread "Timer-499"                         [_thread_blocked, id=55900, stack(0x0000009035c00000,0x0000009035d00000) (1024K)]
  0x000002830ff18770 JavaThread "Timer-500"                         [_thread_blocked, id=26788, stack(0x0000009029600000,0x0000009029700000) (1024K)]
  0x000002830f650d30 JavaThread "Worker-5066: Initialize workspace"        [_thread_blocked, id=53332, stack(0x0000009031a00000,0x0000009031b00000) (1024K)]
  0x0000027264cfeab0 JavaThread "Timer-501"                         [_thread_blocked, id=13456, stack(0x0000009035f00000,0x0000009036000000) (1024K)]
  0x00000282fa8b5d30 JavaThread "Worker-5076: Initialize workspace"        [_thread_blocked, id=46068, stack(0x0000009011100000,0x0000009011200000) (1024K)]
  0x00000282fbc44420 JavaThread "Connection worker"                 [_thread_blocked, id=46848, stack(0x0000009036200000,0x0000009036300000) (1024K)]
  0x000002830f657cc0 JavaThread "pool-503-thread-1"                 [_thread_blocked, id=45712, stack(0x000000901a900000,0x000000901aa00000) (1024K)]
  0x0000028318eb40d0 JavaThread "Connection worker"                 [_thread_blocked, id=38328, stack(0x000000901c700000,0x000000901c800000) (1024K)]
  0x00000283128eccb0 JavaThread "Timer-502"                         [_thread_blocked, id=31916, stack(0x0000009004000000,0x0000009004100000) (1024K)]
  0x00000282fbcbfa50 JavaThread "Timer-503"                         [_thread_blocked, id=6848, stack(0x0000009029800000,0x0000009029900000) (1024K)]
  0x0000027265f79640 JavaThread "Worker-5105: Initialize workspace"        [_thread_blocked, id=9760, stack(0x000000901dc00000,0x000000901dd00000) (1024K)]
  0x00000272664e37b0 JavaThread "Timer-504"                         [_thread_blocked, id=35600, stack(0x0000009035b00000,0x0000009035c00000) (1024K)]
  0x000002830ff324e0 JavaThread "Worker-5112: Initialize workspace"        [_thread_blocked, id=36884, stack(0x0000009011a00000,0x0000009011b00000) (1024K)]
  0x00000282fbcc3560 JavaThread "Connection worker"                 [_thread_blocked, id=53648, stack(0x0000009020600000,0x0000009020700000) (1024K)]
  0x0000028318ed0c30 JavaThread "Connection worker"                 [_thread_in_native, id=40812, stack(0x000000902ee00000,0x000000902ef00000) (1024K)]
  0x0000028318ee3380 JavaThread "pool-506-thread-1"                 [_thread_blocked, id=58008, stack(0x000000901d200000,0x000000901d300000) (1024K)]
  0x000002830fef3a60 JavaThread "Timer-505"                         [_thread_blocked, id=39892, stack(0x0000009036400000,0x0000009036500000) (1024K)]
  0x000002831a3bb7d0 JavaThread "Worker-5128: Initialize workspace"        [_thread_blocked, id=47772, stack(0x0000009036100000,0x0000009036200000) (1024K)]
  0x000002831a3bcb80 JavaThread "Timer-506"                         [_thread_blocked, id=28896, stack(0x0000009035500000,0x0000009035600000) (1024K)]
  0x000002831a3bc4f0 JavaThread "Worker-5138: Initialize workspace"        [_thread_blocked, id=44632, stack(0x0000009031400000,0x0000009031500000) (1024K)]
  0x000002831a3c0690 JavaThread "Timer-507"                         [_thread_blocked, id=57452, stack(0x0000009030b00000,0x0000009030c00000) (1024K)]
  0x000002831a3bd8a0 JavaThread "Worker-5148: Initialize workspace"        [_thread_blocked, id=35136, stack(0x0000009013500000,0x0000009013600000) (1024K)]
  0x000002831a3c0d20 JavaThread "Connection worker"                 [_thread_blocked, id=47080, stack(0x0000009036600000,0x0000009036700000) (1024K)]
  0x000002831a3bb140 JavaThread "pool-509-thread-1"                 [_thread_blocked, id=44516, stack(0x0000009035200000,0x0000009035300000) (1024K)]
  0x000002831a3c1a40 JavaThread "Timer-508"                         [_thread_blocked, id=27832, stack(0x0000009036900000,0x0000009036a00000) (1024K)]
  0x000002831a3c13b0 JavaThread "Worker-5159: Initialize workspace"        [_thread_blocked, id=34112, stack(0x0000009036800000,0x0000009036900000) (1024K)]
  0x000002831a3bf970 JavaThread "Connection worker"                 [_thread_blocked, id=40916, stack(0x0000009036a00000,0x0000009036b00000) (1024K)]
  0x000002831a3c20d0 JavaThread "pool-510-thread-1"                 [_thread_blocked, id=26560, stack(0x0000009036b00000,0x0000009036c00000) (1024K)]
  0x000002831a3c2760 JavaThread "Timer-509"                         [_thread_blocked, id=35160, stack(0x0000009017a00000,0x0000009017b00000) (1024K)]
  0x000002831a3be5c0 JavaThread "Worker-5171: Initialize workspace"        [_thread_blocked, id=5000, stack(0x0000009009a00000,0x0000009009b00000) (1024K)]
  0x000002831a3c0000 JavaThread "Timer-510"                         [_thread_blocked, id=10244, stack(0x0000009036c00000,0x0000009036d00000) (1024K)]
  0x000002831a3c4ec0 JavaThread "Connection worker"                 [_thread_blocked, id=50860, stack(0x0000009008500000,0x0000009008600000) (1024K)]
  0x000002831a3c3480 JavaThread "Worker-5188: Initialize workspace"        [_thread_blocked, id=48020, stack(0x000000901a600000,0x000000901a700000) (1024K)]
  0x000002831a3c5be0 JavaThread "Connection worker"                 [_thread_blocked, id=53624, stack(0x0000009009700000,0x0000009009800000) (1024K)]
  0x000002831a3c6270 JavaThread "pool-512-thread-1"                 [_thread_blocked, id=49408, stack(0x0000009014b00000,0x0000009014c00000) (1024K)]
  0x000002831a3c2df0 JavaThread "Timer-511"                         [_thread_blocked, id=32668, stack(0x0000009036d00000,0x0000009036e00000) (1024K)]
  0x000002831a3c5550 JavaThread "Worker-5199: Initialize workspace"        [_thread_blocked, id=41516, stack(0x0000009014400000,0x0000009014500000) (1024K)]
  0x000002831a3c6900 JavaThread "Connection worker"                 [_thread_blocked, id=48312, stack(0x0000009036e00000,0x0000009036f00000) (1024K)]
  0x000002831a3c3b10 JavaThread "pool-513-thread-1"                 [_thread_blocked, id=6900, stack(0x0000009036f00000,0x0000009037000000) (1024K)]
  0x000002831a386fd0 JavaThread "Timer-512"                         [_thread_blocked, id=16528, stack(0x0000009037200000,0x0000009037300000) (1024K)]
  0x000002831a387cf0 JavaThread "Worker-5210: Initialize workspace"        [_thread_blocked, id=14136, stack(0x0000009037100000,0x0000009037200000) (1024K)]
  0x000002831a3862b0 JavaThread "Connection worker"                 [_thread_blocked, id=16220, stack(0x0000009037000000,0x0000009037100000) (1024K)]
  0x000002831a388380 JavaThread "pool-514-thread-1"                 [_thread_blocked, id=40556, stack(0x0000009037300000,0x0000009037400000) (1024K)]
  0x000002831a389730 JavaThread "Timer-513"                         [_thread_blocked, id=13268, stack(0x0000009037600000,0x0000009037700000) (1024K)]
  0x000002831a387660 JavaThread "Worker-5223: Initialize workspace"        [_thread_blocked, id=9560, stack(0x0000009037400000,0x0000009037500000) (1024K)]
  0x000002831a3890a0 JavaThread "Connection worker"                 [_thread_blocked, id=18616, stack(0x0000009037500000,0x0000009037600000) (1024K)]
  0x000002831a388a10 JavaThread "pool-515-thread-1"                 [_thread_blocked, id=36580, stack(0x0000009037700000,0x0000009037800000) (1024K)]
  0x000002831a38d8d0 JavaThread "Timer-514"                         [_thread_blocked, id=33572, stack(0x0000009037900000,0x0000009037a00000) (1024K)]
  0x000002831a38a450 JavaThread "Worker-5231: Initialize workspace"        [_thread_blocked, id=21520, stack(0x0000009037800000,0x0000009037900000) (1024K)]
  0x000002831a386940 JavaThread "Connection worker"                 [_thread_blocked, id=56564, stack(0x0000009032e00000,0x0000009032f00000) (1024K)]
  0x000002831a38df60 JavaThread "pool-516-thread-1"                 [_thread_blocked, id=32848, stack(0x0000009037a00000,0x0000009037b00000) (1024K)]
  0x000002831a38b800 JavaThread "Connection worker"                 [_thread_blocked, id=49180, stack(0x0000009018d00000,0x0000009018e00000) (1024K)]
  0x000002831a38cbb0 JavaThread "Timer-515"                         [_thread_blocked, id=20604, stack(0x0000009037c00000,0x0000009037d00000) (1024K)]
  0x000002831a38b170 JavaThread "Worker-5242: Initialize workspace"        [_thread_blocked, id=42080, stack(0x0000009029a00000,0x0000009029b00000) (1024K)]
  0x000002831a38f310 JavaThread "Connection worker"                 [_thread_blocked, id=16616, stack(0x0000009002d00000,0x0000009002e00000) (1024K)]
  0x000002831a38d240 JavaThread "Connection worker"                 [_thread_blocked, id=44880, stack(0x000000900d700000,0x000000900d800000) (1024K)]
  0x000002831a38aae0 JavaThread "pool-517-thread-1"                 [_thread_blocked, id=10476, stack(0x0000009037b00000,0x0000009037c00000) (1024K)]
  0x000002831a38c520 JavaThread "Timer-516"                         [_thread_blocked, id=52652, stack(0x0000009037f00000,0x0000009038000000) (1024K)]
  0x000002831a38be90 JavaThread "Worker-5254: Initialize workspace"        [_thread_blocked, id=21236, stack(0x0000009037e00000,0x0000009037f00000) (1024K)]
  0x000002831a3906c0 JavaThread "Connection worker"                 [_thread_blocked, id=22196, stack(0x0000009037d00000,0x0000009037e00000) (1024K)]
  0x000002831a390d50 JavaThread "pool-518-thread-1"                 [_thread_blocked, id=58088, stack(0x0000009038000000,0x0000009038100000) (1024K)]
  0x000002831a3913e0 JavaThread "Timer-517"                         [_thread_blocked, id=1904, stack(0x0000009038300000,0x0000009038400000) (1024K)]
  0x000002831a38f9a0 JavaThread "Worker-5264: Initialize workspace"        [_thread_blocked, id=18504, stack(0x0000009038100000,0x0000009038200000) (1024K)]
  0x000002831a38e5f0 JavaThread "Connection worker"                 [_thread_blocked, id=22700, stack(0x0000009033400000,0x0000009033500000) (1024K)]
  0x000002831a394860 JavaThread "pool-519-thread-1"                 [_thread_blocked, id=40752, stack(0x0000009038600000,0x0000009038700000) (1024K)]
  0x000002831a392e20 JavaThread "Timer-518"                         [_thread_blocked, id=21440, stack(0x0000009038700000,0x0000009038800000) (1024K)]
  0x000002831a3941d0 JavaThread "Worker-5274: Initialize workspace"        [_thread_blocked, id=12160, stack(0x0000009038400000,0x0000009038500000) (1024K)]
  0x000002831a391a70 JavaThread "Connection worker"                 [_thread_blocked, id=55460, stack(0x0000009038200000,0x0000009038300000) (1024K)]
  0x000002831a3934b0 JavaThread "pool-520-thread-1"                 [_thread_blocked, id=56444, stack(0x0000009038500000,0x0000009038600000) (1024K)]
  0x000002831a390030 JavaThread "Timer-519"                         [_thread_blocked, id=27808, stack(0x0000009038a00000,0x0000009038b00000) (1024K)]
  0x000002831a395580 JavaThread "Worker-5286: Initialize workspace"        [_thread_blocked, id=49428, stack(0x0000009038800000,0x0000009038900000) (1024K)]
  0x000002831a398a00 JavaThread "Timer-520"                         [_thread_blocked, id=7440, stack(0x0000009038e00000,0x0000009038f00000) (1024K)]
  0x000002831a392100 JavaThread "Worker-5298: Initialize workspace"        [_thread_blocked, id=39388, stack(0x0000009038b00000,0x0000009038c00000) (1024K)]
  0x000002831a392790 JavaThread "Connection worker"                 [_thread_blocked, id=26080, stack(0x0000009038f00000,0x0000009039000000) (1024K)]
  0x000002831a396fc0 JavaThread "pool-522-thread-1"                 [_thread_blocked, id=18636, stack(0x0000009038d00000,0x0000009038e00000) (1024K)]
  0x000002831a397650 JavaThread "Timer-521"                         [_thread_blocked, id=31640, stack(0x0000009039200000,0x0000009039300000) (1024K)]
  0x000002831a398370 JavaThread "Worker-5308: Initialize workspace"        [_thread_blocked, id=52768, stack(0x0000009039000000,0x0000009039100000) (1024K)]
  0x000002831a3962a0 JavaThread "Timer-522"                         [_thread_blocked, id=49676, stack(0x0000009039600000,0x0000009039700000) (1024K)]
  0x000002831a399090 JavaThread "Worker-5323: Initialize workspace"        [_thread_blocked, id=16416, stack(0x0000009039400000,0x0000009039500000) (1024K)]
  0x000002831a397ce0 JavaThread "Connection worker"                 [_thread_blocked, id=18592, stack(0x0000009039700000,0x0000009039800000) (1024K)]
  0x000002831a399db0 JavaThread "pool-524-thread-1"                 [_thread_blocked, id=45568, stack(0x0000009039500000,0x0000009039600000) (1024K)]
  0x000002831a39b160 JavaThread "Timer-523"                         [_thread_blocked, id=45272, stack(0x0000009039a00000,0x0000009039b00000) (1024K)]
  0x000002831a39c510 JavaThread "Worker-5335: Initialize workspace"        [_thread_blocked, id=49816, stack(0x0000009039900000,0x0000009039a00000) (1024K)]
  0x000002831a39cba0 JavaThread "Connection worker"                 [_thread_blocked, id=39592, stack(0x0000009028100000,0x0000009028200000) (1024K)]
  0x000002831a39aad0 JavaThread "Timer-524"                         [_thread_blocked, id=11168, stack(0x0000009039c00000,0x0000009039d00000) (1024K)]
  0x000002831a39a440 JavaThread "Worker-5345: Initialize workspace"        [_thread_blocked, id=57292, stack(0x0000009039b00000,0x0000009039c00000) (1024K)]
  0x000002831a39b7f0 JavaThread "Connection worker"                 [_thread_blocked, id=36636, stack(0x0000009039d00000,0x0000009039e00000) (1024K)]
  0x000002831a39d230 JavaThread "pool-526-thread-1"                 [_thread_blocked, id=27108, stack(0x0000009039e00000,0x0000009039f00000) (1024K)]
  0x000002831a39ec70 JavaThread "Timer-525"                         [_thread_blocked, id=11948, stack(0x000000903a100000,0x000000903a200000) (1024K)]
  0x000002831a39f300 JavaThread "Worker-5355: Initialize workspace"        [_thread_blocked, id=15840, stack(0x0000009039f00000,0x000000903a000000) (1024K)]
  0x000002831a39be80 JavaThread "Connection worker"                 [_thread_blocked, id=27624, stack(0x000000903a300000,0x000000903a400000) (1024K)]
  0x000002831a39e5e0 JavaThread "pool-527-thread-1"                 [_thread_blocked, id=37264, stack(0x000000903a000000,0x000000903a100000) (1024K)]
  0x000002831a3a0020 JavaThread "Timer-526"                         [_thread_blocked, id=40140, stack(0x000000903a500000,0x000000903a600000) (1024K)]
  0x000002831a3a0d40 JavaThread "Worker-5369: Initialize workspace"        [_thread_blocked, id=52848, stack(0x000000903a200000,0x000000903a300000) (1024K)]
  0x000002831a3a06b0 JavaThread "Connection worker"                 [_thread_blocked, id=19068, stack(0x0000009027400000,0x0000009027500000) (1024K)]
  0x000002831a3a1a60 JavaThread "pool-528-thread-1"                 [_thread_blocked, id=42788, stack(0x000000903a400000,0x000000903a500000) (1024K)]
  0x000002831a3a34a0 JavaThread "Timer-527"                         [_thread_blocked, id=26332, stack(0x000000903a700000,0x000000903a800000) (1024K)]
  0x000002831a3a2780 JavaThread "Worker-5381: Initialize workspace"        [_thread_blocked, id=12348, stack(0x0000009028900000,0x0000009028a00000) (1024K)]
  0x000002831a3a41c0 JavaThread "Connection worker"                 [_thread_blocked, id=3904, stack(0x0000009003800000,0x0000009003900000) (1024K)]
  0x000002831a3a13d0 JavaThread "pool-529-thread-1"                 [_thread_blocked, id=12796, stack(0x000000903a800000,0x000000903a900000) (1024K)]
  0x000002831a3a5c00 JavaThread "Timer-528"                         [_thread_blocked, id=15148, stack(0x000000903a900000,0x000000903aa00000) (1024K)]
  0x000002831a3a4ee0 JavaThread "Worker-5391: Initialize workspace"        [_thread_blocked, id=11248, stack(0x000000903a600000,0x000000903a700000) (1024K)]
  0x000002831a3a5570 JavaThread "Connection worker"                 [_thread_blocked, id=51524, stack(0x000000903aa00000,0x000000903ab00000) (1024K)]
  0x000002831a3a20f0 JavaThread "pool-530-thread-1"                 [_thread_blocked, id=30148, stack(0x000000903ab00000,0x000000903ac00000) (1024K)]
  0x000002831a3a6fb0 JavaThread "Timer-529"                         [_thread_blocked, id=19124, stack(0x000000903ac00000,0x000000903ad00000) (1024K)]
  0x000002831a3a4850 JavaThread "Connection worker"                 [_thread_blocked, id=25448, stack(0x000000900eb00000,0x000000900ec00000) (1024K)]
  0x000002831a3a2e10 JavaThread "Connection worker"                 [_thread_blocked, id=39728, stack(0x000000903ad00000,0x000000903ae00000) (1024K)]
  0x000002831a3a6920 JavaThread "pool-531-thread-1"                 [_thread_blocked, id=34664, stack(0x000000900a100000,0x000000900a200000) (1024K)]
  0x000002831a3a8360 JavaThread "Timer-530"                         [_thread_blocked, id=33392, stack(0x000000903b000000,0x000000903b100000) (1024K)]
  0x000002831a3aaac0 JavaThread "Worker-5415: Initialize workspace"        [_thread_blocked, id=28332, stack(0x000000903af00000,0x000000903b000000) (1024K)]
  0x000002831a3a7cd0 JavaThread "Timer-531"                         [_thread_blocked, id=36448, stack(0x000000903b300000,0x000000903b400000) (1024K)]
  0x000002831a3ab7e0 JavaThread "Connection worker"                 [_thread_blocked, id=46768, stack(0x000000903b600000,0x000000903b700000) (1024K)]
  0x000002831a3a9da0 JavaThread "Worker-5425: Initialize workspace"        [_thread_blocked, id=27668, stack(0x000000903b200000,0x000000903b300000) (1024K)]
  0x000002831a3a9080 JavaThread "Timer-532"                         [_thread_blocked, id=43088, stack(0x000000903b900000,0x000000903ba00000) (1024K)]
  0x000002831a3acb90 JavaThread "Worker-5437: Initialize workspace"        [_thread_blocked, id=16200, stack(0x000000903b700000,0x000000903b800000) (1024K)]
  0x000002831a3ac500 JavaThread "Connection worker"                 [_thread_blocked, id=22020, stack(0x0000009012d00000,0x0000009012e00000) (1024K)]
  0x000002831a3ad8b0 JavaThread "Timer-533"                         [_thread_blocked, id=14468, stack(0x000000903bb00000,0x000000903bc00000) (1024K)]
  0x000002831a3adf40 JavaThread "Worker-5448: Initialize workspace"        [_thread_blocked, id=17084, stack(0x0000009017c00000,0x0000009017d00000) (1024K)]
  0x000002831a3b1a50 JavaThread "Connection worker"                 [_thread_blocked, id=42888, stack(0x0000009027100000,0x0000009027200000) (1024K)]
  0x000002831a3b20e0 JavaThread "pool-535-thread-1"                 [_thread_blocked, id=20892, stack(0x000000903be00000,0x000000903bf00000) (1024K)]
  0x000002831a3aec60 JavaThread "Timer-534"                         [_thread_blocked, id=9320, stack(0x000000903c200000,0x000000903c300000) (1024K)]
  0x000002831a3b0d30 JavaThread "Worker-5462: Initialize workspace"        [_thread_blocked, id=34948, stack(0x000000903bc00000,0x000000903bd00000) (1024K)]
  0x000002831a3b6280 JavaThread "Connection worker"                 [_thread_blocked, id=56656, stack(0x0000009015a00000,0x0000009015b00000) (1024K)]
  0x000002831a3b4840 JavaThread "Connection worker"                 [_thread_blocked, id=40676, stack(0x000000900f700000,0x000000900f800000) (1024K)]
  0x000002831a3b4ed0 JavaThread "pool-536-thread-1"                 [_thread_blocked, id=47620, stack(0x000000901db00000,0x000000901dc00000) (1024K)]
  0x000002831a3b5560 JavaThread "Timer-535"                         [_thread_blocked, id=21228, stack(0x000000900f100000,0x000000900f200000) (1024K)]
  0x000002831a3b2770 JavaThread "Worker-5471: Initialize workspace"        [_thread_blocked, id=53520, stack(0x0000009028e00000,0x0000009028f00000) (1024K)]
  0x000002831a3b5bf0 JavaThread "Connection worker"                 [_thread_blocked, id=32336, stack(0x000000903c100000,0x000000903c200000) (1024K)]
  0x000002831a3b6910 JavaThread "pool-537-thread-1"                 [_thread_blocked, id=37988, stack(0x000000903c300000,0x000000903c400000) (1024K)]
  0x000002831a3b41b0 JavaThread "Timer-536"                         [_thread_blocked, id=30396, stack(0x000000903c700000,0x000000903c800000) (1024K)]
  0x000002831a3b3b20 JavaThread "Worker-5488: Initialize workspace"        [_thread_blocked, id=16660, stack(0x000000903c500000,0x000000903c600000) (1024K)]
  0x000002831a3b9700 JavaThread "Connection worker"                 [_thread_blocked, id=48760, stack(0x000000903c600000,0x000000903c700000) (1024K)]
  0x000002831a38ec80 JavaThread "pool-538-thread-1"                 [_thread_blocked, id=40036, stack(0x0000009033200000,0x0000009033300000) (1024K)]
  0x000002831a3ba420 JavaThread "Timer-537"                         [_thread_blocked, id=31484, stack(0x000000903c900000,0x000000903ca00000) (1024K)]
  0x0000028315d32780 JavaThread "Worker-5496: Initialize workspace"        [_thread_blocked, id=49896, stack(0x000000903ce00000,0x000000903cf00000) (1024K)]
  0x0000028315d389f0 JavaThread "Connection worker"                 [_thread_blocked, id=20700, stack(0x0000009035a00000,0x0000009035b00000) (1024K)]
  0x0000028318edeb50 JavaThread "Timer-538"                         [_thread_blocked, id=44532, stack(0x000000902e400000,0x000000902e500000) (1024K)]
  0x0000028318ed8250 JavaThread "Connection worker"                 [_thread_blocked, id=31680, stack(0x000000900fc00000,0x000000900fd00000) (1024K)]
  0x0000028318ed9600 JavaThread "Connection worker"                 [_thread_blocked, id=57384, stack(0x0000009000d00000,0x0000009000e00000) (1024K)]
  0x0000028318ee1fd0 JavaThread "Connection worker"                 [_thread_blocked, id=4308, stack(0x0000009002e00000,0x0000009002f00000) (1024K)]
  0x0000028318ec6190 JavaThread "pool-540-thread-1"                 [_thread_blocked, id=16020, stack(0x0000009010600000,0x0000009010700000) (1024K)]
  0x0000028318ed6180 JavaThread "Connection worker"                 [_thread_blocked, id=26128, stack(0x0000009003600000,0x0000009003700000) (1024K)]
  0x0000028318ee8240 JavaThread "Connection worker"                 [_thread_blocked, id=10096, stack(0x0000009016600000,0x0000009016700000) (1024K)]
  0x0000028318ee4dc0 JavaThread "Connection worker"                 [_thread_blocked, id=28128, stack(0x0000009007200000,0x0000009007300000) (1024K)]
  0x0000028318eea9a0 JavaThread "Connection worker"                 [_thread_blocked, id=30804, stack(0x0000009004a00000,0x0000009004b00000) (1024K)]
  0x0000028318eef1d0 JavaThread "Connection worker"                 [_thread_blocked, id=29852, stack(0x000000900bb00000,0x000000900bc00000) (1024K)]
  0x0000028318ef12a0 JavaThread "Connection worker"                 [_thread_blocked, id=48432, stack(0x000000900d200000,0x000000900d300000) (1024K)]
  0x0000028318eefef0 JavaThread "Connection worker"                 [_thread_blocked, id=17508, stack(0x0000009008c00000,0x0000009008d00000) (1024K)]
  0x0000028318eede20 JavaThread "Worker-5513: Initialize workspace"        [_thread_blocked, id=27000, stack(0x000000900e100000,0x000000900e200000) (1024K)]
  0x0000028318ec7bd0 JavaThread "Timer-539"                         [_thread_blocked, id=12180, stack(0x000000901e700000,0x000000901e800000) (1024K)]
  0x0000028318ec3a30 JavaThread "Worker-5520: Initialize workspace"        [_thread_blocked, id=16572, stack(0x000000901bc00000,0x000000901bd00000) (1024K)]
  0x0000028318ecd7b0 JavaThread "Connection worker"                 [_thread_blocked, id=33280, stack(0x0000009005600000,0x0000009005700000) (1024K)]
  0x0000028318ecd120 JavaThread "pool-541-thread-1"                 [_thread_blocked, id=28900, stack(0x0000009012a00000,0x0000009012b00000) (1024K)]
  0x000002831a389dc0 JavaThread "Timer-540"                         [_thread_blocked, id=38436, stack(0x0000009021100000,0x0000009021200000) (1024K)]
  0x000002831a3a9710 JavaThread "Worker-5530: Initialize workspace"        [_thread_blocked, id=18980, stack(0x0000009018800000,0x0000009018900000) (1024K)]
  0x000002831a39f990 JavaThread "Connection worker"                 [_thread_blocked, id=25656, stack(0x0000009018c00000,0x0000009018d00000) (1024K)]
  0x000002831a3b89e0 JavaThread "Timer-541"                         [_thread_blocked, id=44280, stack(0x0000009028a00000,0x0000009028b00000) (1024K)]
  0x00000283128c84a0 JavaThread "Connection worker"                 [_thread_blocked, id=53036, stack(0x0000009012800000,0x0000009012900000) (1024K)]
  0x00000283128e1b80 JavaThread "Connection worker"                 [_thread_blocked, id=57864, stack(0x000000901de00000,0x000000901df00000) (1024K)]
  0x0000028315d32e10 JavaThread "Connection worker"                 [_thread_blocked, id=46360, stack(0x0000009010f00000,0x0000009011000000) (1024K)]
  0x0000028315d3f2f0 JavaThread "Worker-5543: Initialize workspace"        [_thread_blocked, id=47948, stack(0x0000009002600000,0x0000009002700000) (1024K)]
  0x0000028315d334a0 JavaThread "Connection worker"                 [_thread_blocked, id=37436, stack(0x0000009006e00000,0x0000009006f00000) (1024K)]
  0x0000028315d46910 JavaThread "pool-543-thread-1"                 [_thread_blocked, id=43988, stack(0x000000900ee00000,0x000000900ef00000) (1024K)]
  0x0000028315d40d30 JavaThread "Timer-542"                         [_thread_blocked, id=32968, stack(0x000000901ee00000,0x000000901ef00000) (1024K)]
  0x0000028315d4e5c0 JavaThread "Connection worker"                 [_thread_blocked, id=37528, stack(0x0000009007000000,0x0000009007100000) (1024K)]
  0x0000028315d34850 JavaThread "Connection worker"                 [_thread_blocked, id=23000, stack(0x0000009009d00000,0x0000009009e00000) (1024K)]
  0x0000028315d45560 JavaThread "Connection worker"                 [_thread_blocked, id=51304, stack(0x0000009008700000,0x0000009008800000) (1024K)]
  0x0000028315d45bf0 JavaThread "Connection worker"                 [_thread_blocked, id=47796, stack(0x0000009009f00000,0x000000900a000000) (1024K)]
  0x0000028315d49070 JavaThread "Connection worker"                 [_thread_blocked, id=18852, stack(0x0000009009900000,0x0000009009a00000) (1024K)]
  0x0000028315d4d210 JavaThread "Connection worker"                 [_thread_blocked, id=53256, stack(0x000000900a900000,0x000000900aa00000) (1024K)]
  0x0000028315d68330 JavaThread "Connection worker"                 [_thread_blocked, id=9304, stack(0x000000900b600000,0x000000900b700000) (1024K)]
  0x0000028315d313d0 JavaThread "Connection worker"                 [_thread_blocked, id=13200, stack(0x0000009006c00000,0x0000009006d00000) (1024K)]
  0x0000028315d5f2d0 JavaThread "Worker-5553: Initialize workspace"        [_thread_blocked, id=35196, stack(0x0000009009800000,0x0000009009900000) (1024K)]
  0x0000028315d6a400 JavaThread "Connection worker"                 [_thread_blocked, id=21460, stack(0x000000900e800000,0x000000900e900000) (1024K)]
  0x0000028315d53b10 JavaThread "Connection worker"                 [_thread_blocked, id=20240, stack(0x000000900ed00000,0x000000900ee00000) (1024K)]
  0x0000028315d52760 JavaThread "pool-544-thread-1"                 [_thread_blocked, id=10552, stack(0x0000009003d00000,0x0000009003e00000) (1024K)]
  0x000002831a3b2e00 JavaThread "Timer-543"                         [_thread_blocked, id=44584, stack(0x0000009018500000,0x0000009018600000) (1024K)]
  0x000002831a3a7640 JavaThread "Worker-5562: Initialize workspace"        [_thread_blocked, id=44200, stack(0x0000009014800000,0x0000009014900000) (1024K)]
  0x000002831a3b8350 JavaThread "Connection worker"                 [_thread_blocked, id=6792, stack(0x000000901ea00000,0x000000901eb00000) (1024K)]
  0x000002831a3b7630 JavaThread "Timer-544"                         [_thread_blocked, id=32200, stack(0x000000901f700000,0x000000901f800000) (1024K)]
  0x000002831a3baab0 JavaThread "pool-545-thread-1"                 [_thread_blocked, id=31576, stack(0x0000009022100000,0x0000009022200000) (1024K)]
  0x000002831a3b7cc0 JavaThread "Connection worker"                 [_thread_blocked, id=29812, stack(0x0000009010300000,0x0000009010400000) (1024K)]
  0x000002831a3b13c0 JavaThread "Worker-5577: Initialize workspace"        [_thread_blocked, id=1708, stack(0x0000009000000000,0x0000009000100000) (1024K)]
  0x000002831a3bdf30 JavaThread "pool-546-thread-1"                 [_thread_blocked, id=1376, stack(0x0000009014f00000,0x0000009015000000) (1024K)]
  0x000002831a3c4830 JavaThread "Timer-545"                         [_thread_blocked, id=53284, stack(0x0000009020100000,0x0000009020200000) (1024K)]
  0x000002831a395c10 JavaThread "Connection worker"                 [_thread_blocked, id=33428, stack(0x000000901f500000,0x000000901f600000) (1024K)]
  0x000002831a3b9070 JavaThread "pool-547-thread-1"                 [_thread_blocked, id=17272, stack(0x0000009009e00000,0x0000009009f00000) (1024K)]
  0x000002831a3c41a0 JavaThread "Worker-5592: Initialize workspace"        [_thread_blocked, id=7704, stack(0x0000009008e00000,0x0000009008f00000) (1024K)]
  0x000002831a3ad220 JavaThread "Timer-546"                         [_thread_blocked, id=22304, stack(0x0000009017700000,0x0000009017800000) (1024K)]
  0x000002831a399720 JavaThread "Worker-5599: Initialize workspace"        [_thread_blocked, id=43148, stack(0x000000900b500000,0x000000900b600000) (1024K)]
  0x000002831a3a3b30 JavaThread "Connection worker"                 [_thread_blocked, id=48764, stack(0x000000900ff00000,0x0000009010000000) (1024K)]
  0x000002831a3af2f0 JavaThread "pool-548-thread-1"                 [_thread_blocked, id=34880, stack(0x0000009017b00000,0x0000009017c00000) (1024K)]
  0x000002831a3b6fa0 JavaThread "Connection worker"                 [_thread_blocked, id=18240, stack(0x000000901e800000,0x000000901e900000) (1024K)]
  0x000002831a39df50 JavaThread "Connection worker"                 [_thread_blocked, id=52144, stack(0x000000900bc00000,0x000000900bd00000) (1024K)]
  0x00000283128d7770 JavaThread "Timer-547"                         [_thread_blocked, id=12656, stack(0x000000901f300000,0x000000901f400000) (1024K)]
  0x00000283128d8490 JavaThread "Worker-5610: Initialize workspace"        [_thread_blocked, id=54452, stack(0x000000900e300000,0x000000900e400000) (1024K)]
  0x00000283128d6a50 JavaThread "Connection worker"                 [_thread_blocked, id=51720, stack(0x0000009020200000,0x0000009020300000) (1024K)]
  0x00000283128d5010 JavaThread "pool-549-thread-1"                 [_thread_blocked, id=18776, stack(0x0000009020500000,0x0000009020600000) (1024K)]
  0x00000283128de070 JavaThread "Connection worker"                 [_thread_blocked, id=21724, stack(0x0000009022300000,0x0000009022400000) (1024K)]
  0x00000283128e5690 JavaThread "Timer-548"                         [_thread_blocked, id=50676, stack(0x0000009022900000,0x0000009022a00000) (1024K)]
  0x00000283128e07d0 JavaThread "Worker-5620: Initialize workspace"        [_thread_blocked, id=12224, stack(0x000000901cb00000,0x000000901cc00000) (1024K)]
  0x00000283128e7760 JavaThread "Connection worker"                 [_thread_blocked, id=19544, stack(0x0000009022b00000,0x0000009022c00000) (1024K)]
  0x00000283128e7df0 JavaThread "pool-550-thread-1"                 [_thread_blocked, id=13472, stack(0x0000009023900000,0x0000009023a00000) (1024K)]
  0x00000283128afae0 JavaThread "Timer-549"                         [_thread_blocked, id=1684, stack(0x0000009023b00000,0x0000009023c00000) (1024K)]
  0x00000283128aedc0 JavaThread "Connection worker"                 [_thread_blocked, id=35792, stack(0x000000900b700000,0x000000900b800000) (1024K)]
  0x00000283128b28d0 JavaThread "Worker-5631: Initialize workspace"        [_thread_blocked, id=10176, stack(0x000000901a500000,0x000000901a600000) (1024K)]
  0x00000283128b4310 JavaThread "Connection worker"                 [_thread_blocked, id=53108, stack(0x0000009025500000,0x0000009025600000) (1024K)]
  0x00000283128b56c0 JavaThread "Connection worker"                 [_thread_blocked, id=13808, stack(0x0000009024700000,0x0000009024800000) (1024K)]
  0x00000283128e6a40 JavaThread "pool-551-thread-1"                 [_thread_blocked, id=13936, stack(0x0000009018b00000,0x0000009018c00000) (1024K)]
  0x00000283128c07f0 JavaThread "Timer-550"                         [_thread_blocked, id=18648, stack(0x000000900f400000,0x000000900f500000) (1024K)]
  0x00000283128d0e70 JavaThread "Worker-5643: Initialize workspace"        [_thread_blocked, id=56500, stack(0x0000009001d00000,0x0000009001e00000) (1024K)]
  0x00000283128c4300 JavaThread "Connection worker"                 [_thread_blocked, id=56756, stack(0x000000901d700000,0x000000901d800000) (1024K)]
  0x00000283128c0e80 JavaThread "pool-552-thread-1"                 [_thread_blocked, id=57156, stack(0x0000009004600000,0x0000009004700000) (1024K)]
  0x00000283128c2230 JavaThread "Timer-551"                         [_thread_blocked, id=53576, stack(0x0000009026500000,0x0000009026600000) (1024K)]
  0x0000028318ef2650 JavaThread "Worker-5653: Initialize workspace"        [_thread_blocked, id=3412, stack(0x0000009025c00000,0x0000009025d00000) (1024K)]
  0x0000028318eed100 JavaThread "Connection worker"                 [_thread_blocked, id=56372, stack(0x0000009025e00000,0x0000009025f00000) (1024K)]
  0x0000028318ef4090 JavaThread "Connection worker"                 [_thread_blocked, id=19276, stack(0x0000009024900000,0x0000009024a00000) (1024K)]
  0x0000028318ef3370 JavaThread "pool-553-thread-1"                 [_thread_blocked, id=42616, stack(0x0000009024b00000,0x0000009024c00000) (1024K)]
  0x0000028318ebcaa0 JavaThread "Timer-552"                         [_thread_blocked, id=10836, stack(0x0000009028400000,0x0000009028500000) (1024K)]
  0x0000028318eb9620 JavaThread "Worker-5667: Initialize workspace"        [_thread_blocked, id=50932, stack(0x0000009027e00000,0x0000009027f00000) (1024K)]
  0x0000028318ec2d10 JavaThread "Connection worker"                 [_thread_blocked, id=35396, stack(0x0000009029300000,0x0000009029400000) (1024K)]
  0x0000028318ec9ca0 JavaThread "Connection worker"                 [_thread_blocked, id=45456, stack(0x000000902a200000,0x000000902a300000) (1024K)]
  0x0000028318ebbd80 JavaThread "Connection worker"                 [_thread_in_native, id=16156, stack(0x000000901b600000,0x000000901b700000) (1024K)]
  0x0000028318ec7540 JavaThread "pool-554-thread-1"                 [_thread_blocked, id=12960, stack(0x000000901fb00000,0x000000901fc00000) (1024K)]
  0x0000028318ed05a0 JavaThread "Connection worker"                 [_thread_blocked, id=57404, stack(0x0000009028b00000,0x0000009028c00000) (1024K)]
  0x0000028318edca80 JavaThread "Timer-553"                         [_thread_blocked, id=5484, stack(0x000000902c300000,0x000000902c400000) (1024K)]
  0x0000028318eceb60 JavaThread "Worker-5678: Initialize workspace"        [_thread_blocked, id=20656, stack(0x0000009028d00000,0x0000009028e00000) (1024K)]
  0x0000028318ed9c90 JavaThread "Connection worker"                 [_thread_blocked, id=30272, stack(0x000000902c400000,0x000000902c500000) (1024K)]
  0x0000028318ed3390 JavaThread "pool-555-thread-1"                 [_thread_blocked, id=12172, stack(0x000000902b500000,0x000000902b600000) (1024K)]
  0x0000028318edb040 JavaThread "Timer-554"                         [_thread_blocked, id=19044, stack(0x000000902ce00000,0x000000902cf00000) (1024K)]
  0x0000028318eda320 JavaThread "Worker-5688: Initialize workspace"        [_thread_blocked, id=48436, stack(0x000000902c700000,0x000000902c800000) (1024K)]
  0x0000028318ee0c20 JavaThread "Connection worker"                 [_thread_blocked, id=35456, stack(0x000000900d500000,0x000000900d600000) (1024K)]
  0x0000028318ede4c0 JavaThread "pool-556-thread-1"                 [_thread_blocked, id=32020, stack(0x0000009003900000,0x0000009003a00000) (1024K)]
  0x0000028318ee2cf0 JavaThread "Timer-555"                         [_thread_blocked, id=12776, stack(0x000000902cc00000,0x000000902cd00000) (1024K)]
  0x0000028318ee6800 JavaThread "Worker-5696: Initialize workspace"        [_thread_blocked, id=57296, stack(0x000000902d700000,0x000000902d800000) (1024K)]
  0x0000028318ee40a0 JavaThread "Connection worker"                 [_thread_blocked, id=54316, stack(0x0000009026b00000,0x0000009026c00000) (1024K)]
  0x0000028318ef1930 JavaThread "pool-557-thread-1"                 [_thread_blocked, id=41896, stack(0x000000901d000000,0x000000901d100000) (1024K)]
  0x000002830ff1dcc0 JavaThread "Timer-556"                         [_thread_blocked, id=54340, stack(0x000000902f000000,0x000000902f100000) (1024K)]
  0x000002830ff22b80 JavaThread "Worker-5705: Initialize workspace"        [_thread_blocked, id=42348, stack(0x000000902f300000,0x000000902f400000) (1024K)]
  0x000002830ff224f0 JavaThread "Connection worker"                 [_thread_blocked, id=45396, stack(0x000000902ef00000,0x000000902f000000) (1024K)]
  0x000002830ff217d0 JavaThread "pool-558-thread-1"                 [_thread_blocked, id=52772, stack(0x000000902f100000,0x000000902f200000) (1024K)]
  0x000002830ff245c0 JavaThread "Timer-557"                         [_thread_blocked, id=5220, stack(0x000000900a400000,0x000000900a500000) (1024K)]
  0x000002830ff21140 JavaThread "Worker-5715: Initialize workspace"        [_thread_blocked, id=44868, stack(0x0000009012c00000,0x0000009012d00000) (1024K)]
  0x000002830ff24c50 JavaThread "Connection worker"                 [_thread_in_native, id=24488, stack(0x000000902d500000,0x000000902d600000) (1024K)]
  0x000002830ff26690 JavaThread "pool-559-thread-1"                 [_thread_blocked, id=42388, stack(0x0000009006d00000,0x0000009006e00000) (1024K)]
  0x000002830ff23210 JavaThread "Timer-558"                         [_thread_blocked, id=32744, stack(0x000000902f400000,0x000000902f500000) (1024K)]
  0x000002830ff252e0 JavaThread "Worker-5727: Initialize workspace"        [_thread_blocked, id=51328, stack(0x0000009011500000,0x0000009011600000) (1024K)]
  0x000002830ff2cf90 JavaThread "Connection worker"                 [_thread_blocked, id=5704, stack(0x000000902cb00000,0x000000902cc00000) (1024K)]
  0x000002830ff345b0 JavaThread "pool-560-thread-1"                 [_thread_blocked, id=43572, stack(0x000000902ff00000,0x0000009030000000) (1024K)]
  0x000002830fed7c20 JavaThread "Timer-559"                         [_thread_blocked, id=1832, stack(0x0000009034900000,0x0000009034a00000) (1024K)]
  0x000002830feda380 JavaThread "Worker-5739: Initialize workspace"        [_thread_blocked, id=54884, stack(0x0000009032800000,0x0000009032900000) (1024K)]
  0x000002830fee5b40 JavaThread "Connection worker"                 [_thread_blocked, id=56192, stack(0x0000009035400000,0x0000009035500000) (1024K)]
  0x000002830fee8930 JavaThread "pool-561-thread-1"                 [_thread_blocked, id=58216, stack(0x0000009036000000,0x0000009036100000) (1024K)]
  0x000002831a3a89f0 JavaThread "Connection worker"                 [_thread_blocked, id=32964, stack(0x000000902bf00000,0x000000902c000000) (1024K)]
  0x000002831a3ae5d0 JavaThread "Connection worker"                 [_thread_blocked, id=45524, stack(0x000000900ab00000,0x000000900ac00000) (1024K)]
  0x000002831a3b06a0 JavaThread "Connection worker"                 [_thread_in_native, id=9984, stack(0x0000009007700000,0x0000009007800000) (1024K)]
  0x000002831a396930 JavaThread "Timer-560"                         [_thread_blocked, id=52336, stack(0x000000900ac00000,0x000000900ad00000) (1024K)]
  0x000002830f659700 JavaThread "Connection worker"                 [_thread_blocked, id=32620, stack(0x000000900dd00000,0x000000900de00000) (1024K)]
  0x000002830f63be80 JavaThread "Worker-5751: Initialize workspace"        [_thread_blocked, id=10920, stack(0x000000901f600000,0x000000901f700000) (1024K)]
  0x000002830f63b160 JavaThread "Connection worker"                 [_thread_blocked, id=53848, stack(0x000000900de00000,0x000000900df00000) (1024K)]
  0x000002830f63c510 JavaThread "pool-562-thread-1"                 [_thread_blocked, id=42400, stack(0x000000901fd00000,0x000000901fe00000) (1024K)]
  0x00000272664d8d10 JavaThread "Timer-561"                         [_thread_blocked, id=51420, stack(0x0000009032700000,0x0000009032800000) (1024K)]
  0x00000272664e65a0 JavaThread "Worker-5763: Initialize workspace"        [_thread_blocked, id=17596, stack(0x0000009030a00000,0x0000009030b00000) (1024K)]
  0x00000272664e7fe0 JavaThread "Connection worker"                 [_thread_blocked, id=5400, stack(0x0000009035000000,0x0000009035100000) (1024K)]
  0x00000272664e5880 JavaThread "pool-563-thread-1"                 [_thread_blocked, id=49104, stack(0x0000009039300000,0x0000009039400000) (1024K)]
  0x0000028318ee8f60 JavaThread "Timer-562"                         [_thread_blocked, id=22640, stack(0x0000009035d00000,0x0000009035e00000) (1024K)]
  0x0000028318eb6ec0 JavaThread "Worker-5775: Initialize workspace"        [_thread_blocked, id=28708, stack(0x0000009023800000,0x0000009023900000) (1024K)]
  0x0000028318eb5480 JavaThread "Connection worker"                 [_thread_blocked, id=52172, stack(0x000000903ae00000,0x000000903af00000) (1024K)]
  0x0000028318ee4730 JavaThread "pool-564-thread-1"                 [_thread_blocked, id=11728, stack(0x000000903b800000,0x000000903b900000) (1024K)]
  0x0000027265e78570 JavaThread "Timer-563"                         [_thread_blocked, id=54044, stack(0x000000903ba00000,0x000000903bb00000) (1024K)]
  0x0000027265e70230 JavaThread "Worker-5786: Initialize workspace"        [_thread_blocked, id=54580, stack(0x000000902bc00000,0x000000902bd00000) (1024K)]
  0x0000027265e764a0 JavaThread "Connection worker"                 [_thread_blocked, id=16064, stack(0x000000903cb00000,0x000000903cc00000) (1024K)]
  0x0000027265e79fb0 JavaThread "pool-565-thread-1"                 [_thread_blocked, id=31508, stack(0x000000903cc00000,0x000000903cd00000) (1024K)]
  0x00000283128d9840 JavaThread "Timer-564"                         [_thread_blocked, id=10868, stack(0x000000903cf00000,0x000000903d000000) (1024K)]
  0x00000283128d42f0 JavaThread "Worker-5796: Initialize workspace"        [_thread_blocked, id=20632, stack(0x0000009039800000,0x0000009039900000) (1024K)]
  0x00000283128c4990 JavaThread "Connection worker"                 [_thread_blocked, id=28400, stack(0x000000903d000000,0x000000903d100000) (1024K)]
  0x00000283128c3c70 JavaThread "pool-566-thread-1"                 [_thread_blocked, id=55848, stack(0x000000903d100000,0x000000903d200000) (1024K)]
  0x0000027266a33e80 JavaThread "Timer-565"                         [_thread_blocked, id=50736, stack(0x000000903d200000,0x000000903d300000) (1024K)]
  0x00000282fcf3cd90 JavaThread "Worker-5803: Initialize workspace"        [_thread_blocked, id=33532, stack(0x000000903d400000,0x000000903d500000) (1024K)]
  0x000002830f64a430 JavaThread "Timer-566"                         [_thread_blocked, id=52760, stack(0x0000009009500000,0x0000009009600000) (1024K)]
  0x000002831069fb00 JavaThread "Connection worker"                 [_thread_blocked, id=51120, stack(0x0000009017800000,0x0000009017900000) (1024K)]
  0x000002831069cd10 JavaThread "pool-568-thread-1"                 [_thread_blocked, id=49572, stack(0x000000901ff00000,0x0000009020000000) (1024K)]
  0x0000028318eeeb40 JavaThread "Connection worker"                 [_thread_blocked, id=57072, stack(0x0000009011f00000,0x0000009012000000) (1024K)]
  0x000002831a3af980 JavaThread "Connection worker"                 [_thread_blocked, id=54712, stack(0x0000009002000000,0x0000009002100000) (1024K)]
  0x000002831a3a6290 JavaThread "Connection worker"                 [_thread_blocked, id=57876, stack(0x0000009014300000,0x0000009014400000) (1024K)]
  0x000002831a3bec50 JavaThread "Worker-5821: Initialize workspace"        [_thread_blocked, id=32868, stack(0x000000900a000000,0x000000900a100000) (1024K)]
  0x00000283128b1520 JavaThread "Timer-567"                         [_thread_blocked, id=28228, stack(0x0000009016700000,0x0000009016800000) (1024K)]
  0x00000283128b7e20 JavaThread "Worker-5826: Initialize workspace"        [_thread_blocked, id=24212, stack(0x0000009016500000,0x0000009016600000) (1024K)]
  0x00000283128cf430 JavaThread "Connection worker"                 [_thread_blocked, id=35564, stack(0x0000009018700000,0x0000009018800000) (1024K)]
  0x00000283128d56a0 JavaThread "Connection worker"                 [_thread_blocked, id=12684, stack(0x000000900c000000,0x000000900c100000) (1024K)]
  0x0000028318ec5470 JavaThread "Timer-568"                         [_thread_blocked, id=40428, stack(0x000000901be00000,0x000000901bf00000) (1024K)]
  0x0000028318ecde40 JavaThread "pool-569-thread-1"                 [_thread_blocked, id=21988, stack(0x0000009024e00000,0x0000009024f00000) (1024K)]
  0x0000028318eef860 JavaThread "Worker-5838: Initialize workspace"        [_thread_blocked, id=16816, stack(0x0000009019a00000,0x0000009019b00000) (1024K)]
  0x000002726655b400 JavaThread "Connection worker"                 [_thread_blocked, id=17812, stack(0x000000901a100000,0x000000901a200000) (1024K)]
  0x000002726655a6e0 JavaThread "Connection worker"                 [_thread_blocked, id=4556, stack(0x000000901c400000,0x000000901c500000) (1024K)]
  0x0000027266560950 JavaThread "pool-570-thread-1"                 [_thread_blocked, id=11020, stack(0x0000009006700000,0x0000009006800000) (1024K)]
  0x000002830f649da0 JavaThread "Timer-569"                         [_thread_blocked, id=21024, stack(0x000000902b900000,0x000000902ba00000) (1024K)]
  0x000002830f63a440 JavaThread "Connection worker"                 [_thread_blocked, id=38624, stack(0x0000009029400000,0x0000009029500000) (1024K)]
  0x000002830f64aac0 JavaThread "pool-571-thread-1"                 [_thread_blocked, id=11364, stack(0x0000009032a00000,0x0000009032b00000) (1024K)]
  0x000002830f647640 JavaThread "Connection worker"                 [_thread_blocked, id=20504, stack(0x0000009032b00000,0x0000009032c00000) (1024K)]
  0x000002830f64c500 JavaThread "Worker-5851: Initialize workspace"        [_thread_blocked, id=9104, stack(0x0000009036700000,0x0000009036800000) (1024K)]
  0x000002831069e750 JavaThread "Timer-570"                         [_thread_blocked, id=5404, stack(0x000000903bd00000,0x000000903be00000) (1024K)]
  0x000002831a393b40 JavaThread "Connection worker"                 [_thread_blocked, id=48532, stack(0x0000009001700000,0x0000009001800000) (1024K)]
  0x000002831a3abe70 JavaThread "Worker-5857: Initialize workspace"        [_thread_blocked, id=8520, stack(0x0000009038900000,0x0000009038a00000) (1024K)]
  0x00000282fb3e14a0 JavaThread "Connection worker"                 [_thread_blocked, id=37824, stack(0x000000900fd00000,0x000000900fe00000) (1024K)]
  0x00000282fb3e7710 JavaThread "pool-572-thread-1"                 [_thread_blocked, id=11456, stack(0x0000009032c00000,0x0000009032d00000) (1024K)]
  0x00000282fcf38560 JavaThread "Timer-571"                         [_thread_blocked, id=55540, stack(0x000000903bf00000,0x000000903c000000) (1024K)]
  0x00000282fcf3d420 JavaThread "Worker-5866: Initialize workspace"        [_thread_blocked, id=32360, stack(0x000000903c400000,0x000000903c500000) (1024K)]
  0x00000282fcf43690 JavaThread "Connection worker"                 [_thread_blocked, id=35908, stack(0x0000009039100000,0x0000009039200000) (1024K)]
  0x00000282fcf3ee60 JavaThread "pool-573-thread-1"                 [_thread_blocked, id=17708, stack(0x0000009038c00000,0x0000009038d00000) (1024K)]
  0x00000282fbc4b3b0 JavaThread "Timer-572"                         [_thread_blocked, id=23516, stack(0x000000903cd00000,0x000000903ce00000) (1024K)]
  0x0000027265f7bda0 JavaThread "Connection worker"                 [_thread_blocked, id=30140, stack(0x0000009031f00000,0x0000009032000000) (1024K)]
  0x0000027265f7d7e0 JavaThread "Worker-5878: Initialize workspace"        [_thread_blocked, id=57260, stack(0x000000903c800000,0x000000903c900000) (1024K)]
  0x0000027265f7a360 JavaThread "Connection worker"                 [_thread_blocked, id=33996, stack(0x0000009011300000,0x0000009011400000) (1024K)]
  0x0000027266a2fce0 JavaThread "Connection worker"                 [_thread_blocked, id=46764, stack(0x0000009032000000,0x0000009032100000) (1024K)]
  0x0000027266a2f650 JavaThread "pool-574-thread-1"                 [_thread_blocked, id=47392, stack(0x0000009020b00000,0x0000009020c00000) (1024K)]
  0x0000027266a33160 JavaThread "Exec process"                      [_thread_in_native, id=38736, stack(0x000000903b100000,0x000000903b200000) (1024K)]
  0x0000028310695060 JavaThread "Timer-573"                         [_thread_blocked, id=56544, stack(0x000000903d300000,0x000000903d400000) (1024K)]
  0x0000028310697130 JavaThread "Worker-5887: Initialize workspace"        [_thread_blocked, id=30176, stack(0x000000903ca00000,0x000000903cb00000) (1024K)]
  0x00000283106a28f0 JavaThread "Exec process"                      [_thread_in_native, id=24844, stack(0x000000903d500000,0x000000903d600000) (1024K)]
  0x000002830ff25970 JavaThread "Connection worker"                 [_thread_blocked, id=52416, stack(0x000000903d700000,0x000000903d800000) (1024K)]
  0x000002830ff30aa0 JavaThread "pool-575-thread-1"                 [_thread_blocked, id=49424, stack(0x000000903d800000,0x000000903d900000) (1024K)]
  0x000002830ff31130 JavaThread "Worker-5892: Initialize workspace"        [_thread_blocked, id=10532, stack(0x000000902f800000,0x000000902f900000) (1024K)]
  0x00000282fbc41cc0 JavaThread "Timer-574"                         [_thread_blocked, id=45520, stack(0x000000903db00000,0x000000903dc00000) (1024K)]
  0x00000282fbc47f30 JavaThread "Connection worker"                 [_thread_blocked, id=44304, stack(0x000000903dc00000,0x000000903dd00000) (1024K)]
  0x00000272664e16e0 JavaThread "Exec process"                      [_thread_in_native, id=29592, stack(0x000000903dd00000,0x000000903de00000) (1024K)]
  0x000002830fed9660 JavaThread "Exec process Thread 2"             [_thread_blocked, id=26528, stack(0x000000903e000000,0x000000903e100000) (1024K)]
  0x000002830fedb730 JavaThread "Timer-575"                         [_thread_blocked, id=27868, stack(0x000000903df00000,0x000000903e000000) (1024K)]
  0x000002830fee19a0 JavaThread "pool-576-thread-1"                 [_thread_blocked, id=5300, stack(0x000000903e200000,0x000000903e300000) (1024K)]
  0x000002830fee26c0 JavaThread "Worker-5903: Initialize workspace"        [_thread_blocked, id=16920, stack(0x000000903de00000,0x000000903df00000) (1024K)]
  0x000002830fee6860 JavaThread "Connection worker"                 [_thread_blocked, id=57560, stack(0x000000903b400000,0x000000903b500000) (1024K)]
  0x000002830fee4100 JavaThread "Connection worker"                 [_thread_blocked, id=24560, stack(0x000000903b500000,0x000000903b600000) (1024K)]
  0x000002830fee7c10 JavaThread "Exec process Thread 2"             [_thread_blocked, id=44724, stack(0x0000009014000000,0x0000009014100000) (1024K)]
  0x000002830feecad0 JavaThread "Connection worker"                 [_thread_blocked, id=34644, stack(0x0000009008100000,0x0000009008200000) (1024K)]
  0x000002830fee9650 JavaThread "pool-577-thread-1"                 [_thread_blocked, id=5412, stack(0x000000903c000000,0x000000903c100000) (1024K)]
  0x0000028315d30d40 JavaThread "Exec process Thread 2"             [_thread_blocked, id=23732, stack(0x000000903e300000,0x000000903e400000) (1024K)]
  0x0000028315d2f300 JavaThread "Timer-576"                         [_thread_blocked, id=45948, stack(0x000000903e500000,0x000000903e600000) (1024K)]
  0x0000028315d34ee0 JavaThread "Exec process"                      [_thread_blocked, id=45616, stack(0x000000903e700000,0x000000903e800000) (1024K)]
  0x0000028315d36290 JavaThread "Exec process Thread 2"             [_thread_blocked, id=44052, stack(0x000000903e900000,0x000000903ea00000) (1024K)]
  0x0000028315d35570 JavaThread "Exec process Thread 2"             [_thread_blocked, id=12984, stack(0x000000903e800000,0x000000903e900000) (1024K)]
  0x0000028315d3ec60 JavaThread "Connection worker"                 [_thread_blocked, id=40360, stack(0x000000903e400000,0x000000903e500000) (1024K)]
  0x0000028315d3d220 JavaThread "pool-578-thread-1"                 [_thread_blocked, id=56540, stack(0x000000903ea00000,0x000000903eb00000) (1024K)]
  0x0000028315d3be70 JavaThread "Exec process"                      [_thread_in_native, id=11124, stack(0x000000903eb00000,0x000000903ec00000) (1024K)]
  0x0000028315d42770 JavaThread "Exec process Thread 2"             [_thread_blocked, id=38068, stack(0x000000903ec00000,0x000000903ed00000) (1024K)]
  0x0000028315d50690 JavaThread "Connection worker"                 [_thread_blocked, id=48256, stack(0x000000903f200000,0x000000903f300000) (1024K)]
  0x0000028315d4b7d0 JavaThread "Exec process"                      [_thread_in_native, id=13348, stack(0x0000009012000000,0x0000009012100000) (1024K)]
  0x0000028315d31a60 JavaThread "Connection worker"                 [_thread_new, id=4856, stack(0x0000000000000000,0x0000000000000000) (0B)]
  0x0000028315d2ec70 JavaThread "Exec process"                      [_thread_new, id=47632, stack(0x0000000000000000,0x0000000000000000) (0B)]
  0x0000028315d50690 JavaThread "Connection worker"                 [_thread_blocked, id=48256, stack(0x000000903f200000,0x000000903f300000) (1024K)]
  0x0000028315d4b7d0 JavaThread "Exec process"                      [_thread_in_native, id=13348, stack(0x0000009012000000,0x0000009012100000) (1024K)]
Total: 1235

Other Threads:
  0x000002721c754ae0 VMThread "VM Thread"                           [id=33936, stack(0x0000009067b00000,0x0000009067c00000) (1024K)] _threads_hazard_ptr=0x0000028316b56e30
  0x000002721c64ca00 WatcherThread "VM Periodic Task Thread"        [id=46780, stack(0x0000009067a00000,0x0000009067b00000) (1024K)]
  0x0000027269e56e60 WorkerThread "GC Thread#0"                     [id=49144, stack(0x0000009067900000,0x0000009067a00000) (1024K)]
  0x000002726464d880 WorkerThread "GC Thread#1"                     [id=8840, stack(0x0000009068800000,0x0000009068900000) (1024K)]
  0x00000272644ac510 WorkerThread "GC Thread#2"                     [id=20584, stack(0x0000009068900000,0x0000009068a00000) (1024K)]
  0x00000272644a5ed0 WorkerThread "GC Thread#3"                     [id=21564, stack(0x0000009068a00000,0x0000009068b00000) (1024K)]
  0x00000272644a6280 WorkerThread "GC Thread#4"                     [id=6428, stack(0x0000009068b00000,0x0000009068c00000) (1024K)]
  0x0000027264afa9f0 WorkerThread "GC Thread#5"                     [id=17216, stack(0x0000009068c00000,0x0000009068d00000) (1024K)]
  0x0000027264422710 WorkerThread "GC Thread#6"                     [id=32548, stack(0x0000009068d00000,0x0000009068e00000) (1024K)]
  0x0000027264b24090 WorkerThread "GC Thread#7"                     [id=3988, stack(0x0000009068700000,0x0000009068800000) (1024K)]
  0x00000272649b1be0 WorkerThread "GC Thread#8"                     [id=17336, stack(0x0000009069300000,0x0000009069400000) (1024K)]
  0x00000272649b1f90 WorkerThread "GC Thread#9"                     [id=24736, stack(0x0000009069400000,0x0000009069500000) (1024K)]
Total: 12

Threads with active compile tasks:
C2 CompilerThread0   601623 22465       4       org.objectweb.asm.ClassReader::accept (1419 bytes)
Total: 1

VM state: synchronizing (normal execution)

VM Mutex/Monitor currently owned by a thread:  ([mutex/lock_event])
[0x00007ffa3e11af50] Threads_lock - owner thread: 0x000002721c754ae0
[0x00007ffa3e11b050] Heap_lock - owner thread: 0x000002831a3890a0

OutOfMemory and StackOverflow Exception counts:
OutOfMemoryError java_heap_errors=2
LinkageErrors=493

CDS archive(s) mapped at: [0x000002721d000000-0x000002721dc90000-0x000002721dc90000), size 13172736, SharedBaseAddress: 0x000002721d000000, ArchiveRelocationMode: 1.
Compressed class space mapped at: 0x000002721e000000-0x000002725e000000, reserved size: 1073741824
Narrow klass base: 0x000002721d000000, Narrow klass shift: 0, Narrow klass range: 0x100000000

GC Precious Log:
 CardTable entry size: 512
 CPUs: 12 total, 12 available
 Memory: 15690M
 Large Page Support: Disabled
 NUMA Support: Disabled
 Compressed Oops: Disabled
 Alignments: Space 512K, Generation 512K, Heap 2M
 Heap Min Capacity: 100M
 Heap Initial Capacity: 100M
 Heap Max Capacity: 64G
 Pre-touch: Disabled
 Parallel Workers: 10

Heap:
 PSYoungGen      total 2048K, used 2047K [0x0000027d1cf00000, 0x0000027d1d280000, 0x0000028272400000)
  eden space 1536K, 99% used [0x0000027d1cf00000,0x0000027d1d07fff8,0x0000027d1d080000)
  from space 512K, 100% used [0x0000027d1d080000,0x0000027d1d100000,0x0000027d1d100000)
  to   space 1024K, 0% used [0x0000027d1d180000,0x0000027d1d180000,0x0000027d1d280000)
 ParOldGen       total 217088K, used 205453K [0x0000027272400000, 0x000002727f800000, 0x0000027d1cf00000)
  object space 217088K, 94% used [0x0000027272400000,0x000002727eca3538,0x000002727f800000)
 Metaspace       used 96715K, committed 99456K, reserved 1179648K
  class space    used 9601K, committed 10944K, reserved 1048576K

Card table byte_map: [0x000002720f000000,0x0000027217010000] _byte_map_base: 0x00000270d5c6e000

Marking Bits: (ParMarkBitMap*) 0x00007ffa3e11fea0
 Begin Bits: [0x0000028272400000, 0x00000282b2400000)
 End Bits:   [0x00000282b2400000, 0x00000282f2400000)

Polling page: 0x0000027267cf0000

Metaspace:

Usage:
  Non-class:     85.07 MB used.
      Class:      9.38 MB used.
       Both:     94.45 MB used.

Virtual space:
  Non-class space:      128.00 MB reserved,      86.44 MB ( 68%) committed,  2 nodes.
      Class space:        1.00 GB reserved,      10.69 MB (  1%) committed,  1 nodes.
             Both:        1.12 GB reserved,      97.12 MB (  8%) committed. 

Chunk freelists:
   Non-Class:  8.73 MB
       Class:  5.26 MB
        Both:  13.98 MB

MaxMetaspaceSize: unlimited
CompressedClassSpaceSize: 1.00 GB
Initial GC threshold: 21.00 MB
Current GC threshold: 161.69 MB
CDS: on
 - commit_granule_bytes: 65536.
 - commit_granule_words: 8192.
 - virtual_space_node_default_size: 8388608.
 - enlarge_chunks_in_place: 1.
 - use_allocation_guard: 0.


Internal statistics:

num_allocs_failed_limit: 9.
num_arena_births: 3472.
num_arena_deaths: 344.
num_vsnodes_births: 3.
num_vsnodes_deaths: 0.
num_space_committed: 1554.
num_space_uncommitted: 0.
num_chunks_returned_to_freelist: 527.
num_chunks_taken_from_freelist: 9190.
num_chunk_merges: 208.
num_chunk_splits: 5535.
num_chunks_enlarged: 2816.
num_inconsistent_stats: 0.

CodeHeap 'non-profiled nmethods': size=120000Kb used=18614Kb max_used=18614Kb free=101386Kb
 bounds [0x0000027207ad0000, 0x0000027208d00000, 0x000002720f000000]
CodeHeap 'profiled nmethods': size=120000Kb used=34883Kb max_used=34883Kb free=85116Kb
 bounds [0x0000027200000000, 0x0000027202220000, 0x0000027207530000]
CodeHeap 'non-nmethods': size=5760Kb used=1449Kb max_used=1514Kb free=4310Kb
 bounds [0x0000027207530000, 0x00000272077a0000, 0x0000027207ad0000]
 total_blobs=18183 nmethods=17420 adapters=666
 compilation: enabled
              stopped_count=0, restarted_count=0
 full_count=0

Compilation events (20 events):
Event: 597.824 Thread 0x000002725e9d4d20 nmethod 22459 0x0000027208cf7b90 code [0x0000027208cf7da0, 0x0000027208cf81a0]
Event: 597.948 Thread 0x000002725e9d4d20 22460   !   4       java.io.InputStream::read (81 bytes)
Event: 598.010 Thread 0x000002725e9d4d20 nmethod 22460 0x0000027208cf8610 code [0x0000027208cf8940, 0x0000027208cfa8d8]
Event: 598.125 Thread 0x000002725e9d4d20 22461       4       org.gradle.process.internal.JvmOptions::formatSystemProperties (153 bytes)
Event: 598.199 Thread 0x000002725e9d4d20 nmethod 22461 0x0000027208cfb490 code [0x0000027208cfb720, 0x0000027208cfca40]
Event: 598.408 Thread 0x000002725e9d53d0 22462       3       java.nio.file.Files::move (31 bytes)
Event: 598.409 Thread 0x000002725e9d53d0 nmethod 22462 0x0000027200581810 code [0x0000027200581a20, 0x0000027200582058]
Event: 598.409 Thread 0x000002725e9d53d0 22464   !   3       sun.nio.fs.WindowsFileCopy::move (688 bytes)
Event: 598.415 Thread 0x000002725e9d53d0 nmethod 22464 0x0000027202218990 code [0x0000027202219120, 0x000002720221cba0]
Event: 598.415 Thread 0x000002725e9d53d0 22463       3       sun.nio.fs.WindowsFileSystemProvider::move (13 bytes)
Event: 598.416 Thread 0x000002725e9d53d0 nmethod 22463 0x0000027201333b90 code [0x0000027201333de0, 0x0000027201334800]
Event: 600.326 Thread 0x000002725e9d4d20 22465       4       org.objectweb.asm.ClassReader::accept (1419 bytes)
Event: 600.328 Thread 0x000002725e9d53d0 22466       3       java.security.Permissions::add (54 bytes)
Event: 600.329 Thread 0x000002725e9d53d0 nmethod 22466 0x0000027200c6d710 code [0x0000027200c6d900, 0x0000027200c6df68]
Event: 600.329 Thread 0x000002725e9d53d0 22467       3       java.security.Permissions::getPermissionCollection (39 bytes)
Event: 600.329 Thread 0x000002725e9d53d0 nmethod 22467 0x0000027200c6ce10 code [0x0000027200c6cfe0, 0x0000027200c6d390]
Event: 600.505 Thread 0x000002725e9d53d0 22468       3       java.io.ObjectStreamClass$Caches$2::computeValue (6 bytes)
Event: 600.508 Thread 0x000002725e9d53d0 nmethod 22468 0x0000027200581210 code [0x00000272005813e0, 0x00000272005816e0]
Event: 600.508 Thread 0x000002725e9d53d0 22469       3       java.io.ObjectStreamClass$Caches$2::computeValue (8 bytes)
Event: 600.508 Thread 0x000002725e9d53d0 nmethod 22469 0x00000272001a8710 code [0x00000272001a88c0, 0x00000272001a8b50]

GC Heap History (20 events):
Event: 598.837 GC heap before
{Heap before GC invocations=8614 (full 148):
 PSYoungGen      total 2048K, used 1408K [0x0000027d1cf00000, 0x0000027d1d200000, 0x0000028272400000)
  eden space 1024K, 100% used [0x0000027d1cf00000,0x0000027d1d000000,0x0000027d1d000000)
  from space 1024K, 37% used [0x0000027d1d100000,0x0000027d1d160000,0x0000027d1d200000)
  to   space 1024K, 0% used [0x0000027d1d000000,0x0000027d1d000000,0x0000027d1d100000)
 ParOldGen       total 217088K, used 203115K [0x0000027272400000, 0x000002727f800000, 0x0000027d1cf00000)
  object space 217088K, 93% used [0x0000027272400000,0x000002727ea5af28,0x000002727f800000)
 Metaspace       used 96561K, committed 99328K, reserved 1179648K
  class space    used 9573K, committed 10944K, reserved 1048576K
}
Event: 598.839 GC heap after
{Heap after GC invocations=8614 (full 148):
 PSYoungGen      total 2048K, used 480K [0x0000027d1cf00000, 0x0000027d1d180000, 0x0000028272400000)
  eden space 1024K, 0% used [0x0000027d1cf00000,0x0000027d1cf00000,0x0000027d1d000000)
  from space 1024K, 46% used [0x0000027d1d000000,0x0000027d1d078000,0x0000027d1d100000)
  to   space 512K, 0% used [0x0000027d1d100000,0x0000027d1d100000,0x0000027d1d180000)
 ParOldGen       total 217088K, used 203219K [0x0000027272400000, 0x000002727f800000, 0x0000027d1cf00000)
  object space 217088K, 93% used [0x0000027272400000,0x000002727ea74f28,0x000002727f800000)
 Metaspace       used 96561K, committed 99328K, reserved 1179648K
  class space    used 9573K, committed 10944K, reserved 1048576K
}
Event: 598.864 GC heap before
{Heap before GC invocations=8615 (full 148):
 PSYoungGen      total 2048K, used 1498K [0x0000027d1cf00000, 0x0000027d1d180000, 0x0000028272400000)
  eden space 1024K, 99% used [0x0000027d1cf00000,0x0000027d1cffe8d0,0x0000027d1d000000)
  from space 1024K, 46% used [0x0000027d1d000000,0x0000027d1d078000,0x0000027d1d100000)
  to   space 512K, 0% used [0x0000027d1d100000,0x0000027d1d100000,0x0000027d1d180000)
 ParOldGen       total 217088K, used 203219K [0x0000027272400000, 0x000002727f800000, 0x0000027d1cf00000)
  object space 217088K, 93% used [0x0000027272400000,0x000002727ea74f28,0x000002727f800000)
 Metaspace       used 96561K, committed 99328K, reserved 1179648K
  class space    used 9573K, committed 10944K, reserved 1048576K
}
Event: 598.866 GC heap after
{Heap after GC invocations=8615 (full 148):
 PSYoungGen      total 1536K, used 435K [0x0000027d1cf00000, 0x0000027d1d180000, 0x0000028272400000)
  eden space 1024K, 0% used [0x0000027d1cf00000,0x0000027d1cf00000,0x0000027d1d000000)
  from space 512K, 85% used [0x0000027d1d100000,0x0000027d1d16cd80,0x0000027d1d180000)
  to   space 512K, 0% used [0x0000027d1d080000,0x0000027d1d080000,0x0000027d1d100000)
 ParOldGen       total 217088K, used 203339K [0x0000027272400000, 0x000002727f800000, 0x0000027d1cf00000)
  object space 217088K, 93% used [0x0000027272400000,0x000002727ea92fa8,0x000002727f800000)
 Metaspace       used 96561K, committed 99328K, reserved 1179648K
  class space    used 9573K, committed 10944K, reserved 1048576K
}
Event: 599.247 GC heap before
{Heap before GC invocations=8616 (full 148):
 PSYoungGen      total 1536K, used 1459K [0x0000027d1cf00000, 0x0000027d1d180000, 0x0000028272400000)
  eden space 1024K, 99% used [0x0000027d1cf00000,0x0000027d1cfffff8,0x0000027d1d000000)
  from space 512K, 85% used [0x0000027d1d100000,0x0000027d1d16cd80,0x0000027d1d180000)
  to   space 512K, 0% used [0x0000027d1d080000,0x0000027d1d080000,0x0000027d1d100000)
 ParOldGen       total 217088K, used 203339K [0x0000027272400000, 0x000002727f800000, 0x0000027d1cf00000)
  object space 217088K, 93% used [0x0000027272400000,0x000002727ea92fa8,0x000002727f800000)
 Metaspace       used 96561K, committed 99328K, reserved 1179648K
  class space    used 9573K, committed 10944K, reserved 1048576K
}
Event: 599.249 GC heap after
{Heap after GC invocations=8616 (full 148):
 PSYoungGen      total 1536K, used 352K [0x0000027d1cf00000, 0x0000027d1d180000, 0x0000028272400000)
  eden space 1024K, 0% used [0x0000027d1cf00000,0x0000027d1cf00000,0x0000027d1d000000)
  from space 512K, 68% used [0x0000027d1d080000,0x0000027d1d0d8000,0x0000027d1d100000)
  to   space 512K, 0% used [0x0000027d1d100000,0x0000027d1d100000,0x0000027d1d180000)
 ParOldGen       total 217088K, used 203555K [0x0000027272400000, 0x000002727f800000, 0x0000027d1cf00000)
  object space 217088K, 93% used [0x0000027272400000,0x000002727eac8fa8,0x000002727f800000)
 Metaspace       used 96561K, committed 99328K, reserved 1179648K
  class space    used 9573K, committed 10944K, reserved 1048576K
}
Event: 599.279 GC heap before
{Heap before GC invocations=8617 (full 148):
 PSYoungGen      total 1536K, used 1376K [0x0000027d1cf00000, 0x0000027d1d180000, 0x0000028272400000)
  eden space 1024K, 100% used [0x0000027d1cf00000,0x0000027d1d000000,0x0000027d1d000000)
  from space 512K, 68% used [0x0000027d1d080000,0x0000027d1d0d8000,0x0000027d1d100000)
  to   space 512K, 0% used [0x0000027d1d100000,0x0000027d1d100000,0x0000027d1d180000)
 ParOldGen       total 217088K, used 203555K [0x0000027272400000, 0x000002727f800000, 0x0000027d1cf00000)
  object space 217088K, 93% used [0x0000027272400000,0x000002727eac8fa8,0x000002727f800000)
 Metaspace       used 96561K, committed 99328K, reserved 1179648K
  class space    used 9573K, committed 10944K, reserved 1048576K
}
Event: 599.281 GC heap after
{Heap after GC invocations=8617 (full 148):
 PSYoungGen      total 1536K, used 256K [0x0000027d1cf00000, 0x0000027d1d180000, 0x0000028272400000)
  eden space 1024K, 0% used [0x0000027d1cf00000,0x0000027d1cf00000,0x0000027d1d000000)
  from space 512K, 50% used [0x0000027d1d100000,0x0000027d1d140000,0x0000027d1d180000)
  to   space 512K, 0% used [0x0000027d1d080000,0x0000027d1d080000,0x0000027d1d100000)
 ParOldGen       total 217088K, used 203731K [0x0000027272400000, 0x000002727f800000, 0x0000027d1cf00000)
  object space 217088K, 93% used [0x0000027272400000,0x000002727eaf4fd8,0x000002727f800000)
 Metaspace       used 96561K, committed 99328K, reserved 1179648K
  class space    used 9573K, committed 10944K, reserved 1048576K
}
Event: 600.291 GC heap before
{Heap before GC invocations=8618 (full 148):
 PSYoungGen      total 1536K, used 1273K [0x0000027d1cf00000, 0x0000027d1d180000, 0x0000028272400000)
  eden space 1024K, 99% used [0x0000027d1cf00000,0x0000027d1cffe458,0x0000027d1d000000)
  from space 512K, 50% used [0x0000027d1d100000,0x0000027d1d140000,0x0000027d1d180000)
  to   space 512K, 0% used [0x0000027d1d080000,0x0000027d1d080000,0x0000027d1d100000)
 ParOldGen       total 217088K, used 203731K [0x0000027272400000, 0x000002727f800000, 0x0000027d1cf00000)
  object space 217088K, 93% used [0x0000027272400000,0x000002727eaf4fd8,0x000002727f800000)
 Metaspace       used 96561K, committed 99328K, reserved 1179648K
  class space    used 9573K, committed 10944K, reserved 1048576K
}
Event: 600.294 GC heap after
{Heap after GC invocations=8618 (full 148):
 PSYoungGen      total 1536K, used 256K [0x0000027d1cf00000, 0x0000027d1d180000, 0x0000028272400000)
  eden space 1024K, 0% used [0x0000027d1cf00000,0x0000027d1cf00000,0x0000027d1d000000)
  from space 512K, 50% used [0x0000027d1d080000,0x0000027d1d0c0000,0x0000027d1d100000)
  to   space 512K, 0% used [0x0000027d1d100000,0x0000027d1d100000,0x0000027d1d180000)
 ParOldGen       total 217088K, used 203803K [0x0000027272400000, 0x000002727f800000, 0x0000027d1cf00000)
  object space 217088K, 93% used [0x0000027272400000,0x000002727eb06fe8,0x000002727f800000)
 Metaspace       used 96561K, committed 99328K, reserved 1179648K
  class space    used 9573K, committed 10944K, reserved 1048576K
}
Event: 600.299 GC heap before
{Heap before GC invocations=8619 (full 148):
 PSYoungGen      total 1536K, used 1280K [0x0000027d1cf00000, 0x0000027d1d180000, 0x0000028272400000)
  eden space 1024K, 100% used [0x0000027d1cf00000,0x0000027d1d000000,0x0000027d1d000000)
  from space 512K, 50% used [0x0000027d1d080000,0x0000027d1d0c0000,0x0000027d1d100000)
  to   space 512K, 0% used [0x0000027d1d100000,0x0000027d1d100000,0x0000027d1d180000)
 ParOldGen       total 217088K, used 204666K [0x0000027272400000, 0x000002727f800000, 0x0000027d1cf00000)
  object space 217088K, 94% used [0x0000027272400000,0x000002727ebdeb78,0x000002727f800000)
 Metaspace       used 96561K, committed 99328K, reserved 1179648K
  class space    used 9573K, committed 10944K, reserved 1048576K
}
Event: 600.304 GC heap after
{Heap after GC invocations=8619 (full 148):
 PSYoungGen      total 2048K, used 192K [0x0000027d1cf00000, 0x0000027d1d180000, 0x0000028272400000)
  eden space 1536K, 0% used [0x0000027d1cf00000,0x0000027d1cf00000,0x0000027d1d080000)
  from space 512K, 37% used [0x0000027d1d100000,0x0000027d1d130000,0x0000027d1d180000)
  to   space 512K, 0% used [0x0000027d1d080000,0x0000027d1d080000,0x0000027d1d100000)
 ParOldGen       total 217088K, used 204818K [0x0000027272400000, 0x000002727f800000, 0x0000027d1cf00000)
  object space 217088K, 94% used [0x0000027272400000,0x000002727ec04ba8,0x000002727f800000)
 Metaspace       used 96561K, committed 99328K, reserved 1179648K
  class space    used 9573K, committed 10944K, reserved 1048576K
}
Event: 600.314 GC heap before
{Heap before GC invocations=8620 (full 148):
 PSYoungGen      total 2048K, used 1728K [0x0000027d1cf00000, 0x0000027d1d180000, 0x0000028272400000)
  eden space 1536K, 100% used [0x0000027d1cf00000,0x0000027d1d080000,0x0000027d1d080000)
  from space 512K, 37% used [0x0000027d1d100000,0x0000027d1d130000,0x0000027d1d180000)
  to   space 512K, 0% used [0x0000027d1d080000,0x0000027d1d080000,0x0000027d1d100000)
 ParOldGen       total 217088K, used 204818K [0x0000027272400000, 0x000002727f800000, 0x0000027d1cf00000)
  object space 217088K, 94% used [0x0000027272400000,0x000002727ec04ba8,0x000002727f800000)
 Metaspace       used 96561K, committed 99328K, reserved 1179648K
  class space    used 9573K, committed 10944K, reserved 1048576K
}
Event: 600.317 GC heap after
{Heap after GC invocations=8620 (full 148):
 PSYoungGen      total 2048K, used 224K [0x0000027d1cf00000, 0x0000027d1d180000, 0x0000028272400000)
  eden space 1536K, 0% used [0x0000027d1cf00000,0x0000027d1cf00000,0x0000027d1d080000)
  from space 512K, 43% used [0x0000027d1d080000,0x0000027d1d0b8000,0x0000027d1d100000)
  to   space 512K, 0% used [0x0000027d1d100000,0x0000027d1d100000,0x0000027d1d180000)
 ParOldGen       total 217088K, used 204882K [0x0000027272400000, 0x000002727f800000, 0x0000027d1cf00000)
  object space 217088K, 94% used [0x0000027272400000,0x000002727ec14ba8,0x000002727f800000)
 Metaspace       used 96561K, committed 99328K, reserved 1179648K
  class space    used 9573K, committed 10944K, reserved 1048576K
}
Event: 600.339 GC heap before
{Heap before GC invocations=8621 (full 148):
 PSYoungGen      total 2048K, used 1758K [0x0000027d1cf00000, 0x0000027d1d180000, 0x0000028272400000)
  eden space 1536K, 99% used [0x0000027d1cf00000,0x0000027d1d07fba8,0x0000027d1d080000)
  from space 512K, 43% used [0x0000027d1d080000,0x0000027d1d0b8000,0x0000027d1d100000)
  to   space 512K, 0% used [0x0000027d1d100000,0x0000027d1d100000,0x0000027d1d180000)
 ParOldGen       total 217088K, used 204882K [0x0000027272400000, 0x000002727f800000, 0x0000027d1cf00000)
  object space 217088K, 94% used [0x0000027272400000,0x000002727ec14ba8,0x000002727f800000)
 Metaspace       used 96577K, committed 99328K, reserved 1179648K
  class space    used 9576K, committed 10944K, reserved 1048576K
}
Event: 600.341 GC heap after
{Heap after GC invocations=8621 (full 148):
 PSYoungGen      total 2048K, used 288K [0x0000027d1cf00000, 0x0000027d1d180000, 0x0000028272400000)
  eden space 1536K, 0% used [0x0000027d1cf00000,0x0000027d1cf00000,0x0000027d1d080000)
  from space 512K, 56% used [0x0000027d1d100000,0x0000027d1d148000,0x0000027d1d180000)
  to   space 512K, 0% used [0x0000027d1d080000,0x0000027d1d080000,0x0000027d1d100000)
 ParOldGen       total 217088K, used 205002K [0x0000027272400000, 0x000002727f800000, 0x0000027d1cf00000)
  object space 217088K, 94% used [0x0000027272400000,0x000002727ec32ba8,0x000002727f800000)
 Metaspace       used 96577K, committed 99328K, reserved 1179648K
  class space    used 9576K, committed 10944K, reserved 1048576K
}
Event: 600.421 GC heap before
{Heap before GC invocations=8622 (full 148):
 PSYoungGen      total 2048K, used 1823K [0x0000027d1cf00000, 0x0000027d1d180000, 0x0000028272400000)
  eden space 1536K, 99% used [0x0000027d1cf00000,0x0000027d1d07ff90,0x0000027d1d080000)
  from space 512K, 56% used [0x0000027d1d100000,0x0000027d1d148000,0x0000027d1d180000)
  to   space 512K, 0% used [0x0000027d1d080000,0x0000027d1d080000,0x0000027d1d100000)
 ParOldGen       total 217088K, used 205002K [0x0000027272400000, 0x000002727f800000, 0x0000027d1cf00000)
  object space 217088K, 94% used [0x0000027272400000,0x000002727ec32ba8,0x000002727f800000)
 Metaspace       used 96592K, committed 99328K, reserved 1179648K
  class space    used 9579K, committed 10944K, reserved 1048576K
}
Event: 600.424 GC heap after
{Heap after GC invocations=8622 (full 148):
 PSYoungGen      total 2048K, used 320K [0x0000027d1cf00000, 0x0000027d1d180000, 0x0000028272400000)
  eden space 1536K, 0% used [0x0000027d1cf00000,0x0000027d1cf00000,0x0000027d1d080000)
  from space 512K, 62% used [0x0000027d1d080000,0x0000027d1d0d0000,0x0000027d1d100000)
  to   space 512K, 0% used [0x0000027d1d100000,0x0000027d1d100000,0x0000027d1d180000)
 ParOldGen       total 217088K, used 205218K [0x0000027272400000, 0x000002727f800000, 0x0000027d1cf00000)
  object space 217088K, 94% used [0x0000027272400000,0x000002727ec68ba8,0x000002727f800000)
 Metaspace       used 96592K, committed 99328K, reserved 1179648K
  class space    used 9579K, committed 10944K, reserved 1048576K
}
Event: 600.505 GC heap before
{Heap before GC invocations=8623 (full 148):
 PSYoungGen      total 2048K, used 1856K [0x0000027d1cf00000, 0x0000027d1d180000, 0x0000028272400000)
  eden space 1536K, 100% used [0x0000027d1cf00000,0x0000027d1d080000,0x0000027d1d080000)
  from space 512K, 62% used [0x0000027d1d080000,0x0000027d1d0d0000,0x0000027d1d100000)
  to   space 512K, 0% used [0x0000027d1d100000,0x0000027d1d100000,0x0000027d1d180000)
 ParOldGen       total 217088K, used 205218K [0x0000027272400000, 0x000002727f800000, 0x0000027d1cf00000)
  object space 217088K, 94% used [0x0000027272400000,0x000002727ec68ba8,0x000002727f800000)
 Metaspace       used 96686K, committed 99456K, reserved 1179648K
  class space    used 9596K, committed 10944K, reserved 1048576K
}
Event: 600.507 GC heap after
{Heap after GC invocations=8623 (full 148):
 PSYoungGen      total 2048K, used 320K [0x0000027d1cf00000, 0x0000027d1d180000, 0x0000028272400000)
  eden space 1536K, 0% used [0x0000027d1cf00000,0x0000027d1cf00000,0x0000027d1d080000)
  from space 512K, 62% used [0x0000027d1d100000,0x0000027d1d150000,0x0000027d1d180000)
  to   space 512K, 0% used [0x0000027d1d080000,0x0000027d1d080000,0x0000027d1d100000)
 ParOldGen       total 217088K, used 205346K [0x0000027272400000, 0x000002727f800000, 0x0000027d1cf00000)
  object space 217088K, 94% used [0x0000027272400000,0x000002727ec88ba8,0x000002727f800000)
 Metaspace       used 96686K, committed 99456K, reserved 1179648K
  class space    used 9596K, committed 10944K, reserved 1048576K
}

Dll operation events (16 events):
Event: 0.020 Loaded shared library D:\javar\bin\java.dll
Event: 0.037 Loaded shared library D:\javar\bin\zip.dll
Event: 0.057 Loaded shared library D:\javar\bin\jsvml.dll
Event: 0.111 Loaded shared library D:\javar\bin\instrument.dll
Event: 0.117 Loaded shared library D:\javar\bin\net.dll
Event: 0.121 Loaded shared library D:\javar\bin\nio.dll
Event: 0.125 Loaded shared library D:\javar\bin\zip.dll
Event: 0.149 Loaded shared library D:\javar\bin\jimage.dll
Event: 0.247 Loaded shared library D:\javar\bin\verify.dll
Event: 1.856 Loaded shared library C:\Users\hieun\AppData\Roaming\Code\User\globalStorage\redhat.java\1.56.2026082208\config_win\org.eclipse.equinox.launcher\org.eclipse.equinox.launcher.win32.win32.x86_64_1.3.100.v20260804-1928\eclipse_11924.dll
Event: 6.710 Loaded shared library C:\Users\hieun\AppData\Local\Temp\jna-99275037\jna11664856860532573457.dll
Event: 22.932 Loaded shared library C:\Users\hieun\.gradle\native\660c5614fbf4a5f2a75b1949f50a0caf5cd603558e7d8a26e50b933a0cfb79d1\windows-amd64\native-platform.dll
Event: 24.109 Loaded shared library D:\javar\bin\management.dll
Event: 24.128 Loaded shared library D:\javar\bin\management_ext.dll
Event: 25.833 Loaded shared library D:\javar\bin\extnet.dll
Event: 60.908 Loaded shared library D:\javar\bin\sunmscapi.dll

Deoptimization events (20 events):
Event: 581.013 Thread 0x00000282fa8b56a0 DEOPT PACKING pc=0x0000027201b26792 sp=0x000000907e4ff4c0
Event: 581.013 Thread 0x00000282fa8b56a0 DEOPT UNPACKING pc=0x0000027207584242 sp=0x000000907e4fe998 mode 0
Event: 581.485 Thread 0x00000283128bac10 Uncommon trap: trap_request=0xffffffbe fr.pc=0x0000027208cef378 relative=0x0000000000000cf8
Event: 581.485 Thread 0x00000283128bac10 Uncommon trap: reason=profile_predicate action=maybe_recompile pc=0x0000027208cef378 method=java.io.InputStream.read([BII)I @ 40 c2
Event: 581.485 Thread 0x00000283128bac10 DEOPT PACKING pc=0x0000027208cef378 sp=0x00000090195fdeb0
Event: 581.491 Thread 0x00000283128bac10 DEOPT UNPACKING pc=0x0000027207583aa2 sp=0x00000090195fde70 mode 2
Event: 581.491 Thread 0x00000283128bac10 Uncommon trap: trap_request=0xffffffbe fr.pc=0x0000027208cef378 relative=0x0000000000000cf8
Event: 581.491 Thread 0x00000283128bac10 Uncommon trap: reason=profile_predicate action=maybe_recompile pc=0x0000027208cef378 method=java.io.InputStream.read([BII)I @ 40 c2
Event: 581.493 Thread 0x00000283128bac10 DEOPT PACKING pc=0x0000027208cef378 sp=0x00000090195fdeb0
Event: 581.493 Thread 0x00000283128bac10 DEOPT UNPACKING pc=0x0000027207583aa2 sp=0x00000090195fde70 mode 2
Event: 581.494 Thread 0x00000283128bac10 Uncommon trap: trap_request=0xffffffbe fr.pc=0x0000027208cef378 relative=0x0000000000000cf8
Event: 581.494 Thread 0x00000283128bac10 Uncommon trap: reason=profile_predicate action=maybe_recompile pc=0x0000027208cef378 method=java.io.InputStream.read([BII)I @ 40 c2
Event: 581.494 Thread 0x00000283128bac10 DEOPT PACKING pc=0x0000027208cef378 sp=0x00000090195fdee0
Event: 581.494 Thread 0x00000283128bac10 DEOPT UNPACKING pc=0x0000027207583aa2 sp=0x00000090195fdea0 mode 2
Event: 581.494 Thread 0x00000283128bac10 Uncommon trap: trap_request=0xffffffbe fr.pc=0x0000027208cef378 relative=0x0000000000000cf8
Event: 581.494 Thread 0x00000283128bac10 Uncommon trap: reason=profile_predicate action=maybe_recompile pc=0x0000027208cef378 method=java.io.InputStream.read([BII)I @ 40 c2
Event: 581.494 Thread 0x00000283128bac10 DEOPT PACKING pc=0x0000027208cef378 sp=0x00000090195fdee0
Event: 581.494 Thread 0x00000283128bac10 DEOPT UNPACKING pc=0x0000027207583aa2 sp=0x00000090195fdea0 mode 2
Event: 592.646 Thread 0x0000027266a2efc0 DEOPT PACKING pc=0x0000027201b26792 sp=0x000000907f2fef90
Event: 592.647 Thread 0x0000027266a2efc0 DEOPT UNPACKING pc=0x0000027207584242 sp=0x000000907f2fe468 mode 0

Classes loaded (20 events):
Event: 126.254 Loading class java/net/Proxy
Event: 126.255 Loading class java/net/Proxy done
Event: 308.811 Loading class sun/reflect/generics/tree/IntSignature
Event: 308.817 Loading class sun/reflect/generics/tree/IntSignature done
Event: 309.834 Loading class java/util/stream/Nodes$CollectorTask$OfRef
Event: 309.837 Loading class java/util/stream/Nodes$CollectorTask
Event: 309.927 Loading class java/util/stream/Nodes$CollectorTask done
Event: 309.927 Loading class java/util/stream/Nodes$CollectorTask$OfRef done
Event: 309.954 Loading class java/util/stream/Nodes$ConcNode
Event: 309.967 Loading class java/util/stream/Nodes$AbstractConcNode
Event: 309.973 Loading class java/util/stream/Nodes$AbstractConcNode done
Event: 309.973 Loading class java/util/stream/Nodes$ConcNode done
Event: 310.160 Loading class java/io/ObjectOutputStream$BlockDataOutputStream
Event: 310.163 Loading class java/io/ObjectOutputStream$BlockDataOutputStream done
Event: 310.163 Loading class java/io/ObjectOutputStream$HandleTable
Event: 310.164 Loading class java/io/ObjectOutputStream$HandleTable done
Event: 310.164 Loading class java/io/ObjectOutputStream$ReplaceTable
Event: 310.165 Loading class java/io/ObjectOutputStream$ReplaceTable done
Event: 378.889 Loading class sun/net/util/SocketExceptions
Event: 378.893 Loading class sun/net/util/SocketExceptions done

Classes unloaded (20 events):
Event: 28.426 Thread 0x000002721c754ae0 Unloading class 0x000002721e805c00 'java/lang/invoke/LambdaForm$DMH+0x000002721e805c00'
Event: 28.426 Thread 0x000002721c754ae0 Unloading class 0x000002721e804c00 'java/lang/invoke/LambdaForm$MH+0x000002721e804c00'
Event: 28.426 Thread 0x000002721c754ae0 Unloading class 0x000002721e804800 'java/lang/invoke/LambdaForm$DMH+0x000002721e804800'
Event: 28.426 Thread 0x000002721c754ae0 Unloading class 0x000002721e804000 'java/lang/invoke/LambdaForm$MH+0x000002721e804000'
Event: 28.426 Thread 0x000002721c754ae0 Unloading class 0x000002721e803c00 'java/lang/invoke/LambdaForm$MH+0x000002721e803c00'
Event: 28.426 Thread 0x000002721c754ae0 Unloading class 0x000002721e803800 'java/lang/invoke/LambdaForm$MH+0x000002721e803800'
Event: 28.426 Thread 0x000002721c754ae0 Unloading class 0x000002721e803000 'java/lang/invoke/LambdaForm$MH+0x000002721e803000'
Event: 28.426 Thread 0x000002721c754ae0 Unloading class 0x000002721e802400 'java/lang/invoke/LambdaForm$MH+0x000002721e802400'
Event: 28.426 Thread 0x000002721c754ae0 Unloading class 0x000002721e802000 'java/lang/invoke/LambdaForm$MH+0x000002721e802000'
Event: 28.426 Thread 0x000002721c754ae0 Unloading class 0x000002721e801c00 'java/lang/invoke/LambdaForm$MH+0x000002721e801c00'
Event: 28.426 Thread 0x000002721c754ae0 Unloading class 0x000002721e801800 'java/lang/invoke/LambdaForm$DMH+0x000002721e801800'
Event: 28.426 Thread 0x000002721c754ae0 Unloading class 0x000002721e800800 'java/lang/invoke/LambdaForm$MH+0x000002721e800800'
Event: 314.134 Thread 0x000002721c754ae0 Unloading class 0x000002721e92e400 'java/lang/invoke/LambdaForm$DMH+0x000002721e92e400'
Event: 314.134 Thread 0x000002721c754ae0 Unloading class 0x000002721e92e000 'java/lang/invoke/LambdaForm$DMH+0x000002721e92e000'
Event: 314.134 Thread 0x000002721c754ae0 Unloading class 0x000002721e92d400 'java/lang/invoke/LambdaForm$DMH+0x000002721e92d400'
Event: 314.134 Thread 0x000002721c754ae0 Unloading class 0x000002721e92dc00 'java/lang/invoke/LambdaForm$DMH+0x000002721e92dc00'
Event: 314.134 Thread 0x000002721c754ae0 Unloading class 0x000002721e92d000 'java/lang/invoke/LambdaForm$DMH+0x000002721e92d000'
Event: 314.134 Thread 0x000002721c754ae0 Unloading class 0x000002721e92cc00 'java/lang/invoke/LambdaForm$DMH+0x000002721e92cc00'
Event: 314.134 Thread 0x000002721c754ae0 Unloading class 0x000002721e92c800 'java/lang/invoke/LambdaForm$DMH+0x000002721e92c800'
Event: 314.134 Thread 0x000002721c754ae0 Unloading class 0x000002721e92c400 'java/lang/invoke/LambdaForm$DMH+0x000002721e92c400'

Classes redefined (0 events):
No events

Internal exceptions (20 events):
Event: 597.718 Thread 0x000002830ff31130 Exception <a 'sun/nio/fs/WindowsException'{0x0000027d1d148930}> (0x0000027d1d148930) 
thrown [s\open\src\hotspot\share\prims\jni.cpp, line 520]
Event: 597.718 Thread 0x000002830ff31130 Exception <a 'sun/nio/fs/WindowsException'{0x0000027d1d148e60}> (0x0000027d1d148e60) 
thrown [s\open\src\hotspot\share\prims\jni.cpp, line 520]
Event: 597.792 Thread 0x0000027266a30a00 Exception <a 'sun/nio/fs/WindowsException'{0x0000027d1d042dd8}> (0x0000027d1d042dd8) 
thrown [s\open\src\hotspot\share\prims\jni.cpp, line 520]
Event: 597.792 Thread 0x0000027266a30a00 Exception <a 'sun/nio/fs/WindowsException'{0x0000027d1d043cb0}> (0x0000027d1d043cb0) 
thrown [s\open\src\hotspot\share\prims\jni.cpp, line 520]
Event: 597.802 Thread 0x0000027266a30a00 Exception <a 'sun/nio/fs/WindowsException'{0x0000027d1d072020}> (0x0000027d1d072020) 
thrown [s\open\src\hotspot\share\prims\jni.cpp, line 520]
Event: 597.802 Thread 0x0000027266a30a00 Exception <a 'sun/nio/fs/WindowsException'{0x0000027d1d072c58}> (0x0000027d1d072c58) 
thrown [s\open\src\hotspot\share\prims\jni.cpp, line 520]
Event: 597.949 Thread 0x0000027266a30a00 Exception <a 'sun/nio/fs/WindowsException'{0x0000027d1d0c7520}> (0x0000027d1d0c7520) 
thrown [s\open\src\hotspot\share\prims\jni.cpp, line 520]
Event: 597.949 Thread 0x0000027266a30a00 Exception <a 'sun/nio/fs/WindowsException'{0x0000027d1d0c8158}> (0x0000027d1d0c8158) 
thrown [s\open\src\hotspot\share\prims\jni.cpp, line 520]
Event: 598.318 Thread 0x000002830fee26c0 Exception <a 'sun/nio/fs/WindowsException'{0x0000027d1cf4ec80}> (0x0000027d1cf4ec80) 
thrown [s\open\src\hotspot\share\prims\jni.cpp, line 520]
Event: 598.318 Thread 0x000002830fee26c0 Exception <a 'sun/nio/fs/WindowsException'{0x0000027d1cf4f1d8}> (0x0000027d1cf4f1d8) 
thrown [s\open\src\hotspot\share\prims\jni.cpp, line 520]
Event: 598.318 Thread 0x000002830fee26c0 Exception <a 'sun/nio/fs/WindowsException'{0x0000027d1cf55048}> (0x0000027d1cf55048) 
thrown [s\open\src\hotspot\share\prims\jni.cpp, line 520]
Event: 598.318 Thread 0x000002830fee26c0 Exception <a 'sun/nio/fs/WindowsException'{0x0000027d1cf55578}> (0x0000027d1cf55578) 
thrown [s\open\src\hotspot\share\prims\jni.cpp, line 520]
Event: 598.318 Thread 0x000002830fee26c0 Exception <a 'sun/nio/fs/WindowsException'{0x0000027d1cf5bb68}> (0x0000027d1cf5bb68) 
thrown [s\open\src\hotspot\share\prims\jni.cpp, line 520]
Event: 598.318 Thread 0x000002830fee26c0 Exception <a 'sun/nio/fs/WindowsException'{0x0000027d1cf5c2f0}> (0x0000027d1cf5c2f0) 
thrown [s\open\src\hotspot\share\prims\jni.cpp, line 520]
Event: 600.409 Thread 0x00000282fa8b7e00 Exception <a 'java/lang/NoSuchMethodError'{0x0000027d1d038108}: static Lorg/gradle/plugins/ide/internal/tooling/model/DefaultGradleProject;.<clinit>()V> (0x0000027d1d038108) 
thrown [s\open\src\hotspot\share\prims\jni.cpp, line 1111]
Event: 600.416 Thread 0x00000282fa8b7e00 Exception <a 'java/lang/NoSuchMethodError'{0x0000027d1d05fb80}: static Lorg/gradle/plugins/ide/internal/tooling/model/DefaultGradleScript;.<clinit>()V> (0x0000027d1d05fb80) 
thrown [s\open\src\hotspot\share\prims\jni.cpp, line 1111]
Event: 600.509 Thread 0x00000282fa8b7e00 Exception <a 'java/lang/NoSuchMethodError'{0x0000027d1d118020}: static Lorg/gradle/tooling/internal/gradle/DefaultProjectIdentifier;.<clinit>()V> (0x0000027d1d118020) 
thrown [s\open\src\hotspot\share\prims\jni.cpp, line 1111]
Event: 600.512 Thread 0x00000282fa8b7e00 Exception <a 'java/lang/NoSuchMethodError'{0x0000027d1cfa36d8}: static Lorg/gradle/tooling/internal/gradle/DefaultBuildIdentifier;.<clinit>()V> (0x0000027d1cfa36d8) 
thrown [s\open\src\hotspot\share\prims\jni.cpp, line 1111]
Event: 600.518 Thread 0x00000282fa8b7e00 Exception <a 'java/lang/NoSuchMethodError'{0x0000027d1cff01e8}: static Lorg/gradle/plugins/ide/internal/tooling/model/LaunchableGradleTask;.<clinit>()V> (0x0000027d1cff01e8) 
thrown [s\open\src\hotspot\share\prims\jni.cpp, line 1111]
Event: 600.518 Thread 0x00000282fa8b7e00 Exception <a 'java/lang/NoSuchMethodError'{0x0000027d1cff5fe8}: static Lorg/gradle/plugins/ide/internal/tooling/model/LaunchableGradleProjectTask;.<clinit>()V> (0x0000027d1cff5fe8) 
thrown [s\open\src\hotspot\share\prims\jni.cpp, line 1111]

ZGC Phase Switch (0 events):
No events

VM Operations (20 events):
Event: 598.839 Executing VM operation: ParallelGCFailedAllocation (Allocation Failure) done
Event: 598.864 Executing VM operation: ParallelGCFailedAllocation (Allocation Failure)
Event: 598.866 Executing VM operation: ParallelGCFailedAllocation (Allocation Failure) done
Event: 599.001 Executing VM operation: ParallelGCFailedAllocation (Allocation Failure)
Event: 599.250 Executing VM operation: ParallelGCFailedAllocation (Allocation Failure) done
Event: 599.263 Executing VM operation: ParallelGCFailedAllocation (Allocation Failure)
Event: 599.283 Executing VM operation: ParallelGCFailedAllocation (Allocation Failure) done
Event: 600.291 Executing VM operation: ParallelGCFailedAllocation (Allocation Failure)
Event: 600.294 Executing VM operation: ParallelGCFailedAllocation (Allocation Failure) done
Event: 600.299 Executing VM operation: ParallelGCFailedAllocation (Allocation Failure)
Event: 600.304 Executing VM operation: ParallelGCFailedAllocation (Allocation Failure) done
Event: 600.314 Executing VM operation: ParallelGCFailedAllocation (Allocation Failure)
Event: 600.318 Executing VM operation: ParallelGCFailedAllocation (Allocation Failure) done
Event: 600.338 Executing VM operation: ParallelGCFailedAllocation (Allocation Failure)
Event: 600.347 Executing VM operation: ParallelGCFailedAllocation (Allocation Failure) done
Event: 600.421 Executing VM operation: ParallelGCFailedAllocation (Allocation Failure)
Event: 600.424 Executing VM operation: ParallelGCFailedAllocation (Allocation Failure) done
Event: 600.505 Executing VM operation: ParallelGCFailedAllocation (Allocation Failure)
Event: 600.508 Executing VM operation: ParallelGCFailedAllocation (Allocation Failure) done
Event: 600.569 Executing VM operation: ParallelGCFailedAllocation (Allocation Failure)

Events (20 events):
Event: 599.247 Thread 0x0000028315d31a60 Thread exited: 0x0000028315d31a60
Event: 599.250 Thread 0x0000028315d31a60 Thread added: 0x0000028315d31a60
Event: 599.250 Thread 0x0000028315d42770 Thread added: 0x0000028315d42770
Event: 599.260 Thread 0x0000028315d4b7d0 Thread added: 0x0000028315d4b7d0
Event: 599.283 Thread 0x0000028315d31a60 Thread exited: 0x0000028315d31a60
Event: 600.287 Thread 0x0000028315d31a60 Thread added: 0x0000028315d31a60
Event: 600.287 Thread 0x0000028315d2f990 Thread exited: 0x0000028315d2f990
Event: 600.287 Thread 0x000002830fef33d0 Thread exited: 0x000002830fef33d0
Event: 600.288 Thread 0x0000028318ee95f0 Thread exited: 0x0000028318ee95f0
Event: 600.288 Thread 0x0000028315d50690 Thread added: 0x0000028315d50690
Event: 600.288 Thread 0x0000028315d2f990 Thread added: 0x0000028315d2f990
Event: 600.288 Thread 0x0000028318eeb6c0 Thread exited: 0x0000028318eeb6c0
Event: 600.289 Thread 0x0000028315d31a60 Thread exited: 0x0000028315d31a60
Event: 600.333 Thread 0x0000028315d4b7d0 Thread exited: 0x0000028315d4b7d0
Event: 600.333 Thread 0x0000028315d2f990 Thread exited: 0x0000028315d2f990
Event: 600.334 Thread 0x0000028315d5cb70 Thread exited: 0x0000028315d5cb70
Event: 600.347 Thread 0x0000028315d4b7d0 Thread added: 0x0000028315d4b7d0
Event: 600.348 Thread 0x0000027265f7eb90 Thread exited: 0x0000027265f7eb90
Event: 600.348 Thread 0x0000028315d4b7d0 Thread exited: 0x0000028315d4b7d0
Event: 600.512 Thread 0x0000028315d4b7d0 Thread added: 0x0000028315d4b7d0


Dynamic libraries:
0x00007ff64cc80000 - 0x00007ff64cc90000 	D:\javar\bin\java.exe
0x00007ffae01e0000 - 0x00007ffae0446000 	C:\Windows\SYSTEM32\ntdll.dll
0x00007ffadf780000 - 0x00007ffadf849000 	C:\Windows\System32\KERNEL32.DLL
0x00007ffadd630000 - 0x00007ffadda2f000 	C:\Windows\System32\KERNELBASE.dll
0x00007ffada250000 - 0x00007ffada2ef000 	C:\Windows\SYSTEM32\apphelp.dll
0x00007ffadd3f0000 - 0x00007ffadd53c000 	C:\Windows\System32\ucrtbase.dll
0x00007ffab0810000 - 0x00007ffab0829000 	D:\javar\bin\jli.dll
0x00007ffadec80000 - 0x00007ffaded3c000 	C:\Windows\System32\ADVAPI32.dll
0x00007ffadf510000 - 0x00007ffadf5b9000 	C:\Windows\System32\msvcrt.dll
0x00007ffadfe10000 - 0x00007ffadfeba000 	C:\Windows\System32\sechost.dll
0x00007ffac9ac0000 - 0x00007ffac9ade000 	D:\javar\bin\VCRUNTIME140.dll
0x00007ffadfa60000 - 0x00007ffadfb78000 	C:\Windows\System32\RPCRT4.dll
0x00007ffadfb80000 - 0x00007ffadfd46000 	C:\Windows\System32\USER32.dll
0x00007ffadd600000 - 0x00007ffadd627000 	C:\Windows\System32\win32u.dll
0x00007ffac7080000 - 0x00007ffac7311000 	C:\Windows\WinSxS\amd64_microsoft.windows.common-controls_6595b64144ccf1df_6.0.26100.8972_none_3e0da176e32f9d4b\COMCTL32.dll
0x00007ffaded50000 - 0x00007ffaded7b000 	C:\Windows\System32\GDI32.dll
0x00007ffaddde0000 - 0x00007ffaddf09000 	C:\Windows\System32\gdi32full.dll
0x00007ffadd550000 - 0x00007ffadd5f3000 	C:\Windows\System32\msvcp_win.dll
0x00007ffad46c0000 - 0x00007ffad46cb000 	C:\Windows\SYSTEM32\VERSION.dll
0x00007ffadfdd0000 - 0x00007ffadfe02000 	C:\Windows\System32\IMM32.DLL
0x00007ffad2b70000 - 0x00007ffad2b7c000 	D:\javar\bin\vcruntime140_1.dll
0x00007ffa7a7d0000 - 0x00007ffa7a85d000 	D:\javar\bin\msvcp140.dll
0x00007ffa3d4d0000 - 0x00007ffa3e1f8000 	D:\javar\bin\server\jvm.dll
0x00007ffadf6f0000 - 0x00007ffadf772000 	C:\Windows\System32\WS2_32.dll
0x00007ffadd250000 - 0x00007ffadd2ae000 	C:\Windows\SYSTEM32\POWRPROF.dll
0x00007ffad3e20000 - 0x00007ffad3e56000 	C:\Windows\SYSTEM32\WINMM.dll
0x00007ffadd230000 - 0x00007ffadd245000 	C:\Windows\SYSTEM32\UMPDC.dll
0x00007ffadc0e0000 - 0x00007ffadc0fb000 	C:\Windows\SYSTEM32\kernel.appcore.dll
0x00007ffad17a0000 - 0x00007ffad17aa000 	D:\javar\bin\jimage.dll
0x00007ffad2be0000 - 0x00007ffad2e22000 	C:\Windows\SYSTEM32\DBGHELP.DLL
0x00007ffade0d0000 - 0x00007ffade455000 	C:\Windows\System32\combase.dll
0x00007ffade470000 - 0x00007ffade549000 	C:\Windows\System32\OLEAUT32.dll
0x00007ffab7310000 - 0x00007ffab734b000 	C:\Windows\SYSTEM32\dbgcore.DLL
0x00007ffadda40000 - 0x00007ffaddaec000 	C:\Windows\System32\bcryptPrimitives.dll
0x00007ffac5920000 - 0x00007ffac5930000 	D:\javar\bin\instrument.dll
0x00007ffa8b7a0000 - 0x00007ffa8b7c1000 	D:\javar\bin\java.dll
0x00007ffab19e0000 - 0x00007ffab19f8000 	D:\javar\bin\zip.dll
0x00007ffaded80000 - 0x00007ffadf508000 	C:\Windows\System32\SHELL32.dll
0x00007ffadae70000 - 0x00007ffadb70b000 	C:\Windows\SYSTEM32\windows.storage.dll
0x00007ffade6c0000 - 0x00007ffade7b9000 	C:\Windows\System32\SHCORE.dll
0x00007ffadf8a0000 - 0x00007ffadf906000 	C:\Windows\System32\shlwapi.dll
0x00007ffadd310000 - 0x00007ffadd339000 	C:\Windows\SYSTEM32\profapi.dll
0x00007ffa4eb90000 - 0x00007ffa4ec67000 	D:\javar\bin\jsvml.dll
0x00007ffac9860000 - 0x00007ffac9871000 	D:\javar\bin\net.dll
0x00007ffad6060000 - 0x00007ffad6188000 	C:\Windows\SYSTEM32\WINHTTP.dll
0x00007ffadc690000 - 0x00007ffadc6fc000 	C:\Windows\system32\mswsock.dll
0x00007ffab5560000 - 0x00007ffab5576000 	D:\javar\bin\nio.dll
0x00007ffabc2d0000 - 0x00007ffabc2e0000 	D:\javar\bin\verify.dll
0x00007ffa5eff0000 - 0x00007ffa5f035000 	C:\Users\hieun\AppData\Roaming\Code\User\globalStorage\redhat.java\1.56.2026082208\config_win\org.eclipse.equinox.launcher\org.eclipse.equinox.launcher.win32.win32.x86_64_1.3.100.v20260804-1928\eclipse_11924.dll
0x00007ffaddf30000 - 0x00007ffade0c9000 	C:\Windows\System32\ole32.dll
0x00007ffadc980000 - 0x00007ffadc99b000 	C:\Windows\SYSTEM32\CRYPTSP.dll
0x00007ffadc040000 - 0x00007ffadc079000 	C:\Windows\system32\rsaenh.dll
0x00007ffadc740000 - 0x00007ffadc772000 	C:\Windows\SYSTEM32\USERENV.dll
0x00007ffadd2e0000 - 0x00007ffadd30a000 	C:\Windows\SYSTEM32\bcrypt.dll
0x00007ffadc9a0000 - 0x00007ffadc9ac000 	C:\Windows\SYSTEM32\CRYPTBASE.dll
0x00007ffadbb10000 - 0x00007ffadbb43000 	C:\Windows\SYSTEM32\IPHLPAPI.DLL
0x00007ffade460000 - 0x00007ffade46a000 	C:\Windows\System32\NSI.dll
0x00007ffa7b260000 - 0x00007ffa7b2a9000 	C:\Users\hieun\AppData\Local\Temp\jna-99275037\jna11664856860532573457.dll
0x00007ffade7c0000 - 0x00007ffade7c8000 	C:\Windows\System32\PSAPI.DLL
0x00007ffad6300000 - 0x00007ffad631d000 	C:\Windows\SYSTEM32\dhcpcsvc6.DLL
0x00007ffad6190000 - 0x00007ffad61b5000 	C:\Windows\SYSTEM32\dhcpcsvc.DLL
0x00007ffa7b640000 - 0x00007ffa7b667000 	C:\Users\hieun\.gradle\native\660c5614fbf4a5f2a75b1949f50a0caf5cd603558e7d8a26e50b933a0cfb79d1\windows-amd64\native-platform.dll
0x00007ffa95b40000 - 0x00007ffa95b4a000 	D:\javar\bin\management.dll
0x00007ffa8cda0000 - 0x00007ffa8cdac000 	D:\javar\bin\management_ext.dll
0x00007ffab3a70000 - 0x00007ffab3a79000 	D:\javar\bin\extnet.dll
0x00007ffab05a0000 - 0x00007ffab05ae000 	D:\javar\bin\sunmscapi.dll
0x00007ffaddb90000 - 0x00007ffaddd0e000 	C:\Windows\System32\CRYPT32.dll
0x00007ffadcbc0000 - 0x00007ffadcbf0000 	C:\Windows\SYSTEM32\ncrypt.dll
0x00007ffadcb70000 - 0x00007ffadcbaf000 	C:\Windows\SYSTEM32\NTASN1.dll
0x00007ffaafcb0000 - 0x00007ffaafcb8000 	C:\Windows\system32\wshunix.dll

dbghelp: loaded successfully - version: 4.0.5 - missing functions: none
symbol engine: initialized successfully - sym options: 0x614 - pdb path: .;D:\javar\bin;C:\Windows\SYSTEM32;C:\Windows\WinSxS\amd64_microsoft.windows.common-controls_6595b64144ccf1df_6.0.26100.8972_none_3e0da176e32f9d4b;D:\javar\bin\server;C:\Users\hieun\AppData\Roaming\Code\User\globalStorage\redhat.java\1.56.2026082208\config_win\org.eclipse.equinox.launcher\org.eclipse.equinox.launcher.win32.win32.x86_64_1.3.100.v20260804-1928;C:\Users\hieun\AppData\Local\Temp\jna-99275037;C:\Users\hieun\.gradle\native\660c5614fbf4a5f2a75b1949f50a0caf5cd603558e7d8a26e50b933a0cfb79d1\windows-amd64

VM Arguments:
jvm_args: --add-modules=ALL-SYSTEM --add-opens=java.base/java.util=ALL-UNNAMED --add-opens=java.base/java.lang=ALL-UNNAMED --add-opens=java.base/sun.nio.fs=ALL-UNNAMED -Declipse.application=org.eclipse.jdt.ls.core.id1 -Dosgi.bundles.defaultStartLevel=4 -Declipse.product=org.eclipse.jdt.ls.core.product -Djava.import.generatesMetadataFilesAtProjectRoot=false -DDetectVMInstallationsJob.disabled=true -Dfile.encoding=utf8 -XX:+UseParallelGC -XX:GCTimeRatio=4 -XX:AdaptiveSizePolicyWeight=90 -Dsun.zip.disableMemoryMapping=true -Xmx64G -Xms100m -Xlog:disable -javaagent:c:\Users\hieun\.vscode\extensions\redhat.java-1.56.2026082208-win32-x64\lombok\lombok-1.18.39-4050.jar -XX:+HeapDumpOnOutOfMemoryError -XX:HeapDumpPath=c:\Users\hieun\AppData\Roaming\Code\User\workspaceStorage\f5c6fc432ce2b7ab2a33e31da49ea365\redhat.java -Daether.dependencyCollector.impl=bf -XX:+UnlockDiagnosticVMOptions -XX:+AllowArchivingWithJavaAgent -XX:+AutoCreateSharedArchive -XX:SharedArchiveFile=c:\Users\hieun\AppData\Roaming\Code\User\globalStorage\redhat.java\1.56.2026082208\jdtls.jsa 
java_command: c:\Users\hieun\.vscode\extensions\redhat.java-1.56.2026082208-win32-x64\server\plugins\org.eclipse.equinox.launcher_1.8.0.v20260804-1928.jar -configuration c:\Users\hieun\AppData\Roaming\Code\User\globalStorage\redhat.java\1.56.2026082208\config_win -data c:\Users\hieun\AppData\Roaming\Code\User\workspaceStorage\f5c6fc432ce2b7ab2a33e31da49ea365\redhat.java\jdt_ws --stdio
java_class_path (initial): c:\Users\hieun\.vscode\extensions\redhat.java-1.56.2026082208-win32-x64\server\plugins\org.eclipse.equinox.launcher_1.8.0.v20260804-1928.jar
Launcher Type: SUN_STANDARD

[Global flags]
    uintx AdaptiveSizePolicyWeight                 = 90                                        {product} {command line}
     bool AllowArchivingWithJavaAgent              = true                             {JVMCI diagnostic} {command line}
     bool AutoCreateSharedArchive                  = true                                {JVMCI product} {command line}
     intx CICompilerCount                          = 4                                         {product} {ergonomic}
    uintx GCTimeRatio                              = 4                                         {product} {command line}
     bool HeapDumpOnOutOfMemoryError               = true                                   {manageable} {command line}
    ccstr HeapDumpPath                             = c:\Users\hieun\AppData\Roaming\Code\User\workspaceStorage\f5c6fc432ce2b7ab2a33e31da49ea365\redhat.java         {manageable} {command line}
   size_t InitialHeapSize                          = 104857600                                 {product} {command line}
   size_t MaxHeapSize                              = 68719476736                               {product} {command line}
   size_t MaxNewSize                               = 22906142720                               {product} {ergonomic}
   size_t MinHeapDeltaBytes                        = 524288                                    {product} {ergonomic}
   size_t MinHeapSize                              = 104857600                                 {product} {command line}
   size_t NewSize                                  = 34603008                                  {product} {ergonomic}
    uintx NonNMethodCodeHeapSize                   = 5839372                                {pd product} {ergonomic}
    uintx NonProfiledCodeHeapSize                  = 122909434                              {pd product} {ergonomic}
   size_t OldSize                                  = 70254592                                  {product} {ergonomic}
    uintx ProfiledCodeHeapSize                     = 122909434                              {pd product} {ergonomic}
    uintx ReservedCodeCacheSize                    = 251658240                              {pd product} {ergonomic}
     bool SegmentedCodeCache                       = true                                      {product} {ergonomic}
    ccstr SharedArchiveFile                        = c:\Users\hieun\AppData\Roaming\Code\User\globalStorage\redhat.java\1.56.2026082208\jdtls.jsa      {JVMCI product} {command line}
   size_t SoftMaxHeapSize                          = 68719476736                            {manageable} {ergonomic}
     bool UnlockDiagnosticVMOptions                = true                                   {diagnostic} {command line}
     bool UseLargePagesIndividualAllocation        = false                                  {pd product} {ergonomic}
     bool UseParallelGC                            = true                                      {product} {command line}

Logging:
Log output configuration:
 #0: stdout all=off uptime,level,tags foldmultilines=false
 #1: stderr all=off uptime,level,tags foldmultilines=false

Environment Variables:
PATH=C:\Program Files\Common Files\Oracle\Java\javapath;C:\Windows\system32;C:\Windows;C:\Windows\System32\Wbem;C:\Windows\System32\WindowsPowerShell\v1.0\;C:\Windows\System32\OpenSSH\;C:\Program Files (x86)\NVIDIA Corporation\PhysX\Common;C:\Program Files\dotnet\;D:\Git\cmd;C:\Program Files\NVIDIA Corporation\NVIDIA App\NvDLISR;C:\Program Files\Docker\Docker\resources\bin;C:\ProgramData\chocolatey\bin;D:\node js\;C:\Users\hieun\AppData\Local\Programs\Python\Launcher\;C:\Users\hieun\AppData\Local\Microsoft\WindowsApps;D:\Microsoft VS Code\bin;C:\Users\hieun\AppData\Roaming\npm
USERNAME=hieun
OS=Windows_NT
PROCESSOR_IDENTIFIER=AMD64 Family 25 Model 68 Stepping 1, AuthenticAMD
TMP=C:\Users\hieun\AppData\Local\Temp
TEMP=C:\Users\hieun\AppData\Local\Temp




Periodic native trim disabled

---------------  S Y S T E M  ---------------

OS:
 Windows 11 , 64 bit Build 26100 (10.0.26100.9168)
OS uptime: 4 days 9:46 hours
Hyper-V role detected

CPU: total 12 (initial active 12) (12 cores per cpu, 2 threads per core) family 25 model 68 stepping 1 microcode 0xa404107, cx8, cmov, fxsr, ht, mmx, 3dnowpref, sse, sse2, sse3, ssse3, sse4a, sse4.1, sse4.2, popcnt, lzcnt, tsc, tscinvbit, avx, avx2, aes, erms, clmul, bmi1, bmi2, adx, sha, fma, vzeroupper, clflush, clflushopt, hv, rdtscp, rdpid, fsrm, f16c, cet_ss
Processor Information for all 12 processors :
  Max Mhz: 3301, Current Mhz: 3301, Mhz Limit: 3301

Memory: 4k page, system-wide physical 15690M (975M free)
TotalPageFile size 48779M (AvailPageFile size 136M)
current process WorkingSet (physical memory assigned to process): 474M, peak: 556M
current process commit charge ("private bytes"): 3127M, peak: 3127M

vm_info: Java HotSpot(TM) 64-Bit Server VM (21.0.11+9-LTS-211) for windows-amd64 JRE (21.0.11+9-LTS-211), built on 2026-03-11T00:23:15Z by "mach5run" with MS VC++ 17.13 (VS2022)

END.
