#
# There is insufficient memory for the Java Runtime Environment to continue.
# Native memory allocation (malloc) failed to allocate 1222736 bytes for Chunk::new
# Possible reasons:
#   The system is out of physical RAM or swap space
#   The process is running with CompressedOops enabled, and the Java Heap may be blocking the growth of the native heap
# Possible solutions:
#   Reduce memory load on the system
#   Increase physical memory or swap space
#   Check if swap backing store is full
#   Decrease Java heap size (-Xmx/-Xms)
#   Decrease number of Java threads
#   Decrease Java thread stack sizes (-Xss)
#   Set larger code cache with -XX:ReservedCodeCacheSize=
#   JVM is running with Unscaled Compressed Oops mode in which the Java heap is
#     placed in the first 4GB address space. The Java Heap base address is the
#     maximum limit for the native heap growth. Please use -XX:HeapBaseMinAddress
#     to set the Java Heap base and to place the Java Heap above 4GB virtual address.
# This output file may be truncated or incomplete.
#
#  Out of Memory Error (arena.cpp:168), pid=15616, tid=27756
#
# JRE version: Java(TM) SE Runtime Environment (21.0.11+9) (build 21.0.11+9-LTS-211)
# Java VM: Java HotSpot(TM) 64-Bit Server VM (21.0.11+9-LTS-211, mixed mode, sharing, tiered, compressed oops, compressed class ptrs, g1 gc, windows-amd64)
# No core dump will be written. Minidumps are not enabled by default on client versions of Windows
#

---------------  S U M M A R Y ------------

Command Line: --add-opens=java.base/java.lang=ALL-UNNAMED --add-opens=java.base/java.lang.invoke=ALL-UNNAMED --add-opens=java.base/java.util=ALL-UNNAMED --add-opens=java.prefs/java.util.prefs=ALL-UNNAMED --add-exports=jdk.compiler/com.sun.tools.javac.api=ALL-UNNAMED --add-exports=jdk.compiler/com.sun.tools.javac.util=ALL-UNNAMED --add-opens=java.base/java.nio.charset=ALL-UNNAMED --add-opens=java.base/java.net=ALL-UNNAMED --add-opens=java.base/java.util.concurrent=ALL-UNNAMED --add-opens=java.base/java.util.concurrent.atomic=ALL-UNNAMED --add-opens=java.xml/javax.xml.namespace=ALL-UNNAMED --add-opens=java.base/java.time=ALL-UNNAMED -XX:MaxMetaspaceSize=384m -XX:+HeapDumpOnOutOfMemoryError -Xms256m -Xmx512m -Dfile.encoding=UTF-8 -Duser.country=US -Duser.language=en -Duser.variant -javaagent:C:\Users\hieun\.gradle\wrapper\dists\gradle-9.5.1-bin\iq79hdu3mqx29lgffhp8bfmx\gradle-9.5.1\lib\agents\gradle-instrumentation-agent-9.5.1.jar org.gradle.launcher.daemon.bootstrap.GradleDaemon 9.5.1

Host: AMD Ryzen 5 7535HS with Radeon Graphics        , 12 cores, 15G,  Windows 11 , 64 bit Build 26100 (10.0.26100.9168)
Time: Mon Aug 24 22:44:22 2026 SE Asia Standard Time elapsed time: 379.222580 seconds (0d 0h 6m 19s)

---------------  T H R E A D  ---------------

Current thread (0x000001e75fb50d40):  JavaThread "C2 CompilerThread0" daemon [_thread_in_native, id=27756, stack(0x000000994b300000,0x000000994b400000) (1024K)]


Current CompileTask:
C2: 379222 12174       4       org.gradle.api.internal.attributes.DefaultImmutableAttributesContainer::<init> (223 bytes)

Stack: [0x000000994b300000,0x000000994b400000]
Native frames: (J=compiled Java code, j=interpreted, Vv=VM code, C=native code)
V  [jvm.dll+0x6d0ef9]
V  [jvm.dll+0x860126]
V  [jvm.dll+0x86261e]
V  [jvm.dll+0x862cf3]
V  [jvm.dll+0x282bc6]
V  [jvm.dll+0xc67ad]
V  [jvm.dll+0xc6cf1]
V  [jvm.dll+0x3bbe71]
V  [jvm.dll+0x388322]
V  [jvm.dll+0x38776a]
V  [jvm.dll+0x24b520]
V  [jvm.dll+0x24aaff]
V  [jvm.dll+0x1cae7e]
V  [jvm.dll+0x25a7d9]
V  [jvm.dll+0x258d65]
V  [jvm.dll+0x3f50d1]
V  [jvm.dll+0x80ac0d]
V  [jvm.dll+0x6cf79d]
C  [ucrtbase.dll+0x2cd30]
C  [KERNEL32.DLL+0x2ccb7]
C  [ntdll.dll+0xaad6c]


---------------  P R O C E S S  ---------------

Threads class SMR info:
_java_thread_list=0x000001e77d4b5150, length=180, elements={
0x000001e74270c860, 0x000001e75fb464c0, 0x000001e75fb47a90, 0x000001e75fb4c080,
0x000001e75fb4cae0, 0x000001e75fb4f550, 0x000001e75fb4ffb0, 0x000001e75fb50d40,
0x000001e75fb57c50, 0x000001e75fd3c0e0, 0x000001e75fe35440, 0x000001e75fc2a430,
0x000001e7790ab3c0, 0x000001e779dab3b0, 0x000001e75fc6df40, 0x000001e779a088a0,
0x000001e779a0a970, 0x000001e779a08f30, 0x000001e779a095c0, 0x000001e779a0bd20,
0x000001e779a0d760, 0x000001e779a0ddf0, 0x000001e779a0b690, 0x000001e75fc6b7e0,
0x000001e75fc6be70, 0x000001e77d9472b0, 0x000001e77d5c36b0, 0x000001e77d5c0f50,
0x000001e77d5c5e10, 0x000001e77d5c4a60, 0x000001e779a09c50, 0x000001e779a07b80,
0x000001e779a08210, 0x000001e779a0d0d0, 0x000001e77d943e30, 0x000001e77d9437a0,
0x000001e77d942a80, 0x000001e77d943110, 0x000001e77d9416d0, 0x000001e77d946590,
0x000001e77d944b50, 0x000001e77d945870, 0x000001e77d5c3020, 0x000001e75fc6aac0,
0x000001e77d5b29b0, 0x000001e77d5b0f70, 0x000001e77d5af530, 0x000001e77d5b36d0,
0x000001e77d5b0250, 0x000001e77d5b57a0, 0x000001e77d5b3d60, 0x000001e77d5b43f0,
0x000001e77d5b5110, 0x000001e77e290740, 0x000001e77e28dfe0, 0x000001e77e28e670,
0x000001e77e294250, 0x000001e77d768880, 0x000001e77d767b60, 0x000001e77d76bd00,
0x000001e77d76a2c0, 0x000001e77d76a950, 0x000001e77d76c390, 0x000001e77d76ca20,
0x000001e77d769c30, 0x000001e77d76d740, 0x000001e77d76ddd0, 0x000001e77d76e460,
0x000001e77d76eaf0, 0x000001e77d5c2990, 0x000001e77d5bf510, 0x000001e77d5c6b30,
0x000001e77d9451e0, 0x000001e77d941d60, 0x000001e77d947fd0, 0x000001e77d945f00,
0x000001e77d946c20, 0x000001e77d5b3040, 0x000001e77d5afbc0, 0x000001e77d5b08e0,
0x000001e77d5b4a80, 0x000001e77d5b5e30, 0x000001e77bd91b10, 0x000001e77bd92ec0,
0x000001e77bd90df0, 0x000001e77bd969d0, 0x000001e77e0d0500, 0x000001e77e0cf7e0,
0x000001e77e0d1220, 0x000001e77e0d18b0, 0x000001e77e0d25d0, 0x000001e77e0cf150,
0x000001e77e0d3980, 0x000001e77e0d4010, 0x000001e77d55b110, 0x000001e77d55be30,
0x000001e77d559040, 0x000001e77d55f2b0, 0x000001e77d55ffd0, 0x000001e77d55d870,
0x000001e77d55e590, 0x000001e77d564800, 0x000001e77d563ae0, 0x000001e77d562730,
0x000001e77d565bb0, 0x000001e77d5668d0, 0x000001e77d22cd80, 0x000001e77d22c6f0,
0x000001e77d230200, 0x000001e77d233680, 0x000001e77d233d10, 0x000001e77d238540,
0x000001e77d235de0, 0x000001e77d237190, 0x000001e77d23a610, 0x000001e77d239f80,
0x000001e77bfeb090, 0x000001e77bfeeba0, 0x000001e77bfeb720, 0x000001e77bfebdb0,
0x000001e77bff1300, 0x000001e77bfeff50, 0x000001e77bff05e0, 0x000001e77bff54a0,
0x000001e77bff2020, 0x000001e77bff4780, 0x000001e77bff5b30, 0x000001e77bff26b0,
0x000001e77bff61c0, 0x000001e77bff40f0, 0x000001e77bff6ee0, 0x000001e77bff9cd0,
0x000001e77bff8fb0, 0x000001e77bff9640, 0x000001e77bff8920, 0x000001e77bffa360,
0x000001e77d22fb70, 0x000001e77d22d410, 0x000001e77d230f20, 0x000001e77d22daa0,
0x000001e77d231c40, 0x000001e77d22ee50, 0x000001e77d2350c0, 0x000001e77d235750,
0x000001e77d2343a0, 0x000001e77d232ff0, 0x000001e77d23aca0, 0x000001e77d23b330,
0x000001e77d238bd0, 0x000001e77d5596d0, 0x000001e77d558320, 0x000001e77d55aa80,
0x000001e77d561a10, 0x000001e77d559d60, 0x000001e77d560660, 0x000001e77d561380,
0x000001e77d55df00, 0x000001e77d55c4c0, 0x000001e77bd921a0, 0x000001e77bd91480,
0x000001e77bd93550, 0x000001e77bd95cb0, 0x000001e77bd96340, 0x000001e77bd94270,
0x000001e77bd97d80, 0x000001e77bd92830, 0x000001e77bd90760, 0x000001e77bd976f0,
0x000001e77bd97060, 0x000001e77bd93be0, 0x000001e77bd94900, 0x000001e77bd94f90,
0x000001e77bd95620, 0x000001e77bfef8c0, 0x000001e77bfed160, 0x000001e77bfed7f0,
0x000001e77bfef230, 0x000001e77bfec440, 0x000001e77bfee510, 0x000001e77bfede80
}

Java Threads: ( => current thread )
  0x000001e74270c860 JavaThread "main"                              [_thread_blocked, id=50356, stack(0x000000994a500000,0x000000994a600000) (1024K)]
  0x000001e75fb464c0 JavaThread "Reference Handler"          daemon [_thread_blocked, id=46476, stack(0x000000994ad00000,0x000000994ae00000) (1024K)]
  0x000001e75fb47a90 JavaThread "Finalizer"                  daemon [_thread_blocked, id=28900, stack(0x000000994ae00000,0x000000994af00000) (1024K)]
  0x000001e75fb4c080 JavaThread "Signal Dispatcher"          daemon [_thread_blocked, id=38436, stack(0x000000994af00000,0x000000994b000000) (1024K)]
  0x000001e75fb4cae0 JavaThread "Attach Listener"            daemon [_thread_blocked, id=47928, stack(0x000000994b000000,0x000000994b100000) (1024K)]
  0x000001e75fb4f550 JavaThread "Service Thread"             daemon [_thread_blocked, id=23288, stack(0x000000994b100000,0x000000994b200000) (1024K)]
  0x000001e75fb4ffb0 JavaThread "Monitor Deflation Thread"   daemon [_thread_blocked, id=33804, stack(0x000000994b200000,0x000000994b300000) (1024K)]
=>0x000001e75fb50d40 JavaThread "C2 CompilerThread0"         daemon [_thread_in_native, id=27756, stack(0x000000994b300000,0x000000994b400000) (1024K)]
  0x000001e75fb57c50 JavaThread "C1 CompilerThread0"         daemon [_thread_blocked, id=32892, stack(0x000000994b400000,0x000000994b500000) (1024K)]
  0x000001e75fd3c0e0 JavaThread "Common-Cleaner"             daemon [_thread_blocked, id=25656, stack(0x000000994b500000,0x000000994b600000) (1024K)]
  0x000001e75fe35440 JavaThread "Notification Thread"        daemon [_thread_blocked, id=45684, stack(0x000000994b600000,0x000000994b700000) (1024K)]
  0x000001e75fc2a430 JavaThread "Daemon health stats"               [_thread_blocked, id=31492, stack(0x000000994bc00000,0x000000994bd00000) (1024K)]
  0x000001e7790ab3c0 JavaThread "Incoming local TCP Connector on port 58026"        [_thread_in_native, id=7284, stack(0x000000994bd00000,0x000000994be00000) (1024K)]
  0x000001e779dab3b0 JavaThread "Daemon periodic checks"            [_thread_in_native, id=41604, stack(0x000000994be00000,0x000000994bf00000) (1024K)]
  0x000001e75fc6df40 JavaThread "Daemon worker"                     [_thread_in_native, id=15016, stack(0x000000994c200000,0x000000994c300000) (1024K)]
  0x000001e779a088a0 JavaThread "Cache worker for journal cache (C:\Users\hieun\.gradle\caches\journal-1)"        [_thread_blocked, id=13656, stack(0x000000994c800000,0x000000994c900000) (1024K)]
  0x000001e779a0a970 JavaThread "File lock request listener"        [_thread_in_native, id=44352, stack(0x000000994d000000,0x000000994d100000) (1024K)]
  0x000001e779a08f30 JavaThread "File lock release action executor"        [_thread_blocked, id=20648, stack(0x000000994d100000,0x000000994d200000) (1024K)]
  0x000001e779a095c0 JavaThread "Cache worker for file hash cache (C:\Users\hieun\.gradle\caches\9.5.1\fileHashes)"        [_thread_blocked, id=5532, stack(0x000000994d400000,0x000000994d500000) (1024K)]
  0x000001e779a0bd20 JavaThread "File watcher server"        daemon [_thread_in_native, id=19232, stack(0x000000994d900000,0x000000994da00000) (1024K)]
  0x000001e779a0d760 JavaThread "File watcher consumer"      daemon [_thread_blocked, id=37468, stack(0x000000994da00000,0x000000994db00000) (1024K)]
  0x000001e779a0ddf0 JavaThread "Cache worker for file content cache (C:\Users\hieun\.gradle\caches\9.5.1\fileContent)"        [_thread_blocked, id=58316, stack(0x000000994dc00000,0x000000994dd00000) (1024K)]
  0x000001e779a0b690 JavaThread "jar transforms"                    [_thread_blocked, id=29100, stack(0x000000994a300000,0x000000994a400000) (1024K)]
  0x000001e75fc6b7e0 JavaThread "jar transforms Thread 2"           [_thread_blocked, id=22404, stack(0x000000994a400000,0x000000994a500000) (1024K)]
  0x000001e75fc6be70 JavaThread "jar transforms Thread 3"           [_thread_blocked, id=13456, stack(0x000000994c100000,0x000000994c200000) (1024K)]
  0x000001e77d9472b0 JavaThread "Daemon Thread 15"                  [_thread_blocked, id=17024, stack(0x000000994d200000,0x000000994d300000) (1024K)]
  0x000001e77d5c36b0 JavaThread "Memory manager"                    [_thread_blocked, id=56084, stack(0x000000994f300000,0x000000994f400000) (1024K)]
  0x000001e77d5c0f50 JavaThread "jar transforms Thread 4"           [_thread_blocked, id=45712, stack(0x000000994f400000,0x000000994f500000) (1024K)]
  0x000001e77d5c5e10 JavaThread "jar transforms Thread 5"           [_thread_blocked, id=22704, stack(0x000000994e200000,0x000000994e300000) (1024K)]
  0x000001e77d5c4a60 JavaThread "jar transforms Thread 6"           [_thread_blocked, id=4636, stack(0x000000994c400000,0x000000994c500000) (1024K)]
  0x000001e779a09c50 JavaThread "VFS cleanup Thread 8"              [_thread_blocked, id=31288, stack(0x000000994c500000,0x000000994c600000) (1024K)]
  0x000001e779a07b80 JavaThread "Daemon Thread 18"                  [_thread_blocked, id=37356, stack(0x000000994c000000,0x000000994c100000) (1024K)]
  0x000001e779a08210 JavaThread "Daemon Thread 19"                  [_thread_blocked, id=24548, stack(0x000000994c700000,0x000000994c800000) (1024K)]
  0x000001e779a0d0d0 JavaThread "Daemon Thread 20"                  [_thread_blocked, id=54404, stack(0x000000994cd00000,0x000000994ce00000) (1024K)]
  0x000001e77d943e30 JavaThread "Daemon Thread 21"                  [_thread_blocked, id=15416, stack(0x000000994d700000,0x000000994d800000) (1024K)]
  0x000001e77d9437a0 JavaThread "Daemon Thread 22"                  [_thread_blocked, id=17316, stack(0x000000994dd00000,0x000000994de00000) (1024K)]
  0x000001e77d942a80 JavaThread "Daemon Thread 23"                  [_thread_blocked, id=42424, stack(0x000000994de00000,0x000000994df00000) (1024K)]
  0x000001e77d943110 JavaThread "Daemon Thread 24"                  [_thread_blocked, id=51124, stack(0x000000994e000000,0x000000994e100000) (1024K)]
  0x000001e77d9416d0 JavaThread "Daemon Thread 25"                  [_thread_blocked, id=28064, stack(0x000000994e100000,0x000000994e200000) (1024K)]
  0x000001e77d946590 JavaThread "Daemon Thread 26"                  [_thread_blocked, id=44460, stack(0x000000994e500000,0x000000994e600000) (1024K)]
  0x000001e77d944b50 JavaThread "Daemon Thread 27"                  [_thread_blocked, id=58148, stack(0x000000994e800000,0x000000994e900000) (1024K)]
  0x000001e77d945870 JavaThread "Daemon Thread 28"                  [_thread_blocked, id=45600, stack(0x000000994ea00000,0x000000994eb00000) (1024K)]
  0x000001e77d5c3020 JavaThread "Daemon Thread 29"                  [_thread_blocked, id=35688, stack(0x000000994f800000,0x000000994f900000) (1024K)]
  0x000001e75fc6aac0 JavaThread "Daemon Thread 30"                  [_thread_blocked, id=41840, stack(0x000000994fb00000,0x000000994fc00000) (1024K)]
  0x000001e77d5b29b0 JavaThread "Daemon Thread 31"                  [_thread_blocked, id=57828, stack(0x000000994fc00000,0x000000994fd00000) (1024K)]
  0x000001e77d5b0f70 JavaThread "Daemon Thread 32"                  [_thread_blocked, id=51828, stack(0x000000994ff00000,0x0000009950000000) (1024K)]
  0x000001e77d5af530 JavaThread "Daemon Thread 33"                  [_thread_blocked, id=41464, stack(0x0000009950000000,0x0000009950100000) (1024K)]
  0x000001e77d5b36d0 JavaThread "Daemon Thread 34"                  [_thread_blocked, id=17884, stack(0x0000009950500000,0x0000009950600000) (1024K)]
  0x000001e77d5b0250 JavaThread "Daemon Thread 35"                  [_thread_blocked, id=53044, stack(0x0000009950600000,0x0000009950700000) (1024K)]
  0x000001e77d5b57a0 JavaThread "Daemon Thread 36"                  [_thread_blocked, id=27484, stack(0x0000009950700000,0x0000009950800000) (1024K)]
  0x000001e77d5b3d60 JavaThread "Daemon Thread 37"                  [_thread_blocked, id=2296, stack(0x0000009950900000,0x0000009950a00000) (1024K)]
  0x000001e77d5b43f0 JavaThread "Daemon Thread 38"                  [_thread_blocked, id=33944, stack(0x0000009950b00000,0x0000009950c00000) (1024K)]
  0x000001e77d5b5110 JavaThread "Daemon Thread 39"                  [_thread_blocked, id=12708, stack(0x0000009950d00000,0x0000009950e00000) (1024K)]
  0x000001e77e290740 JavaThread "Daemon Thread 40"                  [_thread_blocked, id=49804, stack(0x0000009950f00000,0x0000009951000000) (1024K)]
  0x000001e77e28dfe0 JavaThread "Daemon Thread 41"                  [_thread_blocked, id=6848, stack(0x0000009951200000,0x0000009951300000) (1024K)]
  0x000001e77e28e670 JavaThread "Daemon Thread 42"                  [_thread_blocked, id=26216, stack(0x0000009951300000,0x0000009951400000) (1024K)]
  0x000001e77e294250 JavaThread "Daemon Thread 43"                  [_thread_blocked, id=21272, stack(0x0000009952100000,0x0000009952200000) (1024K)]
  0x000001e77d768880 JavaThread "Daemon Thread 44"                  [_thread_blocked, id=50336, stack(0x0000009952500000,0x0000009952600000) (1024K)]
  0x000001e77d767b60 JavaThread "VFS cleanup Thread 9"              [_thread_blocked, id=46156, stack(0x000000994e600000,0x000000994e700000) (1024K)]
  0x000001e77d76bd00 JavaThread "VFS cleanup Thread 10"             [_thread_blocked, id=22420, stack(0x000000994e700000,0x000000994e800000) (1024K)]
  0x000001e77d76a2c0 JavaThread "VFS cleanup Thread 11"             [_thread_blocked, id=54484, stack(0x0000009951800000,0x0000009951900000) (1024K)]
  0x000001e77d76a950 JavaThread "VFS cleanup Thread 12"             [_thread_blocked, id=34476, stack(0x0000009952700000,0x0000009952800000) (1024K)]
  0x000001e77d76c390 JavaThread "Daemon Thread 45"                  [_thread_blocked, id=27740, stack(0x000000994f100000,0x000000994f200000) (1024K)]
  0x000001e77d76ca20 JavaThread "VFS cleanup Thread 13"             [_thread_blocked, id=30292, stack(0x000000994f900000,0x000000994fa00000) (1024K)]
  0x000001e77d769c30 JavaThread "VFS cleanup Thread 14"             [_thread_blocked, id=19600, stack(0x000000994c900000,0x000000994ca00000) (1024K)]
  0x000001e77d76d740 JavaThread "VFS cleanup Thread 15"             [_thread_blocked, id=44788, stack(0x000000994f500000,0x000000994f600000) (1024K)]
  0x000001e77d76ddd0 JavaThread "VFS cleanup Thread 16"             [_thread_blocked, id=54132, stack(0x000000994f700000,0x000000994f800000) (1024K)]
  0x000001e77d76e460 JavaThread "VFS cleanup Thread 17"             [_thread_blocked, id=12208, stack(0x0000009952a00000,0x0000009952b00000) (1024K)]
  0x000001e77d76eaf0 JavaThread "VFS cleanup Thread 18"             [_thread_blocked, id=38328, stack(0x0000009950e00000,0x0000009950f00000) (1024K)]
  0x000001e77d5c2990 JavaThread "VFS cleanup Thread 19"             [_thread_blocked, id=58364, stack(0x0000009950c00000,0x0000009950d00000) (1024K)]
  0x000001e77d5bf510 JavaThread "VFS cleanup Thread 20"             [_thread_blocked, id=33260, stack(0x0000009950400000,0x0000009950500000) (1024K)]
  0x000001e77d5c6b30 JavaThread "VFS cleanup Thread 21"             [_thread_blocked, id=8188, stack(0x0000009950300000,0x0000009950400000) (1024K)]
  0x000001e77d9451e0 JavaThread "VFS cleanup Thread 22"             [_thread_blocked, id=26164, stack(0x0000009951f00000,0x0000009952000000) (1024K)]
  0x000001e77d941d60 JavaThread "VFS cleanup Thread 23"             [_thread_blocked, id=42692, stack(0x000000994f000000,0x000000994f100000) (1024K)]
  0x000001e77d947fd0 JavaThread "VFS cleanup Thread 24"             [_thread_blocked, id=41004, stack(0x0000009952b00000,0x0000009952c00000) (1024K)]
  0x000001e77d945f00 JavaThread "VFS cleanup Thread 25"             [_thread_blocked, id=41732, stack(0x000000994e400000,0x000000994e500000) (1024K)]
  0x000001e77d946c20 JavaThread "VFS cleanup Thread 26"             [_thread_blocked, id=52248, stack(0x000000994ec00000,0x000000994ed00000) (1024K)]
  0x000001e77d5b3040 JavaThread "VFS cleanup Thread 27"             [_thread_blocked, id=57076, stack(0x000000994f200000,0x000000994f300000) (1024K)]
  0x000001e77d5afbc0 JavaThread "VFS cleanup Thread 28"             [_thread_blocked, id=38572, stack(0x0000009950200000,0x0000009950300000) (1024K)]
  0x000001e77d5b08e0 JavaThread "VFS cleanup Thread 29"             [_thread_blocked, id=18372, stack(0x0000009951d00000,0x0000009951e00000) (1024K)]
  0x000001e77d5b4a80 JavaThread "VFS cleanup Thread 30"             [_thread_blocked, id=46068, stack(0x0000009951a00000,0x0000009951b00000) (1024K)]
  0x000001e77d5b5e30 JavaThread "VFS cleanup Thread 31"             [_thread_blocked, id=57248, stack(0x0000009951e00000,0x0000009951f00000) (1024K)]
  0x000001e77bd91b10 JavaThread "Daemon Thread 46"                  [_thread_blocked, id=3344, stack(0x0000009953b00000,0x0000009953c00000) (1024K)]
  0x000001e77bd92ec0 JavaThread "Daemon Thread 47"                  [_thread_blocked, id=57596, stack(0x0000009953c00000,0x0000009953d00000) (1024K)]
  0x000001e77bd90df0 JavaThread "Daemon Thread 48"                  [_thread_blocked, id=16844, stack(0x0000009953e00000,0x0000009953f00000) (1024K)]
  0x000001e77bd969d0 JavaThread "Daemon Thread 49"                  [_thread_blocked, id=28428, stack(0x0000009953f00000,0x0000009954000000) (1024K)]
  0x000001e77e0d0500 JavaThread "Daemon Thread 50"                  [_thread_blocked, id=24672, stack(0x0000009954900000,0x0000009954a00000) (1024K)]
  0x000001e77e0cf7e0 JavaThread "Daemon Thread 51"                  [_thread_blocked, id=12172, stack(0x0000009954b00000,0x0000009954c00000) (1024K)]
  0x000001e77e0d1220 JavaThread "Daemon Thread 52"                  [_thread_blocked, id=48624, stack(0x0000009954f00000,0x0000009955000000) (1024K)]
  0x000001e77e0d18b0 JavaThread "Daemon Thread 53"                  [_thread_blocked, id=7804, stack(0x0000009955000000,0x0000009955100000) (1024K)]
  0x000001e77e0d25d0 JavaThread "Daemon Thread 54"                  [_thread_blocked, id=49044, stack(0x0000009955400000,0x0000009955500000) (1024K)]
  0x000001e77e0cf150 JavaThread "Daemon Thread 55"                  [_thread_blocked, id=12212, stack(0x0000009955500000,0x0000009955600000) (1024K)]
  0x000001e77e0d3980 JavaThread "Daemon Thread 56"                  [_thread_blocked, id=25948, stack(0x0000009955900000,0x0000009955a00000) (1024K)]
  0x000001e77e0d4010 JavaThread "Daemon Thread 57"                  [_thread_blocked, id=23068, stack(0x0000009955a00000,0x0000009955b00000) (1024K)]
  0x000001e77d55b110 JavaThread "Daemon Thread 58"                  [_thread_blocked, id=29088, stack(0x0000009956000000,0x0000009956100000) (1024K)]
  0x000001e77d55be30 JavaThread "Daemon Thread 59"                  [_thread_blocked, id=30536, stack(0x0000009956200000,0x0000009956300000) (1024K)]
  0x000001e77d559040 JavaThread "Daemon Thread 60"                  [_thread_blocked, id=15596, stack(0x0000009956400000,0x0000009956500000) (1024K)]
  0x000001e77d55f2b0 JavaThread "Daemon Thread 61"                  [_thread_blocked, id=46896, stack(0x0000009956800000,0x0000009956900000) (1024K)]
  0x000001e77d55ffd0 JavaThread "Daemon Thread 62"                  [_thread_blocked, id=50064, stack(0x0000009956a00000,0x0000009956b00000) (1024K)]
  0x000001e77d55d870 JavaThread "Daemon Thread 63"                  [_thread_blocked, id=16368, stack(0x0000009956e00000,0x0000009956f00000) (1024K)]
  0x000001e77d55e590 JavaThread "Daemon Thread 64"                  [_thread_blocked, id=47220, stack(0x0000009957200000,0x0000009957300000) (1024K)]
  0x000001e77d564800 JavaThread "Daemon Thread 65"                  [_thread_blocked, id=20840, stack(0x0000009957300000,0x0000009957400000) (1024K)]
  0x000001e77d563ae0 JavaThread "Daemon Thread 66"                  [_thread_blocked, id=20000, stack(0x0000009957700000,0x0000009957800000) (1024K)]
  0x000001e77d562730 JavaThread "Daemon Thread 67"                  [_thread_blocked, id=21100, stack(0x0000009957800000,0x0000009957900000) (1024K)]
  0x000001e77d565bb0 JavaThread "Daemon Thread 68"                  [_thread_blocked, id=12148, stack(0x0000009957b00000,0x0000009957c00000) (1024K)]
  0x000001e77d5668d0 JavaThread "Daemon Thread 69"                  [_thread_blocked, id=17900, stack(0x0000009957e00000,0x0000009957f00000) (1024K)]
  0x000001e77d22cd80 JavaThread "Daemon Thread 70"                  [_thread_blocked, id=9760, stack(0x0000009958300000,0x0000009958400000) (1024K)]
  0x000001e77d22c6f0 JavaThread "Daemon Thread 71"                  [_thread_blocked, id=18528, stack(0x0000009958a00000,0x0000009958b00000) (1024K)]
  0x000001e77d230200 JavaThread "Daemon Thread 72"                  [_thread_blocked, id=5528, stack(0x0000009958c00000,0x0000009958d00000) (1024K)]
  0x000001e77d233680 JavaThread "Daemon Thread 73"                  [_thread_blocked, id=16284, stack(0x0000009959000000,0x0000009959100000) (1024K)]
  0x000001e77d233d10 JavaThread "Daemon Thread 74"                  [_thread_blocked, id=13872, stack(0x0000009959100000,0x0000009959200000) (1024K)]
  0x000001e77d238540 JavaThread "Daemon Thread 75"                  [_thread_blocked, id=39648, stack(0x0000009959800000,0x0000009959900000) (1024K)]
  0x000001e77d235de0 JavaThread "Daemon Thread 76"                  [_thread_blocked, id=35600, stack(0x0000009959b00000,0x0000009959c00000) (1024K)]
  0x000001e77d237190 JavaThread "Daemon Thread 77"                  [_thread_blocked, id=27076, stack(0x0000009959d00000,0x0000009959e00000) (1024K)]
  0x000001e77d23a610 JavaThread "Daemon Thread 78"                  [_thread_blocked, id=11412, stack(0x000000995a100000,0x000000995a200000) (1024K)]
  0x000001e77d239f80 JavaThread "Daemon Thread 79"                  [_thread_blocked, id=13176, stack(0x000000995a700000,0x000000995a800000) (1024K)]
  0x000001e77bfeb090 JavaThread "Daemon Thread 80"                  [_thread_blocked, id=42712, stack(0x0000009950800000,0x0000009950900000) (1024K)]
  0x000001e77bfeeba0 JavaThread "Daemon Thread 81"                  [_thread_blocked, id=47612, stack(0x0000009951900000,0x0000009951a00000) (1024K)]
  0x000001e77bfeb720 JavaThread "Daemon Thread 82"                  [_thread_blocked, id=53672, stack(0x0000009952600000,0x0000009952700000) (1024K)]
  0x000001e77bfebdb0 JavaThread "Daemon Thread 83"                  [_thread_blocked, id=40596, stack(0x0000009954500000,0x0000009954600000) (1024K)]
  0x000001e77bff1300 JavaThread "Daemon Thread 84"                  [_thread_blocked, id=57036, stack(0x0000009955e00000,0x0000009955f00000) (1024K)]
  0x000001e77bfeff50 JavaThread "Daemon Thread 85"                  [_thread_blocked, id=31616, stack(0x0000009956d00000,0x0000009956e00000) (1024K)]
  0x000001e77bff05e0 JavaThread "Daemon Thread 86"                  [_thread_blocked, id=24652, stack(0x0000009955f00000,0x0000009956000000) (1024K)]
  0x000001e77bff54a0 JavaThread "VFS cleanup Thread 32"             [_thread_blocked, id=26412, stack(0x0000009958000000,0x0000009958100000) (1024K)]
  0x000001e77bff2020 JavaThread "VFS cleanup Thread 33"             [_thread_blocked, id=19324, stack(0x0000009958400000,0x0000009958500000) (1024K)]
  0x000001e77bff4780 JavaThread "VFS cleanup Thread 34"             [_thread_blocked, id=39384, stack(0x0000009958500000,0x0000009958600000) (1024K)]
  0x000001e77bff5b30 JavaThread "VFS cleanup Thread 35"             [_thread_blocked, id=43076, stack(0x0000009958600000,0x0000009958700000) (1024K)]
  0x000001e77bff26b0 JavaThread "VFS cleanup Thread 36"             [_thread_blocked, id=19840, stack(0x0000009957f00000,0x0000009958000000) (1024K)]
  0x000001e77bff61c0 JavaThread "VFS cleanup Thread 37"             [_thread_blocked, id=24756, stack(0x0000009958900000,0x0000009958a00000) (1024K)]
  0x000001e77bff40f0 JavaThread "VFS cleanup Thread 38"             [_thread_blocked, id=27300, stack(0x0000009957500000,0x0000009957600000) (1024K)]
  0x000001e77bff6ee0 JavaThread "VFS cleanup Thread 39"             [_thread_blocked, id=17192, stack(0x0000009958e00000,0x0000009958f00000) (1024K)]
  0x000001e77bff9cd0 JavaThread "VFS cleanup Thread 40"             [_thread_blocked, id=36884, stack(0x0000009959400000,0x0000009959500000) (1024K)]
  0x000001e77bff8fb0 JavaThread "VFS cleanup Thread 41"             [_thread_blocked, id=34432, stack(0x0000009959600000,0x0000009959700000) (1024K)]
  0x000001e77bff9640 JavaThread "VFS cleanup Thread 42"             [_thread_blocked, id=58188, stack(0x0000009954c00000,0x0000009954d00000) (1024K)]
  0x000001e77bff8920 JavaThread "VFS cleanup Thread 43"             [_thread_blocked, id=46040, stack(0x0000009954800000,0x0000009954900000) (1024K)]
  0x000001e77bffa360 JavaThread "Daemon Thread 87"                  [_thread_blocked, id=3156, stack(0x0000009955d00000,0x0000009955e00000) (1024K)]
  0x000001e77d22fb70 JavaThread "VFS cleanup Thread 44"             [_thread_blocked, id=51512, stack(0x0000009959f00000,0x000000995a000000) (1024K)]
  0x000001e77d22d410 JavaThread "VFS cleanup Thread 45"             [_thread_blocked, id=43960, stack(0x000000995a000000,0x000000995a100000) (1024K)]
  0x000001e77d230f20 JavaThread "VFS cleanup Thread 46"             [_thread_blocked, id=17276, stack(0x000000995a500000,0x000000995a600000) (1024K)]
  0x000001e77d22daa0 JavaThread "VFS cleanup Thread 48"             [_thread_blocked, id=7524, stack(0x000000995a800000,0x000000995a900000) (1024K)]
  0x000001e77d231c40 JavaThread "VFS cleanup Thread 47"             [_thread_blocked, id=14364, stack(0x000000995ab00000,0x000000995ac00000) (1024K)]
  0x000001e77d22ee50 JavaThread "VFS cleanup Thread 49"             [_thread_blocked, id=23508, stack(0x0000009953400000,0x0000009953500000) (1024K)]
  0x000001e77d2350c0 JavaThread "VFS cleanup Thread 50"             [_thread_blocked, id=54840, stack(0x0000009953a00000,0x0000009953b00000) (1024K)]
  0x000001e77d235750 JavaThread "VFS cleanup Thread 51"             [_thread_blocked, id=56060, stack(0x0000009953500000,0x0000009953600000) (1024K)]
  0x000001e77d2343a0 JavaThread "VFS cleanup Thread 52"             [_thread_blocked, id=21832, stack(0x0000009952200000,0x0000009952300000) (1024K)]
  0x000001e77d232ff0 JavaThread "VFS cleanup Thread 53"             [_thread_blocked, id=34800, stack(0x0000009952900000,0x0000009952a00000) (1024K)]
  0x000001e77d23aca0 JavaThread "VFS cleanup Thread 54"             [_thread_blocked, id=24588, stack(0x0000009952e00000,0x0000009952f00000) (1024K)]
  0x000001e77d23b330 JavaThread "VFS cleanup Thread 55"             [_thread_blocked, id=40876, stack(0x0000009951b00000,0x0000009951c00000) (1024K)]
  0x000001e77d238bd0 JavaThread "VFS cleanup Thread 56"             [_thread_blocked, id=45868, stack(0x0000009951c00000,0x0000009951d00000) (1024K)]
  0x000001e77d5596d0 JavaThread "VFS cleanup Thread 57"             [_thread_blocked, id=34276, stack(0x000000994e300000,0x000000994e400000) (1024K)]
  0x000001e77d558320 JavaThread "VFS cleanup Thread 58"             [_thread_blocked, id=38348, stack(0x000000994fa00000,0x000000994fb00000) (1024K)]
  0x000001e77d55aa80 JavaThread "VFS cleanup Thread 59"             [_thread_blocked, id=30680, stack(0x0000009951100000,0x0000009951200000) (1024K)]
  0x000001e77d561a10 JavaThread "VFS cleanup Thread 60"             [_thread_blocked, id=55252, stack(0x0000009951600000,0x0000009951700000) (1024K)]
  0x000001e77d559d60 JavaThread "VFS cleanup Thread 61"             [_thread_blocked, id=29456, stack(0x0000009952000000,0x0000009952100000) (1024K)]
  0x000001e77d560660 JavaThread "VFS cleanup Thread 62"             [_thread_blocked, id=23132, stack(0x0000009952d00000,0x0000009952e00000) (1024K)]
  0x000001e77d561380 JavaThread "VFS cleanup Thread 63"             [_thread_blocked, id=7472, stack(0x0000009953d00000,0x0000009953e00000) (1024K)]
  0x000001e77d55df00 JavaThread "VFS cleanup Thread 64"             [_thread_blocked, id=3620, stack(0x0000009954300000,0x0000009954400000) (1024K)]
  0x000001e77d55c4c0 JavaThread "VFS cleanup Thread 65"             [_thread_blocked, id=31916, stack(0x000000994f600000,0x000000994f700000) (1024K)]
  0x000001e77bd921a0 JavaThread "Handler for socket connection from /127.0.0.1:58026 to /127.0.0.1:50886"        [_thread_in_native, id=12180, stack(0x000000994c600000,0x000000994c700000) (1024K)]
  0x000001e77bd91480 JavaThread "Cancel handler"                    [_thread_blocked, id=45696, stack(0x000000994d300000,0x000000994d400000) (1024K)]
  0x000001e77bd93550 JavaThread "Asynchronous log dispatcher for DefaultDaemonConnection: socket connection from /127.0.0.1:58026 to /127.0.0.1:50886"        [_thread_blocked, id=25672, stack(0x000000994db00000,0x000000994dc00000) (1024K)]
  0x000001e77bd95cb0 JavaThread "Stdin handler"                     [_thread_blocked, id=41992, stack(0x000000994eb00000,0x000000994ec00000) (1024K)]
  0x000001e77bd96340 JavaThread "Daemon client event forwarder"        [_thread_in_Java, id=31372, stack(0x000000994ed00000,0x000000994ee00000) (1024K)]
  0x000001e77bd94270 JavaThread "Cache worker for file hash cache (D:\n1h5-models-backend\.gradle\9.5.1\fileHashes)"        [_thread_blocked, id=28864, stack(0x000000994fd00000,0x000000994fe00000) (1024K)]
  0x000001e77bd97d80 JavaThread "Cache worker for Build Output Cleanup Cache (D:\n1h5-models-backend\.gradle\buildOutputCleanup)"        [_thread_blocked, id=46220, stack(0x000000994fe00000,0x000000994ff00000) (1024K)]
  0x000001e77bd92830 JavaThread "Cache worker for checksums cache (D:\n1h5-models-backend\.gradle\9.5.1\checksums)"        [_thread_blocked, id=56120, stack(0x000000994d800000,0x000000994d900000) (1024K)]
  0x000001e77bd90760 JavaThread "Cache worker for cache directory md-supplier (C:\Users\hieun\.gradle\caches\9.5.1\md-supplier)"        [_thread_blocked, id=48680, stack(0x000000994df00000,0x000000994e000000) (1024K)]
  0x000001e77bd976f0 JavaThread "Cache worker for cache directory md-rule (C:\Users\hieun\.gradle\caches\9.5.1\md-rule)"        [_thread_blocked, id=52884, stack(0x000000994e900000,0x000000994ea00000) (1024K)]
  0x000001e77bd97060 JavaThread "Build operations"                  [_thread_blocked, id=5268, stack(0x000000994cf00000,0x000000994d000000) (1024K)]
  0x000001e77bd93be0 JavaThread "Build operations Thread 2"         [_thread_blocked, id=18856, stack(0x000000994ee00000,0x000000994ef00000) (1024K)]
  0x000001e77bd94900 JavaThread "Build operations Thread 3"         [_thread_blocked, id=45168, stack(0x000000994ef00000,0x000000994f000000) (1024K)]
  0x000001e77bd94f90 JavaThread "Build operations Thread 4"         [_thread_blocked, id=10204, stack(0x0000009950100000,0x0000009950200000) (1024K)]
  0x000001e77bd95620 JavaThread "Build operations Thread 5"         [_thread_blocked, id=35956, stack(0x0000009950a00000,0x0000009950b00000) (1024K)]
  0x000001e77bfef8c0 JavaThread "Build operations Thread 6"         [_thread_blocked, id=46020, stack(0x0000009951000000,0x0000009951100000) (1024K)]
  0x000001e77bfed160 JavaThread "Build operations Thread 7"         [_thread_blocked, id=36352, stack(0x0000009951400000,0x0000009951500000) (1024K)]
  0x000001e77bfed7f0 JavaThread "Build operations Thread 8"         [_thread_blocked, id=33028, stack(0x0000009951500000,0x0000009951600000) (1024K)]
  0x000001e77bfef230 JavaThread "Build operations Thread 9"         [_thread_blocked, id=30056, stack(0x0000009951700000,0x0000009951800000) (1024K)]
  0x000001e77bfec440 JavaThread "Build operations Thread 10"        [_thread_blocked, id=17212, stack(0x0000009952300000,0x0000009952400000) (1024K)]
  0x000001e77bfee510 JavaThread "Build operations Thread 11"        [_thread_blocked, id=14344, stack(0x0000009952400000,0x0000009952500000) (1024K)]
  0x000001e77bfede80 JavaThread "Build operations Thread 12"        [_thread_blocked, id=48592, stack(0x0000009952800000,0x0000009952900000) (1024K)]
Total: 180

Other Threads:
  0x000001e75fa172e0 VMThread "VM Thread"                           [id=39572, stack(0x000000994ac00000,0x000000994ad00000) (1024K)]
  0x000001e75fa05f90 WatcherThread "VM Periodic Task Thread"        [id=45304, stack(0x000000994ab00000,0x000000994ac00000) (1024K)]
  0x000001e744ad4a00 WorkerThread "GC Thread#0"                     [id=43368, stack(0x000000994a600000,0x000000994a700000) (1024K)]
  0x000001e7798cb9e0 WorkerThread "GC Thread#1"                     [id=40068, stack(0x000000994b700000,0x000000994b800000) (1024K)]
  0x000001e7798e2990 WorkerThread "GC Thread#2"                     [id=8596, stack(0x000000994b800000,0x000000994b900000) (1024K)]
  0x000001e7798e2d40 WorkerThread "GC Thread#3"                     [id=11612, stack(0x000000994b900000,0x000000994ba00000) (1024K)]
  0x000001e7798e3500 WorkerThread "GC Thread#4"                     [id=14936, stack(0x000000994ba00000,0x000000994bb00000) (1024K)]
  0x000001e7798e38b0 WorkerThread "GC Thread#5"                     [id=11440, stack(0x000000994bb00000,0x000000994bc00000) (1024K)]
  0x000001e779ace420 WorkerThread "GC Thread#6"                     [id=57244, stack(0x000000994ca00000,0x000000994cb00000) (1024K)]
  0x000001e779ace7d0 WorkerThread "GC Thread#7"                     [id=44892, stack(0x000000994cb00000,0x000000994cc00000) (1024K)]
  0x000001e77ae493c0 WorkerThread "GC Thread#8"                     [id=36272, stack(0x000000994cc00000,0x000000994cd00000) (1024K)]
  0x000001e77ae48c60 WorkerThread "GC Thread#9"                     [id=43912, stack(0x000000994ce00000,0x000000994cf00000) (1024K)]
  0x000001e744ada910 ConcurrentGCThread "G1 Main Marker"            [id=16408, stack(0x000000994a700000,0x000000994a800000) (1024K)]
  0x000001e744adc1b0 WorkerThread "G1 Conc#0"                       [id=55164, stack(0x000000994a800000,0x000000994a900000) (1024K)]
  0x000001e77ae48150 WorkerThread "G1 Conc#1"                       [id=52396, stack(0x000000994d500000,0x000000994d600000) (1024K)]
  0x000001e77ae48500 WorkerThread "G1 Conc#2"                       [id=32812, stack(0x000000994d600000,0x000000994d700000) (1024K)]
  0x000001e75f8d5600 ConcurrentGCThread "G1 Refine#0"               [id=33280, stack(0x000000994a900000,0x000000994aa00000) (1024K)]
  0x000001e75f8d5f90 ConcurrentGCThread "G1 Service"                [id=55900, stack(0x000000994aa00000,0x000000994ab00000) (1024K)]
Total: 18

Threads with active compile tasks:
C2 CompilerThread0   379262 12174       4       org.gradle.api.internal.attributes.DefaultImmutableAttributesContainer::<init> (223 bytes)
Total: 1

VM state: not at safepoint (normal execution)

VM Mutex/Monitor currently owned by a thread: None

Heap address: 0x00000000e0000000, size: 512 MB, Compressed Oops mode: 32-bit

CDS archive(s) mapped at: [0x000001e760000000-0x000001e760c90000-0x000001e760c90000), size 13172736, SharedBaseAddress: 0x000001e760000000, ArchiveRelocationMode: 1.
Compressed class space mapped at: 0x000001e761000000-0x000001e775000000, reserved size: 335544320
Narrow klass base: 0x000001e760000000, Narrow klass shift: 0, Narrow klass range: 0x100000000

GC Precious Log:
 CardTable entry size: 512
 Card Set container configuration: InlinePtr #cards 5 size 8 Array Of Cards #cards 12 size 40 Howl #buckets 4 coarsen threshold 1843 Howl Bitmap #cards 512 size 80 coarsen threshold 460 Card regions per heap region 1 cards per card region 2048
 CPUs: 12 total, 12 available
 Memory: 15690M
 Large Page Support: Disabled
 NUMA Support: Disabled
 Compressed Oops: Enabled (32-bit)
 Heap Region Size: 1M
 Heap Min Capacity: 256M
 Heap Initial Capacity: 256M
 Heap Max Capacity: 512M
 Pre-touch: Disabled
 Parallel Workers: 10
 Concurrent Workers: 3
 Concurrent Refinement Workers: 10
 Periodic GC: Disabled

Heap:
 garbage-first heap   total 262144K, used 178554K [0x00000000e0000000, 0x0000000100000000)
  region size 1024K, 131 young (134144K), 7 survivors (7168K)
 Metaspace       used 60970K, committed 63296K, reserved 393216K
  class space    used 8715K, committed 9856K, reserved 327680K

Heap Regions: E=young(eden), S=young(survivor), O=old, HS=humongous(starts), HC=humongous(continues), CS=collection set, F=free, TAMS=top-at-mark-start, PB=parsable bottom
|   0|0x00000000e0000000, 0x00000000e0100000, 0x00000000e0100000|100%|HS|  |TAMS 0x00000000e0000000| PB 0x00000000e0000000| Complete 
|   1|0x00000000e0100000, 0x00000000e0200000, 0x00000000e0200000|100%|HC|  |TAMS 0x00000000e0100000| PB 0x00000000e0100000| Complete 
|   2|0x00000000e0200000, 0x00000000e0300000, 0x00000000e0300000|100%|HC|  |TAMS 0x00000000e0200000| PB 0x00000000e0200000| Complete 
|   3|0x00000000e0300000, 0x00000000e0400000, 0x00000000e0400000|100%|HC|  |TAMS 0x00000000e0300000| PB 0x00000000e0300000| Complete 
|   4|0x00000000e0400000, 0x00000000e0500000, 0x00000000e0500000|100%| O|  |TAMS 0x00000000e0400000| PB 0x00000000e0400000| Untracked 
|   5|0x00000000e0500000, 0x00000000e0600000, 0x00000000e0600000|100%| O|  |TAMS 0x00000000e0500000| PB 0x00000000e0500000| Untracked 
|   6|0x00000000e0600000, 0x00000000e0700000, 0x00000000e0700000|100%| O|  |TAMS 0x00000000e0600000| PB 0x00000000e0600000| Untracked 
|   7|0x00000000e0700000, 0x00000000e0800000, 0x00000000e0800000|100%| O|  |TAMS 0x00000000e0700000| PB 0x00000000e0700000| Untracked 
|   8|0x00000000e0800000, 0x00000000e0900000, 0x00000000e0900000|100%|HS|  |TAMS 0x00000000e0800000| PB 0x00000000e0800000| Complete 
|   9|0x00000000e0900000, 0x00000000e0a00000, 0x00000000e0a00000|100%| O|  |TAMS 0x00000000e0900000| PB 0x00000000e0900000| Untracked 
|  10|0x00000000e0a00000, 0x00000000e0b00000, 0x00000000e0b00000|100%| O|  |TAMS 0x00000000e0a00000| PB 0x00000000e0a00000| Untracked 
|  11|0x00000000e0b00000, 0x00000000e0c00000, 0x00000000e0c00000|100%| O|  |TAMS 0x00000000e0b00000| PB 0x00000000e0b00000| Untracked 
|  12|0x00000000e0c00000, 0x00000000e0d00000, 0x00000000e0d00000|100%| O|  |TAMS 0x00000000e0c00000| PB 0x00000000e0c00000| Untracked 
|  13|0x00000000e0d00000, 0x00000000e0e00000, 0x00000000e0e00000|100%| O|  |TAMS 0x00000000e0d00000| PB 0x00000000e0d00000| Untracked 
|  14|0x00000000e0e00000, 0x00000000e0f00000, 0x00000000e0f00000|100%| O|  |TAMS 0x00000000e0e00000| PB 0x00000000e0e00000| Untracked 
|  15|0x00000000e0f00000, 0x00000000e1000000, 0x00000000e1000000|100%| O|  |TAMS 0x00000000e0f00000| PB 0x00000000e0f00000| Untracked 
|  16|0x00000000e1000000, 0x00000000e1100000, 0x00000000e1100000|100%| O|  |TAMS 0x00000000e1000000| PB 0x00000000e1000000| Untracked 
|  17|0x00000000e1100000, 0x00000000e1200000, 0x00000000e1200000|100%| O|  |TAMS 0x00000000e1100000| PB 0x00000000e1100000| Untracked 
|  18|0x00000000e1200000, 0x00000000e1300000, 0x00000000e1300000|100%| O|  |TAMS 0x00000000e1200000| PB 0x00000000e1200000| Untracked 
|  19|0x00000000e1300000, 0x00000000e1400000, 0x00000000e1400000|100%| O|  |TAMS 0x00000000e1300000| PB 0x00000000e1300000| Untracked 
|  20|0x00000000e1400000, 0x00000000e1500000, 0x00000000e1500000|100%| O|  |TAMS 0x00000000e1400000| PB 0x00000000e1400000| Untracked 
|  21|0x00000000e1500000, 0x00000000e1600000, 0x00000000e1600000|100%| O|  |TAMS 0x00000000e1500000| PB 0x00000000e1500000| Untracked 
|  22|0x00000000e1600000, 0x00000000e1700000, 0x00000000e1700000|100%| O|  |TAMS 0x00000000e1600000| PB 0x00000000e1600000| Untracked 
|  23|0x00000000e1700000, 0x00000000e1800000, 0x00000000e1800000|100%| O|  |TAMS 0x00000000e1700000| PB 0x00000000e1700000| Untracked 
|  24|0x00000000e1800000, 0x00000000e1900000, 0x00000000e1900000|100%| O|  |TAMS 0x00000000e1800000| PB 0x00000000e1800000| Untracked 
|  25|0x00000000e1900000, 0x00000000e1a00000, 0x00000000e1a00000|100%| O|  |TAMS 0x00000000e1900000| PB 0x00000000e1900000| Untracked 
|  26|0x00000000e1a00000, 0x00000000e1b00000, 0x00000000e1b00000|100%| O|  |TAMS 0x00000000e1a00000| PB 0x00000000e1a00000| Untracked 
|  27|0x00000000e1b00000, 0x00000000e1c00000, 0x00000000e1c00000|100%| O|  |TAMS 0x00000000e1b00000| PB 0x00000000e1b00000| Untracked 
|  28|0x00000000e1c00000, 0x00000000e1d00000, 0x00000000e1d00000|100%| O|Cm|TAMS 0x00000000e1c00000| PB 0x00000000e1c00000| Complete 
|  29|0x00000000e1d00000, 0x00000000e1e00000, 0x00000000e1e00000|100%| O|  |TAMS 0x00000000e1d00000| PB 0x00000000e1d00000| Untracked 
|  30|0x00000000e1e00000, 0x00000000e1f00000, 0x00000000e1f00000|100%| O|  |TAMS 0x00000000e1e00000| PB 0x00000000e1e00000| Untracked 
|  31|0x00000000e1f00000, 0x00000000e2000000, 0x00000000e2000000|100%| O|  |TAMS 0x00000000e1f00000| PB 0x00000000e1f00000| Untracked 
|  32|0x00000000e2000000, 0x00000000e2100000, 0x00000000e2100000|100%| O|  |TAMS 0x00000000e2000000| PB 0x00000000e2000000| Untracked 
|  33|0x00000000e2100000, 0x00000000e2200000, 0x00000000e2200000|100%| O|  |TAMS 0x00000000e2100000| PB 0x00000000e2100000| Untracked 
|  34|0x00000000e2200000, 0x00000000e2300000, 0x00000000e2300000|100%| O|  |TAMS 0x00000000e2200000| PB 0x00000000e2200000| Untracked 
|  35|0x00000000e2300000, 0x00000000e2400000, 0x00000000e2400000|100%| O|  |TAMS 0x00000000e2300000| PB 0x00000000e2300000| Untracked 
|  36|0x00000000e2400000, 0x00000000e2500000, 0x00000000e2500000|100%| O|  |TAMS 0x00000000e2400000| PB 0x00000000e2400000| Untracked 
|  37|0x00000000e2500000, 0x00000000e2600000, 0x00000000e2600000|100%| O|  |TAMS 0x00000000e2500000| PB 0x00000000e2500000| Untracked 
|  38|0x00000000e2600000, 0x00000000e2700000, 0x00000000e2700000|100%| O|  |TAMS 0x00000000e2600000| PB 0x00000000e2600000| Untracked 
|  39|0x00000000e2700000, 0x00000000e2800000, 0x00000000e2800000|100%| O|  |TAMS 0x00000000e2700000| PB 0x00000000e2700000| Untracked 
|  40|0x00000000e2800000, 0x00000000e2900000, 0x00000000e2900000|100%| O|  |TAMS 0x00000000e2800000| PB 0x00000000e2800000| Untracked 
|  41|0x00000000e2900000, 0x00000000e2a00000, 0x00000000e2a00000|100%| O|  |TAMS 0x00000000e2900000| PB 0x00000000e2900000| Untracked 
|  42|0x00000000e2a00000, 0x00000000e2b00000, 0x00000000e2b00000|100%| O|  |TAMS 0x00000000e2a00000| PB 0x00000000e2a00000| Untracked 
|  43|0x00000000e2b00000, 0x00000000e2c00000, 0x00000000e2c00000|100%| O|  |TAMS 0x00000000e2b00000| PB 0x00000000e2b00000| Untracked 
|  44|0x00000000e2c00000, 0x00000000e2c5e9f8, 0x00000000e2d00000| 36%| O|  |TAMS 0x00000000e2c00000| PB 0x00000000e2c00000| Untracked 
|  45|0x00000000e2d00000, 0x00000000e2d00000, 0x00000000e2e00000|  0%| F|  |TAMS 0x00000000e2d00000| PB 0x00000000e2d00000| Untracked 
|  46|0x00000000e2e00000, 0x00000000e2e00000, 0x00000000e2f00000|  0%| F|  |TAMS 0x00000000e2e00000| PB 0x00000000e2e00000| Untracked 
|  47|0x00000000e2f00000, 0x00000000e2f00000, 0x00000000e3000000|  0%| F|  |TAMS 0x00000000e2f00000| PB 0x00000000e2f00000| Untracked 
|  48|0x00000000e3000000, 0x00000000e3000000, 0x00000000e3100000|  0%| F|  |TAMS 0x00000000e3000000| PB 0x00000000e3000000| Untracked 
|  49|0x00000000e3100000, 0x00000000e3100000, 0x00000000e3200000|  0%| F|  |TAMS 0x00000000e3100000| PB 0x00000000e3100000| Untracked 
|  50|0x00000000e3200000, 0x00000000e3200000, 0x00000000e3300000|  0%| F|  |TAMS 0x00000000e3200000| PB 0x00000000e3200000| Untracked 
|  51|0x00000000e3300000, 0x00000000e3300000, 0x00000000e3400000|  0%| F|  |TAMS 0x00000000e3300000| PB 0x00000000e3300000| Untracked 
|  52|0x00000000e3400000, 0x00000000e3400000, 0x00000000e3500000|  0%| F|  |TAMS 0x00000000e3400000| PB 0x00000000e3400000| Untracked 
|  53|0x00000000e3500000, 0x00000000e3500000, 0x00000000e3600000|  0%| F|  |TAMS 0x00000000e3500000| PB 0x00000000e3500000| Untracked 
|  54|0x00000000e3600000, 0x00000000e3600000, 0x00000000e3700000|  0%| F|  |TAMS 0x00000000e3600000| PB 0x00000000e3600000| Untracked 
|  55|0x00000000e3700000, 0x00000000e3700000, 0x00000000e3800000|  0%| F|  |TAMS 0x00000000e3700000| PB 0x00000000e3700000| Untracked 
|  56|0x00000000e3800000, 0x00000000e3800000, 0x00000000e3900000|  0%| F|  |TAMS 0x00000000e3800000| PB 0x00000000e3800000| Untracked 
|  57|0x00000000e3900000, 0x00000000e3900000, 0x00000000e3a00000|  0%| F|  |TAMS 0x00000000e3900000| PB 0x00000000e3900000| Untracked 
|  58|0x00000000e3a00000, 0x00000000e3a00000, 0x00000000e3b00000|  0%| F|  |TAMS 0x00000000e3a00000| PB 0x00000000e3a00000| Untracked 
|  59|0x00000000e3b00000, 0x00000000e3b00000, 0x00000000e3c00000|  0%| F|  |TAMS 0x00000000e3b00000| PB 0x00000000e3b00000| Untracked 
|  60|0x00000000e3c00000, 0x00000000e3c00000, 0x00000000e3d00000|  0%| F|  |TAMS 0x00000000e3c00000| PB 0x00000000e3c00000| Untracked 
|  61|0x00000000e3d00000, 0x00000000e3d00000, 0x00000000e3e00000|  0%| F|  |TAMS 0x00000000e3d00000| PB 0x00000000e3d00000| Untracked 
|  62|0x00000000e3e00000, 0x00000000e3e00000, 0x00000000e3f00000|  0%| F|  |TAMS 0x00000000e3e00000| PB 0x00000000e3e00000| Untracked 
|  63|0x00000000e3f00000, 0x00000000e3f00000, 0x00000000e4000000|  0%| F|  |TAMS 0x00000000e3f00000| PB 0x00000000e3f00000| Untracked 
|  64|0x00000000e4000000, 0x00000000e4000000, 0x00000000e4100000|  0%| F|  |TAMS 0x00000000e4000000| PB 0x00000000e4000000| Untracked 
|  65|0x00000000e4100000, 0x00000000e4100000, 0x00000000e4200000|  0%| F|  |TAMS 0x00000000e4100000| PB 0x00000000e4100000| Untracked 
|  66|0x00000000e4200000, 0x00000000e4200000, 0x00000000e4300000|  0%| F|  |TAMS 0x00000000e4200000| PB 0x00000000e4200000| Untracked 
|  67|0x00000000e4300000, 0x00000000e4300000, 0x00000000e4400000|  0%| F|  |TAMS 0x00000000e4300000| PB 0x00000000e4300000| Untracked 
|  68|0x00000000e4400000, 0x00000000e4400000, 0x00000000e4500000|  0%| F|  |TAMS 0x00000000e4400000| PB 0x00000000e4400000| Untracked 
|  69|0x00000000e4500000, 0x00000000e4500000, 0x00000000e4600000|  0%| F|  |TAMS 0x00000000e4500000| PB 0x00000000e4500000| Untracked 
|  70|0x00000000e4600000, 0x00000000e4600000, 0x00000000e4700000|  0%| F|  |TAMS 0x00000000e4600000| PB 0x00000000e4600000| Untracked 
|  71|0x00000000e4700000, 0x00000000e4700000, 0x00000000e4800000|  0%| F|  |TAMS 0x00000000e4700000| PB 0x00000000e4700000| Untracked 
|  72|0x00000000e4800000, 0x00000000e4800000, 0x00000000e4900000|  0%| F|  |TAMS 0x00000000e4800000| PB 0x00000000e4800000| Untracked 
|  73|0x00000000e4900000, 0x00000000e4900000, 0x00000000e4a00000|  0%| F|  |TAMS 0x00000000e4900000| PB 0x00000000e4900000| Untracked 
|  74|0x00000000e4a00000, 0x00000000e4a00000, 0x00000000e4b00000|  0%| F|  |TAMS 0x00000000e4a00000| PB 0x00000000e4a00000| Untracked 
|  75|0x00000000e4b00000, 0x00000000e4b00000, 0x00000000e4c00000|  0%| F|  |TAMS 0x00000000e4b00000| PB 0x00000000e4b00000| Untracked 
|  76|0x00000000e4c00000, 0x00000000e4c00000, 0x00000000e4d00000|  0%| F|  |TAMS 0x00000000e4c00000| PB 0x00000000e4c00000| Untracked 
|  77|0x00000000e4d00000, 0x00000000e4d00000, 0x00000000e4e00000|  0%| F|  |TAMS 0x00000000e4d00000| PB 0x00000000e4d00000| Untracked 
|  78|0x00000000e4e00000, 0x00000000e4e00000, 0x00000000e4f00000|  0%| F|  |TAMS 0x00000000e4e00000| PB 0x00000000e4e00000| Untracked 
|  79|0x00000000e4f00000, 0x00000000e4f00000, 0x00000000e5000000|  0%| F|  |TAMS 0x00000000e4f00000| PB 0x00000000e4f00000| Untracked 
|  80|0x00000000e5000000, 0x00000000e5000000, 0x00000000e5100000|  0%| F|  |TAMS 0x00000000e5000000| PB 0x00000000e5000000| Untracked 
|  81|0x00000000e5100000, 0x00000000e5100000, 0x00000000e5200000|  0%| F|  |TAMS 0x00000000e5100000| PB 0x00000000e5100000| Untracked 
|  82|0x00000000e5200000, 0x00000000e5200000, 0x00000000e5300000|  0%| F|  |TAMS 0x00000000e5200000| PB 0x00000000e5200000| Untracked 
|  83|0x00000000e5300000, 0x00000000e5300000, 0x00000000e5400000|  0%| F|  |TAMS 0x00000000e5300000| PB 0x00000000e5300000| Untracked 
|  84|0x00000000e5400000, 0x00000000e5400000, 0x00000000e5500000|  0%| F|  |TAMS 0x00000000e5400000| PB 0x00000000e5400000| Untracked 
|  85|0x00000000e5500000, 0x00000000e5500000, 0x00000000e5600000|  0%| F|  |TAMS 0x00000000e5500000| PB 0x00000000e5500000| Untracked 
|  86|0x00000000e5600000, 0x00000000e5600000, 0x00000000e5700000|  0%| F|  |TAMS 0x00000000e5600000| PB 0x00000000e5600000| Untracked 
|  87|0x00000000e5700000, 0x00000000e5700000, 0x00000000e5800000|  0%| F|  |TAMS 0x00000000e5700000| PB 0x00000000e5700000| Untracked 
|  88|0x00000000e5800000, 0x00000000e5800000, 0x00000000e5900000|  0%| F|  |TAMS 0x00000000e5800000| PB 0x00000000e5800000| Untracked 
|  89|0x00000000e5900000, 0x00000000e5900000, 0x00000000e5a00000|  0%| F|  |TAMS 0x00000000e5900000| PB 0x00000000e5900000| Untracked 
|  90|0x00000000e5a00000, 0x00000000e5a00000, 0x00000000e5b00000|  0%| F|  |TAMS 0x00000000e5a00000| PB 0x00000000e5a00000| Untracked 
|  91|0x00000000e5b00000, 0x00000000e5b00000, 0x00000000e5c00000|  0%| F|  |TAMS 0x00000000e5b00000| PB 0x00000000e5b00000| Untracked 
|  92|0x00000000e5c00000, 0x00000000e5c00000, 0x00000000e5d00000|  0%| F|  |TAMS 0x00000000e5c00000| PB 0x00000000e5c00000| Untracked 
|  93|0x00000000e5d00000, 0x00000000e5d00000, 0x00000000e5e00000|  0%| F|  |TAMS 0x00000000e5d00000| PB 0x00000000e5d00000| Untracked 
|  94|0x00000000e5e00000, 0x00000000e5e00000, 0x00000000e5f00000|  0%| F|  |TAMS 0x00000000e5e00000| PB 0x00000000e5e00000| Untracked 
|  95|0x00000000e5f00000, 0x00000000e5f00000, 0x00000000e6000000|  0%| F|  |TAMS 0x00000000e5f00000| PB 0x00000000e5f00000| Untracked 
|  96|0x00000000e6000000, 0x00000000e6100000, 0x00000000e6100000|100%| S|CS|TAMS 0x00000000e6000000| PB 0x00000000e6000000| Complete 
|  97|0x00000000e6100000, 0x00000000e6200000, 0x00000000e6200000|100%| S|CS|TAMS 0x00000000e6100000| PB 0x00000000e6100000| Complete 
|  98|0x00000000e6200000, 0x00000000e6300000, 0x00000000e6300000|100%| S|CS|TAMS 0x00000000e6200000| PB 0x00000000e6200000| Complete 
|  99|0x00000000e6300000, 0x00000000e6400000, 0x00000000e6400000|100%| S|CS|TAMS 0x00000000e6300000| PB 0x00000000e6300000| Complete 
| 100|0x00000000e6400000, 0x00000000e6500000, 0x00000000e6500000|100%| S|CS|TAMS 0x00000000e6400000| PB 0x00000000e6400000| Complete 
| 101|0x00000000e6500000, 0x00000000e6600000, 0x00000000e6600000|100%| S|CS|TAMS 0x00000000e6500000| PB 0x00000000e6500000| Complete 
| 102|0x00000000e6600000, 0x00000000e6700000, 0x00000000e6700000|100%| S|CS|TAMS 0x00000000e6600000| PB 0x00000000e6600000| Complete 
| 103|0x00000000e6700000, 0x00000000e6700000, 0x00000000e6800000|  0%| F|  |TAMS 0x00000000e6700000| PB 0x00000000e6700000| Untracked 
| 104|0x00000000e6800000, 0x00000000e6800000, 0x00000000e6900000|  0%| F|  |TAMS 0x00000000e6800000| PB 0x00000000e6800000| Untracked 
| 105|0x00000000e6900000, 0x00000000e6900000, 0x00000000e6a00000|  0%| F|  |TAMS 0x00000000e6900000| PB 0x00000000e6900000| Untracked 
| 106|0x00000000e6a00000, 0x00000000e6a00000, 0x00000000e6b00000|  0%| F|  |TAMS 0x00000000e6a00000| PB 0x00000000e6a00000| Untracked 
| 107|0x00000000e6b00000, 0x00000000e6b00000, 0x00000000e6c00000|  0%| F|  |TAMS 0x00000000e6b00000| PB 0x00000000e6b00000| Untracked 
| 108|0x00000000e6c00000, 0x00000000e6c00000, 0x00000000e6d00000|  0%| F|  |TAMS 0x00000000e6c00000| PB 0x00000000e6c00000| Untracked 
| 109|0x00000000e6d00000, 0x00000000e6d00000, 0x00000000e6e00000|  0%| F|  |TAMS 0x00000000e6d00000| PB 0x00000000e6d00000| Untracked 
| 110|0x00000000e6e00000, 0x00000000e6e00000, 0x00000000e6f00000|  0%| F|  |TAMS 0x00000000e6e00000| PB 0x00000000e6e00000| Untracked 
| 111|0x00000000e6f00000, 0x00000000e6f00000, 0x00000000e7000000|  0%| F|  |TAMS 0x00000000e6f00000| PB 0x00000000e6f00000| Untracked 
| 112|0x00000000e7000000, 0x00000000e7000000, 0x00000000e7100000|  0%| F|  |TAMS 0x00000000e7000000| PB 0x00000000e7000000| Untracked 
| 113|0x00000000e7100000, 0x00000000e7100000, 0x00000000e7200000|  0%| F|  |TAMS 0x00000000e7100000| PB 0x00000000e7100000| Untracked 
| 114|0x00000000e7200000, 0x00000000e7200000, 0x00000000e7300000|  0%| F|  |TAMS 0x00000000e7200000| PB 0x00000000e7200000| Untracked 
| 115|0x00000000e7300000, 0x00000000e7300000, 0x00000000e7400000|  0%| F|  |TAMS 0x00000000e7300000| PB 0x00000000e7300000| Untracked 
| 116|0x00000000e7400000, 0x00000000e7400000, 0x00000000e7500000|  0%| F|  |TAMS 0x00000000e7400000| PB 0x00000000e7400000| Untracked 
| 117|0x00000000e7500000, 0x00000000e7500000, 0x00000000e7600000|  0%| F|  |TAMS 0x00000000e7500000| PB 0x00000000e7500000| Untracked 
| 118|0x00000000e7600000, 0x00000000e7600000, 0x00000000e7700000|  0%| F|  |TAMS 0x00000000e7600000| PB 0x00000000e7600000| Untracked 
| 119|0x00000000e7700000, 0x00000000e7700000, 0x00000000e7800000|  0%| F|  |TAMS 0x00000000e7700000| PB 0x00000000e7700000| Untracked 
| 120|0x00000000e7800000, 0x00000000e7800000, 0x00000000e7900000|  0%| F|  |TAMS 0x00000000e7800000| PB 0x00000000e7800000| Untracked 
| 121|0x00000000e7900000, 0x00000000e7900000, 0x00000000e7a00000|  0%| F|  |TAMS 0x00000000e7900000| PB 0x00000000e7900000| Untracked 
| 122|0x00000000e7a00000, 0x00000000e7a00000, 0x00000000e7b00000|  0%| F|  |TAMS 0x00000000e7a00000| PB 0x00000000e7a00000| Untracked 
| 123|0x00000000e7b00000, 0x00000000e7b00000, 0x00000000e7c00000|  0%| F|  |TAMS 0x00000000e7b00000| PB 0x00000000e7b00000| Untracked 
| 124|0x00000000e7c00000, 0x00000000e7c00000, 0x00000000e7d00000|  0%| F|  |TAMS 0x00000000e7c00000| PB 0x00000000e7c00000| Untracked 
| 125|0x00000000e7d00000, 0x00000000e7d00000, 0x00000000e7e00000|  0%| F|  |TAMS 0x00000000e7d00000| PB 0x00000000e7d00000| Untracked 
| 126|0x00000000e7e00000, 0x00000000e7e00000, 0x00000000e7f00000|  0%| F|  |TAMS 0x00000000e7e00000| PB 0x00000000e7e00000| Untracked 
| 127|0x00000000e7f00000, 0x00000000e7f00000, 0x00000000e8000000|  0%| F|  |TAMS 0x00000000e7f00000| PB 0x00000000e7f00000| Untracked 
| 128|0x00000000e8000000, 0x00000000e8000000, 0x00000000e8100000|  0%| F|  |TAMS 0x00000000e8000000| PB 0x00000000e8000000| Untracked 
| 129|0x00000000e8100000, 0x00000000e8100000, 0x00000000e8200000|  0%| F|  |TAMS 0x00000000e8100000| PB 0x00000000e8100000| Untracked 
| 130|0x00000000e8200000, 0x00000000e8200000, 0x00000000e8300000|  0%| F|  |TAMS 0x00000000e8200000| PB 0x00000000e8200000| Untracked 
| 131|0x00000000e8300000, 0x00000000e8300000, 0x00000000e8400000|  0%| F|  |TAMS 0x00000000e8300000| PB 0x00000000e8300000| Untracked 
| 132|0x00000000e8400000, 0x00000000e8500000, 0x00000000e8500000|100%| E|  |TAMS 0x00000000e8400000| PB 0x00000000e8400000| Complete 
| 133|0x00000000e8500000, 0x00000000e8600000, 0x00000000e8600000|100%| E|CS|TAMS 0x00000000e8500000| PB 0x00000000e8500000| Complete 
| 134|0x00000000e8600000, 0x00000000e8700000, 0x00000000e8700000|100%| E|CS|TAMS 0x00000000e8600000| PB 0x00000000e8600000| Complete 
| 135|0x00000000e8700000, 0x00000000e8800000, 0x00000000e8800000|100%| E|CS|TAMS 0x00000000e8700000| PB 0x00000000e8700000| Complete 
| 136|0x00000000e8800000, 0x00000000e8900000, 0x00000000e8900000|100%| E|CS|TAMS 0x00000000e8800000| PB 0x00000000e8800000| Complete 
| 137|0x00000000e8900000, 0x00000000e8a00000, 0x00000000e8a00000|100%| E|CS|TAMS 0x00000000e8900000| PB 0x00000000e8900000| Complete 
| 138|0x00000000e8a00000, 0x00000000e8b00000, 0x00000000e8b00000|100%| E|CS|TAMS 0x00000000e8a00000| PB 0x00000000e8a00000| Complete 
| 139|0x00000000e8b00000, 0x00000000e8c00000, 0x00000000e8c00000|100%| E|CS|TAMS 0x00000000e8b00000| PB 0x00000000e8b00000| Complete 
| 140|0x00000000e8c00000, 0x00000000e8d00000, 0x00000000e8d00000|100%| E|CS|TAMS 0x00000000e8c00000| PB 0x00000000e8c00000| Complete 
| 141|0x00000000e8d00000, 0x00000000e8e00000, 0x00000000e8e00000|100%| E|CS|TAMS 0x00000000e8d00000| PB 0x00000000e8d00000| Complete 
| 142|0x00000000e8e00000, 0x00000000e8f00000, 0x00000000e8f00000|100%| E|CS|TAMS 0x00000000e8e00000| PB 0x00000000e8e00000| Complete 
| 143|0x00000000e8f00000, 0x00000000e9000000, 0x00000000e9000000|100%| E|CS|TAMS 0x00000000e8f00000| PB 0x00000000e8f00000| Complete 
| 144|0x00000000e9000000, 0x00000000e9100000, 0x00000000e9100000|100%| E|CS|TAMS 0x00000000e9000000| PB 0x00000000e9000000| Complete 
| 145|0x00000000e9100000, 0x00000000e9200000, 0x00000000e9200000|100%| E|CS|TAMS 0x00000000e9100000| PB 0x00000000e9100000| Complete 
| 146|0x00000000e9200000, 0x00000000e9300000, 0x00000000e9300000|100%| E|CS|TAMS 0x00000000e9200000| PB 0x00000000e9200000| Complete 
| 147|0x00000000e9300000, 0x00000000e9400000, 0x00000000e9400000|100%| E|CS|TAMS 0x00000000e9300000| PB 0x00000000e9300000| Complete 
| 148|0x00000000e9400000, 0x00000000e9500000, 0x00000000e9500000|100%| E|CS|TAMS 0x00000000e9400000| PB 0x00000000e9400000| Complete 
| 149|0x00000000e9500000, 0x00000000e9600000, 0x00000000e9600000|100%| E|CS|TAMS 0x00000000e9500000| PB 0x00000000e9500000| Complete 
| 150|0x00000000e9600000, 0x00000000e9700000, 0x00000000e9700000|100%| E|CS|TAMS 0x00000000e9600000| PB 0x00000000e9600000| Complete 
| 151|0x00000000e9700000, 0x00000000e9800000, 0x00000000e9800000|100%| E|CS|TAMS 0x00000000e9700000| PB 0x00000000e9700000| Complete 
| 152|0x00000000e9800000, 0x00000000e9900000, 0x00000000e9900000|100%| E|CS|TAMS 0x00000000e9800000| PB 0x00000000e9800000| Complete 
| 153|0x00000000e9900000, 0x00000000e9a00000, 0x00000000e9a00000|100%| E|CS|TAMS 0x00000000e9900000| PB 0x00000000e9900000| Complete 
| 154|0x00000000e9a00000, 0x00000000e9b00000, 0x00000000e9b00000|100%| E|CS|TAMS 0x00000000e9a00000| PB 0x00000000e9a00000| Complete 
| 155|0x00000000e9b00000, 0x00000000e9c00000, 0x00000000e9c00000|100%| E|CS|TAMS 0x00000000e9b00000| PB 0x00000000e9b00000| Complete 
| 156|0x00000000e9c00000, 0x00000000e9d00000, 0x00000000e9d00000|100%| E|CS|TAMS 0x00000000e9c00000| PB 0x00000000e9c00000| Complete 
| 157|0x00000000e9d00000, 0x00000000e9e00000, 0x00000000e9e00000|100%| E|CS|TAMS 0x00000000e9d00000| PB 0x00000000e9d00000| Complete 
| 158|0x00000000e9e00000, 0x00000000e9f00000, 0x00000000e9f00000|100%| E|CS|TAMS 0x00000000e9e00000| PB 0x00000000e9e00000| Complete 
| 159|0x00000000e9f00000, 0x00000000ea000000, 0x00000000ea000000|100%| E|CS|TAMS 0x00000000e9f00000| PB 0x00000000e9f00000| Complete 
| 160|0x00000000ea000000, 0x00000000ea100000, 0x00000000ea100000|100%| E|CS|TAMS 0x00000000ea000000| PB 0x00000000ea000000| Complete 
| 161|0x00000000ea100000, 0x00000000ea200000, 0x00000000ea200000|100%| E|CS|TAMS 0x00000000ea100000| PB 0x00000000ea100000| Complete 
| 162|0x00000000ea200000, 0x00000000ea300000, 0x00000000ea300000|100%| E|CS|TAMS 0x00000000ea200000| PB 0x00000000ea200000| Complete 
| 163|0x00000000ea300000, 0x00000000ea400000, 0x00000000ea400000|100%| E|CS|TAMS 0x00000000ea300000| PB 0x00000000ea300000| Complete 
| 164|0x00000000ea400000, 0x00000000ea500000, 0x00000000ea500000|100%| E|CS|TAMS 0x00000000ea400000| PB 0x00000000ea400000| Complete 
| 165|0x00000000ea500000, 0x00000000ea600000, 0x00000000ea600000|100%| E|CS|TAMS 0x00000000ea500000| PB 0x00000000ea500000| Complete 
| 166|0x00000000ea600000, 0x00000000ea700000, 0x00000000ea700000|100%| E|CS|TAMS 0x00000000ea600000| PB 0x00000000ea600000| Complete 
| 167|0x00000000ea700000, 0x00000000ea800000, 0x00000000ea800000|100%| E|CS|TAMS 0x00000000ea700000| PB 0x00000000ea700000| Complete 
| 168|0x00000000ea800000, 0x00000000ea900000, 0x00000000ea900000|100%| E|CS|TAMS 0x00000000ea800000| PB 0x00000000ea800000| Complete 
| 169|0x00000000ea900000, 0x00000000eaa00000, 0x00000000eaa00000|100%| E|CS|TAMS 0x00000000ea900000| PB 0x00000000ea900000| Complete 
| 170|0x00000000eaa00000, 0x00000000eab00000, 0x00000000eab00000|100%| E|CS|TAMS 0x00000000eaa00000| PB 0x00000000eaa00000| Complete 
| 171|0x00000000eab00000, 0x00000000eac00000, 0x00000000eac00000|100%| E|CS|TAMS 0x00000000eab00000| PB 0x00000000eab00000| Complete 
| 172|0x00000000eac00000, 0x00000000ead00000, 0x00000000ead00000|100%| E|CS|TAMS 0x00000000eac00000| PB 0x00000000eac00000| Complete 
| 173|0x00000000ead00000, 0x00000000eae00000, 0x00000000eae00000|100%| E|CS|TAMS 0x00000000ead00000| PB 0x00000000ead00000| Complete 
| 174|0x00000000eae00000, 0x00000000eaf00000, 0x00000000eaf00000|100%| E|CS|TAMS 0x00000000eae00000| PB 0x00000000eae00000| Complete 
| 175|0x00000000eaf00000, 0x00000000eb000000, 0x00000000eb000000|100%| E|CS|TAMS 0x00000000eaf00000| PB 0x00000000eaf00000| Complete 
| 176|0x00000000eb000000, 0x00000000eb100000, 0x00000000eb100000|100%| E|CS|TAMS 0x00000000eb000000| PB 0x00000000eb000000| Complete 
| 177|0x00000000eb100000, 0x00000000eb200000, 0x00000000eb200000|100%| E|CS|TAMS 0x00000000eb100000| PB 0x00000000eb100000| Complete 
| 178|0x00000000eb200000, 0x00000000eb300000, 0x00000000eb300000|100%| E|CS|TAMS 0x00000000eb200000| PB 0x00000000eb200000| Complete 
| 179|0x00000000eb300000, 0x00000000eb400000, 0x00000000eb400000|100%| E|CS|TAMS 0x00000000eb300000| PB 0x00000000eb300000| Complete 
| 180|0x00000000eb400000, 0x00000000eb500000, 0x00000000eb500000|100%| E|CS|TAMS 0x00000000eb400000| PB 0x00000000eb400000| Complete 
| 181|0x00000000eb500000, 0x00000000eb600000, 0x00000000eb600000|100%| E|CS|TAMS 0x00000000eb500000| PB 0x00000000eb500000| Complete 
| 182|0x00000000eb600000, 0x00000000eb700000, 0x00000000eb700000|100%| E|CS|TAMS 0x00000000eb600000| PB 0x00000000eb600000| Complete 
| 183|0x00000000eb700000, 0x00000000eb800000, 0x00000000eb800000|100%| E|CS|TAMS 0x00000000eb700000| PB 0x00000000eb700000| Complete 
| 184|0x00000000eb800000, 0x00000000eb900000, 0x00000000eb900000|100%| E|CS|TAMS 0x00000000eb800000| PB 0x00000000eb800000| Complete 
| 185|0x00000000eb900000, 0x00000000eba00000, 0x00000000eba00000|100%| E|CS|TAMS 0x00000000eb900000| PB 0x00000000eb900000| Complete 
| 186|0x00000000eba00000, 0x00000000ebb00000, 0x00000000ebb00000|100%| E|CS|TAMS 0x00000000eba00000| PB 0x00000000eba00000| Complete 
| 187|0x00000000ebb00000, 0x00000000ebc00000, 0x00000000ebc00000|100%| E|CS|TAMS 0x00000000ebb00000| PB 0x00000000ebb00000| Complete 
| 188|0x00000000ebc00000, 0x00000000ebd00000, 0x00000000ebd00000|100%| E|CS|TAMS 0x00000000ebc00000| PB 0x00000000ebc00000| Complete 
| 189|0x00000000ebd00000, 0x00000000ebe00000, 0x00000000ebe00000|100%| E|CS|TAMS 0x00000000ebd00000| PB 0x00000000ebd00000| Complete 
| 190|0x00000000ebe00000, 0x00000000ebf00000, 0x00000000ebf00000|100%| E|CS|TAMS 0x00000000ebe00000| PB 0x00000000ebe00000| Complete 
| 191|0x00000000ebf00000, 0x00000000ec000000, 0x00000000ec000000|100%| E|CS|TAMS 0x00000000ebf00000| PB 0x00000000ebf00000| Complete 
| 192|0x00000000ec000000, 0x00000000ec100000, 0x00000000ec100000|100%| E|CS|TAMS 0x00000000ec000000| PB 0x00000000ec000000| Complete 
| 193|0x00000000ec100000, 0x00000000ec200000, 0x00000000ec200000|100%| E|CS|TAMS 0x00000000ec100000| PB 0x00000000ec100000| Complete 
| 194|0x00000000ec200000, 0x00000000ec300000, 0x00000000ec300000|100%| E|CS|TAMS 0x00000000ec200000| PB 0x00000000ec200000| Complete 
| 195|0x00000000ec300000, 0x00000000ec400000, 0x00000000ec400000|100%| E|CS|TAMS 0x00000000ec300000| PB 0x00000000ec300000| Complete 
| 196|0x00000000ec400000, 0x00000000ec500000, 0x00000000ec500000|100%| E|CS|TAMS 0x00000000ec400000| PB 0x00000000ec400000| Complete 
| 197|0x00000000ec500000, 0x00000000ec600000, 0x00000000ec600000|100%| E|CS|TAMS 0x00000000ec500000| PB 0x00000000ec500000| Complete 
| 198|0x00000000ec600000, 0x00000000ec700000, 0x00000000ec700000|100%| E|CS|TAMS 0x00000000ec600000| PB 0x00000000ec600000| Complete 
| 199|0x00000000ec700000, 0x00000000ec800000, 0x00000000ec800000|100%| E|CS|TAMS 0x00000000ec700000| PB 0x00000000ec700000| Complete 
| 200|0x00000000ec800000, 0x00000000ec900000, 0x00000000ec900000|100%| E|CS|TAMS 0x00000000ec800000| PB 0x00000000ec800000| Complete 
| 201|0x00000000ec900000, 0x00000000eca00000, 0x00000000eca00000|100%| E|CS|TAMS 0x00000000ec900000| PB 0x00000000ec900000| Complete 
| 202|0x00000000eca00000, 0x00000000ecb00000, 0x00000000ecb00000|100%| E|CS|TAMS 0x00000000eca00000| PB 0x00000000eca00000| Complete 
| 203|0x00000000ecb00000, 0x00000000ecc00000, 0x00000000ecc00000|100%| E|CS|TAMS 0x00000000ecb00000| PB 0x00000000ecb00000| Complete 
| 204|0x00000000ecc00000, 0x00000000ecd00000, 0x00000000ecd00000|100%| E|CS|TAMS 0x00000000ecc00000| PB 0x00000000ecc00000| Complete 
| 205|0x00000000ecd00000, 0x00000000ece00000, 0x00000000ece00000|100%| E|CS|TAMS 0x00000000ecd00000| PB 0x00000000ecd00000| Complete 
| 206|0x00000000ece00000, 0x00000000ecf00000, 0x00000000ecf00000|100%| E|CS|TAMS 0x00000000ece00000| PB 0x00000000ece00000| Complete 
| 207|0x00000000ecf00000, 0x00000000ed000000, 0x00000000ed000000|100%| E|CS|TAMS 0x00000000ecf00000| PB 0x00000000ecf00000| Complete 
| 208|0x00000000ed000000, 0x00000000ed100000, 0x00000000ed100000|100%| E|CS|TAMS 0x00000000ed000000| PB 0x00000000ed000000| Complete 
| 209|0x00000000ed100000, 0x00000000ed200000, 0x00000000ed200000|100%| E|CS|TAMS 0x00000000ed100000| PB 0x00000000ed100000| Complete 
| 210|0x00000000ed200000, 0x00000000ed300000, 0x00000000ed300000|100%| E|CS|TAMS 0x00000000ed200000| PB 0x00000000ed200000| Complete 
| 211|0x00000000ed300000, 0x00000000ed400000, 0x00000000ed400000|100%| E|CS|TAMS 0x00000000ed300000| PB 0x00000000ed300000| Complete 
| 212|0x00000000ed400000, 0x00000000ed500000, 0x00000000ed500000|100%| E|CS|TAMS 0x00000000ed400000| PB 0x00000000ed400000| Complete 
| 213|0x00000000ed500000, 0x00000000ed600000, 0x00000000ed600000|100%| E|CS|TAMS 0x00000000ed500000| PB 0x00000000ed500000| Complete 
| 214|0x00000000ed600000, 0x00000000ed700000, 0x00000000ed700000|100%| E|CS|TAMS 0x00000000ed600000| PB 0x00000000ed600000| Complete 
| 215|0x00000000ed700000, 0x00000000ed800000, 0x00000000ed800000|100%| E|CS|TAMS 0x00000000ed700000| PB 0x00000000ed700000| Complete 
| 216|0x00000000ed800000, 0x00000000ed900000, 0x00000000ed900000|100%| E|CS|TAMS 0x00000000ed800000| PB 0x00000000ed800000| Complete 
| 217|0x00000000ed900000, 0x00000000eda00000, 0x00000000eda00000|100%| E|CS|TAMS 0x00000000ed900000| PB 0x00000000ed900000| Complete 
| 218|0x00000000eda00000, 0x00000000edb00000, 0x00000000edb00000|100%| E|CS|TAMS 0x00000000eda00000| PB 0x00000000eda00000| Complete 
| 219|0x00000000edb00000, 0x00000000edc00000, 0x00000000edc00000|100%| E|CS|TAMS 0x00000000edb00000| PB 0x00000000edb00000| Complete 
| 220|0x00000000edc00000, 0x00000000edd00000, 0x00000000edd00000|100%| E|CS|TAMS 0x00000000edc00000| PB 0x00000000edc00000| Complete 
| 221|0x00000000edd00000, 0x00000000ede00000, 0x00000000ede00000|100%| E|CS|TAMS 0x00000000edd00000| PB 0x00000000edd00000| Complete 
| 222|0x00000000ede00000, 0x00000000edf00000, 0x00000000edf00000|100%| E|CS|TAMS 0x00000000ede00000| PB 0x00000000ede00000| Complete 
| 223|0x00000000edf00000, 0x00000000ee000000, 0x00000000ee000000|100%| E|CS|TAMS 0x00000000edf00000| PB 0x00000000edf00000| Complete 
| 224|0x00000000ee000000, 0x00000000ee100000, 0x00000000ee100000|100%| E|CS|TAMS 0x00000000ee000000| PB 0x00000000ee000000| Complete 
| 225|0x00000000ee100000, 0x00000000ee200000, 0x00000000ee200000|100%| E|CS|TAMS 0x00000000ee100000| PB 0x00000000ee100000| Complete 
| 226|0x00000000ee200000, 0x00000000ee300000, 0x00000000ee300000|100%| E|CS|TAMS 0x00000000ee200000| PB 0x00000000ee200000| Complete 
| 227|0x00000000ee300000, 0x00000000ee400000, 0x00000000ee400000|100%| E|CS|TAMS 0x00000000ee300000| PB 0x00000000ee300000| Complete 
| 228|0x00000000ee400000, 0x00000000ee500000, 0x00000000ee500000|100%| E|CS|TAMS 0x00000000ee400000| PB 0x00000000ee400000| Complete 
| 229|0x00000000ee500000, 0x00000000ee600000, 0x00000000ee600000|100%| E|CS|TAMS 0x00000000ee500000| PB 0x00000000ee500000| Complete 
| 230|0x00000000ee600000, 0x00000000ee700000, 0x00000000ee700000|100%| E|CS|TAMS 0x00000000ee600000| PB 0x00000000ee600000| Complete 
| 231|0x00000000ee700000, 0x00000000ee800000, 0x00000000ee800000|100%| E|CS|TAMS 0x00000000ee700000| PB 0x00000000ee700000| Complete 
| 232|0x00000000ee800000, 0x00000000ee900000, 0x00000000ee900000|100%| E|CS|TAMS 0x00000000ee800000| PB 0x00000000ee800000| Complete 
| 233|0x00000000ee900000, 0x00000000eea00000, 0x00000000eea00000|100%| E|CS|TAMS 0x00000000ee900000| PB 0x00000000ee900000| Complete 
| 234|0x00000000eea00000, 0x00000000eeb00000, 0x00000000eeb00000|100%| E|CS|TAMS 0x00000000eea00000| PB 0x00000000eea00000| Complete 
| 235|0x00000000eeb00000, 0x00000000eec00000, 0x00000000eec00000|100%| E|CS|TAMS 0x00000000eeb00000| PB 0x00000000eeb00000| Complete 
| 236|0x00000000eec00000, 0x00000000eed00000, 0x00000000eed00000|100%| E|CS|TAMS 0x00000000eec00000| PB 0x00000000eec00000| Complete 
| 237|0x00000000eed00000, 0x00000000eee00000, 0x00000000eee00000|100%| E|CS|TAMS 0x00000000eed00000| PB 0x00000000eed00000| Complete 
| 238|0x00000000eee00000, 0x00000000eef00000, 0x00000000eef00000|100%| E|CS|TAMS 0x00000000eee00000| PB 0x00000000eee00000| Complete 
| 239|0x00000000eef00000, 0x00000000ef000000, 0x00000000ef000000|100%| E|CS|TAMS 0x00000000eef00000| PB 0x00000000eef00000| Complete 
| 240|0x00000000ef000000, 0x00000000ef100000, 0x00000000ef100000|100%| E|CS|TAMS 0x00000000ef000000| PB 0x00000000ef000000| Complete 
| 241|0x00000000ef100000, 0x00000000ef200000, 0x00000000ef200000|100%| E|CS|TAMS 0x00000000ef100000| PB 0x00000000ef100000| Complete 
| 242|0x00000000ef200000, 0x00000000ef300000, 0x00000000ef300000|100%| E|CS|TAMS 0x00000000ef200000| PB 0x00000000ef200000| Complete 
| 243|0x00000000ef300000, 0x00000000ef400000, 0x00000000ef400000|100%| E|CS|TAMS 0x00000000ef300000| PB 0x00000000ef300000| Complete 
| 244|0x00000000ef400000, 0x00000000ef500000, 0x00000000ef500000|100%| E|CS|TAMS 0x00000000ef400000| PB 0x00000000ef400000| Complete 
| 245|0x00000000ef500000, 0x00000000ef600000, 0x00000000ef600000|100%| E|CS|TAMS 0x00000000ef500000| PB 0x00000000ef500000| Complete 
| 246|0x00000000ef600000, 0x00000000ef700000, 0x00000000ef700000|100%| E|CS|TAMS 0x00000000ef600000| PB 0x00000000ef600000| Complete 
| 247|0x00000000ef700000, 0x00000000ef800000, 0x00000000ef800000|100%| E|CS|TAMS 0x00000000ef700000| PB 0x00000000ef700000| Complete 
| 248|0x00000000ef800000, 0x00000000ef900000, 0x00000000ef900000|100%| E|CS|TAMS 0x00000000ef800000| PB 0x00000000ef800000| Complete 
| 249|0x00000000ef900000, 0x00000000efa00000, 0x00000000efa00000|100%| E|CS|TAMS 0x00000000ef900000| PB 0x00000000ef900000| Complete 
| 250|0x00000000efa00000, 0x00000000efb00000, 0x00000000efb00000|100%| E|CS|TAMS 0x00000000efa00000| PB 0x00000000efa00000| Complete 
| 251|0x00000000efb00000, 0x00000000efc00000, 0x00000000efc00000|100%| E|CS|TAMS 0x00000000efb00000| PB 0x00000000efb00000| Complete 
| 252|0x00000000efc00000, 0x00000000efd00000, 0x00000000efd00000|100%| E|CS|TAMS 0x00000000efc00000| PB 0x00000000efc00000| Complete 
| 253|0x00000000efd00000, 0x00000000efe00000, 0x00000000efe00000|100%| E|CS|TAMS 0x00000000efd00000| PB 0x00000000efd00000| Complete 
| 254|0x00000000efe00000, 0x00000000eff00000, 0x00000000eff00000|100%| E|CS|TAMS 0x00000000efe00000| PB 0x00000000efe00000| Complete 
| 255|0x00000000eff00000, 0x00000000f0000000, 0x00000000f0000000|100%| E|CS|TAMS 0x00000000eff00000| PB 0x00000000eff00000| Complete 

Card table byte_map: [0x000001e75c490000,0x000001e75c590000] _byte_map_base: 0x000001e75bd90000

Marking Bits: (CMBitMap*) 0x000001e744ad5020
 Bits: [0x000001e75c590000, 0x000001e75cd90000)

Polling page: 0x000001e7426a0000

Metaspace:

Usage:
  Non-class:     51.03 MB used.
      Class:      8.51 MB used.
       Both:     59.54 MB used.

Virtual space:
  Non-class space:       64.00 MB reserved,      52.19 MB ( 82%) committed,  1 nodes.
      Class space:      320.00 MB reserved,       9.62 MB (  3%) committed,  1 nodes.
             Both:      384.00 MB reserved,      61.81 MB ( 16%) committed. 

Chunk freelists:
   Non-Class:  11.11 MB
       Class:  6.27 MB
        Both:  17.38 MB

MaxMetaspaceSize: 384.00 MB
CompressedClassSpaceSize: 320.00 MB
Initial GC threshold: 21.00 MB
Current GC threshold: 98.44 MB
CDS: on
 - commit_granule_bytes: 65536.
 - commit_granule_words: 8192.
 - virtual_space_node_default_size: 8388608.
 - enlarge_chunks_in_place: 1.
 - use_allocation_guard: 0.


Internal statistics:

num_allocs_failed_limit: 9.
num_arena_births: 4166.
num_arena_deaths: 0.
num_vsnodes_births: 2.
num_vsnodes_deaths: 0.
num_space_committed: 989.
num_space_uncommitted: 0.
num_chunks_returned_to_freelist: 9.
num_chunks_taken_from_freelist: 7452.
num_chunk_merges: 9.
num_chunk_splits: 4678.
num_chunks_enlarged: 2646.
num_inconsistent_stats: 0.

CodeHeap 'non-profiled nmethods': size=120000Kb used=7153Kb max_used=7153Kb free=112846Kb
 bounds [0x000001e754a20000, 0x000001e755120000, 0x000001e75bf50000]
CodeHeap 'profiled nmethods': size=120000Kb used=22248Kb max_used=22248Kb free=97751Kb
 bounds [0x000001e74cf50000, 0x000001e74e510000, 0x000001e754480000]
CodeHeap 'non-nmethods': size=5760Kb used=2021Kb max_used=2069Kb free=3738Kb
 bounds [0x000001e754480000, 0x000001e7546f0000, 0x000001e754a20000]
 total_blobs=12351 nmethods=11581 adapters=674
 compilation: enabled
              stopped_count=0, restarted_count=0
 full_count=0

Compilation events (20 events):
Event: 378.200 Thread 0x000001e75fb57c50 nmethod 12210 0x000001e74e4fa590 code [0x000001e74e4fa820, 0x000001e74e4fb868]
Event: 378.200 Thread 0x000001e75fb57c50 12211       3       org.gradle.api.internal.project.DefaultProject::getGradle (5 bytes)
Event: 378.201 Thread 0x000001e75fb57c50 nmethod 12211 0x000001e74e4fbe10 code [0x000001e74e4fc000, 0x000001e74e4fc630]
Event: 378.204 Thread 0x000001e75fb57c50 12212       1       org.gradle.internal.extensibility.DefaultExtensionContainer::getExtraProperties (5 bytes)
Event: 378.204 Thread 0x000001e75fb57c50 nmethod 12212 0x000001e75511b990 code [0x000001e75511bb20, 0x000001e75511bbe8]
Event: 378.204 Thread 0x000001e75fb57c50 12213       1       org.gradle.internal.extensibility.DefaultExtensionContainer::getExtensionsAsDynamicObject (5 bytes)
Event: 378.204 Thread 0x000001e75fb57c50 nmethod 12213 0x000001e75511bc90 code [0x000001e75511be20, 0x000001e75511bee8]
Event: 378.211 Thread 0x000001e75fb57c50 12214       3       groovy.lang.MissingMethodException::<init> (37 bytes)
Event: 378.211 Thread 0x000001e75fb57c50 nmethod 12214 0x000001e74e4fc810 code [0x000001e74e4fc9e0, 0x000001e74e4fce78]
Event: 378.211 Thread 0x000001e75fb57c50 12215       3       java.lang.invoke.LambdaForm$DMH/0x000001e761971000::invokeStatic (22 bytes)
Event: 378.211 Thread 0x000001e75fb57c50 nmethod 12215 0x000001e74e4fd010 code [0x000001e74e4fd240, 0x000001e74e4fdb20]
Event: 378.213 Thread 0x000001e75fb57c50 12216       3       org.gradle.api.internal.project.DefaultProjectStateRegistry$ProjectStateImpl::getDisplayName (41 bytes)
Event: 378.214 Thread 0x000001e75fb57c50 nmethod 12216 0x000001e74e4fdd90 code [0x000001e74e4fdfe0, 0x000001e74e4fe950]
Event: 378.219 Thread 0x000001e75fb57c50 12217       3       org.gradle.api.internal.file.copy.DefaultCopySpec$DefaultCopySpecResolver::<init> (7 bytes)
Event: 378.220 Thread 0x000001e75fb57c50 nmethod 12217 0x000001e74e4fec90 code [0x000001e74e4fee40, 0x000001e74e4ff0c0]
Event: 378.220 Thread 0x000001e75fb57c50 12218       3       org.gradle.api.internal.file.copy.DefaultCopySpec$DefaultCopySpecResolver::<init> (15 bytes)
Event: 378.220 Thread 0x000001e75fb57c50 nmethod 12218 0x000001e74e4ff210 code [0x000001e74e4ff3c0, 0x000001e74e4ff5e0]
Event: 378.221 Thread 0x000001e75fb57c50 12219       3       org.gradle.api.internal.provider.DefaultProviderFactory::provider (23 bytes)
Event: 378.221 Thread 0x000001e75fb57c50 nmethod 12219 0x000001e74e4ff690 code [0x000001e74e4ff860, 0x000001e74e4ffc38]
Event: 378.223 Thread 0x000001e75fb57c50 12220       3       org.gradle.api.specs.AndSpec::<init> (6 bytes)

GC Heap History (18 events):
Event: 4.416 GC heap before
{Heap before GC invocations=0 (full 0):
 garbage-first heap   total 262144K, used 26624K [0x00000000e0000000, 0x0000000100000000)
  region size 1024K, 23 young (23552K), 0 survivors (0K)
 Metaspace       used 2956K, committed 3072K, reserved 393216K
  class space    used 340K, committed 384K, reserved 327680K
}
Event: 4.686 GC heap after
{Heap after GC invocations=1 (full 0):
 garbage-first heap   total 262144K, used 10977K [0x00000000e0000000, 0x0000000100000000)
  region size 1024K, 3 young (3072K), 3 survivors (3072K)
 Metaspace       used 2956K, committed 3072K, reserved 393216K
  class space    used 340K, committed 384K, reserved 327680K
}
Event: 12.992 GC heap before
{Heap before GC invocations=1 (full 0):
 garbage-first heap   total 262144K, used 41697K [0x00000000e0000000, 0x0000000100000000)
  region size 1024K, 31 young (31744K), 3 survivors (3072K)
 Metaspace       used 4628K, committed 4864K, reserved 393216K
  class space    used 569K, committed 704K, reserved 327680K
}
Event: 12.998 GC heap after
{Heap after GC invocations=2 (full 0):
 garbage-first heap   total 262144K, used 14800K [0x00000000e0000000, 0x0000000100000000)
  region size 1024K, 3 young (3072K), 3 survivors (3072K)
 Metaspace       used 4628K, committed 4864K, reserved 393216K
  class space    used 569K, committed 704K, reserved 327680K
}
Event: 42.374 GC heap before
{Heap before GC invocations=2 (full 0):
 garbage-first heap   total 262144K, used 105936K [0x00000000e0000000, 0x0000000100000000)
  region size 1024K, 92 young (94208K), 3 survivors (3072K)
 Metaspace       used 16414K, committed 16832K, reserved 393216K
  class space    used 2143K, committed 2304K, reserved 327680K
}
Event: 42.667 GC heap after
{Heap after GC invocations=3 (full 0):
 garbage-first heap   total 262144K, used 22071K [0x00000000e0000000, 0x0000000100000000)
  region size 1024K, 10 young (10240K), 10 survivors (10240K)
 Metaspace       used 16414K, committed 16832K, reserved 393216K
  class space    used 2143K, committed 2304K, reserved 327680K
}
Event: 46.645 GC heap before
{Heap before GC invocations=3 (full 0):
 garbage-first heap   total 262144K, used 52791K [0x00000000e0000000, 0x0000000100000000)
  region size 1024K, 41 young (41984K), 10 survivors (10240K)
 Metaspace       used 20813K, committed 21504K, reserved 393216K
  class space    used 2832K, committed 3136K, reserved 327680K
}
Event: 46.653 GC heap after
{Heap after GC invocations=4 (full 0):
 garbage-first heap   total 262144K, used 24513K [0x00000000e0000000, 0x0000000100000000)
  region size 1024K, 10 young (10240K), 10 survivors (10240K)
 Metaspace       used 20813K, committed 21504K, reserved 393216K
  class space    used 2832K, committed 3136K, reserved 327680K
}
Event: 54.385 GC heap before
{Heap before GC invocations=5 (full 0):
 garbage-first heap   total 262144K, used 127937K [0x00000000e0000000, 0x0000000100000000)
  region size 1024K, 111 young (113664K), 10 survivors (10240K)
 Metaspace       used 34777K, committed 36096K, reserved 393216K
  class space    used 4820K, committed 5504K, reserved 327680K
}
Event: 54.396 GC heap after
{Heap after GC invocations=6 (full 0):
 garbage-first heap   total 262144K, used 30151K [0x00000000e0000000, 0x0000000100000000)
  region size 1024K, 15 young (15360K), 15 survivors (15360K)
 Metaspace       used 34777K, committed 36096K, reserved 393216K
  class space    used 4820K, committed 5504K, reserved 327680K
}
Event: 180.037 GC heap before
{Heap before GC invocations=7 (full 0):
 garbage-first heap   total 262144K, used 170439K [0x00000000e0000000, 0x0000000100000000)
  region size 1024K, 153 young (156672K), 15 survivors (15360K)
 Metaspace       used 48476K, committed 50432K, reserved 393216K
  class space    used 6986K, committed 7936K, reserved 327680K
}
Event: 180.087 GC heap after
{Heap after GC invocations=8 (full 0):
 garbage-first heap   total 262144K, used 38333K [0x00000000e0000000, 0x0000000100000000)
  region size 1024K, 16 young (16384K), 16 survivors (16384K)
 Metaspace       used 48476K, committed 50432K, reserved 393216K
  class space    used 6986K, committed 7936K, reserved 327680K
}
Event: 216.169 GC heap before
{Heap before GC invocations=8 (full 0):
 garbage-first heap   total 262144K, used 177597K [0x00000000e0000000, 0x0000000100000000)
  region size 1024K, 153 young (156672K), 16 survivors (16384K)
 Metaspace       used 57237K, committed 59520K, reserved 393216K
  class space    used 8345K, committed 9472K, reserved 327680K
}
Event: 216.192 GC heap after
{Heap after GC invocations=9 (full 0):
 garbage-first heap   total 262144K, used 48402K [0x00000000e0000000, 0x0000000100000000)
  region size 1024K, 20 young (20480K), 20 survivors (20480K)
 Metaspace       used 57237K, committed 59520K, reserved 393216K
  class space    used 8345K, committed 9472K, reserved 327680K
}
Event: 227.206 GC heap before
{Heap before GC invocations=9 (full 0):
 garbage-first heap   total 262144K, used 98578K [0x00000000e0000000, 0x0000000100000000)
  region size 1024K, 70 young (71680K), 20 survivors (20480K)
 Metaspace       used 58193K, committed 60416K, reserved 393216K
  class space    used 8428K, committed 9536K, reserved 327680K
}
Event: 227.220 GC heap after
{Heap after GC invocations=10 (full 0):
 garbage-first heap   total 262144K, used 49443K [0x00000000e0000000, 0x0000000100000000)
  region size 1024K, 4 young (4096K), 4 survivors (4096K)
 Metaspace       used 58193K, committed 60416K, reserved 393216K
  class space    used 8428K, committed 9536K, reserved 327680K
}
Event: 361.373 GC heap before
{Heap before GC invocations=11 (full 0):
 garbage-first heap   total 262144K, used 200995K [0x00000000e0000000, 0x0000000100000000)
  region size 1024K, 153 young (156672K), 4 survivors (4096K)
 Metaspace       used 60399K, committed 62720K, reserved 393216K
  class space    used 8712K, committed 9856K, reserved 327680K
}
Event: 361.394 GC heap after
{Heap after GC invocations=12 (full 0):
 garbage-first heap   total 262144K, used 52602K [0x00000000e0000000, 0x0000000100000000)
  region size 1024K, 7 young (7168K), 7 survivors (7168K)
 Metaspace       used 60399K, committed 62720K, reserved 393216K
  class space    used 8712K, committed 9856K, reserved 327680K
}

Dll operation events (15 events):
Event: 0.028 Loaded shared library D:\javar\bin\java.dll
Event: 0.171 Loaded shared library D:\javar\bin\jsvml.dll
Event: 0.219 Loaded shared library D:\javar\bin\zip.dll
Event: 0.239 Loaded shared library D:\javar\bin\instrument.dll
Event: 0.258 Loaded shared library D:\javar\bin\net.dll
Event: 0.261 Loaded shared library D:\javar\bin\nio.dll
Event: 0.266 Loaded shared library D:\javar\bin\zip.dll
Event: 1.080 Loaded shared library D:\javar\bin\jimage.dll
Event: 3.064 Loaded shared library D:\javar\bin\verify.dll
Event: 3.962 Loaded shared library C:\Users\hieun\.gradle\native\660c5614fbf4a5f2a75b1949f50a0caf5cd603558e7d8a26e50b933a0cfb79d1\windows-amd64\native-platform.dll
Event: 4.109 Loaded shared library C:\Users\hieun\.gradle\native\0.2.8\x86_64-windows-gnu\gradle-fileevents.dll
Event: 17.875 Loaded shared library D:\javar\bin\management.dll
Event: 17.910 Loaded shared library D:\javar\bin\management_ext.dll
Event: 20.537 Loaded shared library D:\javar\bin\extnet.dll
Event: 29.352 Loaded shared library D:\javar\bin\sunmscapi.dll

Deoptimization events (20 events):
Event: 373.545 Thread 0x000001e77bfee510 Uncommon trap: reason=profile_predicate action=maybe_recompile pc=0x000001e755106244 method=java.util.TimSort.reverseRange([Ljava/lang/Object;II)V @ 5 c2
Event: 373.545 Thread 0x000001e77bfee510 DEOPT PACKING pc=0x000001e755106244 sp=0x00000099528fd840
Event: 373.545 Thread 0x000001e77bfee510 DEOPT UNPACKING pc=0x000001e7544d46a2 sp=0x00000099528fd778 mode 2
Event: 373.547 Thread 0x000001e77bfef230 DEOPT UNPACKING pc=0x000001e7544d46a2 sp=0x00000099524fd9b8 mode 2
Event: 378.082 Thread 0x000001e75fc6df40 Uncommon trap: trap_request=0xffffffd6 fr.pc=0x000001e755108160 relative=0x0000000000001240
Event: 378.082 Thread 0x000001e75fc6df40 Uncommon trap: reason=array_check action=maybe_recompile pc=0x000001e755108160 method=java.util.TimSort.reverseRange([Ljava/lang/Object;II)V @ 27 c2
Event: 378.082 Thread 0x000001e75fc6df40 DEOPT PACKING pc=0x000001e755108160 sp=0x000000994c2f4590
Event: 378.082 Thread 0x000001e75fc6df40 DEOPT UNPACKING pc=0x000001e7544d46a2 sp=0x000000994c2f4428 mode 2
Event: 378.082 Thread 0x000001e75fc6df40 Uncommon trap: trap_request=0xffffffd6 fr.pc=0x000001e755108160 relative=0x0000000000001240
Event: 378.082 Thread 0x000001e75fc6df40 Uncommon trap: reason=array_check action=maybe_recompile pc=0x000001e755108160 method=java.util.TimSort.reverseRange([Ljava/lang/Object;II)V @ 27 c2
Event: 378.082 Thread 0x000001e75fc6df40 DEOPT PACKING pc=0x000001e755108160 sp=0x000000994c2f4590
Event: 378.082 Thread 0x000001e75fc6df40 DEOPT UNPACKING pc=0x000001e7544d46a2 sp=0x000000994c2f4428 mode 2
Event: 378.083 Thread 0x000001e75fc6df40 Uncommon trap: trap_request=0xffffffd6 fr.pc=0x000001e755109a40 relative=0x0000000000000860
Event: 378.083 Thread 0x000001e75fc6df40 Uncommon trap: reason=array_check action=maybe_recompile pc=0x000001e755109a40 method=java.util.TimSort.reverseRange([Ljava/lang/Object;II)V @ 27 c2
Event: 378.083 Thread 0x000001e75fc6df40 DEOPT PACKING pc=0x000001e755109a40 sp=0x000000994c2f44c0
Event: 378.083 Thread 0x000001e75fc6df40 DEOPT UNPACKING pc=0x000001e7544d46a2 sp=0x000000994c2f4420 mode 2
Event: 378.088 Thread 0x000001e75fc6df40 Uncommon trap: trap_request=0xffffffd6 fr.pc=0x000001e7550a30a0 relative=0x0000000000000820
Event: 378.089 Thread 0x000001e75fc6df40 Uncommon trap: reason=array_check action=maybe_recompile pc=0x000001e7550a30a0 method=java.util.ComparableTimSort.binarySort([Ljava/lang/Object;III)V @ 193 c2
Event: 378.089 Thread 0x000001e75fc6df40 DEOPT PACKING pc=0x000001e7550a30a0 sp=0x000000994c2f67b0
Event: 378.089 Thread 0x000001e75fc6df40 DEOPT UNPACKING pc=0x000001e7544d46a2 sp=0x000000994c2f6750 mode 2

Classes loaded (20 events):
Event: 215.532 Loading class java/io/FileReader
Event: 215.549 Loading class java/io/FileReader done
Event: 217.863 Loading class java/util/concurrent/CompletableFuture$Signaller
Event: 217.864 Loading class java/util/concurrent/CompletableFuture$Signaller done
Event: 317.338 Loading class java/util/AbstractList$RandomAccessSubList
Event: 317.355 Loading class java/util/AbstractList$SubList
Event: 317.358 Loading class java/util/AbstractList$SubList done
Event: 317.359 Loading class java/util/AbstractList$RandomAccessSubList done
Event: 317.359 Loading class java/util/AbstractList$SubList$1
Event: 317.359 Loading class java/util/AbstractList$SubList$1 done
Event: 321.541 Loading class java/lang/BooleanBeanInfo
Event: 321.541 Loading class java/lang/BooleanBeanInfo done
Event: 321.571 Loading class java/lang/BooleanBeanInfo
Event: 321.571 Loading class java/lang/BooleanBeanInfo done
Event: 321.571 Loading class java/lang/BooleanCustomizer
Event: 321.571 Loading class java/lang/BooleanCustomizer done
Event: 321.572 Loading class java/lang/BooleanCustomizer
Event: 321.572 Loading class java/lang/BooleanCustomizer done
Event: 321.573 Loading class jdk/internal/ValueBased
Event: 321.573 Loading class jdk/internal/ValueBased done

Classes unloaded (0 events):
No events

Classes redefined (0 events):
No events

Internal exceptions (20 events):
Event: 371.828 Thread 0x000001e75fc6df40 Exception <a 'sun/nio/fs/WindowsException'{0x00000000e9c39a88}> (0x00000000e9c39a88) 
thrown [s\open\src\hotspot\share\prims\jni.cpp, line 520]
Event: 371.829 Thread 0x000001e75fc6df40 Exception <a 'sun/nio/fs/WindowsException'{0x00000000e9c3af40}> (0x00000000e9c3af40) 
thrown [s\open\src\hotspot\share\prims\jni.cpp, line 520]
Event: 371.829 Thread 0x000001e75fc6df40 Exception <a 'sun/nio/fs/WindowsException'{0x00000000e9c3c3e8}> (0x00000000e9c3c3e8) 
thrown [s\open\src\hotspot\share\prims\jni.cpp, line 520]
Event: 371.829 Thread 0x000001e75fc6df40 Exception <a 'sun/nio/fs/WindowsException'{0x00000000e9c3d488}> (0x00000000e9c3d488) 
thrown [s\open\src\hotspot\share\prims\jni.cpp, line 520]
Event: 373.694 Thread 0x000001e75fc6df40 Exception <a 'java/lang/NoClassDefFoundError'{0x00000000e952bae8}: org/jetbrains/kotlin/gradle/plugin/KotlinPluginWrapper> (0x00000000e952bae8) 
thrown [s\open\src\hotspot\share\oops\constantPool.cpp, line 873]
Event: 373.694 Thread 0x000001e75fc6df40 Exception <a 'java/lang/NoClassDefFoundError'{0x00000000e952e1a0}: org/graalvm/buildtools/gradle/NativeImagePlugin> (0x00000000e952e1a0) 
thrown [s\open\src\hotspot\share\oops\constantPool.cpp, line 873]
Event: 373.694 Thread 0x000001e75fc6df40 Exception <a 'java/lang/NoClassDefFoundError'{0x00000000e9530848}: org/cyclonedx/gradle/CyclonedxPlugin> (0x00000000e9530848) 
thrown [s\open\src\hotspot\share\oops\constantPool.cpp, line 873]
Event: 373.694 Thread 0x000001e75fc6df40 Exception <a 'java/lang/NoClassDefFoundError'{0x00000000e9532f00}: com/google/protobuf/gradle/ProtobufPlugin> (0x00000000e9532f00) 
thrown [s\open\src\hotspot\share\oops\constantPool.cpp, line 873]
Event: 373.745 Thread 0x000001e75fc6df40 Exception <a 'sun/nio/fs/WindowsException'{0x00000000e95cf5b8}> (0x00000000e95cf5b8) 
thrown [s\open\src\hotspot\share\prims\jni.cpp, line 520]
Event: 374.945 Thread 0x000001e77bd92830 Exception <a 'java/io/IOException'{0x00000000e928f988}> (0x00000000e928f988) 
thrown [s\open\src\hotspot\share\prims\jni.cpp, line 520]
Event: 374.946 Thread 0x000001e77bd976f0 Exception <a 'java/io/IOException'{0x00000000e91ae3a0}> (0x00000000e91ae3a0) 
thrown [s\open\src\hotspot\share\prims\jni.cpp, line 520]
Event: 375.141 Thread 0x000001e77bd90760 Exception <a 'sun/net/ConnectionResetException'{0x00000000e91f5828}: Connection reset> (0x00000000e91f5828) 
thrown [s\open\src\hotspot\share\prims\jni.cpp, line 539]
Event: 375.305 Thread 0x000001e75fc6df40 Exception <a 'sun/nio/fs/WindowsException'{0x00000000e8dc3960}> (0x00000000e8dc3960) 
thrown [s\open\src\hotspot\share\prims\jni.cpp, line 520]
Event: 375.311 Thread 0x000001e75fc6df40 Exception <a 'sun/nio/fs/WindowsException'{0x00000000e8dc50c8}> (0x00000000e8dc50c8) 
thrown [s\open\src\hotspot\share\prims\jni.cpp, line 520]
Event: 375.313 Thread 0x000001e75fc6df40 Exception <a 'sun/nio/fs/WindowsException'{0x00000000e8dc6820}> (0x00000000e8dc6820) 
thrown [s\open\src\hotspot\share\prims\jni.cpp, line 520]
Event: 375.313 Thread 0x000001e75fc6df40 Exception <a 'sun/nio/fs/WindowsException'{0x00000000e8dc7b70}> (0x00000000e8dc7b70) 
thrown [s\open\src\hotspot\share\prims\jni.cpp, line 520]
Event: 378.185 Thread 0x000001e75fc6df40 Exception <a 'java/lang/NoClassDefFoundError'{0x00000000e85d4808}: org/jetbrains/kotlin/gradle/plugin/KotlinPluginWrapper> (0x00000000e85d4808) 
thrown [s\open\src\hotspot\share\oops\constantPool.cpp, line 873]
Event: 378.185 Thread 0x000001e75fc6df40 Exception <a 'java/lang/NoClassDefFoundError'{0x00000000e85d6ec0}: org/graalvm/buildtools/gradle/NativeImagePlugin> (0x00000000e85d6ec0) 
thrown [s\open\src\hotspot\share\oops\constantPool.cpp, line 873]
Event: 378.185 Thread 0x000001e75fc6df40 Exception <a 'java/lang/NoClassDefFoundError'{0x00000000e85d9568}: org/cyclonedx/gradle/CyclonedxPlugin> (0x00000000e85d9568) 
thrown [s\open\src\hotspot\share\oops\constantPool.cpp, line 873]
Event: 378.185 Thread 0x000001e75fc6df40 Exception <a 'java/lang/NoClassDefFoundError'{0x00000000e85dbc20}: com/google/protobuf/gradle/ProtobufPlugin> (0x00000000e85dbc20) 
thrown [s\open\src\hotspot\share\oops\constantPool.cpp, line 873]

ZGC Phase Switch (0 events):
No events

VM Operations (20 events):
Event: 365.431 Executing VM operation: Cleanup done
Event: 367.431 Executing VM operation: Cleanup
Event: 367.438 Executing VM operation: Cleanup done
Event: 369.449 Executing VM operation: Cleanup
Event: 369.451 Executing VM operation: Cleanup done
Event: 370.459 Executing VM operation: Cleanup
Event: 370.459 Executing VM operation: Cleanup done
Event: 372.464 Executing VM operation: Cleanup
Event: 372.464 Executing VM operation: Cleanup done
Event: 373.474 Executing VM operation: Cleanup
Event: 373.532 Executing VM operation: Cleanup done
Event: 374.534 Executing VM operation: Cleanup
Event: 374.534 Executing VM operation: Cleanup done
Event: 375.541 Executing VM operation: Cleanup
Event: 376.060 Executing VM operation: Cleanup done
Event: 377.064 Executing VM operation: Cleanup
Event: 377.065 Executing VM operation: Cleanup done
Event: 378.070 Executing VM operation: Cleanup
Event: 378.070 Executing VM operation: Cleanup done
Event: 379.081 Executing VM operation: Cleanup

Events (20 events):
Event: 375.143 Thread 0x000001e77bd94f90 Thread exited: 0x000001e77bd94f90
Event: 375.144 Thread 0x000001e77bd90760 Thread exited: 0x000001e77bd90760
Event: 375.174 Thread 0x000001e77bd93be0 Thread added: 0x000001e77bd93be0
Event: 375.219 Thread 0x000001e77bd92830 Thread added: 0x000001e77bd92830
Event: 375.230 Thread 0x000001e77bd90760 Thread added: 0x000001e77bd90760
Event: 375.238 Thread 0x000001e77bd976f0 Thread added: 0x000001e77bd976f0
Event: 376.060 Thread 0x000001e77bd93be0 Thread exited: 0x000001e77bd93be0
Event: 376.066 Thread 0x000001e77bd97060 Thread exited: 0x000001e77bd97060
Event: 377.904 Thread 0x000001e77bd97060 Thread added: 0x000001e77bd97060
Event: 377.905 Thread 0x000001e77bd93be0 Thread added: 0x000001e77bd93be0
Event: 377.905 Thread 0x000001e77bd94900 Thread added: 0x000001e77bd94900
Event: 377.905 Thread 0x000001e77bd94f90 Thread added: 0x000001e77bd94f90
Event: 377.907 Thread 0x000001e77bd95620 Thread added: 0x000001e77bd95620
Event: 377.908 Thread 0x000001e77bfef8c0 Thread added: 0x000001e77bfef8c0
Event: 377.908 Thread 0x000001e77bfed160 Thread added: 0x000001e77bfed160
Event: 377.909 Thread 0x000001e77bfed7f0 Thread added: 0x000001e77bfed7f0
Event: 377.909 Thread 0x000001e77bfef230 Thread added: 0x000001e77bfef230
Event: 377.909 Thread 0x000001e77bfec440 Thread added: 0x000001e77bfec440
Event: 377.909 Thread 0x000001e77bfee510 Thread added: 0x000001e77bfee510
Event: 378.090 Thread 0x000001e77bfede80 Thread added: 0x000001e77bfede80


Dynamic libraries:
0x00007ff64cc80000 - 0x00007ff64cc90000 	D:\javar\bin\java.exe
0x00007ffae01e0000 - 0x00007ffae0446000 	C:\Windows\SYSTEM32\ntdll.dll
0x00007ffadf780000 - 0x00007ffadf849000 	C:\Windows\System32\KERNEL32.DLL
0x00007ffadd630000 - 0x00007ffadda2f000 	C:\Windows\System32\KERNELBASE.dll
0x00007ffada250000 - 0x00007ffada2ef000 	C:\Windows\SYSTEM32\apphelp.dll
0x00007ffadd3f0000 - 0x00007ffadd53c000 	C:\Windows\System32\ucrtbase.dll
0x00007ffab0810000 - 0x00007ffab0829000 	D:\javar\bin\jli.dll
0x00007ffadec80000 - 0x00007ffaded3c000 	C:\Windows\System32\ADVAPI32.dll
0x00007ffadf510000 - 0x00007ffadf5b9000 	C:\Windows\System32\msvcrt.dll
0x00007ffadfe10000 - 0x00007ffadfeba000 	C:\Windows\System32\sechost.dll
0x00007ffadfa60000 - 0x00007ffadfb78000 	C:\Windows\System32\RPCRT4.dll
0x00007ffac9ac0000 - 0x00007ffac9ade000 	D:\javar\bin\VCRUNTIME140.dll
0x00007ffadfb80000 - 0x00007ffadfd46000 	C:\Windows\System32\USER32.dll
0x00007ffac7080000 - 0x00007ffac7311000 	C:\Windows\WinSxS\amd64_microsoft.windows.common-controls_6595b64144ccf1df_6.0.26100.8972_none_3e0da176e32f9d4b\COMCTL32.dll
0x00007ffadd600000 - 0x00007ffadd627000 	C:\Windows\System32\win32u.dll
0x00007ffaded50000 - 0x00007ffaded7b000 	C:\Windows\System32\GDI32.dll
0x00007ffaddde0000 - 0x00007ffaddf09000 	C:\Windows\System32\gdi32full.dll
0x00007ffadd550000 - 0x00007ffadd5f3000 	C:\Windows\System32\msvcp_win.dll
0x00007ffad46c0000 - 0x00007ffad46cb000 	C:\Windows\SYSTEM32\VERSION.dll
0x00007ffadfdd0000 - 0x00007ffadfe02000 	C:\Windows\System32\IMM32.DLL
0x00007ffad2b70000 - 0x00007ffad2b7c000 	D:\javar\bin\vcruntime140_1.dll
0x00007ffa7a7d0000 - 0x00007ffa7a85d000 	D:\javar\bin\msvcp140.dll
0x00007ffa3d4d0000 - 0x00007ffa3e1f8000 	D:\javar\bin\server\jvm.dll
0x00007ffadf6f0000 - 0x00007ffadf772000 	C:\Windows\System32\WS2_32.dll
0x00007ffadd250000 - 0x00007ffadd2ae000 	C:\Windows\SYSTEM32\POWRPROF.dll
0x00007ffad3e20000 - 0x00007ffad3e56000 	C:\Windows\SYSTEM32\WINMM.dll
0x00007ffadd230000 - 0x00007ffadd245000 	C:\Windows\SYSTEM32\UMPDC.dll
0x00007ffadc0e0000 - 0x00007ffadc0fb000 	C:\Windows\SYSTEM32\kernel.appcore.dll
0x00007ffad17a0000 - 0x00007ffad17aa000 	D:\javar\bin\jimage.dll
0x00007ffad2be0000 - 0x00007ffad2e22000 	C:\Windows\SYSTEM32\DBGHELP.DLL
0x00007ffade0d0000 - 0x00007ffade455000 	C:\Windows\System32\combase.dll
0x00007ffade470000 - 0x00007ffade549000 	C:\Windows\System32\OLEAUT32.dll
0x00007ffab7310000 - 0x00007ffab734b000 	C:\Windows\SYSTEM32\dbgcore.DLL
0x00007ffadda40000 - 0x00007ffaddaec000 	C:\Windows\System32\bcryptPrimitives.dll
0x00007ffac5920000 - 0x00007ffac5930000 	D:\javar\bin\instrument.dll
0x00007ffa8b7a0000 - 0x00007ffa8b7c1000 	D:\javar\bin\java.dll
0x00007ffaded80000 - 0x00007ffadf508000 	C:\Windows\System32\SHELL32.dll
0x00007ffadae70000 - 0x00007ffadb70b000 	C:\Windows\SYSTEM32\windows.storage.dll
0x00007ffade6c0000 - 0x00007ffade7b9000 	C:\Windows\System32\SHCORE.dll
0x00007ffadf8a0000 - 0x00007ffadf906000 	C:\Windows\System32\shlwapi.dll
0x00007ffadd310000 - 0x00007ffadd339000 	C:\Windows\SYSTEM32\profapi.dll
0x00007ffa4eb90000 - 0x00007ffa4ec67000 	D:\javar\bin\jsvml.dll
0x00007ffab19e0000 - 0x00007ffab19f8000 	D:\javar\bin\zip.dll
0x00007ffac9860000 - 0x00007ffac9871000 	D:\javar\bin\net.dll
0x00007ffad6060000 - 0x00007ffad6188000 	C:\Windows\SYSTEM32\WINHTTP.dll
0x00007ffadc690000 - 0x00007ffadc6fc000 	C:\Windows\system32\mswsock.dll
0x00007ffab5560000 - 0x00007ffab5576000 	D:\javar\bin\nio.dll
0x00007ffabc2d0000 - 0x00007ffabc2e0000 	D:\javar\bin\verify.dll
0x00007ffa7b640000 - 0x00007ffa7b667000 	C:\Users\hieun\.gradle\native\660c5614fbf4a5f2a75b1949f50a0caf5cd603558e7d8a26e50b933a0cfb79d1\windows-amd64\native-platform.dll
0x00007ffa5d800000 - 0x00007ffa5d877000 	C:\Users\hieun\.gradle\native\0.2.8\x86_64-windows-gnu\gradle-fileevents.dll
0x00007ffa95b40000 - 0x00007ffa95b4a000 	D:\javar\bin\management.dll
0x00007ffa8cda0000 - 0x00007ffa8cdac000 	D:\javar\bin\management_ext.dll
0x00007ffade7c0000 - 0x00007ffade7c8000 	C:\Windows\System32\PSAPI.DLL
0x00007ffadbb10000 - 0x00007ffadbb43000 	C:\Windows\SYSTEM32\IPHLPAPI.DLL
0x00007ffade460000 - 0x00007ffade46a000 	C:\Windows\System32\NSI.dll
0x00007ffab3a70000 - 0x00007ffab3a79000 	D:\javar\bin\extnet.dll
0x00007ffadc980000 - 0x00007ffadc99b000 	C:\Windows\SYSTEM32\CRYPTSP.dll
0x00007ffadc040000 - 0x00007ffadc079000 	C:\Windows\system32\rsaenh.dll
0x00007ffadc740000 - 0x00007ffadc772000 	C:\Windows\SYSTEM32\USERENV.dll
0x00007ffadd2e0000 - 0x00007ffadd30a000 	C:\Windows\SYSTEM32\bcrypt.dll
0x00007ffadc9a0000 - 0x00007ffadc9ac000 	C:\Windows\SYSTEM32\CRYPTBASE.dll
0x00007ffab05a0000 - 0x00007ffab05ae000 	D:\javar\bin\sunmscapi.dll
0x00007ffaddb90000 - 0x00007ffaddd0e000 	C:\Windows\System32\CRYPT32.dll
0x00007ffadcbc0000 - 0x00007ffadcbf0000 	C:\Windows\SYSTEM32\ncrypt.dll
0x00007ffadcb70000 - 0x00007ffadcbaf000 	C:\Windows\SYSTEM32\NTASN1.dll
0x00007ffaafcb0000 - 0x00007ffaafcb8000 	C:\Windows\system32\wshunix.dll

dbghelp: loaded successfully - version: 4.0.5 - missing functions: none
symbol engine: initialized successfully - sym options: 0x614 - pdb path: .;D:\javar\bin;C:\Windows\SYSTEM32;C:\Windows\WinSxS\amd64_microsoft.windows.common-controls_6595b64144ccf1df_6.0.26100.8972_none_3e0da176e32f9d4b;D:\javar\bin\server;C:\Users\hieun\.gradle\native\660c5614fbf4a5f2a75b1949f50a0caf5cd603558e7d8a26e50b933a0cfb79d1\windows-amd64;C:\Users\hieun\.gradle\native\0.2.8\x86_64-windows-gnu

VM Arguments:
jvm_args: --add-opens=java.base/java.lang=ALL-UNNAMED --add-opens=java.base/java.lang.invoke=ALL-UNNAMED --add-opens=java.base/java.util=ALL-UNNAMED --add-opens=java.prefs/java.util.prefs=ALL-UNNAMED --add-exports=jdk.compiler/com.sun.tools.javac.api=ALL-UNNAMED --add-exports=jdk.compiler/com.sun.tools.javac.util=ALL-UNNAMED --add-opens=java.base/java.nio.charset=ALL-UNNAMED --add-opens=java.base/java.net=ALL-UNNAMED --add-opens=java.base/java.util.concurrent=ALL-UNNAMED --add-opens=java.base/java.util.concurrent.atomic=ALL-UNNAMED --add-opens=java.xml/javax.xml.namespace=ALL-UNNAMED --add-opens=java.base/java.time=ALL-UNNAMED -XX:MaxMetaspaceSize=384m -XX:+HeapDumpOnOutOfMemoryError -Xms256m -Xmx512m -Dfile.encoding=UTF-8 -Duser.country=US -Duser.language=en -Duser.variant -javaagent:C:\Users\hieun\.gradle\wrapper\dists\gradle-9.5.1-bin\iq79hdu3mqx29lgffhp8bfmx\gradle-9.5.1\lib\agents\gradle-instrumentation-agent-9.5.1.jar 
java_command: org.gradle.launcher.daemon.bootstrap.GradleDaemon 9.5.1
java_class_path (initial): C:\Users\hieun\.gradle\wrapper\dists\gradle-9.5.1-bin\iq79hdu3mqx29lgffhp8bfmx\gradle-9.5.1\lib\gradle-daemon-main-9.5.1.jar
Launcher Type: SUN_STANDARD

[Global flags]
     intx CICompilerCount                          = 4                                         {product} {ergonomic}
   size_t CompressedClassSpaceSize                 = 335544320                                 {product} {ergonomic}
     uint ConcGCThreads                            = 3                                         {product} {ergonomic}
     uint G1ConcRefinementThreads                  = 10                                        {product} {ergonomic}
   size_t G1HeapRegionSize                         = 1048576                                   {product} {ergonomic}
    uintx GCDrainStackTargetSize                   = 64                                        {product} {ergonomic}
     bool HeapDumpOnOutOfMemoryError               = true                                   {manageable} {command line}
   size_t InitialHeapSize                          = 268435456                                 {product} {command line}
   size_t MarkStackSize                            = 4194304                                   {product} {ergonomic}
   size_t MaxHeapSize                              = 536870912                                 {product} {command line}
   size_t MaxMetaspaceSize                         = 402653184                                 {product} {command line}
   size_t MaxNewSize                               = 321912832                                 {product} {ergonomic}
   size_t MinHeapDeltaBytes                        = 1048576                                   {product} {ergonomic}
   size_t MinHeapSize                              = 268435456                                 {product} {command line}
    uintx NonNMethodCodeHeapSize                   = 5839372                                {pd product} {ergonomic}
    uintx NonProfiledCodeHeapSize                  = 122909434                              {pd product} {ergonomic}
    uintx ProfiledCodeHeapSize                     = 122909434                              {pd product} {ergonomic}
    uintx ReservedCodeCacheSize                    = 251658240                              {pd product} {ergonomic}
     bool SegmentedCodeCache                       = true                                      {product} {ergonomic}
   size_t SoftMaxHeapSize                          = 536870912                              {manageable} {ergonomic}
     bool UseCompressedOops                        = true                           {product lp64_product} {ergonomic}
     bool UseG1GC                                  = true                                      {product} {ergonomic}
     bool UseLargePagesIndividualAllocation        = false                                  {pd product} {ergonomic}

Logging:
Log output configuration:
 #0: stdout all=warning uptime,level,tags foldmultilines=false
 #1: stderr all=off uptime,level,tags foldmultilines=false

Environment Variables:
PATH=C:\Program Files\Common Files\Oracle\Java\javapath;C:\Windows\system32;C:\Windows;C:\Windows\System32\Wbem;C:\Windows\System32\WindowsPowerShell\v1.0\;C:\Windows\System32\OpenSSH\;C:\Program Files (x86)\NVIDIA Corporation\PhysX\Common;C:\Program Files\dotnet\;D:\Git\cmd;C:\Program Files\NVIDIA Corporation\NVIDIA App\NvDLISR;C:\Program Files\Docker\Docker\resources\bin;C:\ProgramData\chocolatey\bin;D:\node js\;C:\Users\hieun\AppData\Local\Programs\Python\Launcher\;C:\Users\hieun\AppData\Local\Microsoft\WindowsApps;D:\Microsoft VS Code\bin;C:\Users\hieun\AppData\Roaming\npm
USERNAME=hieun
OS=Windows_NT
PROCESSOR_IDENTIFIER=AMD64 Family 25 Model 68 Stepping 1, AuthenticAMD
TMP=C:\Users\hieun\AppData\Local\Temp
TEMP=C:\Users\hieun\AppData\Local\Temp




Periodic native trim disabled

---------------  S Y S T E M  ---------------

OS:
 Windows 11 , 64 bit Build 26100 (10.0.26100.9168)
OS uptime: 4 days 9:44 hours
Hyper-V role detected

CPU: total 12 (initial active 12) (12 cores per cpu, 2 threads per core) family 25 model 68 stepping 1 microcode 0xa404107, cx8, cmov, fxsr, ht, mmx, 3dnowpref, sse, sse2, sse3, ssse3, sse4a, sse4.1, sse4.2, popcnt, lzcnt, tsc, tscinvbit, avx, avx2, aes, erms, clmul, bmi1, bmi2, adx, sha, fma, vzeroupper, clflush, clflushopt, hv, rdtscp, rdpid, fsrm, f16c, cet_ss
Processor Information for all 12 processors :
  Max Mhz: 3301, Current Mhz: 3301, Mhz Limit: 3301

Memory: 4k page, system-wide physical 15690M (147M free)
TotalPageFile size 48779M (AvailPageFile size 102M)
current process WorkingSet (physical memory assigned to process): 303M, peak: 364M
current process commit charge ("private bytes"): 525M, peak: 528M

vm_info: Java HotSpot(TM) 64-Bit Server VM (21.0.11+9-LTS-211) for windows-amd64 JRE (21.0.11+9-LTS-211), built on 2026-03-11T00:23:15Z by "mach5run" with MS VC++ 17.13 (VS2022)

END.
