#
# There is insufficient memory for the Java Runtime Environment to continue.
# Native memory allocation (malloc) failed to allocate 1156336 bytes for Chunk::new
# Possible reasons:
#   The system is out of physical RAM or swap space
#   The process is running with CompressedOops enabled, and the Java Heap may be blocking the growth of the native heap
# Possible solutions:
#   Reduce memory load on the system
#   Increase physical memory or swap space
#   Check if swap backing store is full
#   Decrease Java heap size (-Xmx/-Xms)
#   Decrease number of Java threads
#   Decrease Java thread stack sizes (-Xss)
#   Set larger code cache with -XX:ReservedCodeCacheSize=
#   JVM is running with Zero Based Compressed Oops mode in which the Java heap is
#     placed in the first 32GB address space. The Java Heap base address is the
#     maximum limit for the native heap growth. Please use -XX:HeapBaseMinAddress
#     to set the Java Heap base and to place the Java Heap above 32GB virtual address.
# This output file may be truncated or incomplete.
#
#  Out of Memory Error (arena.cpp:168), pid=7916, tid=16288
#
# JRE version: Java(TM) SE Runtime Environment (21.0.11+9) (build 21.0.11+9-LTS-211)
# Java VM: Java HotSpot(TM) 64-Bit Server VM (21.0.11+9-LTS-211, mixed mode, sharing, tiered, compressed oops, compressed class ptrs, parallel gc, windows-amd64)
# No core dump will be written. Minidumps are not enabled by default on client versions of Windows
#

---------------  S U M M A R Y ------------

Command Line: --add-modules=ALL-SYSTEM --add-opens=java.base/java.util=ALL-UNNAMED --add-opens=java.base/java.lang=ALL-UNNAMED --add-opens=java.base/sun.nio.fs=ALL-UNNAMED -Declipse.application=org.eclipse.jdt.ls.core.id1 -Dosgi.bundles.defaultStartLevel=4 -Declipse.product=org.eclipse.jdt.ls.core.product -Djava.import.generatesMetadataFilesAtProjectRoot=false -DDetectVMInstallationsJob.disabled=true -Dfile.encoding=utf8 -XX:+UseParallelGC -XX:GCTimeRatio=4 -XX:AdaptiveSizePolicyWeight=90 -Dsun.zip.disableMemoryMapping=true -Xmx8G -Xms100m -Xlog:disable -javaagent:c:\Users\hieun\.vscode\extensions\redhat.java-1.56.2026081408-win32-x64\lombok\lombok-1.18.39-4050.jar -XX:+HeapDumpOnOutOfMemoryError -XX:HeapDumpPath=c:\Users\hieun\AppData\Roaming\Code\User\workspaceStorage\f5c6fc432ce2b7ab2a33e31da49ea365\redhat.java -Daether.dependencyCollector.impl=bf -XX:+UnlockDiagnosticVMOptions -XX:+AllowArchivingWithJavaAgent -XX:+AutoCreateSharedArchive -XX:SharedArchiveFile=c:\Users\hieun\AppData\Roaming\Code\User\globalStorage\redhat.java\1.56.2026081408\jdtls.jsa c:\Users\hieun\.vscode\extensions\redhat.java-1.56.2026081408-win32-x64\server\plugins\org.eclipse.equinox.launcher_1.8.0.v20260804-1928.jar -configuration c:\Users\hieun\AppData\Roaming\Code\User\globalStorage\redhat.java\1.56.2026081408\config_win -data c:\Users\hieun\AppData\Roaming\Code\User\workspaceStorage\f5c6fc432ce2b7ab2a33e31da49ea365\redhat.java\jdt_ws --stdio

Host: AMD Ryzen 5 7535HS with Radeon Graphics        , 12 cores, 15G,  Windows 11 , 64 bit Build 26100 (10.0.26100.9168)
Time: Sun Aug 16 01:13:06 2026 SE Asia Standard Time elapsed time: 921.823704 seconds (0d 0h 15m 21s)

---------------  T H R E A D  ---------------

Current thread (0x000001ebc1017240):  JavaThread "C2 CompilerThread0" daemon [_thread_in_native, id=16288, stack(0x00000025b9100000,0x00000025b9200000) (1024K)]


Current CompileTask:
C2: 921823 23998       4       org.eclipse.jdt.internal.compiler.parser.Parser::consumeRule (7843 bytes)

Stack: [0x00000025b9100000,0x00000025b9200000]
Native frames: (J=compiled Java code, j=interpreted, Vv=VM code, C=native code)
V  [jvm.dll+0x6d0ef9]
V  [jvm.dll+0x860126]
V  [jvm.dll+0x86261e]
V  [jvm.dll+0x862cf3]
V  [jvm.dll+0x282bc6]
V  [jvm.dll+0xc67ad]
V  [jvm.dll+0xc6cf1]
V  [jvm.dll+0x3bbe71]
V  [jvm.dll+0x388322]
V  [jvm.dll+0x38776a]
V  [jvm.dll+0x24b520]
V  [jvm.dll+0x24aaff]
V  [jvm.dll+0x1cae7e]
V  [jvm.dll+0x25a7d9]
V  [jvm.dll+0x258d65]
V  [jvm.dll+0x3f50d1]
V  [jvm.dll+0x80ac0d]
V  [jvm.dll+0x6cf79d]
C  [ucrtbase.dll+0x2cd30]
C  [KERNEL32.DLL+0x2ccb7]
C  [ntdll.dll+0xaad6c]


---------------  P R O C E S S  ---------------

Threads class SMR info:
_java_thread_list=0x000001ec489da740, length=4083, elements={
0x000001ebbedde130, 0x000001ebc1007890, 0x000001ebc10086b0, 0x000001ebc100d9b0,
0x000001ebc100e8a0, 0x000001ebc10100c0, 0x000001ebc1014230, 0x000001ebc1017240,
0x000001ec3102a390, 0x000001ebc10148c0, 0x000001ebc1013ba0, 0x000001ebc1011440,
0x000001ebc1012e80, 0x000001ebc1011ad0, 0x000001ebc1012160, 0x000001ebc10127f0,
0x000001ebc1013510, 0x000001ec36cfbfc0, 0x000001ec36cfc650, 0x000001ec36cfa580,
0x000001ec36cfb2a0, 0x000001ec36cfcce0, 0x000001ec36cfe720, 0x000001ec36cfedb0,
0x000001ec36d00e80, 0x000001ec36cff440, 0x000001ec36d00160, 0x000001ec36d01510,
0x000001ec38bc41f0, 0x000001ec38bc55a0, 0x000001ec38bc4880, 0x000001ec38bc6950,
0x000001ec38bc4f10, 0x000001ec38bc5c30, 0x000001ec38bc8a20, 0x000001ec38bca460,
0x000001ec38bcaaf0, 0x000001ec38bc7670, 0x000001ec38bcb180, 0x000001ec38bc90b0,
0x000001ec38bc9740, 0x000001ec36cfb930, 0x000001ec38dc2ab0, 0x000001ec38dc1d90,
0x000001ec38dc3e60, 0x000001ec38dc5210, 0x000001ec38dc58a0, 0x000001ec38dc2420,
0x000001ec38dc65c0, 0x000001ec38dc3140, 0x000001ec38dc72e0, 0x000001ec38dc44f0,
0x000001ec38dc8000, 0x000001ec38dc8690, 0x000001ec38dc8d20, 0x000001ec38dc5f30,
0x000001ec36cfd370, 0x000001ec36cfac10, 0x000001ec36d007f0, 0x000001ec38bc6fe0,
0x000001ec36cfda00, 0x000001ec36cfe090, 0x000001ec37e88900, 0x000001ec463c9b00,
0x000001ec463ca190, 0x000001ec463ca820, 0x000001ec3a378300, 0x000001ec3a37aa60,
0x000001ec3a37b780, 0x000001ec3a37be10, 0x000001ec3a378990, 0x000001ec3a37b0f0,
0x000001ec3a379020, 0x000001ec3a3796b0, 0x000001ec3a37d1c0, 0x000001ec3a379d40,
0x000001ec3a37f290, 0x000001ec3a37d850, 0x000001ec3a37f920, 0x000001ec3a37e570,
0x000001ec3a37ec00, 0x000001ec3a37c4a0, 0x000001ec3d9433e0, 0x000001ec3d943a70,
0x000001ec3d944100, 0x000001ec3d9426c0, 0x000001ec3d9419a0, 0x000001ec3d944e20,
0x000001ec3d9454b0, 0x000001ec3d945b40, 0x000001ec3d9461d0, 0x000001ec3d942d50,
0x000001ec3d946860, 0x000001ec3d946ef0, 0x000001ec3d948930, 0x000001ec3d947580,
0x000001ec3d948fc0, 0x000001ec3d9482a0, 0x000001ec463c9470, 0x000001ec3a37a3d0,
0x000001ec3a37dee0, 0x000001ec3d944790, 0x000001ec3d942030, 0x000001ec3a5c1280,
0x000001ec3a5c2cc0, 0x000001ec3a5c1910, 0x000001ec3a5c4070, 0x000001ec3a5c2630,
0x000001ec3a5c3350, 0x000001ec3a5c39e0, 0x000001ec3a5c0bf0, 0x000001ec38dc4b80,
0x000001ec3d866130, 0x000001ec3d8667c0, 0x000001ec3d864060, 0x000001ec3d865410,
0x000001ec3d865aa0, 0x000001ec3d8646f0, 0x000001ec3d864d80, 0x000001ec463c8de0,
0x000001ec3b4d5400, 0x000001ec3b4d6120, 0x000001ec3b4d4d70, 0x000001ec3b4d74d0,
0x000001ec3b4d7b60, 0x000001ec3b4d8880, 0x000001ec3b4d8f10, 0x000001ec3b4d5a90,
0x000001ec3b4d95a0, 0x000001ec3b4d67b0, 0x000001ec3b4da2c0, 0x000001ec3b4dafe0,
0x000001ec3b4dca20, 0x000001ec3b4d6e40, 0x000001ec3b4dd0b0, 0x000001ec3b4dddd0,
0x000001ec3b4dbd00, 0x000001ec3b4dd740, 0x000001ec3b4da950, 0x000001ec3b4e0530,
0x000001ec3b4e1250, 0x000001ec3b4e0bc0, 0x000001ec3b4df180, 0x000001ec3b4df810,
0x000001ec3b4dfea0, 0x000001ec3b4e18e0, 0x000001ec3b4e1f70, 0x000001ec3b4deaf0,
0x000001ec3b4e2600, 0x000001ec3b4e2c90, 0x000001ec3b4e4040, 0x000001ec3b4e39b0,
0x000001ec3b4e3320, 0x000001ec3a5c1fa0, 0x000001ec3d866e50, 0x000001ec3784e0c0,
0x000001ec3784e750, 0x000001ec3784ede0, 0x000001ec37850190, 0x000001ec37850eb0,
0x000001ec3784d3a0, 0x000001ec37851bd0, 0x000001ec37852260, 0x000001ec3784f470,
0x000001ec378528f0, 0x000001ec37851540, 0x000001ec37853610, 0x000001ec37852f80,
0x000001ec37855050, 0x000001ec3784da30, 0x000001ec37854330, 0x000001ec37856a90,
0x000001ec37857120, 0x000001ec37855d70, 0x000001ec37856400, 0x000001ec37853ca0,
0x000001ec378549c0, 0x000001ec37857e40, 0x000001ec37850820, 0x000001ec378584d0,
0x000001ec378577b0, 0x000001ec378556e0, 0x000001ec37859880, 0x000001ec3785c670,
0x000001ec378591f0, 0x000001ec37859f10, 0x000001ec3785a5a0, 0x000001ec3785ac30,
0x000001ec3785b950, 0x000001ec3785bfe0, 0x000001ec463c3f20, 0x000001ec3b4d9c30,
0x000001ec387318a0, 0x000001ec38733970, 0x000001ec38732c50, 0x000001ec387304f0,
0x000001ec387325c0, 0x000001ec38731f30, 0x000001ec387332e0, 0x000001ec38730b80,
0x000001ec38734690, 0x000001ec38731210, 0x000001ec387353b0, 0x000001ec38735a40,
0x000001ec38736df0, 0x000001ec387360d0, 0x000001ec38736760, 0x000001ec38737480,
0x000001ec38737b10, 0x000001ec387381a0, 0x000001ec38734d20, 0x000001ec3873af90,
0x000001ec38739550, 0x000001ec3873b620, 0x000001ec3873a270, 0x000001ec3873a900,
0x000001ec3873bcb0, 0x000001ec3873c340, 0x000001ec38738ec0, 0x000001ec3873e410,
0x000001ec3873eaa0, 0x000001ec3873c9d0, 0x000001ec3873d6f0, 0x000001ec3873f7c0,
0x000001ec3873f130, 0x000001ec3785b2c0, 0x000001ec4623abd0, 0x000001ec46239820,
0x000001ec46239eb0, 0x000001ec46238b00, 0x000001ec46239190, 0x000001ec4623a540,
0x000001ec4623b260, 0x000001ec46237de0, 0x000001ec4623b8f0, 0x000001ec46238470,
0x000001ec4623ed70, 0x000001ec4623e050, 0x000001ec4623d330, 0x000001ec4623f400,
0x000001ec46237750, 0x000001ec4623cca0, 0x000001ec4623e6e0, 0x000001ec4623fa90,
0x000001ec4623d9c0, 0x000001ec4623c610, 0x000001ec462435a0, 0x000001ec46240120,
0x000001ec462414d0, 0x000001ec4623bf80, 0x000001ec46240e40, 0x000001ec462407b0,
0x000001ec46244950, 0x000001ec46241b60, 0x000001ec462442c0, 0x000001ec46244fe0,
0x000001ec46245670, 0x000001ec462421f0, 0x000001ec46245d00, 0x000001ec46242f10,
0x000001ec46246a20, 0x000001ec3873dd80, 0x000001ec4704c410, 0x000001ec4704b060,
0x000001ec4704e4e0, 0x000001ec4704bd80, 0x000001ec4704eb70, 0x000001ec4704caa0,
0x000001ec4704d7c0, 0x000001ec4704de50, 0x000001ec4704b6f0, 0x000001ec47050c40,
0x000001ec47052680, 0x000001ec4704ff20, 0x000001ec470512d0, 0x000001ec470505b0,
0x000001ec4704f200, 0x000001ec4704d130, 0x000001ec47053a30, 0x000001ec47051960,
0x000001ec470540c0, 0x000001ec470533a0, 0x000001ec47054750, 0x000001ec47052d10,
0x000001ec47054de0, 0x000001ec47051ff0, 0x000001ec47056190, 0x000001ec47055b00,
0x000001ec47056820, 0x000001ec47057bd0, 0x000001ec47056eb0, 0x000001ec470588f0,
0x000001ec47057540, 0x000001ec47058260, 0x000001ec4704f890, 0x000001ec4705b050,
0x000001ec4705a9c0, 0x000001ec4705a330, 0x000001ec4705bd70, 0x000001ec4705b6e0,
0x000001ec4705c400, 0x000001ec47058f80, 0x000001ec4705ca90, 0x000001ec47055470,
0x000001ec4705d120, 0x000001ec47059ca0, 0x000001ec4705d7b0, 0x000001ec4705e4d0,
0x000001ec4705eb60, 0x000001ec4705f1f0, 0x000001ec470605a0, 0x000001ec4705f880,
0x000001ec47059610, 0x000001ec4705ff10, 0x000001ec47060c30, 0x000001ec4705de40,
0x000001ec47062d00, 0x000001ec47061fe0, 0x000001ec47062670, 0x000001ec470640b0,
0x000001ec47064740, 0x000001ec470612c0, 0x000001ec47063390, 0x000001ec47061950,
0x000001ec47063a20, 0x000001ec47066180, 0x000001ec47068250, 0x000001ec47065af0,
0x000001ec47067bc0, 0x000001ec47066810, 0x000001ec47064dd0, 0x000001ec47069c90,
0x000001ec4706a320, 0x000001ec47067530, 0x000001ec470688e0, 0x000001ec47066ea0,
0x000001ec47068f70, 0x000001ec47069600, 0x000001ec46242880, 0x000001ec38dc37d0,
0x000001ec3ad43270, 0x000001ec3ad41ec0, 0x000001ec3ad40480, 0x000001ec3ad3fdf0,
0x000001ec3ad42550, 0x000001ec3ad43900, 0x000001ec3ad42be0, 0x000001ec3ad43f90,
0x000001ec3ad40b10, 0x000001ec3ad411a0, 0x000001ec3ad44cb0, 0x000001ec3ad41830,
0x000001ec3ad48130, 0x000001ec3ad47410, 0x000001ec3ad47aa0, 0x000001ec3ad46d80,
0x000001ec3ad487c0, 0x000001ec3ad44620, 0x000001ec3ad48e50, 0x000001ec3ad459d0,
0x000001ec3ad494e0, 0x000001ec3ad46060, 0x000001ec3ad49b70, 0x000001ec3ad466f0,
0x000001ec3ad4a200, 0x000001ec3ad4cff0, 0x000001ec3ad45340, 0x000001ec3ad4d680,
0x000001ec3ad4b5b0, 0x000001ec3ad4bc40, 0x000001ec3ad4c2d0, 0x000001ec3ad4af20,
0x000001ec3ad4c960, 0x000001ec3ad4a890, 0x000001ec3ad50470, 0x000001ec3ad50b00,
0x000001ec3ad4e3a0, 0x000001ec3ad4f750, 0x000001ec3ad4fde0, 0x000001ec3ad4dd10,
0x000001ec3ad51eb0, 0x000001ec3ad51190, 0x000001ec3ad51820, 0x000001ec3ad4ea30,
0x000001ec3ad52540, 0x000001ec3ad538f0, 0x000001ec3ad54ca0, 0x000001ec3ad54610,
0x000001ec3ad52bd0, 0x000001ec3ad55330, 0x000001ec3ad559c0, 0x000001ec3ad56050,
0x000001ec3ad566e0, 0x000001ec3ad4f0c0, 0x000001ec3ad56d70, 0x000001ec3ad57400,
0x000001ec3ad53f80, 0x000001ec3ad58e40, 0x000001ec3ad594d0, 0x000001ec3ad57a90,
0x000001ec3ad587b0, 0x000001ec3ad58120, 0x000001ec3ad5c950, 0x000001ec3ad5c2c0,
0x000001ec3ad5b5a0, 0x000001ec3ad5d670, 0x000001ec3ad5cfe0, 0x000001ec3ad5a1f0,
0x000001ec3ad5dd00, 0x000001ec3ad5a880, 0x000001ec3ad59b60, 0x000001ec3ad5e390,
0x000001ec3ad5ea20, 0x000001ec3ad5bc30, 0x000001ec47065460, 0x000001ec38bc8390,
0x000001ec3784fb00, 0x000001ec463c6d10, 0x000001ec3aaf4f50, 0x000001ec3aaf27f0,
0x000001ec3aaf1ad0, 0x000001ec3aaf2160, 0x000001ec3aaf3510, 0x000001ec3aaf2e80,
0x000001ec3aaf6990, 0x000001ec3aaf3ba0, 0x000001ec3aaf55e0, 0x000001ec3aaf5c70,
0x000001ec3aaf6300, 0x000001ec3aaf4230, 0x000001ec3aada4c0, 0x000001ec3aadab50,
0x000001ec3aad9e30, 0x000001ec3aad76d0, 0x000001ec3aad9110, 0x000001ec3aad97a0,
0x000001ec3aadb1e0, 0x000001ec3aad7d60, 0x000001ec3aadb870, 0x000001ec3aad83f0,
0x000001ec3aadbf00, 0x000001ec3aad8a80, 0x000001ec3aade660, 0x000001ec3aaddfd0,
0x000001ec3aadcc20, 0x000001ec3aadecf0, 0x000001ec3aaf48c0, 0x000001ec3aadd2b0,
0x000001ec3aadfa10, 0x000001ec3aadc590, 0x000001ec3aae00a0, 0x000001ec3aadd940,
0x000001ec3aae3bb0, 0x000001ec3aae1450, 0x000001ec3aae3520, 0x000001ec3aae2170,
0x000001ec3aae2800, 0x000001ec3aae1ae0, 0x000001ec3aae0730, 0x000001ec3aae2e90,
0x000001ec3aae48d0, 0x000001ec3aae4f60, 0x000001ec3aae5c80, 0x000001ec3aae4240,
0x000001ec3aae55f0, 0x000001ec3aae76c0, 0x000001ec3aae6310, 0x000001ec3aae7030,
0x000001ec3aae69a0, 0x000001ec3aae9100, 0x000001ec3aae8a70, 0x000001ec3aae9790,
0x000001ec3aae9e20, 0x000001ec3aaeab40, 0x000001ec3aaeb1d0, 0x000001ec3aae7d50,
0x000001ec3aaeb860, 0x000001ec3aaea4b0, 0x000001ec3aae83e0, 0x000001ec3aaecc10,
0x000001ec3aaeece0, 0x000001ec3aaed930, 0x000001ec3aaed2a0, 0x000001ec3aaef370,
0x000001ec3aaedfc0, 0x000001ec3aaee650, 0x000001ec3aaebef0, 0x000001ec3aaefa00,
0x000001ec3aaf1440, 0x000001ec3aae0dc0, 0x000001ec3aaf0090, 0x000001ec3aaf0720,
0x000001ec3aaf0db0, 0x000001ec3ad53260, 0x000001ec3ad5f0b0, 0x000001ec3b06fb50,
0x000001ec3b06da80, 0x000001ec3b070870, 0x000001ec3b070f00, 0x000001ec3b071590,
0x000001ec3b0701e0, 0x000001ec3b071c20, 0x000001ec3b06e7a0, 0x000001ec3b0750a0,
0x000001ec3b074a10, 0x000001ec3b075730, 0x000001ec3b072940, 0x000001ec3b06ee30,
0x000001ec3b075dc0, 0x000001ec3b076450, 0x000001ec3b072fd0, 0x000001ec3b074380,
0x000001ec3b073cf0, 0x000001ec3b076ae0, 0x000001ec3b073660, 0x000001ec3b0798d0,
0x000001ec3b0722b0, 0x000001ec3b078520, 0x000001ec3b078bb0, 0x000001ec3b079240,
0x000001ec3b077800, 0x000001ec3b07a5f0, 0x000001ec3b077170, 0x000001ec3b07ac80,
0x000001ec3b077e90, 0x000001ec3b07d3e0, 0x000001ec3b07c030, 0x000001ec3b079f60,
0x000001ec3b07da70, 0x000001ec3b07c6c0, 0x000001ec3b07e790, 0x000001ec3b07b310,
0x000001ec3b07cd50, 0x000001ec3b07b9a0, 0x000001ec3b081580, 0x000001ec3b07e100,
0x000001ec3b07ee20, 0x000001ec3b080860, 0x000001ec3b07fb40, 0x000001ec3b081c10,
0x000001ec3b0822a0, 0x000001ec3b080ef0, 0x000001ec3b083650, 0x000001ec3b082930,
0x000001ec3b07f4b0, 0x000001ec3b085720, 0x000001ec3b086440, 0x000001ec3b084370,
0x000001ec3b082fc0, 0x000001ec3b086ad0, 0x000001ec3b084a00, 0x000001ec3b087160,
0x000001ec3b0801d0, 0x000001ec3b083ce0, 0x000001ec3b0877f0, 0x000001ec3b085090,
0x000001ec3b088510, 0x000001ec3b088ba0, 0x000001ec3b089230, 0x000001ec3b08b300,
0x000001ec3b0898c0, 0x000001ec3b085db0, 0x000001ec3b08b990, 0x000001ec3b08c020,
0x000001ec3b08c6b0, 0x000001ec3b089f50, 0x000001ec3b08cd40, 0x000001ec3aadf380,
0x000001ec3aaec580, 0x000001ec3b08a5e0, 0x000001ec3b08ac70, 0x000001ec47379280,
0x000001ec47379910, 0x000001ec4737b350, 0x000001ec4737acc0, 0x000001ec47379fa0,
0x000001ec4737a630, 0x000001ec4737b9e0, 0x000001ec47378560, 0x000001ec4737c700,
0x000001ec47378bf0, 0x000001ec4737dab0, 0x000001ec4737e7d0, 0x000001ec4737cd90,
0x000001ec4737fb80, 0x000001ec4737ee60, 0x000001ec47380210, 0x000001ec473808a0,
0x000001ec4737e140, 0x000001ec4737d420, 0x000001ec473822e0, 0x000001ec47382970,
0x000001ec47383000, 0x000001ec47383690, 0x000001ec47380f30, 0x000001ec47381c50,
0x000001ec47383d20, 0x000001ec473815c0, 0x000001ec4737c070, 0x000001ec47386480,
0x000001ec47384a40, 0x000001ec47386b10, 0x000001ec47385760, 0x000001ec473850d0,
0x000001ec47387830, 0x000001ec47387ec0, 0x000001ec47385df0, 0x000001ec473843b0,
0x000001ec47389270, 0x000001ec47389f90, 0x000001ec47388be0, 0x000001ec4738b340,
0x000001ec47389900, 0x000001ec4738a620, 0x000001ec4738b9d0, 0x000001ec47388550,
0x000001ec4738daa0, 0x000001ec4738c060, 0x000001ec4738d410, 0x000001ec4738e130,
0x000001ec4738c6f0, 0x000001ec4738cd80, 0x000001ec4738acb0, 0x000001ec47390f20,
0x000001ec473871a0, 0x000001ec4738f4e0, 0x000001ec47390200, 0x000001ec47391c40,
0x000001ec4738e7c0, 0x000001ec473922d0, 0x000001ec47390890, 0x000001ec4738ee50,
0x000001ec47393680, 0x000001ec473943a0, 0x000001ec473950c0, 0x000001ec47392960,
0x000001ec47395750, 0x000001ec47395de0, 0x000001ec47396470, 0x000001ec47392ff0,
0x000001ec47396b00, 0x000001ec47397820, 0x000001ec47393d10, 0x000001ec4737f4f0,
0x000001ec3b06f4c0, 0x000001ec3b087e80, 0x000001ec4738fb70, 0x000001ec3d39d6c0,
0x000001ec3d39d030, 0x000001ec3d39ea70, 0x000001ec3d39f100, 0x000001ec3d39f790,
0x000001ec3d39e3e0, 0x000001ec3d39fe20, 0x000001ec3d39dd50, 0x000001ec3d39c9a0,
0x000001ec3d3a11d0, 0x000001ec3d3a0b40, 0x000001ec3d3a3930, 0x000001ec3d3a04b0,
0x000001ec3d39c310, 0x000001ec3d3a3fc0, 0x000001ec3d3a4ce0, 0x000001ec3d3a2580,
0x000001ec3d3a2c10, 0x000001ec3d3a4650, 0x000001ec3d3a32a0, 0x000001ec3d3a5370,
0x000001ec3d3a87f0, 0x000001ec3d3a1ef0, 0x000001ec3d3a6db0, 0x000001ec3d3a7440,
0x000001ec3d3a8e80, 0x000001ec3d3a5a00, 0x000001ec3d3a9510, 0x000001ec3d3a6090,
0x000001ec3d3a7ad0, 0x000001ec3d3a8160, 0x000001ec3d3a1860, 0x000001ec3d3a6720,
0x000001ec3d3ab5e0, 0x000001ec3d3aaf50, 0x000001ec3d3abc70, 0x000001ec3d3aa230,
0x000001ec3d3ad6b0, 0x000001ec3d3aa8c0, 0x000001ec3d3af780, 0x000001ec3d3ac300,
0x000001ec3d3ad020, 0x000001ec3d3a9ba0, 0x000001ec3d3ae3d0, 0x000001ec3d3b11c0,
0x000001ec3d3aea60, 0x000001ec3d3afe10, 0x000001ec3d3b0b30, 0x000001ec3d3b1850,
0x000001ec3d3add40, 0x000001ec3d3ac990, 0x000001ec3d3b04a0, 0x000001ec3d3b3290,
0x000001ec3d3b3fb0, 0x000001ec3d3b2c00, 0x000001ec3d3b3920, 0x000001ec3d3b4640,
0x000001ec3d3b4cd0, 0x000001ec3d3b1ee0, 0x000001ec3d3af0f0, 0x000001ec3d3b59f0,
0x000001ec3d3b5360, 0x000001ec3d3b87e0, 0x000001ec3d3b6da0, 0x000001ec3d3b6710,
0x000001ec3d3b8e70, 0x000001ec3d3b7430, 0x000001ec3d3b2570, 0x000001ec3d3ba220,
0x000001ec3d3b9500, 0x000001ec3d3b7ac0, 0x000001ec3d3baf40, 0x000001ec3d3b8150,
0x000001ec3d3bbc60, 0x000001ec3d3bc2f0, 0x000001ec3d3bd010, 0x000001ec3d3bb5d0,
0x000001ec3d3ba8b0, 0x000001ec3d3b9b90, 0x000001ec3d3bd6a0, 0x000001ec3d3c0b20,
0x000001ec3d3c11b0, 0x000001ec3d3bea50, 0x000001ec3d3c0490, 0x000001ec3d3bf0e0,
0x000001ec3d3bdd30, 0x000001ec3d3c1840, 0x000001ec3d3bfe00, 0x000001ec3d3bf770,
0x000001ec3d3be3c0, 0x000001ec3d3c2bf0, 0x000001ec3d3c5350, 0x000001ec3d3c3280,
0x000001ec3d3c3fa0, 0x000001ec3d3bc980, 0x000001ec3d3c4630, 0x000001ec3d3c2560,
0x000001ec3d3c4cc0, 0x000001ec3d3c1ed0, 0x000001ec3d3c6070, 0x000001ec3d3c8e60,
0x000001ec3d3c59e0, 0x000001ec3d3c94f0, 0x000001ec3d3c6700, 0x000001ec3d3c3910,
0x000001ec3d3ca8a0, 0x000001ec3d3c8140, 0x000001ec3d3c9b80, 0x000001ec3d3ca210,
0x000001ec3d3c7420, 0x000001ec3d3caf30, 0x000001ec3d3cb5c0, 0x000001ec3d3c7ab0,
0x000001ec3d3cbc50, 0x000001ec3d3c87d0, 0x000001ec3d3ce3b0, 0x000001ec3d3cd000,
0x000001ec3d3cd690, 0x000001ec3d3cdd20, 0x000001ec3d3cea40, 0x000001ec3d3cc2e0,
0x000001ec3d3c6d90, 0x000001ec3d3cf760, 0x000001ec3d3d0480, 0x000001ec3d3d1830,
0x000001ec3d3d1ec0, 0x000001ec3d3d3900, 0x000001ec3d3d2550, 0x000001ec3d3d2be0,
0x000001ec3d3d3f90, 0x000001ec3d3cf0d0, 0x000001ec3d3d4620, 0x000001ec3d3d11a0,
0x000001ec3d3d3270, 0x000001ec3d3d4cb0, 0x000001ec3d3d7aa0, 0x000001ec3d3d8130,
0x000001ec3d3d87c0, 0x000001ec3d3d8e50, 0x000001ec3d3cfdf0, 0x000001ec3d3d59d0,
0x000001ec3d3d7410, 0x000001ec3d3d6060, 0x000001ec3d3d94e0, 0x000001ec3d3d9b70,
0x000001ec3d3d66f0, 0x000001ec3d3d6d80, 0x000001ec3d3da890, 0x000001ec3d3d5340,
0x000001ec3d3db5b0, 0x000001ec3d39bc80, 0x000001ec3d3b6080, 0x000001ec3d3da200,
0x000001ec47394a30, 0x000001ec3b4db670, 0x000001ec47397190, 0x000001ec38bc9dd0,
0x000001ec3d3d0b10, 0x000001ec38739be0, 0x000001ec3b3378b0, 0x000001ec3b33b3c0,
0x000001ec3b338c60, 0x000001ec3b3392f0, 0x000001ec3b33a6a0, 0x000001ec3b339980,
0x000001ec3b33a010, 0x000001ec3b33ba50, 0x000001ec3b3385d0, 0x000001ec3b33f560,
0x000001ec3b33e1b0, 0x000001ec3b33ce00, 0x000001ec3b33d490, 0x000001ec3b33c0e0,
0x000001ec3b33db20, 0x000001ec3b341630, 0x000001ec3b33c770, 0x000001ec3b33e840,
0x000001ec3b340910, 0x000001ec3b33fbf0, 0x000001ec3b33eed0, 0x000001ec3b341cc0,
0x000001ec3b343070, 0x000001ec3b343700, 0x000001ec3b342350, 0x000001ec3b33ad30,
0x000001ec3b340280, 0x000001ec3b343d90, 0x000001ec3b344420, 0x000001ec3b340fa0,
0x000001ec3b344ab0, 0x000001ec3b3478a0, 0x000001ec3b345e60, 0x000001ec3b346b80,
0x000001ec3b345140, 0x000001ec3b348c50, 0x000001ec3b3457d0, 0x000001ec3b347f30,
0x000001ec3b3485c0, 0x000001ec3b3492e0, 0x000001ec3b347210, 0x000001ec3b349970,
0x000001ec3b34ba40, 0x000001ec3b3429e0, 0x000001ec3b34cdf0, 0x000001ec3b34d480,
0x000001ec3b34a000, 0x000001ec3b34ad20, 0x000001ec3b34c760, 0x000001ec3b34b3b0,
0x000001ec3b34db10, 0x000001ec3b34e1a0, 0x000001ec3b3464f0, 0x000001ec3b34a690,
0x000001ec3b34eec0, 0x000001ec3b350270, 0x000001ec3b34fbe0, 0x000001ec3b350f90,
0x000001ec3b34e830, 0x000001ec3b350900, 0x000001ec3b34f550, 0x000001ec3b337f40,
0x000001ec3b354410, 0x000001ec3b354aa0, 0x000001ec3b355130, 0x000001ec3b351cb0,
0x000001ec3b3557c0, 0x000001ec3b353060, 0x000001ec3b353d80, 0x000001ec3b355e50,
0x000001ec3b3536f0, 0x000001ec3b3529d0, 0x000001ec3b3592d0, 0x000001ec3b357890,
0x000001ec3b359960, 0x000001ec3b356b70, 0x000001ec3b357200, 0x000001ec3b3564e0,
0x000001ec3b3585b0, 0x000001ec3b352340, 0x000001ec3b35c0c0, 0x000001ec3b35ba30,
0x000001ec3b35ad10, 0x000001ec3b359ff0, 0x000001ec3b35a680, 0x000001ec3b35b3a0,
0x000001ec3b358c40, 0x000001ec3b35e820, 0x000001ec3b351620, 0x000001ec3b35db00,
0x000001ec3b35c750, 0x000001ec3b35e190, 0x000001ec3b35cde0, 0x000001ec3b35fbd0,
0x000001ec3b361ca0, 0x000001ec3b362330, 0x000001ec3b3608f0, 0x000001ec3b360260,
0x000001ec3b360f80, 0x000001ec3b361610, 0x000001ec3b35eeb0, 0x000001ec3b3629c0,
0x000001ec3b35f540, 0x000001ec3b3664d0, 0x000001ec3b3636e0, 0x000001ec3b364a90,
0x000001ec3b357f20, 0x000001ec3b363d70, 0x000001ec3b363050, 0x000001ec3b365120,
0x000001ec3b3657b0, 0x000001ec3b366b60, 0x000001ec3b3671f0, 0x000001ec3b367880,
0x000001ec3b3692c0, 0x000001ec3b364400, 0x000001ec3b3685a0, 0x000001ec3b368c30,
0x000001ec3b365e40, 0x000001ec3b36a670, 0x000001ec3b369fe0, 0x000001ec3b369950,
0x000001ec3b36ad00, 0x000001ec3b36ba20, 0x000001ec3b36b390, 0x000001ec3b36c740,
0x000001ec3b36f530, 0x000001ec3b36cdd0, 0x000001ec3b36c0b0, 0x000001ec3b370250,
0x000001ec3b36eea0, 0x000001ec3b36fbc0, 0x000001ec3b371600, 0x000001ec3b367f10,
0x000001ec3b36daf0, 0x000001ec3b3708e0, 0x000001ec3b36d460, 0x000001ec3b370f70,
0x000001ec3b36e180, 0x000001ec3b3743f0, 0x000001ec3b3736d0, 0x000001ec3b374a80,
0x000001ec3b371c90, 0x000001ec3b373040, 0x000001ec3b373d60, 0x000001ec3b375110,
0x000001ec3b3757a0, 0x000001ec3b375e30, 0x000001ec3b3729b0, 0x000001ec3b3764c0,
0x000001ec3b3771e0, 0x000001ec3b36e810, 0x000001ec3b377870, 0x000001ec3b35d470,
0x000001ec3b34c0d0, 0x000001ec3d947c10, 0x000001ec3d3daf20, 0x000001ec467a7700,
0x000001ec467a7d90, 0x000001ec467a9e60, 0x000001ec467a7070, 0x000001ec467ab8a0,
0x000001ec467a8420, 0x000001ec467ab210, 0x000001ec467aab80, 0x000001ec467abf30,
0x000001ec467a8ab0, 0x000001ec467ac5c0, 0x000001ec467b00d0, 0x000001ec467a9140,
0x000001ec467a97d0, 0x000001ec467b0760, 0x000001ec467af3b0, 0x000001ec467afa40,
0x000001ec467ad2e0, 0x000001ec467b0df0, 0x000001ec467ad970, 0x000001ec467ae000,
0x000001ec467b1480, 0x000001ec467b1b10, 0x000001ec467ae690, 0x000001ec467aed20,
0x000001ec467b3be0, 0x000001ec467b5620, 0x000001ec467b4f90, 0x000001ec467b4900,
0x000001ec467b2ec0, 0x000001ec467acc50, 0x000001ec467b5cb0, 0x000001ec467b3550,
0x000001ec467b4270, 0x000001ec467b2830, 0x000001ec467b7060, 0x000001ec467b8410,
0x000001ec467b9130, 0x000001ec467b76f0, 0x000001ec467b21a0, 0x000001ec467b97c0,
0x000001ec467b6340, 0x000001ec467b9e50, 0x000001ec467b8aa0, 0x000001ec467b69d0,
0x000001ec467bab70, 0x000001ec467bcc40, 0x000001ec467bd960, 0x000001ec467aa4f0,
0x000001ec467bbf20, 0x000001ec467bb890, 0x000001ec467bb200, 0x000001ec467bdff0,
0x000001ec467be680, 0x000001ec467bf3a0, 0x000001ec467bfa30, 0x000001ec467bc5b0,
0x000001ec467bd2d0, 0x000001ec467bed10, 0x000001ec467c0de0, 0x000001ec467c00c0,
0x000001ec467c0750, 0x000001ec467c1b00, 0x000001ec467c2820, 0x000001ec467c2eb0,
0x000001ec467c3540, 0x000001ec467ba4e0, 0x000001ec467c4f80, 0x000001ec467c5610,
0x000001ec467c4260, 0x000001ec467c2190, 0x000001ec467c3bd0, 0x000001ec467c48f0,
0x000001ec467c76e0, 0x000001ec467c7d70, 0x000001ec467c1470, 0x000001ec467c5ca0,
0x000001ec467c9120, 0x000001ec467c97b0, 0x000001ec467c8400, 0x000001ec467c9e40,
0x000001ec467c7050, 0x000001ec467c8a90, 0x000001ec467cc5a0, 0x000001ec467b7d80,
0x000001ec467c69c0, 0x000001ec467cd950, 0x000001ec467cab60, 0x000001ec467ccc30,
0x000001ec467cb1f0, 0x000001ec467cd2c0, 0x000001ec467ca4d0, 0x000001ec467ce670,
0x000001ec467c6330, 0x000001ec467cb880, 0x000001ec467cf390, 0x000001ec467cbf10,
0x000001ec467d1af0, 0x000001ec467d2ea0, 0x000001ec467d1460, 0x000001ec467d2180,
0x000001ec467cfa20, 0x000001ec467cdfe0, 0x000001ec467d2810, 0x000001ec467d3bc0,
0x000001ec467d3530, 0x000001ec467d0dd0, 0x000001ec467d0740, 0x000001ec467d4250,
0x000001ec467d76d0, 0x000001ec467d7040, 0x000001ec467d00b0, 0x000001ec467d6320,
0x000001ec467d7d60, 0x000001ec467d5600, 0x000001ec467d48e0, 0x000001ec467d69b0,
0x000001ec467d83f0, 0x000001ec467d9110, 0x000001ec467d97a0, 0x000001ec467d4f70,
0x000001ec467d8a80, 0x000001ec467da4c0, 0x000001ec467d9e30, 0x000001ec467dab50,
0x000001ec467db1e0, 0x000001ec467decf0, 0x000001ec467dd2b0, 0x000001ec467ddfd0,
0x000001ec467dd940, 0x000001ec467de660, 0x000001ec467db870, 0x000001ec467df380,
0x000001ec467dbf00, 0x000001ec467dfa10, 0x000001ec467e2e90, 0x000001ec467e0dc0,
0x000001ec467e3520, 0x000001ec467dcc20, 0x000001ec467e3bb0, 0x000001ec467e1ae0,
0x000001ec467e2170, 0x000001ec467e2800, 0x000001ec467e0730, 0x000001ec467e4240,
0x000001ec467e48d0, 0x000001ec467e69a0, 0x000001ec467dc590, 0x000001ec467e7030,
0x000001ec467e5c80, 0x000001ec467e76c0, 0x000001ec467e4f60, 0x000001ec467e6310,
0x000001ec3b372320, 0x000001ec3b376b50, 0x000001ec467ced00, 0x000001ec467e00a0,
0x000001ec467e55f0, 0x000001ec463efec0, 0x000001ec463f1270, 0x000001ec463f0550,
0x000001ec463ef1a0, 0x000001ec463f1900, 0x000001ec463f0be0, 0x000001ec463eeb10,
0x000001ec463f2620, 0x000001ec463ef830, 0x000001ec463f4d80, 0x000001ec463f39d0,
0x000001ec463f4060, 0x000001ec463f46f0, 0x000001ec463f5aa0, 0x000001ec463f3340,
0x000001ec463f6130, 0x000001ec463f5410, 0x000001ec463f95b0, 0x000001ec463f8200,
0x000001ec463f8890, 0x000001ec463f9c40, 0x000001ec463f8f20, 0x000001ec463f67c0,
0x000001ec463f6e50, 0x000001ec463fa2d0, 0x000001ec463f1f90, 0x000001ec463f74e0,
0x000001ec463faff0, 0x000001ec463f7b70, 0x000001ec463fdde0, 0x000001ec463fbd10,
0x000001ec463fc3a0, 0x000001ec463fca30, 0x000001ec463feb00, 0x000001ec463fd0c0,
0x000001ec463fb680, 0x000001ec463fa960, 0x000001ec464018f0, 0x000001ec463fe470,
0x000001ec46401f80, 0x000001ec463ff820, 0x000001ec46400540, 0x000001ec463ff190,
0x000001ec463ffeb0, 0x000001ec463fd750, 0x000001ec464046e0, 0x000001ec46402610,
0x000001ec464039c0, 0x000001ec46402ca0, 0x000001ec46401260, 0x000001ec46405400,
0x000001ec46405a90, 0x000001ec463f2cb0, 0x000001ec46400bd0, 0x000001ec46406e40,
0x000001ec46404d70, 0x000001ec464081f0, 0x000001ec46406120, 0x000001ec46407b60,
0x000001ec464067b0, 0x000001ec4640bd00, 0x000001ec46404050, 0x000001ec4640b670,
0x000001ec46408f10, 0x000001ec4640afe0, 0x000001ec4640c390, 0x000001ec4640ca20,
0x000001ec4640a950, 0x000001ec464095a0, 0x000001ec46409c30, 0x000001ec46408880,
0x000001ec4640d740, 0x000001ec4640a2c0, 0x000001ec4640f810, 0x000001ec4640fea0,
0x000001ec4640eaf0, 0x000001ec46410530, 0x000001ec4640ddd0, 0x000001ec46411250,
0x000001ec4640d0b0, 0x000001ec4640e460, 0x000001ec46412c90, 0x000001ec46414040,
0x000001ec464139b0, 0x000001ec46411f70, 0x000001ec46410bc0, 0x000001ec46413320,
0x000001ec46412600, 0x000001ec4640f180, 0x000001ec463d7b90, 0x000001ec463d5ac0,
0x000001ec463d4710, 0x000001ec463d5430, 0x000001ec463d4da0, 0x000001ec463d6150,
0x000001ec463d67e0, 0x000001ec463da980, 0x000001ec463d8220, 0x000001ec463d88b0,
0x000001ec463d9c60, 0x000001ec463da2f0, 0x000001ec463d6e70, 0x000001ec463db6a0,
0x000001ec463d7500, 0x000001ec463dca50, 0x000001ec463de490, 0x000001ec463dbd30,
0x000001ec463d95d0, 0x000001ec463deb20, 0x000001ec463df1b0, 0x000001ec463dc3c0,
0x000001ec463df840, 0x000001ec463dfed0, 0x000001ec463dd0e0, 0x000001ec463e0bf0,
0x000001ec463db010, 0x000001ec463dde00, 0x000001ec463dd770, 0x000001ec463e4700,
0x000001ec463e4070, 0x000001ec463e1280, 0x000001ec463e2630, 0x000001ec463e2cc0,
0x000001ec463e3350, 0x000001ec463e1910, 0x000001ec463e0560, 0x000001ec463e4d90,
0x000001ec463e5420, 0x000001ec463e1fa0, 0x000001ec463e5ab0, 0x000001ec463e95c0,
0x000001ec463e7b80, 0x000001ec463e8210, 0x000001ec463e67d0, 0x000001ec463e39e0,
0x000001ec463e74f0, 0x000001ec463e9c50, 0x000001ec463e88a0, 0x000001ec463ea2e0,
0x000001ec463e8f30, 0x000001ec463ed760, 0x000001ec463ed0d0, 0x000001ec463e6140,
0x000001ec463e6e60, 0x000001ec463eca40, 0x000001ec463ea970, 0x000001ec463ec3b0,
0x000001ec463eb690, 0x000001ec463ee480, 0x000001ec463ebd20, 0x000001ec467e1450,
0x000001ec46403330, 0x000001ec464118e0, 0x000001ec467d5c90, 0x000001ec37e8c410,
0x000001ec46ead2d0, 0x000001ec46eab890, 0x000001ec46eabf20, 0x000001ec46eaa4e0,
0x000001ec46ead960, 0x000001ec46eaab70, 0x000001ec46eae680, 0x000001ec46eab200,
0x000001ec46eaed10, 0x000001ec46eb00c0, 0x000001ec46eb0750, 0x000001ec46eb2820,
0x000001ec46eb0de0, 0x000001ec46eac5b0, 0x000001ec46eaf3a0, 0x000001ec46eacc40,
0x000001ec46eb2eb0, 0x000001ec46eb1470, 0x000001ec46eb5610, 0x000001ec46eb48f0,
0x000001ec46eb3bd0, 0x000001ec46eb4f80, 0x000001ec46eb2190, 0x000001ec46eb5ca0,
0x000001ec46eb6330, 0x000001ec46eb69c0, 0x000001ec46eb3540, 0x000001ec46eb76e0,
0x000001ec46eb4260, 0x000001ec46eb9e40, 0x000001ec46eb8400, 0x000001ec46eb1b00,
0x000001ec46eb8a90, 0x000001ec46eb9120, 0x000001ec46eb97b0, 0x000001ec46eba4d0,
0x000001ec46eb7050, 0x000001ec46ebab60, 0x000001ec46ebcc30, 0x000001ec46ebd2c0,
0x000001ec46ebdfe0, 0x000001ec46ebd950, 0x000001ec46ebe670, 0x000001ec46ebed00,
0x000001ec46ebb880, 0x000001ec46ebf390, 0x000001ec46ebc5a0, 0x000001ec46ec0740,
0x000001ec46eb7d70, 0x000001ec46ec1af0, 0x000001ec46ec2810, 0x000001ec46ec1460,
0x000001ec46ebfa20, 0x000001ec46ec0dd0, 0x000001ec46ec2180, 0x000001ec46ec3530,
0x000001ec46ec2ea0, 0x000001ec46ebbf10, 0x000001ec46ec3bc0, 0x000001ec46ec6320,
0x000001ec46ec69b0, 0x000001ec46ec7d60, 0x000001ec46ec7040, 0x000001ec46ec48e0,
0x000001ec46ec5600, 0x000001ec46ec76d0, 0x000001ec46ec00b0, 0x000001ec46ec4f70,
0x000001ec46ec8a80, 0x000001ec46ec9110, 0x000001ec46ec5c90, 0x000001ec46ecc590,
0x000001ec46eccc20, 0x000001ec46eca4c0, 0x000001ec46ecb870, 0x000001ec46ec83f0,
0x000001ec46ec97a0, 0x000001ec46ecd2b0, 0x000001ec46ecd940, 0x000001ec46ec9e30,
0x000001ec46ecab50, 0x000001ec46ecdfd0, 0x000001ec46ed0730, 0x000001ec46ece660,
0x000001ec46ececf0, 0x000001ec46ecbf00, 0x000001ec46ecfa10, 0x000001ec46ed00a0,
0x000001ec46e92840, 0x000001ec46e92ed0, 0x000001ec46e93560, 0x000001ec46e91490,
0x000001ec46e93bf0, 0x000001ec46e900e0, 0x000001ec46e921b0, 0x000001ec46e90770,
0x000001ec46e94280, 0x000001ec46e90e00, 0x000001ec46e94fa0, 0x000001ec46e94910,
0x000001ec46e91b20, 0x000001ec46e98ab0, 0x000001ec46e96350, 0x000001ec46e97d90,
0x000001ec46e99e60, 0x000001ec46e97700, 0x000001ec46e97070, 0x000001ec46e969e0,
0x000001ec46e9ab80, 0x000001ec46e9a4f0, 0x000001ec46e9b8a0, 0x000001ec46e95630,
0x000001ec46e9bf30, 0x000001ec46e9b210, 0x000001ec46e9c5c0, 0x000001ec46e99140,
0x000001ec46e997d0, 0x000001ec46e9e690, 0x000001ec46e9f3b0, 0x000001ec46e9d970,
0x000001ec46e95cc0, 0x000001ec46e9ed20, 0x000001ec46e9d2e0, 0x000001ec46e9e000,
0x000001ec46ea00d0, 0x000001ec46e9cc50, 0x000001ec46ea3550, 0x000001ec46ea1480,
0x000001ec46ea3be0, 0x000001ec46ea2830, 0x000001ec46e9fa40, 0x000001ec46ea21a0,
0x000001ec46ea1b10, 0x000001ec46ea0760, 0x000001ec46ea4270, 0x000001ec46ea0df0,
0x000001ec46ea6340, 0x000001ec46ea5620, 0x000001ec46ea2ec0, 0x000001ec46ea7060,
0x000001ec46ea76f0, 0x000001ec46ea5cb0, 0x000001ec46ea69d0, 0x000001ec46ea7d80,
0x000001ec46ea4900, 0x000001ec46ea8aa0, 0x000001ec46ea8410, 0x000001ec46ea4f90,
0x000001ec46ea97c0, 0x000001ec46eafa30, 0x000001ec46ec4250, 0x000001ec46ecb1e0,
0x000001ec46ecf380, 0x000001ec463d8f40, 0x000001ec463eddf0, 0x000001ec3b899260,
0x000001ec3b898540, 0x000001ec3b897190, 0x000001ec3b897820, 0x000001ec3b896b00,
0x000001ec3b898bd0, 0x000001ec3b896470, 0x000001ec3b89c6e0, 0x000001ec3b89cd70,
0x000001ec3b899f80, 0x000001ec3b89b330, 0x000001ec3b897eb0, 0x000001ec3b89b9c0,
0x000001ec3b8998f0, 0x000001ec3b89d400, 0x000001ec3b89da90, 0x000001ec3b89c050,
0x000001ec3b89e7b0, 0x000001ec3b8a0880, 0x000001ec3b89e120, 0x000001ec3b8a0f10,
0x000001ec3b89f4d0, 0x000001ec3b8a22c0, 0x000001ec3b89ee40, 0x000001ec3b8a1c30,
0x000001ec3b8a2950, 0x000001ec3b8a01f0, 0x000001ec3b89fb60, 0x000001ec3b89a610,
0x000001ec3b8a3670, 0x000001ec3b8a4a20, 0x000001ec3b8a3d00, 0x000001ec3b8a15a0,
0x000001ec3b8a6af0, 0x000001ec3b8a7180, 0x000001ec3b8a5dd0, 0x000001ec3b8a4390,
0x000001ec3b8a50b0, 0x000001ec3b8a6460, 0x000001ec3b8a2fe0, 0x000001ec3b8aac90,
0x000001ec3b8a7810, 0x000001ec3b8a9250, 0x000001ec3b8ab320, 0x000001ec3b8a7ea0,
0x000001ec3b8ab9b0, 0x000001ec3b8a8530, 0x000001ec3b8a5740, 0x000001ec3b8acd60,
0x000001ec3b8ac6d0, 0x000001ec3b8a98e0, 0x000001ec3b8ad3f0, 0x000001ec3b8a9f70,
0x000001ec3b8ada80, 0x000001ec3b8aa600, 0x000001ec3b8ac040, 0x000001ec3b8afb50,
0x000001ec3b8aee30, 0x000001ec3b8ae110, 0x000001ec3b8ae7a0, 0x000001ec3b8af4c0,
0x000001ec3b8b01e0, 0x000001ec3b8b2fd0, 0x000001ec3b8b1c20, 0x000001ec3b8a8bc0,
0x000001ec3b8b22b0, 0x000001ec3b8b2940, 0x000001ec3b8b3cf0, 0x000001ec3b8b0f00,
0x000001ec3b8b4380, 0x000001ec3b8b0870, 0x000001ec3b8b4a10, 0x000001ec3b8b7e90,
0x000001ec3b8b3660, 0x000001ec3b8b5dc0, 0x000001ec3b8b5730, 0x000001ec3b8b6450,
0x000001ec3b8b50a0, 0x000001ec3b8b7800, 0x000001ec3b8b8bb0, 0x000001ec3b8b8520,
0x000001ec3b8b98d0, 0x000001ec3b8b9f60, 0x000001ec3b8b6ae0, 0x000001ec3b8ba5f0,
0x000001ec3b8b7170, 0x000001ec3b8bb310, 0x000001ec3b8bb9a0, 0x000001ec3b8bc030,
0x000001ec3b8bc6c0, 0x000001ec3b87ee60, 0x000001ec3b8b9240, 0x000001ec3b87c700,
0x000001ec3b87f4f0, 0x000001ec3b87c070, 0x000001ec3b87e7d0, 0x000001ec3b880210,
0x000001ec3b87cd90, 0x000001ec3b87d420, 0x000001ec3b87fb80, 0x000001ec3b8b1590,
0x000001ec3b880f30, 0x000001ec3b87dab0, 0x000001ec3b8815c0, 0x000001ec3b87e140,
0x000001ec3b881c50, 0x000001ec3b882970, 0x000001ec3b883d20, 0x000001ec3b885760,
0x000001ec3b8822e0, 0x000001ec3b8808a0, 0x000001ec3b887830, 0x000001ec3b886480,
0x000001ec3b884a40, 0x000001ec3b8850d0, 0x000001ec3b886b10, 0x000001ec3b885df0,
0x000001ec3b8843b0, 0x000001ec3b883690, 0x000001ec3b88a620, 0x000001ec3b8871a0,
0x000001ec3b889f90, 0x000001ec3b88acb0, 0x000001ec3b888550, 0x000001ec3b88b9d0,
0x000001ec3b88c060, 0x000001ec3b889900, 0x000001ec3b887ec0, 0x000001ec3b888be0,
0x000001ec3b88c6f0, 0x000001ec3b889270, 0x000001ec3b88d410, 0x000001ec3b88e7c0,
0x000001ec3b88daa0, 0x000001ec3b88ee50, 0x000001ec3b88f4e0, 0x000001ec3b883000,
0x000001ec3b88fb70, 0x000001ec3b88e130, 0x000001ec3b88cd80, 0x000001ec3b8922d0,
0x000001ec3b891c40, 0x000001ec3b893680, 0x000001ec3b892960, 0x000001ec3b892ff0,
0x000001ec3b8915b0, 0x000001ec3b893d10, 0x000001ec3b890890, 0x000001ec3b8943a0,
0x000001ec3b890f20, 0x000001ec3b894a30, 0x000001ec3b895750, 0x000001ec3b895de0,
0x000001ec3b89aca0, 0x000001ec3b88b340, 0x000001ec46ea9130, 0x000001ec3b890200,
0x000001ec3b8950c0, 0x000001ec46ea9e50, 0x000001ec38dc93b0, 0x000001ec37e89cb0,
0x000001ec474fb260, 0x000001ec474f8b00, 0x000001ec474f9190, 0x000001ec474f9820,
0x000001ec474f8470, 0x000001ec474fbf80, 0x000001ec474fcca0, 0x000001ec474fd330,
0x000001ec474fc610, 0x000001ec474fd9c0, 0x000001ec474fa540, 0x000001ec474fb8f0,
0x000001ec474fabd0, 0x000001ec474fe6e0, 0x000001ec474ffa90, 0x000001ec47500120,
0x000001ec47500e40, 0x000001ec475014d0, 0x000001ec47501b60, 0x000001ec474fed70,
0x000001ec474fe050, 0x000001ec47503c30, 0x000001ec47502880, 0x000001ec475021f0,
0x000001ec47502f10, 0x000001ec475007b0, 0x000001ec47506390, 0x000001ec475035a0,
0x000001ec475070b0, 0x000001ec474ff400, 0x000001ec47505670, 0x000001ec475042c0,
0x000001ec47507740, 0x000001ec47506a20, 0x000001ec47504fe0, 0x000001ec47507dd0,
0x000001ec47508af0, 0x000001ec47508460, 0x000001ec47504950, 0x000001ec47505d00,
0x000001ec4750bf70, 0x000001ec4750abc0, 0x000001ec4750b250, 0x000001ec4750a530,
0x000001ec4750b8e0, 0x000001ec4750cc90, 0x000001ec4750d320, 0x000001ec4750c600,
0x000001ec47509810, 0x000001ec47509ea0, 0x000001ec4750d9b0, 0x000001ec475107a0,
0x000001ec47510e30, 0x000001ec4750e6d0, 0x000001ec4750e040, 0x000001ec4750ed60,
0x000001ec47509180, 0x000001ec47511b50, 0x000001ec475121e0, 0x000001ec4750f3f0,
0x000001ec4750fa80, 0x000001ec47513590, 0x000001ec47510110, 0x000001ec47512f00,
0x000001ec47514fd0, 0x000001ec47515cf0, 0x000001ec47513c20, 0x000001ec47512870,
0x000001ec475170a0, 0x000001ec47516380, 0x000001ec47517730, 0x000001ec475142b0,
0x000001ec47517dc0, 0x000001ec47514940, 0x000001ec47518450, 0x000001ec47515660,
0x000001ec47519e90, 0x000001ec47519170, 0x000001ec4751b240, 0x000001ec4751b8d0,
0x000001ec4751bf60, 0x000001ec4751cc80, 0x000001ec4751d9a0, 0x000001ec47519800,
0x000001ec4751d310, 0x000001ec4751c5f0, 0x000001ec4751a520, 0x000001ec4751e030,
0x000001ec4751e6c0, 0x000001ec4751abb0, 0x000001ec474e0e60, 0x000001ec474e0140,
0x000001ec47518ae0, 0x000001ec474de070, 0x000001ec474e07d0, 0x000001ec474de700,
0x000001ec474e28a0, 0x000001ec474e2210, 0x000001ec474e1b80, 0x000001ec474dfab0,
0x000001ec474df420, 0x000001ec474ded90, 0x000001ec474e4970, 0x000001ec474e35c0,
0x000001ec474e2f30, 0x000001ec474e14f0, 0x000001ec474e5690, 0x000001ec474e5d20,
0x000001ec474e6a40, 0x000001ec474e3c50, 0x000001ec474e7760, 0x000001ec474e42e0,
0x000001ec474e7df0, 0x000001ec474e8480, 0x000001ec474e5000, 0x000001ec474e9ec0,
0x000001ec474ea550, 0x000001ec474eabe0, 0x000001ec474eb270, 0x000001ec474e91a0,
0x000001ec474e63b0, 0x000001ec474e70d0, 0x000001ec474ee060, 0x000001ec474ebf90,
0x000001ec474ee6f0, 0x000001ec474eb900, 0x000001ec474eccb0, 0x000001ec474ed340,
0x000001ec474ec620, 0x000001ec474f07c0, 0x000001ec474f0130, 0x000001ec474eed80,
0x000001ec474ed9d0, 0x000001ec474f0e50, 0x000001ec474f14e0, 0x000001ec474f1b70,
0x000001ec474f2890, 0x000001ec474e9830, 0x000001ec474f2200, 0x000001ec474ef410,
0x000001ec474f42d0, 0x000001ec474f35b0, 0x000001ec474f3c40, 0x000001ec474f4960,
0x000001ec474f2f20, 0x000001ec474f7750, 0x000001ec474efaa0, 0x000001ec474f4ff0,
0x000001ec474f5680, 0x000001ec474f5d10, 0x000001ec474f63a0, 0x000001ec474f6a30,
0x000001ec474f70c0, 0x000001ec475114c0, 0x000001ec47516a10, 0x000001ec474f7de0,
0x000001ec474f9eb0, 0x000001ec3b8bac80, 0x000001ec4669c140, 0x000001ec4669d4f0,
0x000001ec4669a700, 0x000001ec4669b420, 0x000001ec4669ce60, 0x000001ec4669a070,
0x000001ec4669e210, 0x000001ec4669ad90, 0x000001ec4669e8a0, 0x000001ec4669fc50,
0x000001ec4669ef30, 0x000001ec4669f5c0, 0x000001ec4669c7d0, 0x000001ec466a1d20,
0x000001ec466a02e0, 0x000001ec466a1000, 0x000001ec4669db80, 0x000001ec466a2a40,
0x000001ec466a4480, 0x000001ec466a3df0, 0x000001ec466a23b0, 0x000001ec466a4b10,
0x000001ec466a3760, 0x000001ec466a5ec0, 0x000001ec466a30d0, 0x000001ec466a1690,
0x000001ec466a6550, 0x000001ec466a6be0, 0x000001ec466a7270, 0x000001ec466a7f90,
0x000001ec466a8620, 0x000001ec466a7900, 0x000001ec466a8cb0, 0x000001ec466a0970,
0x000001ec466a5830, 0x000001ec466aa6f0, 0x000001ec466aad80, 0x000001ec466aa060,
0x000001ec466a9340, 0x000001ec466ac130, 0x000001ec466ace50, 0x000001ec466abaa0,
0x000001ec4669bab0, 0x000001ec466ad4e0, 0x000001ec466ac7c0, 0x000001ec466ae200,
0x000001ec466adb70, 0x000001ec466ab410, 0x000001ec466afc40, 0x000001ec466b02d0,
0x000001ec466b0960, 0x000001ec466a99d0, 0x000001ec466b0ff0, 0x000001ec466b1d10,
0x000001ec466b1680, 0x000001ec466ae890, 0x000001ec466b23a0, 0x000001ec466aef20,
0x000001ec466b30c0, 0x000001ec466b3de0, 0x000001ec466af5b0, 0x000001ec466b2a30,
0x000001ec466b5190, 0x000001ec466b5eb0, 0x000001ec466b5820, 0x000001ec466b78f0,
0x000001ec466b6bd0, 0x000001ec466b4b00, 0x000001ec466b7260, 0x000001ec466b3750,
0x000001ec466b4470, 0x000001ec466b7f80, 0x000001ec466ba050, 0x000001ec466b9330,
0x000001ec466bad70, 0x000001ec466b8610, 0x000001ec466b99c0, 0x000001ec466bba90,
0x000001ec466b6540, 0x000001ec466bce40, 0x000001ec466bd4d0, 0x000001ec466bdb60,
0x000001ec466bc7b0, 0x000001ec466ba6e0, 0x000001ec466be1f0, 0x000001ec466bb400,
0x000001ec466bef10, 0x000001ec466b8ca0, 0x000001ec466c0950, 0x000001ec466c1670,
0x000001ec466bf5a0, 0x000001ec466c1d00, 0x000001ec466be880, 0x000001ec466c2a20,
0x000001ec466c30b0, 0x000001ec466bfc30, 0x000001ec466c2390, 0x000001ec466c02c0,
0x000001ec466c3dd0, 0x000001ec466c0fe0, 0x000001ec466c5180, 0x000001ec466c5810,
0x000001ec466c6bc0, 0x000001ec466c4af0, 0x000001ec466c4460, 0x000001ec466c3740,
0x000001ec466c7f70, 0x000001ec466c8c90, 0x000001ec466c9320, 0x000001ec466c7250,
0x000001ec466c5ea0, 0x000001ec466c99b0, 0x000001ec466c6530, 0x000001ec466c78e0,
0x000001ec466ca040, 0x000001ec466cad60, 0x000001ec466cb3f0, 0x000001ec466cba80,
0x000001ec466c8600, 0x000001ec466ce1e0, 0x000001ec466cc7a0, 0x000001ec466cd4c0,
0x000001ec466cc110, 0x000001ec466cce30, 0x000001ec466ca6d0, 0x000001ec466cef00,
0x000001ec466cf590, 0x000001ec466ce870, 0x000001ec466d0fd0, 0x000001ec466d02b0,
0x000001ec466d30a0, 0x000001ec466d1660, 0x000001ec466cdb50, 0x000001ec466d1cf0,
0x000001ec466d2380, 0x000001ec466cfc20, 0x000001ec466d3730, 0x000001ec466d0940,
0x000001ec466d78d0, 0x000001ec466d6520, 0x000001ec466d6bb0, 0x000001ec466bc120,
0x000001ec466d5e90, 0x000001ec466d5800, 0x000001ec466d2a10, 0x000001ec466d85f0,
0x000001ec466d7f60, 0x000001ec466d7240, 0x000001ec466d8c80, 0x000001ec466da6c0,
0x000001ec466d4450, 0x000001ec466da030, 0x000001ec466d9310, 0x000001ec466d99a0,
0x000001ec466a51a0, 0x000001ec37e8b060, 0x000001ec37e8bd80, 0x000001ec37e89620,
0x000001ec37e8f890, 0x000001ec37e8a340, 0x000001ec37e8f200, 0x000001ec37e8de50,
0x000001ec37e8e4e0, 0x000001ec37e8eb70, 0x000001ec463c4c40, 0x000001ec463c52d0,
0x000001ec463c5ff0, 0x000001ec463c6680, 0x000001ec463c73a0, 0x000001ec463c80c0,
0x000001ec463c5960, 0x000001ec463c8750, 0x000001ec466d4ae0, 0x000001ec37e8d7c0,
0x000001ec466d5170, 0x000001ec36d01ba0, 0x000001ec46e98420, 0x000001ec463c3890,
0x000001ec463c7a30, 0x000001ec3d9ef540, 0x000001ec3d9efbd0, 0x000001ec3d9ed470,
0x000001ec3d9f08f0, 0x000001ec3d9f0260, 0x000001ec3d9edb00, 0x000001ec3d9f0f80,
0x000001ec3d9ee820, 0x000001ec3d9ee190, 0x000001ec3d9f3d70, 0x000001ec3d9f5120,
0x000001ec3d9f1ca0, 0x000001ec3d9f4400, 0x000001ec3d9f3050, 0x000001ec3d9f29c0,
0x000001ec3d9f57b0, 0x000001ec3d9f2330, 0x000001ec3d9f64d0, 0x000001ec3d9f5e40,
0x000001ec3d9f6b60, 0x000001ec3d9f4a90, 0x000001ec3d9f71f0, 0x000001ec3d9f36e0,
0x000001ec3d9f9950, 0x000001ec3d9f9fe0, 0x000001ec3d9eeeb0, 0x000001ec3d9fad00,
0x000001ec3d9f85a0, 0x000001ec3d9f92c0, 0x000001ec3d9f7f10, 0x000001ec3d9fa670,
0x000001ec3d9f8c30, 0x000001ec3d9fb390, 0x000001ec3d9fc0b0, 0x000001ec3d9f7880,
0x000001ec3d9fba20, 0x000001ec3d9fe180, 0x000001ec3d9fe810, 0x000001ec3d9feea0,
0x000001ec3d9fdaf0, 0x000001ec3d9ff530, 0x000001ec3d9fc740, 0x000001ec3da008e0,
0x000001ec3d9ffbc0, 0x000001ec3d9fcdd0, 0x000001ec3d9fd460, 0x000001ec3da02320,
0x000001ec3da029b0, 0x000001ec3da03040, 0x000001ec3da03d60, 0x000001ec3da036d0,
0x000001ec3da01c90, 0x000001ec3da00250, 0x000001ec3da00f70, 0x000001ec3da04a80,
0x000001ec3da01600, 0x000001ec3da064c0, 0x000001ec3da057a0, 0x000001ec3da06b50,
0x000001ec3da071e0, 0x000001ec3da05110, 0x000001ec3da043f0, 0x000001ec3da09940,
0x000001ec3da07870, 0x000001ec3da0a660, 0x000001ec3da0acf0, 0x000001ec3da0b380,
0x000001ec3da07f00, 0x000001ec3da0ba10, 0x000001ec3da08c20, 0x000001ec3da08590,
0x000001ec3da0c0a0, 0x000001ec3da0c730, 0x000001ec3da0cdc0, 0x000001ec3da0d450,
0x000001ec3da09fd0, 0x000001ec3da0e170, 0x000001ec3da0dae0, 0x000001ec3da0f520,
0x000001ec3da11c80, 0x000001ec3da115f0, 0x000001ec3da10240, 0x000001ec3da0e800,
0x000001ec3da12310, 0x000001ec3da0ee90, 0x000001ec3da10f60, 0x000001ec3da129a0,
0x000001ec3da108d0, 0x000001ec3da092b0, 0x000001ec3da0fbb0, 0x000001ec3d9d3070,
0x000001ec3d9d3700, 0x000001ec3d9d64f0, 0x000001ec3d9d4ab0, 0x000001ec3d9d5140,
0x000001ec3d9d57d0, 0x000001ec3d9d85c0, 0x000001ec3d9d7210, 0x000001ec3d9d3d90,
0x000001ec3d9d4420, 0x000001ec3d9d8c50, 0x000001ec3d9d92e0, 0x000001ec3d9d9970,
0x000001ec3d9da000, 0x000001ec3d9dad20, 0x000001ec3d9d78a0, 0x000001ec3d9dcdf0,
0x000001ec3d9db3b0, 0x000001ec3d9da690, 0x000001ec3d9d7f30, 0x000001ec3d9dc0d0,
0x000001ec3d9dd480, 0x000001ec3d9ddb10, 0x000001ec3d9de1a0, 0x000001ec3d9deec0,
0x000001ec3d9d6b80, 0x000001ec3d9de830, 0x000001ec3d9df550, 0x000001ec3d9e1620,
0x000001ec3d9dc760, 0x000001ec3d9e2340, 0x000001ec3d9e29d0, 0x000001ec3d9e0f90,
0x000001ec3d9e1cb0, 0x000001ec3d9dba40, 0x000001ec3d9e36f0, 0x000001ec3d9e0270,
0x000001ec3d9e3d80, 0x000001ec3d9e0900, 0x000001ec3d9e64e0, 0x000001ec3d9e6b70,
0x000001ec3d9e4410, 0x000001ec3d9e7890, 0x000001ec3d9e3060, 0x000001ec3d9e4aa0,
0x000001ec3d9e85b0, 0x000001ec3d9e7200, 0x000001ec3d9e5130, 0x000001ec3d9e57c0,
0x000001ec3d9e8c40, 0x000001ec3d9e5e50, 0x000001ec3d9ecde0, 0x000001ec3d9e9960,
0x000001ec3d9ead10, 0x000001ec3d9e9ff0, 0x000001ec3d9ec750, 0x000001ec3d9eb3a0,
0x000001ec3d9ec0c0, 0x000001ec3d9e92d0, 0x000001ec3d9eba30, 0x000001ec3d9f1610,
0x000001ec3d9e7f20, 0x000001ec3da136c0, 0x000001ec3d9d5e60, 0x000001ec37e8ff20,
0x000001ec3d9ea680, 0x000001ec3cc8ddb0, 0x000001ec3cc8f160, 0x000001ec3cc8fe80,
0x000001ec3cc8ead0, 0x000001ec3cc90510, 0x000001ec3cc8e440, 0x000001ec3cc8d090,
0x000001ec3cc94020, 0x000001ec3cc93990, 0x000001ec3cc91230, 0x000001ec3cc92c70,
0x000001ec3cc918c0, 0x000001ec3cc90ba0, 0x000001ec3cc91f50, 0x000001ec3cc8d720,
0x000001ec3cc95a60, 0x000001ec3cc94d40, 0x000001ec3cc953d0, 0x000001ec3cc925e0,
0x000001ec3cc960f0, 0x000001ec3cc99570, 0x000001ec3cc93300, 0x000001ec3cc946b0,
0x000001ec3cc8f7f0, 0x000001ec3cc974a0, 0x000001ec3cc981c0, 0x000001ec3cc97b30,
0x000001ec3cc99c00, 0x000001ec3cc96780, 0x000001ec3cc9b640, 0x000001ec3cc9bcd0,
0x000001ec3cc98ee0, 0x000001ec3cc9a290, 0x000001ec3cc96e10, 0x000001ec3cc9c9f0,
0x000001ec3cc9e430, 0x000001ec3cc9d080, 0x000001ec3cc9afb0, 0x000001ec3cc9c360,
0x000001ec3cca0500, 0x000001ec3cc98850, 0x000001ec3cc9f7e0, 0x000001ec3cc9f150,
0x000001ec3cc9dda0, 0x000001ec3cc9fe70, 0x000001ec3cc9d710, 0x000001ec3cca1f40,
0x000001ec3cca18b0, 0x000001ec3cca2c60, 0x000001ec3cca0b90, 0x000001ec3cc9eac0,
0x000001ec3cca46a0, 0x000001ec3cca3980, 0x000001ec3cca4d30, 0x000001ec3cca32f0,
0x000001ec3cca53c0, 0x000001ec3cca25d0, 0x000001ec3cca5a50, 0x000001ec3cca4010,
0x000001ec3cca60e0, 0x000001ec3cca6770, 0x000001ec3cca6e00, 0x000001ec3cca9bf0,
0x000001ec3cca8ed0, 0x000001ec3ccaa280, 0x000001ec3cca7b20, 0x000001ec3cca9560,
0x000001ec3cca8840, 0x000001ec3ccaafa0, 0x000001ec3cca81b0, 0x000001ec3ccab630,
0x000001ec3ccadd90, 0x000001ec3ccaeab0, 0x000001ec3ccabcc0, 0x000001ec3ccae420,
0x000001ec3ccaf7d0, 0x000001ec3cca7490, 0x000001ec3ccaf140, 0x000001ec3ccad700,
0x000001ec3ccafe60, 0x000001ec3ccac9e0, 0x000001ec3ccb25c0, 0x000001ec3ccb04f0,
0x000001ec3ccb3970, 0x000001ec3ccb1210, 0x000001ec3ccad070, 0x000001ec3ccb18a0,
0x000001ec3ccb4000, 0x000001ec3ccb0b80, 0x000001ec3ccb53b0, 0x000001ec3ccb4690,
0x000001ec3ccb4d20, 0x000001ec3ccb5a40, 0x000001ec3ccb60d0, 0x000001ec3ccac350,
0x000001ec3ccb1f30, 0x000001ec3ccb6760, 0x000001ec3ccb32e0, 0x000001ec3ccb9550,
0x000001ec3ccb6df0, 0x000001ec3ccb9be0, 0x000001ec3ccb81a0, 0x000001ec3ccba900,
0x000001ec3ccb2c50, 0x000001ec3ccb8ec0, 0x000001ec3ccba270, 0x000001ec3ccb7480,
0x000001ec3ccbaf90, 0x000001ec3ccbe410, 0x000001ec3ccb7b10, 0x000001ec3ccbbcb0,
0x000001ec3ccbc9d0, 0x000001ec3ccbb620, 0x000001ec3ccbc340, 0x000001ec3ccbd060,
0x000001ec3ccbdd80, 0x000001ec3ccbf130, 0x000001ec3ccc04e0, 0x000001ec3ccc0b70,
0x000001ec3ccbf7c0, 0x000001ec3ccbeaa0, 0x000001ec3ccb8830, 0x000001ec3ccbd6f0,
0x000001ec3ccc32d0, 0x000001ec3ccc3960, 0x000001ec3ccc1f20, 0x000001ec3ccc3ff0,
0x000001ec3ccc4d10, 0x000001ec3ccc4680, 0x000001ec3ccc53a0, 0x000001ec3ccc1890,
0x000001ec3ccc60c0, 0x000001ec3ccc2c40, 0x000001ec3ccc7470, 0x000001ec3ccc7b00,
0x000001ec3ccc9540, 0x000001ec3ccc8eb0, 0x000001ec3ccc6750, 0x000001ec3ccc6de0,
0x000001ec3ccc8190, 0x000001ec3ccca8f0, 0x000001ec3ccca260, 0x000001ec3ccc9bd0,
0x000001ec3ccc8820, 0x000001ec3cccaf80, 0x000001ec3cccb610, 0x000001ec3cccd6e0,
0x000001ec3cccd050, 0x000001ec3ccc25b0, 0x000001ec3cccc330, 0x000001ec3cccc9c0,
0x000001ec3cca1220, 0x000001ec3cc9a920, 0x000001ec3ccbfe50, 0x000001ec3da05e30,
0x000001ec3ccaa910, 0x000001ec37e8a9d0, 0x000001ec3ccc5a30, 0x000001ec474e8b10,
0x000001ec47695130, 0x000001ec47695e50, 0x000001ec47697890, 0x000001ec47694aa0,
0x000001ec47694410, 0x000001ec476957c0, 0x000001ec476964e0, 0x000001ec476992d0,
0x000001ec47699960, 0x000001ec4769b3a0, 0x000001ec47699ff0, 0x000001ec4769ad10,
0x000001ec47697f20, 0x000001ec47698c40, 0x000001ec4769ba30, 0x000001ec4769e820,
0x000001ec4769a680, 0x000001ec47697200, 0x000001ec4769c0c0, 0x000001ec4769c750,
0x000001ec476a0260, 0x000001ec4769eeb0, 0x000001ec4769f540, 0x000001ec4769fbd0,
0x000001ec4769cde0, 0x000001ec4769e190, 0x000001ec4769db00, 0x000001ec476985b0,
0x000001ec4769d470, 0x000001ec476a36e0, 0x000001ec476a3d70, 0x000001ec476a4400,
0x000001ec476a0f80, 0x000001ec476a4a90, 0x000001ec476a08f0, 0x000001ec476a1610,
0x000001ec476a5120, 0x000001ec476a1ca0, 0x000001ec476a57b0, 0x000001ec476a29c0,
0x000001ec476a2330, 0x000001ec476a6b60, 0x000001ec476a7880, 0x000001ec476a64d0,
0x000001ec476a3050, 0x000001ec476a9fe0, 0x000001ec476a71f0, 0x000001ec476aad00,
0x000001ec476ab390, 0x000001ec476a7f10, 0x000001ec476aba20, 0x000001ec476aa670,
0x000001ec476a92c0, 0x000001ec476a8c30, 0x000001ec476a5e40, 0x000001ec476a9950,
0x000001ec476ad460, 0x000001ec476ac0b0, 0x000001ec476ac740, 0x000001ec476adaf0,
0x000001ec476af530, 0x000001ec476a85a0, 0x000001ec476b1600, 0x000001ec476acdd0,
0x000001ec476ae180, 0x000001ec476afbc0, 0x000001ec476b1c90, 0x000001ec476b0250,
0x000001ec476b0f70, 0x000001ec476b2320, 0x000001ec476ae810, 0x000001ec476b36d0,
0x000001ec476b5110, 0x000001ec476b3d60, 0x000001ec476b43f0, 0x000001ec476b4a80,
0x000001ec476b57a0, 0x000001ec476b29b0, 0x000001ec476b64c0, 0x000001ec476b08e0,
0x000001ec476b3040, 0x000001ec476b7870, 0x000001ec476b8590, 0x000001ec476b8c20,
0x000001ec476b71e0, 0x000001ec476b6b50, 0x000001ec476b92b0, 0x000001ec4767a010,
0x000001ec4767b3c0, 0x000001ec4767ba50, 0x000001ec4767d490, 0x000001ec4767ce00,
0x000001ec4767a6a0, 0x000001ec4767c0e0, 0x000001ec4767e840, 0x000001ec4767e1b0,
0x000001ec4767c770, 0x000001ec47682350, 0x000001ec4767eed0, 0x000001ec47680910,
0x000001ec47680fa0, 0x000001ec47680280, 0x000001ec4767f560, 0x000001ec4767db20,
0x000001ec476829e0, 0x000001ec47681630, 0x000001ec47683070, 0x000001ec47683700,
0x000001ec47681cc0, 0x000001ec47683d90, 0x000001ec476857d0, 0x000001ec47684ab0,
0x000001ec476878a0, 0x000001ec47687210, 0x000001ec47685e60, 0x000001ec4767fbf0,
0x000001ec47685140, 0x000001ec476864f0, 0x000001ec47684420, 0x000001ec476885c0,
0x000001ec47689970, 0x000001ec47688c50, 0x000001ec4768ad20, 0x000001ec4768a690,
0x000001ec47687f30, 0x000001ec476892e0, 0x000001ec47686b80, 0x000001ec4768c760,
0x000001ec4768ba40, 0x000001ec4768c0d0, 0x000001ec4768db10, 0x000001ec4768e1a0,
0x000001ec4768d480, 0x000001ec4768b3b0, 0x000001ec4768e830, 0x000001ec4768eec0,
0x000001ec4768f550, 0x000001ec4768fbe0, 0x000001ec4768cdf0, 0x000001ec47690270,
0x000001ec47692340, 0x000001ec47691620, 0x000001ec4768a000, 0x000001ec47693060,
0x000001ec47690f90, 0x000001ec47691cb0, 0x000001ec476936f0, 0x000001ec47693d80,
0x000001ec47690900, 0x000001ec476aeea0, 0x000001ec476b7f00, 0x000001ec4767ad30,
0x000001ec476929d0, 0x000001ec38bc3b60, 0x000001ec3da13030, 0x000001ec47696b70,
0x000001ec3cccbca0, 0x000001ec3d1e3070, 0x000001ec3d1e4ab0, 0x000001ec3d1e4420,
0x000001ec3d1e5140, 0x000001ec3d1e3d90, 0x000001ec3d1e64f0, 0x000001ec3d1e6b80,
0x000001ec3d1e3700, 0x000001ec3d1e85c0, 0x000001ec3d1e9970, 0x000001ec3d1e78a0,
0x000001ec3d1e92e0, 0x000001ec3d1e8c50, 0x000001ec3d1e7210, 0x000001ec3d1e57d0,
0x000001ec3d1e5e60, 0x000001ec3d1eb3b0, 0x000001ec3d1ed480, 0x000001ec3d1ea000,
0x000001ec3d1edb10, 0x000001ec3d1ee1a0, 0x000001ec3d1e7f30, 0x000001ec3d1ee830,
0x000001ec3d1eeec0, 0x000001ec3d1eba40, 0x000001ec3d1ecdf0, 0x000001ec3d1ef550,
0x000001ec3d1ec0d0, 0x000001ec3d1efbe0, 0x000001ec3d1f1cb0, 0x000001ec3d1ead20,
0x000001ec3d1ec760, 0x000001ec3d1f0f90, 0x000001ec3d1f2340, 0x000001ec3d1f29d0,
0x000001ec3d1f3060, 0x000001ec3d1f36f0, 0x000001ec3d1f3d80, 0x000001ec3d1f0900,
0x000001ec3d1f0270, 0x000001ec3d1f4aa0, 0x000001ec3d1f57c0, 0x000001ec3d1f7f20,
0x000001ec3d1f5e50, 0x000001ec3d1f64e0, 0x000001ec3d1f6b70, 0x000001ec3d1f7890,
0x000001ec3d1f5130, 0x000001ec3d1f1620, 0x000001ec3d1f85b0, 0x000001ec3d1f8c40,
0x000001ec3d1f9ff0, 0x000001ec3d1f92d0, 0x000001ec3d1fa680, 0x000001ec3d1f7200,
0x000001ec3d1fc0c0, 0x000001ec3d1fba30, 0x000001ec3d1f4410, 0x000001ec3d1fad10,
0x000001ec3d1fb3a0, 0x000001ec3d1fcde0, 0x000001ec3d1fc750, 0x000001ec3d1ffbd0,
0x000001ec3d1fe820, 0x000001ec3d1ff540, 0x000001ec3d1feeb0, 0x000001ec3d1f9960,
0x000001ec3d200260, 0x000001ec3d2008f0, 0x000001ec3d200f80, 0x000001ec3d1fdb00,
0x000001ec3d201610, 0x000001ec3d1fe190, 0x000001ec3d205120, 0x000001ec3d2036e0,
0x000001ec3d201ca0, 0x000001ec3d204400, 0x000001ec3d2029c0, 0x000001ec3d203d70,
0x000001ec3d204a90, 0x000001ec3d2064d0, 0x000001ec3d2057b0, 0x000001ec3d205e40,
0x000001ec3d207880, 0x000001ec3d202330, 0x000001ec3d207f10, 0x000001ec3d2071f0,
0x000001ec3d209950, 0x000001ec3d2085a0, 0x000001ec3d2092c0, 0x000001ec3d206b60,
0x000001ec3d20c0b0, 0x000001ec3d20ad00, 0x000001ec3d1fd470, 0x000001ec3d20a670,
0x000001ec3d20b390, 0x000001ec3d20ba20, 0x000001ec3d208c30, 0x000001ec3d20daf0,
0x000001ec3d20cdd0, 0x000001ec3d2108e0, 0x000001ec3d20fbc0, 0x000001ec3d20c740,
0x000001ec3d20d460, 0x000001ec3d209fe0, 0x000001ec3d210250, 0x000001ec3d210f70,
0x000001ec3d20e810, 0x000001ec3d211600, 0x000001ec3d211c90, 0x000001ec3d2143f0,
0x000001ec3d20e180, 0x000001ec3d20eea0, 0x000001ec3d2129b0, 0x000001ec3d20f530,
0x000001ec3d2157a0, 0x000001ec3d213040, 0x000001ec3d214a80, 0x000001ec3d216b50,
0x000001ec3d2171e0, 0x000001ec3d2136d0, 0x000001ec3d212320, 0x000001ec3d213d60,
0x000001ec3d2164c0, 0x000001ec3d215e30, 0x000001ec3d219940, 0x000001ec3d21acf0,
0x000001ec3d2192b0, 0x000001ec3d21a660, 0x000001ec3d215110, 0x000001ec3d219fd0,
0x000001ec3d217870, 0x000001ec3d21b380, 0x000001ec3d217f00, 0x000001ec3d218590,
0x000001ec3d21dae0, 0x000001ec3d21e170, 0x000001ec3d21ba10, 0x000001ec3d21c0a0,
0x000001ec3d21d450, 0x000001ec3d21fbb0, 0x000001ec3d21ee90, 0x000001ec3d21c730,
0x000001ec3d21f520, 0x000001ec3d21e800, 0x000001ec3d21cdc0, 0x000001ec3d220f60,
0x000001ec3d218c20, 0x000001ec3d2215f0, 0x000001ec3d2208d0, 0x000001ec3d2229a0,
0x000001ec3d220240, 0x000001ec3d221c80, 0x000001ec476b5e30, 0x000001ec3d223030,
0x000001ec3d1ea690, 0x000001ec3d222310, 0x000001ec3d2236c0, 0x000001ec3bfc1820,
0x000001ec3bfc1eb0, 0x000001ec3bfc0470, 0x000001ec3bfc2540, 0x000001ec3bfc2bd0,
0x000001ec3bfc1190, 0x000001ec3bfc3f80, 0x000001ec3bfc0b00, 0x000001ec3bfc4ca0,
0x000001ec3bfc4610, 0x000001ec3bfc38f0, 0x000001ec3bfc66e0, 0x000001ec3bfc7400,
0x000001ec3bfc7a90, 0x000001ec3bfc5330, 0x000001ec3bfc6050, 0x000001ec3bfc3260,
0x000001ec3bfc8120, 0x000001ec3bfc9b60, 0x000001ec3bfca1f0, 0x000001ec3bfc87b0,
0x000001ec3bfc6d70, 0x000001ec3bfcbc30, 0x000001ec3bfcaf10, 0x000001ec3bfca880,
0x000001ec3bfc59c0, 0x000001ec3bfcc950, 0x000001ec3bfcdd00, 0x000001ec3bfc94d0,
0x000001ec3bfccfe0, 0x000001ec3bfce390, 0x000001ec3bfcd670, 0x000001ec3bfcb5a0,
0x000001ec3bfd1ea0, 0x000001ec3bfcea20, 0x000001ec3bfd2530, 0x000001ec3bfcfdd0,
0x000001ec3bfcf740, 0x000001ec3bfd0af0, 0x000001ec3bfd1180, 0x000001ec3bfd1810,
0x000001ec3bfcf0b0, 0x000001ec3bfd38e0, 0x000001ec3bfd2bc0, 0x000001ec3bfd3250,
0x000001ec3bfd0460, 0x000001ec3bfd3f70, 0x000001ec3bfd7a80, 0x000001ec3bfd59b0,
0x000001ec3bfd66d0, 0x000001ec3bfd8110, 0x000001ec3bfd6d60, 0x000001ec3bfd73f0,
0x000001ec3bfd4600, 0x000001ec3bfd4c90, 0x000001ec3bfd87a0, 0x000001ec3bfd5320,
0x000001ec3bfd94c0, 0x000001ec3bfd8e30, 0x000001ec3bfd6040, 0x000001ec3bfda1e0,
0x000001ec3bfc8e40, 0x000001ec3bfdaf00, 0x000001ec3bfda870, 0x000001ec3bfdcfd0,
0x000001ec3bfdc940, 0x000001ec3bfdd660, 0x000001ec3bfdea10, 0x000001ec3bfdb590,
0x000001ec3bfde380, 0x000001ec3bfd9b50, 0x000001ec3bfdf0a0, 0x000001ec3bfdbc20,
0x000001ec3bfdc2b0, 0x000001ec3bfe1800, 0x000001ec3bfdfdc0, 0x000001ec3bfe2bb0,
0x000001ec3bfe1170, 0x000001ec3bfe0450, 0x000001ec3bfddcf0, 0x000001ec3bfe2520,
0x000001ec3bfdf730, 0x000001ec3bfe38d0, 0x000001ec3bfe66c0, 0x000001ec3bfe4c80,
0x000001ec3bfe3240, 0x000001ec3bfe45f0, 0x000001ec3bfe6030, 0x000001ec3bfe1e90,
0x000001ec3bfe0ae0, 0x000001ec3bfa7ab0, 0x000001ec3bfe59a0, 0x000001ec3bfa8e60,
0x000001ec3bfa8140, 0x000001ec3bfa87d0, 0x000001ec3bfa6070, 0x000001ec3bfa9b80,
0x000001ec3bfe3f60, 0x000001ec3bfa94f0, 0x000001ec3bfaa210, 0x000001ec3bfaa8a0,
0x000001ec3bfa7420, 0x000001ec3bfae3b0, 0x000001ec3bfac970, 0x000001ec3bfabc50,
0x000001ec3bfad690, 0x000001ec3bfa6d90, 0x000001ec3bfaaf30, 0x000001ec3bfadd20,
0x000001ec3bfab5c0, 0x000001ec3bfaea40, 0x000001ec3bfaf760, 0x000001ec3bfaf0d0,
0x000001ec3bfb0480, 0x000001ec3bfb11a0, 0x000001ec3bfad000, 0x000001ec3bfb2be0,
0x000001ec3bfb1830, 0x000001ec3bfb0b10, 0x000001ec3bfb1ec0, 0x000001ec3bfb3270,
0x000001ec3bfafdf0, 0x000001ec3bfb4cb0, 0x000001ec3bfb3f90, 0x000001ec3bfac2e0,
0x000001ec3bfb5340, 0x000001ec3bfb2550, 0x000001ec3bfb6060, 0x000001ec3bfb59d0,
0x000001ec3bfb7aa0, 0x000001ec3bfb3900, 0x000001ec3bfb8130, 0x000001ec3bfb8e50,
0x000001ec3bfb66f0, 0x000001ec3bfb4620, 0x000001ec3bfba200, 0x000001ec3bfb9b70,
0x000001ec3bfb87c0, 0x000001ec3bfb6d80, 0x000001ec3bfbaf20, 0x000001ec3bfbb5b0,
0x000001ec3bfba890, 0x000001ec3bfbcff0, 0x000001ec3bfbc960, 0x000001ec3bfbea30,
0x000001ec3bfbf0c0, 0x000001ec3bfbe3a0, 0x000001ec3bfbbc40, 0x000001ec3bfbc2d0,
0x000001ec3bfbf750, 0x000001ec3bfb7410, 0x000001ec3bfbfde0, 0x000001ec3bfbdd10,
0x000001ec3bfe5310, 0x000001ec3bfcc2c0, 0x000001ec38bc7d00, 0x000001ec3d203050,
0x000001ec46c18430, 0x000001ec46c1b220, 0x000001ec46c19e70, 0x000001ec46c1ab90,
0x000001ec46c1a500, 0x000001ec46c17da0, 0x000001ec46c1b8b0, 0x000001ec46c1bf40,
0x000001ec46c18ac0, 0x000001ec46c1e010, 0x000001ec46c1ed30, 0x000001ec46c19150,
0x000001ec46c1e6a0, 0x000001ec46c1f3c0, 0x000001ec46c1d980, 0x000001ec46c1d2f0,
0x000001ec46c21b20, 0x000001ec46c1fa50, 0x000001ec46c200e0, 0x000001ec46c221b0,
0x000001ec46c1cc60, 0x000001ec46c22840, 0x000001ec46c22ed0, 0x000001ec46c23560,
0x000001ec46c20770, 0x000001ec46c21490, 0x000001ec46c20e00, 0x000001ec46c26350,
0x000001ec46c269e0, 0x000001ec46c1c5d0, 0x000001ec46c27700, 0x000001ec46c24280,
0x000001ec46c24910, 0x000001ec46c27d90, 0x000001ec46c24fa0, 0x000001ec46c25cc0,
0x000001ec46c28ab0, 0x000001ec46c25630, 0x000001ec46c23bf0, 0x000001ec46c297d0,
0x000001ec46c2ab80, 0x000001ec46c2a4f0, 0x000001ec46c28420, 0x000001ec46c2b8a0,
0x000001ec46c2bf30, 0x000001ec46c2b210, 0x000001ec46c2cc50, 0x000001ec46c2c5c0,
0x000001ec46c2d2e0, 0x000001ec46c29e60, 0x000001ec46c2e690, 0x000001ec46c2ed20,
0x000001ec46c30df0, 0x000001ec46c2f3b0, 0x000001ec46c300d0, 0x000001ec46c30760,
0x000001ec46c197e0, 0x000001ec46c31480, 0x000001ec46c2e000, 0x000001ec46c2fa40,
0x000001ec46c31b10, 0x000001ec46c34270, 0x000001ec46c34f90, 0x000001ec46c35620,
0x000001ec46c35cb0, 0x000001ec46c2d970, 0x000001ec46c33550, 0x000001ec46c33be0,
0x000001ec46c321a0, 0x000001ec46c32830, 0x000001ec46c376f0, 0x000001ec46c36340,
0x000001ec46c37d80, 0x000001ec46c37060, 0x000001ec46c39130, 0x000001ec46c34900,
0x000001ec46c38aa0, 0x000001ec46c38410, 0x000001ec46c3ab70, 0x000001ec46c3b200,
0x000001ec46c3bf20, 0x000001ec46c3c5b0, 0x000001ec46c397c0, 0x000001ec46c39e50,
0x000001ec46c3b890, 0x000001ec46c3cc40, 0x000001ec46c3d2d0, 0x000001ec46c3d960,
0x000001ec46c3fa30, 0x000001ec46c3a4e0, 0x000001ec46c400c0, 0x000001ec46c3dff0,
0x000001ec46c369d0, 0x000001ec46c40750, 0x000001ec46c40de0, 0x000001ec46c41b00,
0x000001ec46c3e680, 0x000001ec46c3ed10, 0x000001ec46c42190, 0x000001ec46c42820,
0x000001ec46c43bd0, 0x000001ec46c3f3a0, 0x000001ec46c45610, 0x000001ec46c44260,
0x000001ec46c448f0, 0x000001ec46c44f80, 0x000001ec46c45ca0, 0x000001ec46c46330,
0x000001ec46c43540, 0x000001ec46c48a90, 0x000001ec46c41470, 0x000001ec46c42eb0,
0x000001ec46c469c0, 0x000001ec46c476e0, 0x000001ec46c49120, 0x000001ec46c49e40,
0x000001ec46c48400, 0x000001ec46c4a4d0, 0x000001ec46c47050, 0x000001ec46c4ab60,
0x000001ec46c47d70, 0x000001ec46c4b880, 0x000001ec46c497b0, 0x000001ec46c4bf10,
0x000001ec46c4d950, 0x000001ec46c4e670, 0x000001ec46c4c5a0, 0x000001ec46c500b0,
0x000001ec46c4b1f0, 0x000001ec46c4fa20, 0x000001ec46c4f390, 0x000001ec46c4cc30,
0x000001ec46c4dfe0, 0x000001ec46c52180, 0x000001ec46c50740, 0x000001ec46c51af0,
0x000001ec46c52810, 0x000001ec46c50dd0, 0x000001ec46c4ed00, 0x000001ec46c55c90,
0x000001ec46c55600, 0x000001ec46c54f70, 0x000001ec46c53bc0, 0x000001ec46c548e0,
0x000001ec46c52ea0, 0x000001ec46c56320, 0x000001ec46c54250, 0x000001ec46c569b0,
0x000001ec46c53530, 0x000001ec46c57040, 0x000001ec46c576d0, 0x000001ec46c32ec0,
0x000001ec37e8caa0, 0x000001ec3bfbd680, 0x000001ec46c29140, 0x000001ec476b9940,
0x000001ec3bfa6700, 0x000001ec4712c7d0, 0x000001ec4712b420, 0x000001ec4712ce60,
0x000001ec4712d4f0, 0x000001ec4712a070, 0x000001ec4712db80, 0x000001ec4712bab0,
0x000001ec4712c140, 0x000001ec4712ad90, 0x000001ec47130970, 0x000001ec4712e8a0,
0x000001ec471302e0, 0x000001ec471323b0, 0x000001ec47131000, 0x000001ec4712ef30,
0x000001ec47131d20, 0x000001ec4712e210, 0x000001ec4712f5c0, 0x000001ec471330d0,
0x000001ec47132a40, 0x000001ec4712fc50, 0x000001ec47133df0, 0x000001ec47135830,
0x000001ec47134b10, 0x000001ec47136550, 0x000001ec47134480, 0x000001ec471351a0,
0x000001ec47135ec0, 0x000001ec47133760, 0x000001ec47138cb0, 0x000001ec47137f90,
0x000001ec471399d0, 0x000001ec47137900, 0x000001ec47138620, 0x000001ec4713a060,
0x000001ec47136be0, 0x000001ec47139340, 0x000001ec4713ce50, 0x000001ec4713a6f0,
0x000001ec4713d4e0, 0x000001ec47137270, 0x000001ec4713e890, 0x000001ec4713e200,
0x000001ec47131690, 0x000001ec4713ad80, 0x000001ec4713b410, 0x000001ec4713baa0,
0x000001ec4713db70, 0x000001ec4713ef20, 0x000001ec4713f5b0, 0x000001ec4713fc40,
0x000001ec47140960, 0x000001ec4713c130, 0x000001ec47140ff0, 0x000001ec471423a0,
0x000001ec471402d0, 0x000001ec47141680, 0x000001ec47141d10, 0x000001ec47143750,
0x000001ec47143de0, 0x000001ec471430c0, 0x000001ec47142a30, 0x000001ec471478f0,
0x000001ec47145eb0, 0x000001ec47147f80, 0x000001ec47145190, 0x000001ec47147260,
0x000001ec47145820, 0x000001ec47144b00, 0x000001ec471499c0, 0x000001ec4713c7c0,
0x000001ec47148ca0, 0x000001ec47146bd0, 0x000001ec47144470, 0x000001ec47149330,
0x000001ec47146540, 0x000001ec4714c7b0, 0x000001ec4714ba90, 0x000001ec4714a050,
0x000001ec4714ce40, 0x000001ec4714ad70, 0x000001ec47148610, 0x000001ec4714d4d0,
0x000001ec4714c120, 0x000001ec4714e1f0, 0x000001ec4714fc30, 0x000001ec4714db60,
0x000001ec47151d00, 0x000001ec4714e880, 0x000001ec4714a6e0, 0x000001ec471502c0,
0x000001ec47152390, 0x000001ec4714ef10, 0x000001ec47151670, 0x000001ec47153dd0,
0x000001ec47150fe0, 0x000001ec471530b0, 0x000001ec47152a20, 0x000001ec47155180,
0x000001ec4714f5a0, 0x000001ec47153740, 0x000001ec47150950, 0x000001ec47154af0,
0x000001ec47155810, 0x000001ec47155ea0, 0x000001ec47156530, 0x000001ec4714b400,
0x000001ec47158600, 0x000001ec471578e0, 0x000001ec471599b0, 0x000001ec47157f70,
0x000001ec4715a6d0, 0x000001ec47159320, 0x000001ec4715a040, 0x000001ec47156bc0,
0x000001ec47158c90, 0x000001ec47157250, 0x000001ec4715ce30, 0x000001ec4715d4c0,
0x000001ec47154460, 0x000001ec4715ba80, 0x000001ec4715e1e0, 0x000001ec4715ad60,
0x000001ec4715b3f0, 0x000001ec4715c7a0, 0x000001ec47160fd0, 0x000001ec47161660,
0x000001ec47162380, 0x000001ec47160940, 0x000001ec4715fc20, 0x000001ec4715ef00,
0x000001ec47161cf0, 0x000001ec4715f590, 0x000001ec4715db50, 0x000001ec471630a0,
0x000001ec47163730, 0x000001ec47165170, 0x000001ec47162a10, 0x000001ec471602b0,
0x000001ec47163dc0, 0x000001ec47166bb0, 0x000001ec47164ae0, 0x000001ec4715e870,
0x000001ec47164450, 0x000001ec471685f0, 0x000001ec47168c80, 0x000001ec47167f60,
0x000001ec47169310, 0x000001ec47165e90, 0x000001ec471699a0, 0x000001ec47166520,
0x000001ec4716a030, 0x000001ec4716a6c0, 0x000001ec4712a700, 0x000001ec471678d0,
0x000001ec4715c110, 0x000001ec46c51460, 0x000001ec46c4d2c0, 0x000001ec48052ce0,
0x000001ec48051930, 0x000001ec48051fc0, 0x000001ec4804f860, 0x000001ec48053370,
0x000001ec48052650, 0x000001ec480512a0, 0x000001ec48053a00, 0x000001ec48054090,
0x000001ec48055440, 0x000001ec48056e80, 0x000001ec48050580, 0x000001ec48057510,
0x000001ec48054720, 0x000001ec48058230, 0x000001ec480567f0, 0x000001ec48054db0,
0x000001ec48057ba0, 0x000001ec480588c0, 0x000001ec48055ad0, 0x000001ec48056160,
0x000001ec48050c10, 0x000001ec48059c70, 0x000001ec4805a300, 0x000001ec480595e0,
0x000001ec4801b6f0, 0x000001ec4801bd80, 0x000001ec4801caa0, 0x000001ec4801d7c0,
0x000001ec4804fef0, 0x000001ec4801c410, 0x000001ec4801b060, 0x000001ec48020c40,
0x000001ec4801eb70, 0x000001ec4801e4e0, 0x000001ec480212d0, 0x000001ec4801de50,
0x000001ec48022680, 0x000001ec480205b0, 0x000001ec4801d130, 0x000001ec4801f200,
0x000001ec480233a0, 0x000001ec48024de0, 0x000001ec48021960, 0x000001ec48021ff0,
0x000001ec48022d10, 0x000001ec48025b00, 0x000001ec48025470, 0x000001ec48026190,
0x000001ec4801f890, 0x000001ec48026820, 0x000001ec48024750, 0x000001ec48023a30,
0x000001ec48028260, 0x000001ec48026eb0, 0x000001ec48029610, 0x000001ec48029ca0,
0x000001ec480240c0, 0x000001ec480288f0, 0x000001ec4802bd70, 0x000001ec4802a330,
0x000001ec4802b050, 0x000001ec48027bd0, 0x000001ec4802b6e0, 0x000001ec4802c400,
0x000001ec48028f80, 0x000001ec48027540, 0x000001ec4802f1f0, 0x000001ec4802d120,
0x000001ec4802f880, 0x000001ec4802e4d0, 0x000001ec4802ff10, 0x000001ec4802eb60,
0x000001ec480305a0, 0x000001ec4802d7b0, 0x000001ec4802ca90, 0x000001ec4802a9c0,
0x000001ec48032670, 0x000001ec480340b0, 0x000001ec480312c0, 0x000001ec48030c30,
0x000001ec48032d00, 0x000001ec48033390, 0x000001ec4802de40, 0x000001ec48033a20,
0x000001ec48034740, 0x000001ec48031950, 0x000001ec48031fe0, 0x000001ec48037bc0,
0x000001ec48038250, 0x000001ec48035460, 0x000001ec48036810, 0x000001ec4801ff20,
0x000001ec48034dd0, 0x000001ec48038f70, 0x000001ec48036ea0, 0x000001ec48035af0,
0x000001ec48039c90, 0x000001ec480388e0, 0x000001ec4803a9b0, 0x000001ec4803b040,
0x000001ec48039600, 0x000001ec4803de30, 0x000001ec4803d110, 0x000001ec48037530,
0x000001ec4803e4c0, 0x000001ec4803ca80, 0x000001ec4803bd60, 0x000001ec4803d7a0,
0x000001ec4803c3f0, 0x000001ec4803a320, 0x000001ec4803b6d0, 0x000001ec48042660,
0x000001ec48040c20, 0x000001ec48040590, 0x000001ec4803ff00, 0x000001ec4803f1e0,
0x000001ec48041940, 0x000001ec48041fd0, 0x000001ec480412b0, 0x000001ec4803eb50,
0x000001ec48044730, 0x000001ec48046170, 0x000001ec48045450, 0x000001ec48044dc0,
0x000001ec48042cf0, 0x000001ec48045ae0, 0x000001ec48046e90, 0x000001ec48036180,
0x000001ec48043a10, 0x000001ec48043380, 0x000001ec48047520, 0x000001ec480440a0,
0x000001ec4804a310, 0x000001ec48048240, 0x000001ec48049c80, 0x000001ec480488d0,
0x000001ec48047bb0, 0x000001ec480495f0, 0x000001ec4803f870, 0x000001ec48046800,
0x000001ec4804b6c0, 0x000001ec4804ca70, 0x000001ec4804d100, 0x000001ec4804de20,
0x000001ec4804a9a0, 0x000001ec4804e4b0, 0x000001ec48048f60, 0x000001ec4804d790,
0x000001ec4804eb40, 0x000001ec4804f1d0, 0x000001ec48058f50, 0x000001ec47165800,
0x000001ec37e8b6f0, 0x000001ec38bc62c0, 0x000001ec4804b030, 0x000001ec47c3f430,
0x000001ec47c40e70, 0x000001ec47c41500, 0x000001ec47c3e080, 0x000001ec47c41b90,
0x000001ec47c40150, 0x000001ec47c3eda0, 0x000001ec47c3e710, 0x000001ec47c42220,
0x000001ec47c42f40, 0x000001ec47c3fac0, 0x000001ec47c45d30, 0x000001ec47c45010,
0x000001ec47c463c0, 0x000001ec47c456a0, 0x000001ec47c435d0, 0x000001ec47c47770,
0x000001ec47c43c60, 0x000001ec47c428b0, 0x000001ec47c44980, 0x000001ec47c48490,
0x000001ec47c491b0, 0x000001ec47c49840, 0x000001ec47c49ed0, 0x000001ec47c48b20,
0x000001ec47c470e0, 0x000001ec47c46a50, 0x000001ec47c4a560, 0x000001ec47c4abf0,
0x000001ec47c47e00, 0x000001ec47c4d9e0, 0x000001ec47c4d350, 0x000001ec47c4b280,
0x000001ec47c4b910, 0x000001ec47c4ccc0, 0x000001ec47c4bfa0, 0x000001ec47c442f0,
0x000001ec47c4fab0, 0x000001ec47c4ed90, 0x000001ec47c4e070, 0x000001ec47c4c630,
0x000001ec47c50140, 0x000001ec47c50e60, 0x000001ec47c514f0, 0x000001ec47c4f420,
0x000001ec47c51b80, 0x000001ec47c55690, 0x000001ec47c4e700, 0x000001ec47c53c50,
0x000001ec47c542e0, 0x000001ec47c52f30, 0x000001ec47c52210, 0x000001ec47c535c0,
0x000001ec47c407e0, 0x000001ec47c55d20, 0x000001ec47c54970, 0x000001ec47c57df0,
0x000001ec47c528a0, 0x000001ec47c56a40, 0x000001ec47c563b0, 0x000001ec47c57760,
0x000001ec47c58480, 0x000001ec47c570d0, 0x000001ec47c58b10, 0x000001ec47c5c620,
0x000001ec47c591a0, 0x000001ec47c5b270, 0x000001ec47c5ccb0, 0x000001ec47c59830,
0x000001ec47c5d340, 0x000001ec47c5b900, 0x000001ec47c59ec0, 0x000001ec47c5a550,
0x000001ec47c5abe0, 0x000001ec47c5e060, 0x000001ec47c5f410, 0x000001ec47c5bf90,
0x000001ec47c60130, 0x000001ec47c5ed80, 0x000001ec47c5e6f0, 0x000001ec47c62f20,
0x000001ec47c5d9d0, 0x000001ec47c62890, 0x000001ec47c61b70, 0x000001ec47c614e0,
0x000001ec47c62200, 0x000001ec47c5faa0, 0x000001ec47c635b0, 0x000001ec47c64ff0,
0x000001ec47c60e50, 0x000001ec47c67750, 0x000001ec47c65680, 0x000001ec47c64960,
0x000001ec47c65d10, 0x000001ec47c642d0, 0x000001ec47c69190, 0x000001ec47c68470,
0x000001ec47c69820, 0x000001ec47c663a0, 0x000001ec47c68b00, 0x000001ec47c69eb0,
0x000001ec47c67de0, 0x000001ec47c670c0, 0x000001ec47c6cca0, 0x000001ec47c66a30,
0x000001ec47c6abd0, 0x000001ec47c6bf80, 0x000001ec47c607c0, 0x000001ec47c6d330,
0x000001ec47c6a540, 0x000001ec47c6d9c0, 0x000001ec47c6e6e0, 0x000001ec47c6b8f0,
0x000001ec47c6ed70, 0x000001ec47c6f400, 0x000001ec47c6c610, 0x000001ec47c63c40,
0x000001ec47c6e050, 0x000001ec47c707b0, 0x000001ec47c71b60, 0x000001ec47c6fa90,
0x000001ec47c70e40, 0x000001ec47c721f0, 0x000001ec47c735a0, 0x000001ec47c74950,
0x000001ec47c70120, 0x000001ec47c714d0, 0x000001ec47c742c0, 0x000001ec47c75d00,
0x000001ec47c76390, 0x000001ec47c74fe0, 0x000001ec47c75670, 0x000001ec47c76a20,
0x000001ec47c72f10, 0x000001ec47c7a530, 0x000001ec47c73c30, 0x000001ec47c79810,
0x000001ec47c770b0, 0x000001ec47c79ea0, 0x000001ec47c78af0, 0x000001ec47c78460,
0x000001ec47c77dd0, 0x000001ec47c77740, 0x000001ec47c7abc0, 0x000001ec47c79180,
0x000001ec47c7d9b0, 0x000001ec47c7bf70, 0x000001ec47c7c600, 0x000001ec47c7e6d0,
0x000001ec47c7b250, 0x000001ec47c7d320, 0x000001ec4804bd50, 0x000001ec47c72880,
0x000001ec47c7cc90, 0x000001ec47c507d0, 0x000001ec47c55000, 0x000001ec47c6b260,
0x000001ec47167240, 0x000001ec4804c3e0, 0x000001ec37e88f90, 0x000001ec48395ed0,
0x000001ec48395840, 0x000001ec483923c0, 0x000001ec48392a50, 0x000001ec48396560,
0x000001ec48396bf0, 0x000001ec48393e00, 0x000001ec48394490, 0x000001ec48394b20,
0x000001ec48393770, 0x000001ec48398630, 0x000001ec48397280, 0x000001ec4839a070,
0x000001ec48397910, 0x000001ec4839a700, 0x000001ec48397fa0, 0x000001ec483951b0,
0x000001ec4839b420, 0x000001ec4839ad90, 0x000001ec4839c140, 0x000001ec483999e0,
0x000001ec4839ce60, 0x000001ec48398cc0, 0x000001ec4839c7d0, 0x000001ec483a0970,
0x000001ec48399350, 0x000001ec4839ef30, 0x000001ec4839d4f0, 0x000001ec483930e0,
0x000001ec4839fc50, 0x000001ec4839e8a0, 0x000001ec483a02e0, 0x000001ec483a1000,
0x000001ec483a1690, 0x000001ec4839db80, 0x000001ec483a51a0, 0x000001ec483a5830,
0x000001ec4839e210, 0x000001ec483a2a40, 0x000001ec483a1d20, 0x000001ec4839f5c0,
0x000001ec483a6550, 0x000001ec483a4b10, 0x000001ec483a30d0, 0x000001ec483a5ec0,
0x000001ec483a3760, 0x000001ec483a23b0, 0x000001ec483a6be0, 0x000001ec483a7270,
0x000001ec483a7900, 0x000001ec483a3df0, 0x000001ec483aa6f0, 0x000001ec483a4480,
0x000001ec483ab410, 0x000001ec483ac130, 0x000001ec483a7f90, 0x000001ec483aa060,
0x000001ec483ace50, 0x000001ec483ad4e0, 0x000001ec4839bab0, 0x000001ec483abaa0,
0x000001ec483a99d0, 0x000001ec483aad80, 0x000001ec483adb70, 0x000001ec483a8620,
0x000001ec483afc40, 0x000001ec483af5b0, 0x000001ec483aef20, 0x000001ec483ac7c0,
0x000001ec483b0960, 0x000001ec483b1d10, 0x000001ec483b02d0, 0x000001ec483b3de0,
0x000001ec483b0ff0, 0x000001ec483ae890, 0x000001ec483a9340, 0x000001ec483b1680,
0x000001ec483b4b00, 0x000001ec483b4470, 0x000001ec483b5190, 0x000001ec483b5820,
0x000001ec483b2a30, 0x000001ec483b6bd0, 0x000001ec48386570, 0x000001ec48383780,
0x000001ec499ac450, 0x000001ec499aebb0, 0x000001ec499ab730, 0x000001ec499ad170,
0x000001ec499af240, 0x000001ec499ade90, 0x000001ec499abdc0, 0x000001ec499b26c0,
0x000001ec499aff60, 0x000001ec499b19a0, 0x000001ec499b05f0, 0x000001ec499b0c80,
0x000001ec499b2d50, 0x000001ec499af8d0, 0x000001ec499b6860, 0x000001ec499b61d0,
0x000001ec499b4100, 0x000001ec499b7c10, 0x000001ec499b6ef0, 0x000001ec499b4e20,
0x000001ec499b7580, 0x000001ec499b4790, 0x000001ec499b5b40, 0x000001ec499baa00,
0x000001ec499b82a0, 0x000001ec499bbdb0, 0x000001ec499ba370, 0x000001ec499b8fc0,
0x000001ec499bcad0, 0x000001ec499b9650, 0x000001ec499bd160, 0x000001ec499c05e0,
0x000001ec499bf230, 0x000001ec499beba0, 0x000001ec499c0c70, 0x000001ec499bde80,
0x000001ec499bf8c0, 0x000001ec499bd7f0, 0x000001ec499c1990, 0x000001ec499c1300,
0x000001ec499be510, 0x000001ec499c54a0, 0x000001ec499c4780, 0x000001ec499c2020,
0x000001ec499c33d0, 0x000001ec499c8290, 0x000001ec499c61c0, 0x000001ec499c7c00,
0x000001ec499c6ee0, 0x000001ec499c5b30, 0x000001ec499c9640, 0x000001ec499c9cd0,
0x000001ec499c6850, 0x000001ec499cd150, 0x000001ec499cc430, 0x000001ec499cd7e0,
0x000001ec499ca360, 0x000001ec499cde70, 0x000001ec499ceb90, 0x000001ec499cb710,
0x000001ec499d12f0, 0x000001ec499cf8b0, 0x000001ec499d0c60, 0x000001ec499d1980,
0x000001ec499d26a0, 0x000001ec499cf220, 0x000001ec499cff40, 0x000001ec499d05d0,
0x000001ec499d6840, 0x000001ec499d7560, 0x000001ec499d4e00, 0x000001ec499d6ed0,
0x000001ec499d4770, 0x000001ec499d8280, 0x000001ec499d8910, 0x000001ec499d8fa0,
0x000001ec499d5b20, 0x000001ec499da350, 0x000001ec499d9630, 0x000001ec499d9cc0,
0x000001ec499dd7d0, 0x000001ec499dde60, 0x000001ec499da9e0, 0x000001ec499deb80,
0x000001ec499de4f0, 0x000001ec499db700, 0x000001ec499df8a0, 0x000001ec499df210,
0x000001ec499e1970, 0x000001ec499e2000, 0x000001ec499e12e0, 0x000001ec499e2690,
0x000001ec499e3a40, 0x000001ec499e2d20, 0x000001ec499e0c50, 0x000001ec499e5b10,
0x000001ec499e4df0, 0x000001ec499e6ec0, 0x000001ec499e7550, 0x000001ec499e7be0,
0x000001ec499e5480, 0x000001ec499e4760, 0x000001ec499ea9d0, 0x000001ec499ea340,
0x000001ec499eb6f0, 0x000001ec499e9620, 0x000001ec4837adb0, 0x000001ec48378650,
0x000001ec4837bad0, 0x000001ec48378ce0, 0x000001ec4837c7f0, 0x000001ec48379370,
0x000001ec4837b440, 0x000001ec4837ce80, 0x000001ec48379a00, 0x000001ec4837a090,
0x000001ec4837ef50, 0x000001ec4837f5e0, 0x000001ec4837d510, 0x000001ec4837dba0,
0x000001ec48380300, 0x000001ec4837fc70, 0x000001ec48381020, 0x000001ec4837e230,
0x000001ec483830f0, 0x000001ec48381d40, 0x000001ec48385850, 0x000001ec48382a60,
0x000001ec48388640, 0x000001ec48387fb0, 0x000001ec48387290, 0x000001ec48389360,
0x000001ec483899f0, 0x000001ec4838a080, 0x000001ec48386c00, 0x000001ec4838c150,
0x000001ec4838d500, 0x000001ec4838ada0, 0x000001ec4838c7e0, 0x000001ec4838b430,
0x000001ec4838ce70, 0x000001ec483902f0, 0x000001ec48391010, 0x000001ec48390980,
0x000001ec4838e8b0, 0x000001ec4838e220, 0x000001ec4838f5d0, 0x000001ec48391d30,
0x000001ec483a8cb0, 0x000001ec483b30c0, 0x000001ec483b7260, 0x000001ec47c7e040,
0x000001ec47c7b8e0, 0x000001ec3b4dc390, 0x000001ec47a17080, 0x000001ec47a18430,
0x000001ec47a19150, 0x000001ec47a17710, 0x000001ec47a18ac0, 0x000001ec47a17da0,
0x000001ec47a197e0, 0x000001ec47a16360, 0x000001ec47a1ab90, 0x000001ec47a1b220,
0x000001ec47a19e70, 0x000001ec47a1d2f0, 0x000001ec47a1b8b0, 0x000001ec47a1cc60,
0x000001ec47a1d980, 0x000001ec47a1a500, 0x000001ec47a20770, 0x000001ec47a1fa50,
0x000001ec47a1e010, 0x000001ec47a21490, 0x000001ec47a21b20, 0x000001ec47a1e6a0,
0x000001ec47a22ed0, 0x000001ec47a23560, 0x000001ec47a22840, 0x000001ec47a24280,
0x000001ec47a24910, 0x000001ec47a24fa0, 0x000001ec47a25630, 0x000001ec47a221b0,
0x000001ec47a28420, 0x000001ec47a29140, 0x000001ec47a25cc0, 0x000001ec47a297d0,
0x000001ec47a26350, 0x000001ec47a29e60, 0x000001ec47a2a4f0, 0x000001ec47a2ab80,
0x000001ec47a2d970, 0x000001ec47a2ed20, 0x000001ec47a2b8a0, 0x000001ec47a2cc50,
0x000001ec47a2e000, 0x000001ec47a2e690, 0x000001ec47a2f3b0, 0x000001ec47a2c5c0,
0x000001ec47a33550, 0x000001ec47a32ec0, 0x000001ec47a33be0, 0x000001ec47a34270,
0x000001ec47a34900, 0x000001ec47a31b10, 0x000001ec47a34f90, 0x000001ec47a35620,
0x000001ec47a321a0, 0x000001ec47a36340, 0x000001ec47a37d80, 0x000001ec47a37060,
0x000001ec47a369d0, 0x000001ec47a39130, 0x000001ec47a397c0, 0x000001ec47a376f0,
0x000001ec47a3b200, 0x000001ec47a3b890, 0x000001ec47a3ab70, 0x000001ec47a3d2d0,
0x000001ec47a3cc40, 0x000001ec47a3d960, 0x000001ec47a3e680, 0x000001ec47a3ed10,
0x000001ec47a3f3a0, 0x000001ec47a3bf20, 0x000001ec47a41b00, 0x000001ec47a42eb0,
0x000001ec47a40de0, 0x000001ec47a42190, 0x000001ec47a41470, 0x000001ec47a42820,
0x000001ec47a400c0, 0x000001ec47a469c0, 0x000001ec47a448f0, 0x000001ec47a44f80,
0x000001ec47a46330, 0x000001ec47a44260, 0x000001ec47a47050, 0x000001ec47a47d70,
0x000001ec47a48a90, 0x000001ec47a49120, 0x000001ec47a49e40, 0x000001ec47a4b1f0,
0x000001ec47a4bf10, 0x000001ec47a4a4d0, 0x000001ec47a4ab60, 0x000001ec47a4e670,
0x000001ec47a4f390, 0x000001ec47a4fa20, 0x000001ec47a500b0, 0x000001ec47a4ed00,
0x000001ec47a51af0, 0x000001ec47a52810, 0x000001ec47a53bc0, 0x000001ec47a50dd0,
0x000001ec47a548e0, 0x000001ec47a51460, 0x000001ec47a54f70, 0x000001ec499acae0,
0x000001ec499b9ce0, 0x000001ec4a2532e0, 0x000001ec4a256df0, 0x000001ec4a254000,
0x000001ec4a253970, 0x000001ec4a2553b0, 0x000001ec4a257480, 0x000001ec4a255a40,
0x000001ec4a257b10, 0x000001ec4a2581a0, 0x000001ec4a258830, 0x000001ec4a258ec0,
0x000001ec4a259550, 0x000001ec4a2560d0, 0x000001ec4a259be0, 0x000001ec4a25c9d0,
0x000001ec4a25d6f0, 0x000001ec4a25af90, 0x000001ec4a25a270, 0x000001ec4a25dd80,
0x000001ec4a25eaa0, 0x000001ec4a25f130, 0x000001ec4a2625b0, 0x000001ec4a25f7c0,
0x000001ec4a260b70, 0x000001ec4a25fe50, 0x000001ec4a261200, 0x000001ec4a261890,
0x000001ec4a263ff0, 0x000001ec4a263960, 0x000001ec4a262c40, 0x000001ec4a264680,
0x000001ec4a264d10, 0x000001ec4a261f20, 0x000001ec4a267b00, 0x000001ec4a268eb0,
0x000001ec4a265a30, 0x000001ec4a266750, 0x000001ec4a268190, 0x000001ec4a268820,
0x000001ec4a267470, 0x000001ec4a269540, 0x000001ec4a266de0, 0x000001ec4a26c9c0,
0x000001ec4a26af80, 0x000001ec4a26a8f0, 0x000001ec4a269bd0, 0x000001ec4a26bca0,
0x000001ec4a26f7b0, 0x000001ec4a2704d0, 0x000001ec4a26ea90, 0x000001ec4a26f120,
0x000001ec4a26dd70, 0x000001ec4a26d6e0, 0x000001ec4a2711f0, 0x000001ec4a271880,
0x000001ec4a26e400, 0x000001ec4a273fe0, 0x000001ec4a272c30, 0x000001ec4a271f10,
0x000001ec4a275a20, 0x000001ec4a274d00, 0x000001ec4a2725a0, 0x000001ec4a2760b0,
0x000001ec4a276740, 0x000001ec4a2732c0, 0x000001ec4a276dd0, 0x000001ec4a273950,
0x000001ec4a275390, 0x000001ec4a277460, 0x000001ec4a277af0, 0x000001ec4a239c00,
0x000001ec4a239570, 0x000001ec4a23a290, 0x000001ec4a23afb0, 0x000001ec4a23b640,
0x000001ec4a25bcb0, 0x000001ec4a23bcd0, 0x000001ec4a23a920, 0x000001ec4a23c360,
0x000001ec4a238ee0, 0x000001ec4a23f7e0, 0x000001ec4a23eac0, 0x000001ec4a23fe70,
0x000001ec4a23f150, 0x000001ec4a23d080, 0x000001ec4a240b90, 0x000001ec4a240500,
0x000001ec4a241220, 0x000001ec4a241f40, 0x000001ec4a243980, 0x000001ec4a2425d0,
0x000001ec4a2460e0, 0x000001ec4a242c60, 0x000001ec4a246770, 0x000001ec4a247490,
0x000001ec4a244010, 0x000001ec4a24a280, 0x000001ec4a248ed0, 0x000001ec4a24a910,
0x000001ec4a24c9e0, 0x000001ec4a2481b0, 0x000001ec4a24c350, 0x000001ec4a24f7d0,
0x000001ec4a24fe60, 0x000001ec4a251f30, 0x000001ec4a2525c0, 0x000001ec4a252c50,
0x000001ec4a251210, 0x000001ec4a2518a0, 0x000001ec4a250b80, 0x000001ec499b1310,
0x000001ec499c4e10, 0x000001ec499cb080, 0x000001ec499dcab0, 0x000001ec4838a710,
0x000001ec483916a0, 0x000001ec483b78f0, 0x000001ec47a23bf0, 0x000001ec47a27070,
0x000001ec47a4d950, 0x000001ec4a564aa0, 0x000001ec4a5636f0, 0x000001ec4a563d80,
0x000001ec4a567200, 0x000001ec4a567890, 0x000001ec4a5657c0, 0x000001ec4a564410,
0x000001ec4a568c40, 0x000001ec4a5664e0, 0x000001ec4a566b70, 0x000001ec4a56ad10,
0x000001ec4a56b3a0, 0x000001ec4a567f20, 0x000001ec4a56eeb0, 0x000001ec4a56d470,
0x000001ec4a56db00, 0x000001ec4a56cde0, 0x000001ec4a56ba30, 0x000001ec4a56c750,
0x000001ec4a56c0c0, 0x000001ec4a571610, 0x000001ec4a56fbd0, 0x000001ec4a5708f0,
0x000001ec4a573050, 0x000001ec4a570f80, 0x000001ec4a5729c0, 0x000001ec4a571ca0,
0x000001ec4a5736e0, 0x000001ec4a574a90, 0x000001ec4a577f10, 0x000001ec4a578c30,
0x000001ec4a5785a0, 0x000001ec4a5757b0, 0x000001ec4a576b60, 0x000001ec4a5792c0,
0x000001ec4a575e40, 0x000001ec4a5764d0, 0x000001ec4a57c740, 0x000001ec4a57d460,
0x000001ec4a580f70, 0x000001ec4a57daf0, 0x000001ec4a57fbc0, 0x000001ec4a581600,
0x000001ec4a57e180, 0x000001ec4a582320, 0x000001ec4a57eea0, 0x000001ec4a583d60,
0x000001ec4a583040, 0x000001ec4a5843f0, 0x000001ec4a584a80, 0x000001ec4a585110,
0x000001ec4a581c90, 0x000001ec4a5857a0, 0x000001ec4a588590, 0x000001ec4a588c20,
0x000001ec4a5871e0, 0x000001ec4a5892b0, 0x000001ec4a589940, 0x000001ec4a589fd0,
0x000001ec4a586b50, 0x000001ec4a58b380, 0x000001ec4a58cdc0, 0x000001ec4a58c730,
0x000001ec4a58dae0, 0x000001ec4a58a660, 0x000001ec4a58e170, 0x000001ec4a58fbb0,
0x000001ec4a5908d0, 0x000001ec4a590240, 0x000001ec4a58ee90, 0x000001ec4a58e800,
0x000001ec4a5915f0, 0x000001ec4a593d50, 0x000001ec4a593030, 0x000001ec4a5943e0,
0x000001ec4a590f60, 0x000001ec4a592310, 0x000001ec4a594a70, 0x000001ec4a595100,
0x000001ec4a591c80, 0x000001ec4a5929a0, 0x000001ec4a5971d0, 0x000001ec4a596b40,
0x000001ec4a595790, 0x000001ec4a5992a0, 0x000001ec4a598580, 0x000001ec4a599930,
0x000001ec4a599fc0, 0x000001ec4a59a650, 0x000001ec4a59b370, 0x000001ec4a597ef0,
0x000001ec4a59c720, 0x000001ec4a59f510, 0x000001ec4a59d440, 0x000001ec4a59dad0,
0x000001ec4a59c090, 0x000001ec4a5a0f50, 0x000001ec4a5a3020, 0x000001ec4a59fba0,
0x000001ec4a5a15e0, 0x000001ec4a5a08c0, 0x000001ec4a5a0230, 0x000001ec4a569ff0,
0x000001ec4a56a680, 0x000001ec4a5a2990, 0x000001ec4a5a36b0, 0x000001ec4a23c9f0,
0x000001ec4a2453c0, 0x000001ec4a245a50, 0x000001ec4a249bf0, 0x000001ec4a24e420,
0x000001ec4a24dd90, 0x000001ec4a24f140, 0x000001ec4a25e410, 0x000001ec4838bac0,
0x000001ec37e8d130, 0x000001ec4a1bee00, 0x000001ec4a1c01b0, 0x000001ec4a1c0ed0,
0x000001ec4a1bf490, 0x000001ec4a1c0840, 0x000001ec4a1c1560, 0x000001ec4a1c1bf0,
0x000001ec4a1c2fa0, 0x000001ec4a1bfb20, 0x000001ec4a1c5700, 0x000001ec4a1c6420,
0x000001ec4a1c3630, 0x000001ec4a1c6ab0, 0x000001ec4a1c7140, 0x000001ec4a1c49e0,
0x000001ec4a1c7e60, 0x000001ec4a1c5d90, 0x000001ec4a1c5070, 0x000001ec4a1c9f30,
0x000001ec4a1cc690, 0x000001ec4a1ca5c0, 0x000001ec4a1c98a0, 0x000001ec4a1ccd20,
0x000001ec4a1cd3b0, 0x000001ec4a1ce0d0, 0x000001ec4a1cc000, 0x000001ec4a1cfb10,
0x000001ec4a1cf480, 0x000001ec4a1ce760, 0x000001ec4a1d2270, 0x000001ec4a1d0ec0,
0x000001ec4a1d1550, 0x000001ec4a1d1be0, 0x000001ec4a1d4340, 0x000001ec4a1d5060,
0x000001ec4a1d49d0, 0x000001ec4a1d3620, 0x000001ec4a1d56f0, 0x000001ec4a1d5d80,
0x000001ec4a1d7e50, 0x000001ec4a1d6aa0, 0x000001ec4a1d77c0, 0x000001ec4a1d7130,
0x000001ec4a1d9f20, 0x000001ec4a1da5b0, 0x000001ec4a1dcd10, 0x000001ec4a1e1540,
0x000001ec4a1e0190, 0x000001ec4a1c4350, 0x000001ec4a1db2d0, 0x000001ec4a1dfb00,
0x000001ec4a1ac020, 0x000001ec4a1e2260, 0x000001ec4a1a5090, 0x000001ec4a1e0820,
0x000001ec4a1dede0, 0x000001ec4a1a5db0, 0x000001ec4a1df470, 0x000001ec4a1a5720,
0x000001ec4a1a77f0, 0x000001ec4a1a6440, 0x000001ec4a1a4a00, 0x000001ec4a1ab300,
0x000001ec4a1ab990, 0x000001ec4a1a8ba0, 0x000001ec4a1a9230, 0x000001ec4a1aac70,
0x000001ec4a1a9f50, 0x000001ec4a1aee10, 0x000001ec4a1c77d0, 0x000001ec4a1cac50,
0x000001ec4a1c8b80, 0x000001ec4a1c84f0, 0x000001ec4a1d2900, 0x000001ec4a1dbff0,
0x000001ec4a1e1bd0, 0x000001ec4a1e4330, 0x000001ec4a1e3610, 0x000001ec4a1e2f80,
0x000001ec4a1e3ca0, 0x000001ec4a1be770, 0x000001ec4a1c2910, 0x000001ec4a1cedf0,
0x000001ec4a1af4a0, 0x000001ec4a1ada60, 0x000001ec4a1a6ad0, 0x000001ec4a1cda40,
0x000001ec4a1d9890, 0x000001ec4a1d8b70, 0x000001ec4a1dc680, 0x000001ec4a1dac40,
0x000001ec4a1de750, 0x000001ec4a1b2290, 0x000001ec4a1afb30, 0x000001ec4a1b77e0,
0x000001ec4a1b6430, 0x000001ec4a1bac60, 0x000001ec4a1bb980, 0x000001ec4a1bd3c0,
0x000001ec4a1de0c0, 0x000001ec4a5692d0, 0x000001ec4a565e50, 0x000001ec4a569960,
0x000001ec4a570260, 0x000001ec4a56e190, 0x000001ec4a575120, 0x000001ec4a5771f0,
0x000001ec4a57a670, 0x000001ec4a577880, 0x000001ec4a5685b0, 0x000001ec4a57e810,
0x000001ec4a580250, 0x000001ec4a572330, 0x000001ec4a5829b0, 0x000001ec4a57f530,
0x000001ec4a5836d0, 0x000001ec4a5864c0, 0x000001ec4a587870, 0x000001ec4a585e30,
0x000001ec4a57c0b0, 0x000001ec4a574400, 0x000001ec4a57cdd0, 0x000001ec4a56e820,
0x000001ec4a57ad00, 0x000001ec4a58f520, 0x000001ec4a595e20, 0x000001ec4a597860,
0x000001ec4a598c10, 0x000001ec4a59cdb0, 0x000001ec4a59e160, 0x000001ec4a59ee80,
0x000001ec4a5a1c70, 0x000001ec4a5a2300, 0x000001ec4a1d9200, 0x000001ec4a1dd3a0,
0x000001ec4a1e28f0, 0x000001ec4a1e0eb0, 0x000001ec4a1db960, 0x000001ec4a1a7160,
0x000001ec4a1ac6b0, 0x000001ec4a1b01c0, 0x000001ec4a1acd40, 0x000001ec4a1b0850,
0x000001ec4a1ae780, 0x000001ec4a1a4370, 0x000001ec4a1a7e80, 0x000001ec4a1aa5e0,
0x000001ec4a1c2280, 0x000001ec4a1c3cc0, 0x000001ec4a1c9210, 0x000001ec4a1d3cb0,
0x000001ec4a1d0830, 0x000001ec4a1a98c0, 0x000001ec4a1ae0f0
}

Java Threads: ( => current thread )
  0x000001ebbedde130 JavaThread "main"                              [_thread_blocked, id=33360, stack(0x00000025b8700000,0x00000025b8800000) (1024K)]
  0x000001ebc1007890 JavaThread "Reference Handler"          daemon [_thread_blocked, id=15500, stack(0x00000025b8b00000,0x00000025b8c00000) (1024K)]
  0x000001ebc10086b0 JavaThread "Finalizer"                  daemon [_thread_blocked, id=11584, stack(0x00000025b8c00000,0x00000025b8d00000) (1024K)]
  0x000001ebc100d9b0 JavaThread "Signal Dispatcher"          daemon [_thread_blocked, id=11044, stack(0x00000025b8d00000,0x00000025b8e00000) (1024K)]
  0x000001ebc100e8a0 JavaThread "Attach Listener"            daemon [_thread_blocked, id=26844, stack(0x00000025b8e00000,0x00000025b8f00000) (1024K)]
  0x000001ebc10100c0 JavaThread "Service Thread"             daemon [_thread_blocked, id=27764, stack(0x00000025b8f00000,0x00000025b9000000) (1024K)]
  0x000001ebc1014230 JavaThread "Monitor Deflation Thread"   daemon [_thread_blocked, id=832, stack(0x00000025b9000000,0x00000025b9100000) (1024K)]
=>0x000001ebc1017240 JavaThread "C2 CompilerThread0"         daemon [_thread_in_native, id=16288, stack(0x00000025b9100000,0x00000025b9200000) (1024K)]
  0x000001ec3102a390 JavaThread "C1 CompilerThread0"         daemon [_thread_blocked, id=27448, stack(0x00000025b9200000,0x00000025b9300000) (1024K)]
  0x000001ebc10148c0 JavaThread "Common-Cleaner"             daemon [_thread_blocked, id=29308, stack(0x00000025b9300000,0x00000025b9400000) (1024K)]
  0x000001ebc1013ba0 JavaThread "Notification Thread"        daemon [_thread_blocked, id=5880, stack(0x00000025b9400000,0x00000025b9500000) (1024K)]
  0x000001ebc1011440 JavaThread "Active Thread: Equinox Container: 05c33961-d2ea-4b2c-9b1a-9a3aa9a6c5ae"        [_thread_blocked, id=11072, stack(0x00000025b9d00000,0x00000025b9e00000) (1024K)]
  0x000001ebc1012e80 JavaThread "Refresh Thread: Equinox Container: 05c33961-d2ea-4b2c-9b1a-9a3aa9a6c5ae" daemon [_thread_blocked, id=28612, stack(0x00000025b9f00000,0x00000025ba000000) (1024K)]
  0x000001ebc1011ad0 JavaThread "Framework Event Dispatcher: Equinox Container: 05c33961-d2ea-4b2c-9b1a-9a3aa9a6c5ae" daemon [_thread_blocked, id=13784, stack(0x00000025ba000000,0x00000025ba100000) (1024K)]
  0x000001ebc1012160 JavaThread "Start Level: Equinox Container: 05c33961-d2ea-4b2c-9b1a-9a3aa9a6c5ae" daemon [_thread_blocked, id=17772, stack(0x00000025ba100000,0x00000025ba200000) (1024K)]
  0x000001ebc10127f0 JavaThread "Bundle File Closer"         daemon [_thread_blocked, id=16968, stack(0x00000025ba400000,0x00000025ba500000) (1024K)]
  0x000001ebc1013510 JavaThread "SCR Component Actor"        daemon [_thread_blocked, id=12444, stack(0x00000025b9500000,0x00000025b9600000) (1024K)]
  0x000001ec36cfbfc0 JavaThread "Worker-JM"                         [_thread_blocked, id=7044, stack(0x00000025ba500000,0x00000025ba600000) (1024K)]
  0x000001ec36cfc650 JavaThread "JNA Cleaner"                daemon [_thread_blocked, id=22420, stack(0x00000025ba600000,0x00000025ba700000) (1024K)]
  0x000001ec36cfa580 JavaThread "Worker-0: Initialize workspace"        [_thread_blocked, id=18104, stack(0x00000025ba700000,0x00000025ba800000) (1024K)]
  0x000001ec36cfb2a0 JavaThread "Worker-1: Initialize workspace"        [_thread_blocked, id=19884, stack(0x00000025ba800000,0x00000025ba900000) (1024K)]
  0x000001ec36cfcce0 JavaThread "Worker-3: Initialize workspace"        [_thread_blocked, id=17988, stack(0x00000025baa00000,0x00000025bab00000) (1024K)]
  0x000001ec36cfe720 JavaThread "Java indexing"              daemon [_thread_blocked, id=25676, stack(0x00000025bab00000,0x00000025bac00000) (1024K)]
  0x000001ec36cfedb0 JavaThread "pool-2-thread-1"                   [_thread_blocked, id=33296, stack(0x00000025bb100000,0x00000025bb200000) (1024K)]
  0x000001ec36d00e80 JavaThread "WorkspaceEventsHandler"            [_thread_blocked, id=31868, stack(0x00000025bb200000,0x00000025bb300000) (1024K)]
  0x000001ec36cff440 JavaThread "PatternSearchJob-worker-1"  daemon [_thread_blocked, id=11408, stack(0x00000025bb400000,0x00000025bb500000) (1024K)]
  0x000001ec36d00160 JavaThread "PatternSearchJob-worker-3"  daemon [_thread_blocked, id=4164, stack(0x00000025bb600000,0x00000025bb700000) (1024K)]
  0x000001ec36d01510 JavaThread "PatternSearchJob-worker-4"  daemon [_thread_blocked, id=20676, stack(0x00000025bb700000,0x00000025bb800000) (1024K)]
  0x000001ec38bc41f0 JavaThread "PatternSearchJob-worker-5"  daemon [_thread_blocked, id=21840, stack(0x00000025bb800000,0x00000025bb900000) (1024K)]
  0x000001ec38bc55a0 JavaThread "PatternSearchJob-worker-6"  daemon [_thread_blocked, id=2024, stack(0x00000025bb900000,0x00000025bba00000) (1024K)]
  0x000001ec38bc4880 JavaThread "PatternSearchJob-worker-8"  daemon [_thread_blocked, id=21396, stack(0x00000025bbb00000,0x00000025bbc00000) (1024K)]
  0x000001ec38bc6950 JavaThread "PatternSearchJob-worker-9"  daemon [_thread_blocked, id=33676, stack(0x00000025bbc00000,0x00000025bbd00000) (1024K)]
  0x000001ec38bc4f10 JavaThread "PatternSearchJob-worker-10" daemon [_thread_blocked, id=13112, stack(0x00000025bbd00000,0x00000025bbe00000) (1024K)]
  0x000001ec38bc5c30 JavaThread "PatternSearchJob-worker-11" daemon [_thread_blocked, id=2580, stack(0x00000025bbe00000,0x00000025bbf00000) (1024K)]
  0x000001ec38bc8a20 JavaThread "Timer-0"                           [_thread_blocked, id=25752, stack(0x00000025bad00000,0x00000025bae00000) (1024K)]
  0x000001ec38bca460 JavaThread "Timer-1"                           [_thread_blocked, id=33308, stack(0x00000025bb000000,0x00000025bb100000) (1024K)]
  0x000001ec38bcaaf0 JavaThread "Timer-2"                           [_thread_blocked, id=16704, stack(0x00000025bc000000,0x00000025bc100000) (1024K)]
  0x000001ec38bc7670 JavaThread "Worker-6: Initialize workspace"        [_thread_blocked, id=30964, stack(0x00000025bc100000,0x00000025bc200000) (1024K)]
  0x000001ec38bcb180 JavaThread "Worker-7: Initialize workspace"        [_thread_blocked, id=21412, stack(0x00000025bc200000,0x00000025bc300000) (1024K)]
  0x000001ec38bc90b0 JavaThread "Worker-8: Initialize workspace"        [_thread_blocked, id=2988, stack(0x00000025bc300000,0x00000025bc400000) (1024K)]
  0x000001ec38bc9740 JavaThread "Timer-3"                           [_thread_blocked, id=21596, stack(0x00000025bc400000,0x00000025bc500000) (1024K)]
  0x000001ec36cfb930 JavaThread "Timer-4"                           [_thread_blocked, id=26960, stack(0x00000025bc500000,0x00000025bc600000) (1024K)]
  0x000001ec38dc2ab0 JavaThread "Timer-5"                           [_thread_blocked, id=33156, stack(0x00000025bc600000,0x00000025bc700000) (1024K)]
  0x000001ec38dc1d90 JavaThread "Timer-6"                           [_thread_blocked, id=26072, stack(0x00000025bc700000,0x00000025bc800000) (1024K)]
  0x000001ec38dc3e60 JavaThread "Timer-7"                           [_thread_blocked, id=22968, stack(0x00000025bcb00000,0x00000025bcc00000) (1024K)]
  0x000001ec38dc5210 JavaThread "Timer-8"                           [_thread_blocked, id=11796, stack(0x00000025bcd00000,0x00000025bce00000) (1024K)]
  0x000001ec38dc58a0 JavaThread "Timer-9"                           [_thread_blocked, id=31784, stack(0x00000025bce00000,0x00000025bcf00000) (1024K)]
  0x000001ec38dc2420 JavaThread "Timer-10"                          [_thread_blocked, id=28068, stack(0x00000025bcf00000,0x00000025bd000000) (1024K)]
  0x000001ec38dc65c0 JavaThread "Timer-11"                          [_thread_blocked, id=14640, stack(0x00000025bd000000,0x00000025bd100000) (1024K)]
  0x000001ec38dc3140 JavaThread "Timer-12"                          [_thread_blocked, id=17960, stack(0x00000025bd200000,0x00000025bd300000) (1024K)]
  0x000001ec38dc72e0 JavaThread "Worker-9: Initialize workspace"        [_thread_blocked, id=20068, stack(0x00000025bd400000,0x00000025bd500000) (1024K)]
  0x000001ec38dc44f0 JavaThread "Timer-13"                          [_thread_blocked, id=32132, stack(0x00000025bd100000,0x00000025bd200000) (1024K)]
  0x000001ec38dc8000 JavaThread "Timer-14"                          [_thread_blocked, id=32180, stack(0x00000025bd300000,0x00000025bd400000) (1024K)]
  0x000001ec38dc8690 JavaThread "Timer-15"                          [_thread_blocked, id=19100, stack(0x00000025bd500000,0x00000025bd600000) (1024K)]
  0x000001ec38dc8d20 JavaThread "Timer-16"                          [_thread_blocked, id=3216, stack(0x00000025bcc00000,0x00000025bcd00000) (1024K)]
  0x000001ec38dc5f30 JavaThread "Timer-17"                          [_thread_blocked, id=18484, stack(0x00000025bd600000,0x00000025bd700000) (1024K)]
  0x000001ec36cfd370 JavaThread "Timer-18"                          [_thread_blocked, id=2644, stack(0x00000025bd700000,0x00000025bd800000) (1024K)]
  0x000001ec36cfac10 JavaThread "Timer-19"                          [_thread_blocked, id=11708, stack(0x00000025bd800000,0x00000025bd900000) (1024K)]
  0x000001ec36d007f0 JavaThread "Timer-20"                          [_thread_blocked, id=27816, stack(0x00000025bd900000,0x00000025bda00000) (1024K)]
  0x000001ec38bc6fe0 JavaThread "Worker-10: Initialize workspace"        [_thread_blocked, id=25652, stack(0x00000025bbf00000,0x00000025bc000000) (1024K)]
  0x000001ec36cfda00 JavaThread "Timer-21"                          [_thread_blocked, id=31932, stack(0x00000025bda00000,0x00000025bdb00000) (1024K)]
  0x000001ec36cfe090 JavaThread "Timer-22"                          [_thread_blocked, id=17900, stack(0x00000025bdb00000,0x00000025bdc00000) (1024K)]
  0x000001ec37e88900 JavaThread "Timer-23"                          [_thread_blocked, id=14500, stack(0x00000025bdd00000,0x00000025bde00000) (1024K)]
  0x000001ec463c9b00 JavaThread "Timer-24"                          [_thread_blocked, id=15036, stack(0x00000025bfc00000,0x00000025bfd00000) (1024K)]
  0x000001ec463ca190 JavaThread "Timer-25"                          [_thread_blocked, id=10988, stack(0x00000025bfd00000,0x00000025bfe00000) (1024K)]
  0x000001ec463ca820 JavaThread "Timer-26"                          [_thread_blocked, id=17156, stack(0x00000025bfe00000,0x00000025bff00000) (1024K)]
  0x000001ec3a378300 JavaThread "Timer-27"                          [_thread_blocked, id=20344, stack(0x00000025bff00000,0x00000025c0000000) (1024K)]
  0x000001ec3a37aa60 JavaThread "Timer-28"                          [_thread_blocked, id=4048, stack(0x00000025c0000000,0x00000025c0100000) (1024K)]
  0x000001ec3a37b780 JavaThread "Worker-11: Initialize workspace"        [_thread_blocked, id=31756, stack(0x00000025bca00000,0x00000025bcb00000) (1024K)]
  0x000001ec3a37be10 JavaThread "Timer-29"                          [_thread_blocked, id=21852, stack(0x00000025c0100000,0x00000025c0200000) (1024K)]
  0x000001ec3a378990 JavaThread "Timer-30"                          [_thread_blocked, id=18500, stack(0x00000025c0200000,0x00000025c0300000) (1024K)]
  0x000001ec3a37b0f0 JavaThread "Timer-31"                          [_thread_blocked, id=4160, stack(0x00000025c0300000,0x00000025c0400000) (1024K)]
  0x000001ec3a379020 JavaThread "Timer-32"                          [_thread_blocked, id=21244, stack(0x00000025c0500000,0x00000025c0600000) (1024K)]
  0x000001ec3a3796b0 JavaThread "Timer-33"                          [_thread_blocked, id=23600, stack(0x00000025c0600000,0x00000025c0700000) (1024K)]
  0x000001ec3a37d1c0 JavaThread "Timer-34"                          [_thread_blocked, id=9140, stack(0x00000025c0700000,0x00000025c0800000) (1024K)]
  0x000001ec3a379d40 JavaThread "Timer-35"                          [_thread_blocked, id=32124, stack(0x00000025c0800000,0x00000025c0900000) (1024K)]
  0x000001ec3a37f290 JavaThread "Timer-36"                          [_thread_blocked, id=13544, stack(0x00000025c0a00000,0x00000025c0b00000) (1024K)]
  0x000001ec3a37d850 JavaThread "Timer-37"                          [_thread_blocked, id=4424, stack(0x00000025bdc00000,0x00000025bdd00000) (1024K)]
  0x000001ec3a37f920 JavaThread "Timer-38"                          [_thread_blocked, id=1496, stack(0x00000025c0900000,0x00000025c0a00000) (1024K)]
  0x000001ec3a37e570 JavaThread "Timer-39"                          [_thread_blocked, id=29352, stack(0x00000025bfb00000,0x00000025bfc00000) (1024K)]
  0x000001ec3a37ec00 JavaThread "Timer-40"                          [_thread_blocked, id=16564, stack(0x00000025c0c00000,0x00000025c0d00000) (1024K)]
  0x000001ec3a37c4a0 JavaThread "Timer-41"                          [_thread_blocked, id=26544, stack(0x00000025c0e00000,0x00000025c0f00000) (1024K)]
  0x000001ec3d9433e0 JavaThread "Timer-42"                          [_thread_blocked, id=16960, stack(0x00000025c0f00000,0x00000025c1000000) (1024K)]
  0x000001ec3d943a70 JavaThread "Timer-43"                          [_thread_blocked, id=15216, stack(0x00000025b8500000,0x00000025b8600000) (1024K)]
  0x000001ec3d944100 JavaThread "Timer-44"                          [_thread_blocked, id=23752, stack(0x00000025bc800000,0x00000025bc900000) (1024K)]
  0x000001ec3d9426c0 JavaThread "Worker-12: Initialize workspace"        [_thread_blocked, id=23364, stack(0x00000025c0400000,0x00000025c0500000) (1024K)]
  0x000001ec3d9419a0 JavaThread "Timer-45"                          [_thread_blocked, id=31484, stack(0x00000025bc900000,0x00000025bca00000) (1024K)]
  0x000001ec3d944e20 JavaThread "Timer-46"                          [_thread_blocked, id=26664, stack(0x00000025c0d00000,0x00000025c0e00000) (1024K)]
  0x000001ec3d9454b0 JavaThread "Timer-47"                          [_thread_blocked, id=4236, stack(0x00000025c1100000,0x00000025c1200000) (1024K)]
  0x000001ec3d945b40 JavaThread "Timer-48"                          [_thread_blocked, id=16260, stack(0x00000025c1300000,0x00000025c1400000) (1024K)]
  0x000001ec3d9461d0 JavaThread "Timer-49"                          [_thread_blocked, id=9224, stack(0x00000025c1400000,0x00000025c1500000) (1024K)]
  0x000001ec3d942d50 JavaThread "Timer-50"                          [_thread_blocked, id=31824, stack(0x00000025c1500000,0x00000025c1600000) (1024K)]
  0x000001ec3d946860 JavaThread "Timer-51"                          [_thread_blocked, id=9464, stack(0x00000025c1600000,0x00000025c1700000) (1024K)]
  0x000001ec3d946ef0 JavaThread "Timer-52"                          [_thread_blocked, id=32784, stack(0x00000025c1800000,0x00000025c1900000) (1024K)]
  0x000001ec3d948930 JavaThread "Worker-13: Initialize workspace"        [_thread_blocked, id=19448, stack(0x00000025c0b00000,0x00000025c0c00000) (1024K)]
  0x000001ec3d947580 JavaThread "Timer-53"                          [_thread_blocked, id=20432, stack(0x00000025c1000000,0x00000025c1100000) (1024K)]
  0x000001ec3d948fc0 JavaThread "Timer-54"                          [_thread_blocked, id=11952, stack(0x00000025c1700000,0x00000025c1800000) (1024K)]
  0x000001ec3d9482a0 JavaThread "Timer-55"                          [_thread_blocked, id=3904, stack(0x00000025c1900000,0x00000025c1a00000) (1024K)]
  0x000001ec463c9470 JavaThread "Timer-56"                          [_thread_blocked, id=2308, stack(0x00000025c1b00000,0x00000025c1c00000) (1024K)]
  0x000001ec3a37a3d0 JavaThread "Timer-57"                          [_thread_blocked, id=13352, stack(0x00000025c1c00000,0x00000025c1d00000) (1024K)]
  0x000001ec3a37dee0 JavaThread "Timer-58"                          [_thread_blocked, id=30632, stack(0x00000025c1d00000,0x00000025c1e00000) (1024K)]
  0x000001ec3d944790 JavaThread "Timer-59"                          [_thread_blocked, id=21788, stack(0x00000025c1e00000,0x00000025c1f00000) (1024K)]
  0x000001ec3d942030 JavaThread "Timer-60"                          [_thread_blocked, id=12932, stack(0x00000025c1f00000,0x00000025c2000000) (1024K)]
  0x000001ec3a5c1280 JavaThread "Worker-14: Initialize workspace"        [_thread_blocked, id=29408, stack(0x00000025c2200000,0x00000025c2300000) (1024K)]
  0x000001ec3a5c2cc0 JavaThread "Timer-61"                          [_thread_blocked, id=8928, stack(0x00000025c1200000,0x00000025c1300000) (1024K)]
  0x000001ec3a5c1910 JavaThread "Timer-62"                          [_thread_blocked, id=28536, stack(0x00000025c2000000,0x00000025c2100000) (1024K)]
  0x000001ec3a5c4070 JavaThread "Timer-63"                          [_thread_blocked, id=28056, stack(0x00000025c2100000,0x00000025c2200000) (1024K)]
  0x000001ec3a5c2630 JavaThread "Timer-64"                          [_thread_blocked, id=32312, stack(0x00000025c2400000,0x00000025c2500000) (1024K)]
  0x000001ec3a5c3350 JavaThread "Timer-65"                          [_thread_blocked, id=12664, stack(0x00000025c2600000,0x00000025c2700000) (1024K)]
  0x000001ec3a5c39e0 JavaThread "Timer-66"                          [_thread_blocked, id=31376, stack(0x00000025c2700000,0x00000025c2800000) (1024K)]
  0x000001ec3a5c0bf0 JavaThread "Timer-67"                          [_thread_blocked, id=23620, stack(0x00000025c2800000,0x00000025c2900000) (1024K)]
  0x000001ec38dc4b80 JavaThread "Timer-68"                          [_thread_blocked, id=20588, stack(0x00000025c2900000,0x00000025c2a00000) (1024K)]
  0x000001ec3d866130 JavaThread "Timer-69"                          [_thread_blocked, id=33604, stack(0x00000025c2500000,0x00000025c2600000) (1024K)]
  0x000001ec3d8667c0 JavaThread "Timer-70"                          [_thread_blocked, id=30864, stack(0x00000025c2b00000,0x00000025c2c00000) (1024K)]
  0x000001ec3d864060 JavaThread "Timer-71"                          [_thread_blocked, id=11292, stack(0x00000025c2300000,0x00000025c2400000) (1024K)]
  0x000001ec3d865410 JavaThread "Timer-72"                          [_thread_blocked, id=5244, stack(0x00000025c2c00000,0x00000025c2d00000) (1024K)]
  0x000001ec3d865aa0 JavaThread "Timer-73"                          [_thread_blocked, id=15024, stack(0x00000025c2d00000,0x00000025c2e00000) (1024K)]
  0x000001ec3d8646f0 JavaThread "Timer-74"                          [_thread_blocked, id=2232, stack(0x00000025c2e00000,0x00000025c2f00000) (1024K)]
  0x000001ec3d864d80 JavaThread "Timer-75"                          [_thread_blocked, id=14588, stack(0x00000025c2f00000,0x00000025c3000000) (1024K)]
  0x000001ec463c8de0 JavaThread "Timer-76"                          [_thread_blocked, id=22896, stack(0x00000025c3000000,0x00000025c3100000) (1024K)]
  0x000001ec3b4d5400 JavaThread "Timer-77"                          [_thread_blocked, id=17940, stack(0x00000025c1a00000,0x00000025c1b00000) (1024K)]
  0x000001ec3b4d6120 JavaThread "Timer-78"                          [_thread_blocked, id=29628, stack(0x00000025c3200000,0x00000025c3300000) (1024K)]
  0x000001ec3b4d4d70 JavaThread "Timer-79"                          [_thread_blocked, id=31636, stack(0x00000025c3100000,0x00000025c3200000) (1024K)]
  0x000001ec3b4d74d0 JavaThread "Worker-15: Initialize workspace"        [_thread_blocked, id=15572, stack(0x00000025c3500000,0x00000025c3600000) (1024K)]
  0x000001ec3b4d7b60 JavaThread "Timer-80"                          [_thread_blocked, id=28436, stack(0x00000025c2a00000,0x00000025c2b00000) (1024K)]
  0x000001ec3b4d8880 JavaThread "Timer-81"                          [_thread_blocked, id=23196, stack(0x00000025c3300000,0x00000025c3400000) (1024K)]
  0x000001ec3b4d8f10 JavaThread "Timer-82"                          [_thread_blocked, id=9704, stack(0x00000025c3400000,0x00000025c3500000) (1024K)]
  0x000001ec3b4d5a90 JavaThread "Timer-83"                          [_thread_blocked, id=3040, stack(0x00000025c3600000,0x00000025c3700000) (1024K)]
  0x000001ec3b4d95a0 JavaThread "Timer-84"                          [_thread_blocked, id=28148, stack(0x00000025c3800000,0x00000025c3900000) (1024K)]
  0x000001ec3b4d67b0 JavaThread "Timer-85"                          [_thread_blocked, id=13676, stack(0x00000025c3700000,0x00000025c3800000) (1024K)]
  0x000001ec3b4da2c0 JavaThread "Timer-86"                          [_thread_blocked, id=20148, stack(0x00000025c3900000,0x00000025c3a00000) (1024K)]
  0x000001ec3b4dafe0 JavaThread "Timer-87"                          [_thread_blocked, id=5424, stack(0x00000025c3a00000,0x00000025c3b00000) (1024K)]
  0x000001ec3b4dca20 JavaThread "Worker-16: Initialize workspace"        [_thread_blocked, id=19936, stack(0x00000025c3d00000,0x00000025c3e00000) (1024K)]
  0x000001ec3b4d6e40 JavaThread "Timer-88"                          [_thread_blocked, id=20980, stack(0x00000025c3b00000,0x00000025c3c00000) (1024K)]
  0x000001ec3b4dd0b0 JavaThread "Timer-89"                          [_thread_blocked, id=18204, stack(0x00000025c3c00000,0x00000025c3d00000) (1024K)]
  0x000001ec3b4dddd0 JavaThread "Timer-90"                          [_thread_blocked, id=10016, stack(0x00000025c3e00000,0x00000025c3f00000) (1024K)]
  0x000001ec3b4dbd00 JavaThread "Timer-91"                          [_thread_blocked, id=33136, stack(0x00000025c3f00000,0x00000025c4000000) (1024K)]
  0x000001ec3b4dd740 JavaThread "Timer-92"                          [_thread_blocked, id=28784, stack(0x00000025c4100000,0x00000025c4200000) (1024K)]
  0x000001ec3b4da950 JavaThread "Timer-93"                          [_thread_blocked, id=32064, stack(0x00000025c4000000,0x00000025c4100000) (1024K)]
  0x000001ec3b4e0530 JavaThread "Timer-94"                          [_thread_blocked, id=13144, stack(0x00000025c4300000,0x00000025c4400000) (1024K)]
  0x000001ec3b4e1250 JavaThread "Timer-95"                          [_thread_blocked, id=30124, stack(0x00000025c4200000,0x00000025c4300000) (1024K)]
  0x000001ec3b4e0bc0 JavaThread "Worker-17: Initialize workspace"        [_thread_blocked, id=24636, stack(0x00000025c4600000,0x00000025c4700000) (1024K)]
  0x000001ec3b4df180 JavaThread "Timer-96"                          [_thread_blocked, id=15120, stack(0x00000025c4400000,0x00000025c4500000) (1024K)]
  0x000001ec3b4df810 JavaThread "Timer-97"                          [_thread_blocked, id=31980, stack(0x00000025c4500000,0x00000025c4600000) (1024K)]
  0x000001ec3b4dfea0 JavaThread "Timer-98"                          [_thread_blocked, id=19700, stack(0x00000025c4700000,0x00000025c4800000) (1024K)]
  0x000001ec3b4e18e0 JavaThread "Timer-99"                          [_thread_blocked, id=19428, stack(0x00000025c4900000,0x00000025c4a00000) (1024K)]
  0x000001ec3b4e1f70 JavaThread "Timer-100"                         [_thread_blocked, id=720, stack(0x00000025c4b00000,0x00000025c4c00000) (1024K)]
  0x000001ec3b4deaf0 JavaThread "Timer-101"                         [_thread_blocked, id=3576, stack(0x00000025c4800000,0x00000025c4900000) (1024K)]
  0x000001ec3b4e2600 JavaThread "Timer-102"                         [_thread_blocked, id=19360, stack(0x00000025c4c00000,0x00000025c4d00000) (1024K)]
  0x000001ec3b4e2c90 JavaThread "Timer-103"                         [_thread_blocked, id=14932, stack(0x00000025c4a00000,0x00000025c4b00000) (1024K)]
  0x000001ec3b4e4040 JavaThread "Worker-18: Initialize workspace"        [_thread_blocked, id=1848, stack(0x00000025c4f00000,0x00000025c5000000) (1024K)]
  0x000001ec3b4e39b0 JavaThread "Timer-104"                         [_thread_blocked, id=18280, stack(0x00000025c4d00000,0x00000025c4e00000) (1024K)]
  0x000001ec3b4e3320 JavaThread "Timer-105"                         [_thread_blocked, id=30544, stack(0x00000025c4e00000,0x00000025c4f00000) (1024K)]
  0x000001ec3a5c1fa0 JavaThread "Timer-106"                         [_thread_blocked, id=15732, stack(0x00000025c5000000,0x00000025c5100000) (1024K)]
  0x000001ec3d866e50 JavaThread "Timer-107"                         [_thread_blocked, id=27252, stack(0x00000025c5200000,0x00000025c5300000) (1024K)]
  0x000001ec3784e0c0 JavaThread "Timer-108"                         [_thread_blocked, id=33348, stack(0x00000025c5400000,0x00000025c5500000) (1024K)]
  0x000001ec3784e750 JavaThread "Timer-109"                         [_thread_blocked, id=19728, stack(0x00000025c5100000,0x00000025c5200000) (1024K)]
  0x000001ec3784ede0 JavaThread "Timer-110"                         [_thread_blocked, id=11476, stack(0x00000025c5500000,0x00000025c5600000) (1024K)]
  0x000001ec37850190 JavaThread "Timer-111"                         [_thread_blocked, id=25164, stack(0x00000025c5600000,0x00000025c5700000) (1024K)]
  0x000001ec37850eb0 JavaThread "Worker-19: Initialize workspace"        [_thread_blocked, id=32648, stack(0x00000025c5900000,0x00000025c5a00000) (1024K)]
  0x000001ec3784d3a0 JavaThread "Timer-112"                         [_thread_blocked, id=24140, stack(0x00000025c5700000,0x00000025c5800000) (1024K)]
  0x000001ec37851bd0 JavaThread "Timer-113"                         [_thread_blocked, id=26388, stack(0x00000025c5800000,0x00000025c5900000) (1024K)]
  0x000001ec37852260 JavaThread "Timer-114"                         [_thread_blocked, id=25080, stack(0x00000025c5b00000,0x00000025c5c00000) (1024K)]
  0x000001ec3784f470 JavaThread "Timer-115"                         [_thread_blocked, id=20968, stack(0x00000025c5a00000,0x00000025c5b00000) (1024K)]
  0x000001ec378528f0 JavaThread "Timer-116"                         [_thread_blocked, id=9280, stack(0x00000025c5c00000,0x00000025c5d00000) (1024K)]
  0x000001ec37851540 JavaThread "Timer-117"                         [_thread_blocked, id=7128, stack(0x00000025c5300000,0x00000025c5400000) (1024K)]
  0x000001ec37853610 JavaThread "Timer-118"                         [_thread_blocked, id=33096, stack(0x00000025c5d00000,0x00000025c5e00000) (1024K)]
  0x000001ec37852f80 JavaThread "Timer-119"                         [_thread_blocked, id=4060, stack(0x00000025c5e00000,0x00000025c5f00000) (1024K)]
  0x000001ec37855050 JavaThread "Worker-20: Initialize workspace"        [_thread_blocked, id=25416, stack(0x00000025c6100000,0x00000025c6200000) (1024K)]
  0x000001ec3784da30 JavaThread "Timer-120"                         [_thread_blocked, id=19760, stack(0x00000025c6000000,0x00000025c6100000) (1024K)]
  0x000001ec37854330 JavaThread "Timer-121"                         [_thread_blocked, id=20924, stack(0x00000025c6200000,0x00000025c6300000) (1024K)]
  0x000001ec37856a90 JavaThread "Timer-122"                         [_thread_blocked, id=23016, stack(0x00000025c6400000,0x00000025c6500000) (1024K)]
  0x000001ec37857120 JavaThread "Timer-123"                         [_thread_blocked, id=28176, stack(0x00000025c6300000,0x00000025c6400000) (1024K)]
  0x000001ec37855d70 JavaThread "Timer-124"                         [_thread_blocked, id=32924, stack(0x00000025c6600000,0x00000025c6700000) (1024K)]
  0x000001ec37856400 JavaThread "Timer-125"                         [_thread_blocked, id=8904, stack(0x00000025c6500000,0x00000025c6600000) (1024K)]
  0x000001ec37853ca0 JavaThread "Timer-126"                         [_thread_blocked, id=8664, stack(0x00000025c5f00000,0x00000025c6000000) (1024K)]
  0x000001ec378549c0 JavaThread "Timer-127"                         [_thread_blocked, id=30468, stack(0x00000025c6700000,0x00000025c6800000) (1024K)]
  0x000001ec37857e40 JavaThread "Worker-21: Initialize workspace"        [_thread_blocked, id=26384, stack(0x00000025c6a00000,0x00000025c6b00000) (1024K)]
  0x000001ec37850820 JavaThread "Worker-22: Initialize workspace"        [_thread_blocked, id=25256, stack(0x00000025c6800000,0x00000025c6900000) (1024K)]
  0x000001ec378584d0 JavaThread "Worker-23: Initialize workspace"        [_thread_blocked, id=15816, stack(0x00000025c6900000,0x00000025c6a00000) (1024K)]
  0x000001ec378577b0 JavaThread "Timer-128"                         [_thread_blocked, id=18120, stack(0x00000025c6c00000,0x00000025c6d00000) (1024K)]
  0x000001ec378556e0 JavaThread "Timer-129"                         [_thread_blocked, id=1252, stack(0x00000025c6d00000,0x00000025c6e00000) (1024K)]
  0x000001ec37859880 JavaThread "Timer-130"                         [_thread_blocked, id=28528, stack(0x00000025c6f00000,0x00000025c7000000) (1024K)]
  0x000001ec3785c670 JavaThread "Timer-131"                         [_thread_blocked, id=29116, stack(0x00000025c6e00000,0x00000025c6f00000) (1024K)]
  0x000001ec378591f0 JavaThread "Timer-132"                         [_thread_blocked, id=24136, stack(0x00000025c7100000,0x00000025c7200000) (1024K)]
  0x000001ec37859f10 JavaThread "Timer-133"                         [_thread_blocked, id=21632, stack(0x00000025c7000000,0x00000025c7100000) (1024K)]
  0x000001ec3785a5a0 JavaThread "Timer-134"                         [_thread_blocked, id=25820, stack(0x00000025c7300000,0x00000025c7400000) (1024K)]
  0x000001ec3785ac30 JavaThread "Timer-135"                         [_thread_blocked, id=25832, stack(0x00000025c7200000,0x00000025c7300000) (1024K)]
  0x000001ec3785b950 JavaThread "Timer-136"                         [_thread_blocked, id=8980, stack(0x00000025c6b00000,0x00000025c6c00000) (1024K)]
  0x000001ec3785bfe0 JavaThread "Timer-137"                         [_thread_blocked, id=26876, stack(0x00000025c7400000,0x00000025c7500000) (1024K)]
  0x000001ec463c3f20 JavaThread "Timer-138"                         [_thread_blocked, id=18008, stack(0x00000025c7500000,0x00000025c7600000) (1024K)]
  0x000001ec3b4d9c30 JavaThread "Timer-139"                         [_thread_blocked, id=32440, stack(0x00000025c7600000,0x00000025c7700000) (1024K)]
  0x000001ec387318a0 JavaThread "Timer-140"                         [_thread_blocked, id=2428, stack(0x00000025c7800000,0x00000025c7900000) (1024K)]
  0x000001ec38733970 JavaThread "Timer-141"                         [_thread_blocked, id=17056, stack(0x00000025c7700000,0x00000025c7800000) (1024K)]
  0x000001ec38732c50 JavaThread "Timer-142"                         [_thread_blocked, id=23036, stack(0x00000025c7900000,0x00000025c7a00000) (1024K)]
  0x000001ec387304f0 JavaThread "Timer-143"                         [_thread_blocked, id=31524, stack(0x00000025c7a00000,0x00000025c7b00000) (1024K)]
  0x000001ec387325c0 JavaThread "Timer-144"                         [_thread_blocked, id=15608, stack(0x00000025c7c00000,0x00000025c7d00000) (1024K)]
  0x000001ec38731f30 JavaThread "Timer-145"                         [_thread_blocked, id=23012, stack(0x00000025c7d00000,0x00000025c7e00000) (1024K)]
  0x000001ec387332e0 JavaThread "Timer-146"                         [_thread_blocked, id=4016, stack(0x00000025c7e00000,0x00000025c7f00000) (1024K)]
  0x000001ec38730b80 JavaThread "Timer-147"                         [_thread_blocked, id=14124, stack(0x00000025c7f00000,0x00000025c8000000) (1024K)]
  0x000001ec38734690 JavaThread "Timer-148"                         [_thread_blocked, id=29248, stack(0x00000025c8100000,0x00000025c8200000) (1024K)]
  0x000001ec38731210 JavaThread "Timer-149"                         [_thread_blocked, id=8564, stack(0x00000025c7b00000,0x00000025c7c00000) (1024K)]
  0x000001ec387353b0 JavaThread "Timer-150"                         [_thread_blocked, id=24160, stack(0x00000025c8200000,0x00000025c8300000) (1024K)]
  0x000001ec38735a40 JavaThread "Timer-151"                         [_thread_blocked, id=20424, stack(0x00000025c8300000,0x00000025c8400000) (1024K)]
  0x000001ec38736df0 JavaThread "Worker-24: Initialize workspace"        [_thread_blocked, id=19152, stack(0x00000025bae00000,0x00000025baf00000) (1024K)]
  0x000001ec387360d0 JavaThread "Timer-152"                         [_thread_blocked, id=33532, stack(0x00000025c8700000,0x00000025c8800000) (1024K)]
  0x000001ec38736760 JavaThread "Timer-153"                         [_thread_blocked, id=21404, stack(0x00000025c8800000,0x00000025c8900000) (1024K)]
  0x000001ec38737480 JavaThread "Timer-154"                         [_thread_blocked, id=21916, stack(0x00000025c8a00000,0x00000025c8b00000) (1024K)]
  0x000001ec38737b10 JavaThread "Timer-155"                         [_thread_blocked, id=26744, stack(0x00000025c8900000,0x00000025c8a00000) (1024K)]
  0x000001ec387381a0 JavaThread "Timer-156"                         [_thread_blocked, id=21236, stack(0x00000025c8c00000,0x00000025c8d00000) (1024K)]
  0x000001ec38734d20 JavaThread "Timer-157"                         [_thread_blocked, id=12732, stack(0x00000025c8000000,0x00000025c8100000) (1024K)]
  0x000001ec3873af90 JavaThread "Timer-158"                         [_thread_blocked, id=6384, stack(0x00000025c8d00000,0x00000025c8e00000) (1024K)]
  0x000001ec38739550 JavaThread "Timer-159"                         [_thread_blocked, id=3140, stack(0x00000025c8b00000,0x00000025c8c00000) (1024K)]
  0x000001ec3873b620 JavaThread "Worker-25: Initialize workspace"        [_thread_blocked, id=29468, stack(0x00000025c8600000,0x00000025c8700000) (1024K)]
  0x000001ec3873a270 JavaThread "Timer-160"                         [_thread_blocked, id=28480, stack(0x00000025c8f00000,0x00000025c9000000) (1024K)]
  0x000001ec3873a900 JavaThread "Timer-161"                         [_thread_blocked, id=29816, stack(0x00000025c9000000,0x00000025c9100000) (1024K)]
  0x000001ec3873bcb0 JavaThread "Timer-162"                         [_thread_blocked, id=7176, stack(0x00000025c9200000,0x00000025c9300000) (1024K)]
  0x000001ec3873c340 JavaThread "Timer-163"                         [_thread_blocked, id=6972, stack(0x00000025c9100000,0x00000025c9200000) (1024K)]
  0x000001ec38738ec0 JavaThread "Timer-164"                         [_thread_blocked, id=19224, stack(0x00000025c9400000,0x00000025c9500000) (1024K)]
  0x000001ec3873e410 JavaThread "Timer-165"                         [_thread_blocked, id=26860, stack(0x00000025c9300000,0x00000025c9400000) (1024K)]
  0x000001ec3873eaa0 JavaThread "Timer-166"                         [_thread_blocked, id=20352, stack(0x00000025c9600000,0x00000025c9700000) (1024K)]
  0x000001ec3873c9d0 JavaThread "Timer-167"                         [_thread_blocked, id=31780, stack(0x00000025c9500000,0x00000025c9600000) (1024K)]
  0x000001ec3873d6f0 JavaThread "Worker-26: Initialize workspace"        [_thread_blocked, id=32896, stack(0x00000025c9700000,0x00000025c9800000) (1024K)]
  0x000001ec3873f7c0 JavaThread "Timer-168"                         [_thread_blocked, id=28360, stack(0x00000025c9900000,0x00000025c9a00000) (1024K)]
  0x000001ec3873f130 JavaThread "Timer-169"                         [_thread_blocked, id=28896, stack(0x00000025c9a00000,0x00000025c9b00000) (1024K)]
  0x000001ec3785b2c0 JavaThread "Timer-170"                         [_thread_blocked, id=24596, stack(0x00000025c9c00000,0x00000025c9d00000) (1024K)]
  0x000001ec4623abd0 JavaThread "Timer-171"                         [_thread_blocked, id=14608, stack(0x00000025c9b00000,0x00000025c9c00000) (1024K)]
  0x000001ec46239820 JavaThread "Timer-172"                         [_thread_blocked, id=10220, stack(0x00000025c9e00000,0x00000025c9f00000) (1024K)]
  0x000001ec46239eb0 JavaThread "Timer-173"                         [_thread_blocked, id=22408, stack(0x00000025c8e00000,0x00000025c8f00000) (1024K)]
  0x000001ec46238b00 JavaThread "Timer-174"                         [_thread_blocked, id=2148, stack(0x00000025c9f00000,0x00000025ca000000) (1024K)]
  0x000001ec46239190 JavaThread "Timer-175"                         [_thread_blocked, id=31512, stack(0x00000025c9d00000,0x00000025c9e00000) (1024K)]
  0x000001ec4623a540 JavaThread "Worker-27: Initialize workspace"        [_thread_blocked, id=23604, stack(0x00000025c9800000,0x00000025c9900000) (1024K)]
  0x000001ec4623b260 JavaThread "Timer-176"                         [_thread_blocked, id=27812, stack(0x00000025ca100000,0x00000025ca200000) (1024K)]
  0x000001ec46237de0 JavaThread "Timer-177"                         [_thread_blocked, id=29900, stack(0x00000025ca200000,0x00000025ca300000) (1024K)]
  0x000001ec4623b8f0 JavaThread "Timer-178"                         [_thread_blocked, id=6584, stack(0x00000025ca400000,0x00000025ca500000) (1024K)]
  0x000001ec46238470 JavaThread "Timer-179"                         [_thread_blocked, id=19500, stack(0x00000025ca300000,0x00000025ca400000) (1024K)]
  0x000001ec4623ed70 JavaThread "Timer-180"                         [_thread_blocked, id=14396, stack(0x00000025ca600000,0x00000025ca700000) (1024K)]
  0x000001ec4623e050 JavaThread "Timer-181"                         [_thread_blocked, id=6956, stack(0x00000025ca500000,0x00000025ca600000) (1024K)]
  0x000001ec4623d330 JavaThread "Timer-182"                         [_thread_blocked, id=27344, stack(0x00000025ca800000,0x00000025ca900000) (1024K)]
  0x000001ec4623f400 JavaThread "Timer-183"                         [_thread_blocked, id=11748, stack(0x00000025ca700000,0x00000025ca800000) (1024K)]
  0x000001ec46237750 JavaThread "Worker-28: Initialize workspace"        [_thread_blocked, id=16356, stack(0x00000025ca000000,0x00000025ca100000) (1024K)]
  0x000001ec4623cca0 JavaThread "Timer-184"                         [_thread_blocked, id=10644, stack(0x00000025caa00000,0x00000025cab00000) (1024K)]
  0x000001ec4623e6e0 JavaThread "Timer-185"                         [_thread_blocked, id=3944, stack(0x00000025cab00000,0x00000025cac00000) (1024K)]
  0x000001ec4623fa90 JavaThread "Timer-186"                         [_thread_blocked, id=18776, stack(0x00000025cad00000,0x00000025cae00000) (1024K)]
  0x000001ec4623d9c0 JavaThread "Timer-187"                         [_thread_blocked, id=1348, stack(0x00000025cac00000,0x00000025cad00000) (1024K)]
  0x000001ec4623c610 JavaThread "Timer-188"                         [_thread_blocked, id=3608, stack(0x00000025caf00000,0x00000025cb000000) (1024K)]
  0x000001ec462435a0 JavaThread "Timer-189"                         [_thread_blocked, id=21548, stack(0x00000025cae00000,0x00000025caf00000) (1024K)]
  0x000001ec46240120 JavaThread "Timer-190"                         [_thread_blocked, id=33144, stack(0x00000025cb100000,0x00000025cb200000) (1024K)]
  0x000001ec462414d0 JavaThread "Timer-191"                         [_thread_blocked, id=27668, stack(0x00000025cb000000,0x00000025cb100000) (1024K)]
  0x000001ec4623bf80 JavaThread "Worker-29: Initialize workspace"        [_thread_blocked, id=26868, stack(0x00000025ca900000,0x00000025caa00000) (1024K)]
  0x000001ec46240e40 JavaThread "Timer-192"                         [_thread_blocked, id=3716, stack(0x00000025cb300000,0x00000025cb400000) (1024K)]
  0x000001ec462407b0 JavaThread "Timer-193"                         [_thread_blocked, id=3556, stack(0x00000025cb400000,0x00000025cb500000) (1024K)]
  0x000001ec46244950 JavaThread "Timer-194"                         [_thread_blocked, id=27760, stack(0x00000025cb600000,0x00000025cb700000) (1024K)]
  0x000001ec46241b60 JavaThread "Timer-195"                         [_thread_blocked, id=19976, stack(0x00000025cb500000,0x00000025cb600000) (1024K)]
  0x000001ec462442c0 JavaThread "Timer-196"                         [_thread_blocked, id=13224, stack(0x00000025cb800000,0x00000025cb900000) (1024K)]
  0x000001ec46244fe0 JavaThread "Timer-197"                         [_thread_blocked, id=20320, stack(0x00000025cb700000,0x00000025cb800000) (1024K)]
  0x000001ec46245670 JavaThread "Timer-198"                         [_thread_blocked, id=26636, stack(0x00000025cba00000,0x00000025cbb00000) (1024K)]
  0x000001ec462421f0 JavaThread "Timer-199"                         [_thread_blocked, id=25280, stack(0x00000025cb900000,0x00000025cba00000) (1024K)]
  0x000001ec46245d00 JavaThread "Worker-30: Initialize workspace"        [_thread_blocked, id=32044, stack(0x00000025cb200000,0x00000025cb300000) (1024K)]
  0x000001ec46242f10 JavaThread "Timer-200"                         [_thread_blocked, id=8440, stack(0x00000025cbc00000,0x00000025cbd00000) (1024K)]
  0x000001ec46246a20 JavaThread "Timer-201"                         [_thread_blocked, id=11608, stack(0x00000025cbd00000,0x00000025cbe00000) (1024K)]
  0x000001ec3873dd80 JavaThread "Timer-202"                         [_thread_blocked, id=2532, stack(0x00000025cbf00000,0x00000025cc000000) (1024K)]
  0x000001ec4704c410 JavaThread "Timer-203"                         [_thread_blocked, id=22192, stack(0x00000025cbe00000,0x00000025cbf00000) (1024K)]
  0x000001ec4704b060 JavaThread "Timer-204"                         [_thread_blocked, id=20852, stack(0x00000025cc100000,0x00000025cc200000) (1024K)]
  0x000001ec4704e4e0 JavaThread "Timer-205"                         [_thread_blocked, id=23884, stack(0x00000025cc000000,0x00000025cc100000) (1024K)]
  0x000001ec4704bd80 JavaThread "Timer-206"                         [_thread_blocked, id=30840, stack(0x00000025cc300000,0x00000025cc400000) (1024K)]
  0x000001ec4704eb70 JavaThread "Timer-207"                         [_thread_blocked, id=15432, stack(0x00000025cc200000,0x00000025cc300000) (1024K)]
  0x000001ec4704caa0 JavaThread "Worker-31: Initialize workspace"        [_thread_blocked, id=13412, stack(0x00000025cbb00000,0x00000025cbc00000) (1024K)]
  0x000001ec4704d7c0 JavaThread "Timer-208"                         [_thread_blocked, id=15496, stack(0x00000025cc500000,0x00000025cc600000) (1024K)]
  0x000001ec4704de50 JavaThread "Timer-209"                         [_thread_blocked, id=32056, stack(0x00000025cc600000,0x00000025cc700000) (1024K)]
  0x000001ec4704b6f0 JavaThread "Timer-210"                         [_thread_blocked, id=16164, stack(0x00000025cc800000,0x00000025cc900000) (1024K)]
  0x000001ec47050c40 JavaThread "Timer-211"                         [_thread_blocked, id=19300, stack(0x00000025cc700000,0x00000025cc800000) (1024K)]
  0x000001ec47052680 JavaThread "Timer-212"                         [_thread_blocked, id=13460, stack(0x00000025cca00000,0x00000025ccb00000) (1024K)]
  0x000001ec4704ff20 JavaThread "Timer-213"                         [_thread_blocked, id=31036, stack(0x00000025cc900000,0x00000025cca00000) (1024K)]
  0x000001ec470512d0 JavaThread "Timer-214"                         [_thread_blocked, id=12992, stack(0x00000025ccc00000,0x00000025ccd00000) (1024K)]
  0x000001ec470505b0 JavaThread "Timer-215"                         [_thread_blocked, id=28332, stack(0x00000025ccb00000,0x00000025ccc00000) (1024K)]
  0x000001ec4704f200 JavaThread "Worker-32: Initialize workspace"        [_thread_blocked, id=19352, stack(0x00000025cc400000,0x00000025cc500000) (1024K)]
  0x000001ec4704d130 JavaThread "Timer-216"                         [_thread_blocked, id=6568, stack(0x00000025cce00000,0x00000025ccf00000) (1024K)]
  0x000001ec47053a30 JavaThread "Timer-217"                         [_thread_blocked, id=19956, stack(0x00000025ccf00000,0x00000025cd000000) (1024K)]
  0x000001ec47051960 JavaThread "Timer-218"                         [_thread_blocked, id=20504, stack(0x00000025cd100000,0x00000025cd200000) (1024K)]
  0x000001ec470540c0 JavaThread "Timer-219"                         [_thread_blocked, id=12908, stack(0x00000025cd000000,0x00000025cd100000) (1024K)]
  0x000001ec470533a0 JavaThread "Timer-220"                         [_thread_blocked, id=4192, stack(0x00000025cd300000,0x00000025cd400000) (1024K)]
  0x000001ec47054750 JavaThread "Timer-221"                         [_thread_blocked, id=29052, stack(0x00000025cd200000,0x00000025cd300000) (1024K)]
  0x000001ec47052d10 JavaThread "Timer-222"                         [_thread_blocked, id=14004, stack(0x00000025cd500000,0x00000025cd600000) (1024K)]
  0x000001ec47054de0 JavaThread "Timer-223"                         [_thread_blocked, id=23468, stack(0x00000025cd400000,0x00000025cd500000) (1024K)]
  0x000001ec47051ff0 JavaThread "Worker-33: Initialize workspace"        [_thread_blocked, id=25068, stack(0x00000025ccd00000,0x00000025cce00000) (1024K)]
  0x000001ec47056190 JavaThread "Timer-224"                         [_thread_blocked, id=29224, stack(0x00000025cd700000,0x00000025cd800000) (1024K)]
  0x000001ec47055b00 JavaThread "Timer-225"                         [_thread_blocked, id=16776, stack(0x00000025cd800000,0x00000025cd900000) (1024K)]
  0x000001ec47056820 JavaThread "Timer-226"                         [_thread_blocked, id=16196, stack(0x00000025cda00000,0x00000025cdb00000) (1024K)]
  0x000001ec47057bd0 JavaThread "Timer-227"                         [_thread_blocked, id=4684, stack(0x00000025cd900000,0x00000025cda00000) (1024K)]
  0x000001ec47056eb0 JavaThread "Timer-228"                         [_thread_blocked, id=22764, stack(0x00000025cdc00000,0x00000025cdd00000) (1024K)]
  0x000001ec470588f0 JavaThread "Timer-229"                         [_thread_blocked, id=11484, stack(0x00000025cdb00000,0x00000025cdc00000) (1024K)]
  0x000001ec47057540 JavaThread "Timer-230"                         [_thread_blocked, id=33288, stack(0x00000025cde00000,0x00000025cdf00000) (1024K)]
  0x000001ec47058260 JavaThread "Timer-231"                         [_thread_blocked, id=20020, stack(0x00000025cdd00000,0x00000025cde00000) (1024K)]
  0x000001ec4704f890 JavaThread "Worker-34: Initialize workspace"        [_thread_blocked, id=17748, stack(0x00000025cd600000,0x00000025cd700000) (1024K)]
  0x000001ec4705b050 JavaThread "Timer-232"                         [_thread_blocked, id=11360, stack(0x00000025ce000000,0x00000025ce100000) (1024K)]
  0x000001ec4705a9c0 JavaThread "Timer-233"                         [_thread_blocked, id=14528, stack(0x00000025ce100000,0x00000025ce200000) (1024K)]
  0x000001ec4705a330 JavaThread "Timer-234"                         [_thread_blocked, id=3816, stack(0x00000025ce300000,0x00000025ce400000) (1024K)]
  0x000001ec4705bd70 JavaThread "Timer-235"                         [_thread_blocked, id=14604, stack(0x00000025ce200000,0x00000025ce300000) (1024K)]
  0x000001ec4705b6e0 JavaThread "Timer-236"                         [_thread_blocked, id=18172, stack(0x00000025ce500000,0x00000025ce600000) (1024K)]
  0x000001ec4705c400 JavaThread "Timer-237"                         [_thread_blocked, id=15868, stack(0x00000025ce400000,0x00000025ce500000) (1024K)]
  0x000001ec47058f80 JavaThread "Timer-238"                         [_thread_blocked, id=10968, stack(0x00000025ce700000,0x00000025ce800000) (1024K)]
  0x000001ec4705ca90 JavaThread "Timer-239"                         [_thread_blocked, id=25116, stack(0x00000025ce600000,0x00000025ce700000) (1024K)]
  0x000001ec47055470 JavaThread "Worker-35: Initialize workspace"        [_thread_blocked, id=26576, stack(0x00000025cdf00000,0x00000025ce000000) (1024K)]
  0x000001ec4705d120 JavaThread "Timer-240"                         [_thread_blocked, id=33128, stack(0x00000025ce900000,0x00000025cea00000) (1024K)]
  0x000001ec47059ca0 JavaThread "Timer-241"                         [_thread_blocked, id=9780, stack(0x00000025cea00000,0x00000025ceb00000) (1024K)]
  0x000001ec4705d7b0 JavaThread "Timer-242"                         [_thread_blocked, id=13444, stack(0x00000025ceb00000,0x00000025cec00000) (1024K)]
  0x000001ec4705e4d0 JavaThread "Timer-243"                         [_thread_blocked, id=32968, stack(0x00000025cec00000,0x00000025ced00000) (1024K)]
  0x000001ec4705eb60 JavaThread "Timer-244"                         [_thread_blocked, id=19280, stack(0x00000025cee00000,0x00000025cef00000) (1024K)]
  0x000001ec4705f1f0 JavaThread "Timer-245"                         [_thread_blocked, id=27408, stack(0x00000025ced00000,0x00000025cee00000) (1024K)]
  0x000001ec470605a0 JavaThread "Timer-246"                         [_thread_blocked, id=27960, stack(0x00000025cf000000,0x00000025cf100000) (1024K)]
  0x000001ec4705f880 JavaThread "Timer-247"                         [_thread_blocked, id=5312, stack(0x00000025cef00000,0x00000025cf000000) (1024K)]
  0x000001ec47059610 JavaThread "Worker-36: Initialize workspace"        [_thread_blocked, id=31168, stack(0x00000025ce800000,0x00000025ce900000) (1024K)]
  0x000001ec4705ff10 JavaThread "Timer-248"                         [_thread_blocked, id=29048, stack(0x00000025cf200000,0x00000025cf300000) (1024K)]
  0x000001ec47060c30 JavaThread "Timer-249"                         [_thread_blocked, id=12848, stack(0x00000025cf300000,0x00000025cf400000) (1024K)]
  0x000001ec4705de40 JavaThread "Timer-250"                         [_thread_blocked, id=5396, stack(0x00000025cf500000,0x00000025cf600000) (1024K)]
  0x000001ec47062d00 JavaThread "Timer-251"                         [_thread_blocked, id=19904, stack(0x00000025cf400000,0x00000025cf500000) (1024K)]
  0x000001ec47061fe0 JavaThread "Timer-252"                         [_thread_blocked, id=22760, stack(0x00000025cf700000,0x00000025cf800000) (1024K)]
  0x000001ec47062670 JavaThread "Timer-253"                         [_thread_blocked, id=18108, stack(0x00000025cf600000,0x00000025cf700000) (1024K)]
  0x000001ec470640b0 JavaThread "Timer-254"                         [_thread_blocked, id=16624, stack(0x00000025cf900000,0x00000025cfa00000) (1024K)]
  0x000001ec47064740 JavaThread "Timer-255"                         [_thread_blocked, id=27364, stack(0x00000025cf800000,0x00000025cf900000) (1024K)]
  0x000001ec470612c0 JavaThread "Worker-37: Initialize workspace"        [_thread_blocked, id=24960, stack(0x00000025cf100000,0x00000025cf200000) (1024K)]
  0x000001ec47063390 JavaThread "Timer-256"                         [_thread_blocked, id=32544, stack(0x00000025cfb00000,0x00000025cfc00000) (1024K)]
  0x000001ec47061950 JavaThread "Timer-257"                         [_thread_blocked, id=10868, stack(0x00000025cfc00000,0x00000025cfd00000) (1024K)]
  0x000001ec47063a20 JavaThread "Timer-258"                         [_thread_blocked, id=17456, stack(0x00000025cfd00000,0x00000025cfe00000) (1024K)]
  0x000001ec47066180 JavaThread "Timer-259"                         [_thread_blocked, id=18612, stack(0x00000025cfe00000,0x00000025cff00000) (1024K)]
  0x000001ec47068250 JavaThread "Timer-260"                         [_thread_blocked, id=33032, stack(0x00000025d0000000,0x00000025d0100000) (1024K)]
  0x000001ec47065af0 JavaThread "Timer-261"                         [_thread_blocked, id=5996, stack(0x00000025cff00000,0x00000025d0000000) (1024K)]
  0x000001ec47067bc0 JavaThread "Timer-262"                         [_thread_blocked, id=20836, stack(0x00000025d0200000,0x00000025d0300000) (1024K)]
  0x000001ec47066810 JavaThread "Timer-263"                         [_thread_blocked, id=28244, stack(0x00000025d0100000,0x00000025d0200000) (1024K)]
  0x000001ec47064dd0 JavaThread "Worker-38: Initialize workspace"        [_thread_blocked, id=33436, stack(0x00000025cfa00000,0x00000025cfb00000) (1024K)]
  0x000001ec47069c90 JavaThread "Timer-264"                         [_thread_blocked, id=30252, stack(0x00000025d0400000,0x00000025d0500000) (1024K)]
  0x000001ec4706a320 JavaThread "Timer-265"                         [_thread_blocked, id=20364, stack(0x00000025d0500000,0x00000025d0600000) (1024K)]
  0x000001ec47067530 JavaThread "Timer-266"                         [_thread_blocked, id=19688, stack(0x00000025d0600000,0x00000025d0700000) (1024K)]
  0x000001ec470688e0 JavaThread "Timer-267"                         [_thread_blocked, id=31324, stack(0x00000025d0700000,0x00000025d0800000) (1024K)]
  0x000001ec47066ea0 JavaThread "Timer-268"                         [_thread_blocked, id=18836, stack(0x00000025d0900000,0x00000025d0a00000) (1024K)]
  0x000001ec47068f70 JavaThread "Timer-269"                         [_thread_blocked, id=25096, stack(0x00000025d0800000,0x00000025d0900000) (1024K)]
  0x000001ec47069600 JavaThread "Timer-270"                         [_thread_blocked, id=18048, stack(0x00000025d0b00000,0x00000025d0c00000) (1024K)]
  0x000001ec46242880 JavaThread "Timer-271"                         [_thread_blocked, id=11276, stack(0x00000025d0a00000,0x00000025d0b00000) (1024K)]
  0x000001ec38dc37d0 JavaThread "Worker-39: Initialize workspace"        [_thread_blocked, id=30868, stack(0x00000025d0300000,0x00000025d0400000) (1024K)]
  0x000001ec3ad43270 JavaThread "Timer-272"                         [_thread_blocked, id=24252, stack(0x00000025d0d00000,0x00000025d0e00000) (1024K)]
  0x000001ec3ad41ec0 JavaThread "Timer-273"                         [_thread_blocked, id=9036, stack(0x00000025d0e00000,0x00000025d0f00000) (1024K)]
  0x000001ec3ad40480 JavaThread "Timer-274"                         [_thread_blocked, id=19460, stack(0x00000025d1000000,0x00000025d1100000) (1024K)]
  0x000001ec3ad3fdf0 JavaThread "Timer-275"                         [_thread_blocked, id=10736, stack(0x00000025d0f00000,0x00000025d1000000) (1024K)]
  0x000001ec3ad42550 JavaThread "Timer-276"                         [_thread_blocked, id=3288, stack(0x00000025d1200000,0x00000025d1300000) (1024K)]
  0x000001ec3ad43900 JavaThread "Timer-277"                         [_thread_blocked, id=3840, stack(0x00000025d1100000,0x00000025d1200000) (1024K)]
  0x000001ec3ad42be0 JavaThread "Timer-278"                         [_thread_blocked, id=30748, stack(0x00000025d1400000,0x00000025d1500000) (1024K)]
  0x000001ec3ad43f90 JavaThread "Timer-279"                         [_thread_blocked, id=27964, stack(0x00000025d1300000,0x00000025d1400000) (1024K)]
  0x000001ec3ad40b10 JavaThread "Worker-40: Initialize workspace"        [_thread_blocked, id=24940, stack(0x00000025d0c00000,0x00000025d0d00000) (1024K)]
  0x000001ec3ad411a0 JavaThread "Timer-280"                         [_thread_blocked, id=19856, stack(0x00000025d1600000,0x00000025d1700000) (1024K)]
  0x000001ec3ad44cb0 JavaThread "Timer-281"                         [_thread_blocked, id=16324, stack(0x00000025d1700000,0x00000025d1800000) (1024K)]
  0x000001ec3ad41830 JavaThread "Timer-282"                         [_thread_blocked, id=23984, stack(0x00000025d1900000,0x00000025d1a00000) (1024K)]
  0x000001ec3ad48130 JavaThread "Timer-283"                         [_thread_blocked, id=5404, stack(0x00000025d1800000,0x00000025d1900000) (1024K)]
  0x000001ec3ad47410 JavaThread "Timer-284"                         [_thread_blocked, id=23968, stack(0x00000025d1b00000,0x00000025d1c00000) (1024K)]
  0x000001ec3ad47aa0 JavaThread "Timer-285"                         [_thread_blocked, id=31860, stack(0x00000025d1a00000,0x00000025d1b00000) (1024K)]
  0x000001ec3ad46d80 JavaThread "Timer-286"                         [_thread_blocked, id=32412, stack(0x00000025d1d00000,0x00000025d1e00000) (1024K)]
  0x000001ec3ad487c0 JavaThread "Timer-287"                         [_thread_blocked, id=23652, stack(0x00000025d1c00000,0x00000025d1d00000) (1024K)]
  0x000001ec3ad44620 JavaThread "Worker-41: Initialize workspace"        [_thread_blocked, id=24812, stack(0x00000025d1500000,0x00000025d1600000) (1024K)]
  0x000001ec3ad48e50 JavaThread "Timer-288"                         [_thread_blocked, id=24384, stack(0x00000025d2000000,0x00000025d2100000) (1024K)]
  0x000001ec3ad459d0 JavaThread "Timer-289"                         [_thread_blocked, id=8584, stack(0x00000025d2100000,0x00000025d2200000) (1024K)]
  0x000001ec3ad494e0 JavaThread "Timer-290"                         [_thread_blocked, id=19724, stack(0x00000025d2200000,0x00000025d2300000) (1024K)]
  0x000001ec3ad46060 JavaThread "Timer-291"                         [_thread_blocked, id=9448, stack(0x00000025d2300000,0x00000025d2400000) (1024K)]
  0x000001ec3ad49b70 JavaThread "Timer-292"                         [_thread_blocked, id=14536, stack(0x00000025d2500000,0x00000025d2600000) (1024K)]
  0x000001ec3ad466f0 JavaThread "Timer-293"                         [_thread_blocked, id=4248, stack(0x00000025ba900000,0x00000025baa00000) (1024K)]
  0x000001ec3ad4a200 JavaThread "Timer-294"                         [_thread_blocked, id=15292, stack(0x00000025d1e00000,0x00000025d1f00000) (1024K)]
  0x000001ec3ad4cff0 JavaThread "Timer-295"                         [_thread_blocked, id=3712, stack(0x00000025bf000000,0x00000025bf100000) (1024K)]
  0x000001ec3ad45340 JavaThread "Worker-42: Initialize workspace"        [_thread_blocked, id=32692, stack(0x00000025d1f00000,0x00000025d2000000) (1024K)]
  0x000001ec3ad4d680 JavaThread "Timer-296"                         [_thread_blocked, id=31316, stack(0x00000025d2600000,0x00000025d2700000) (1024K)]
  0x000001ec3ad4b5b0 JavaThread "Timer-297"                         [_thread_blocked, id=9808, stack(0x00000025d2700000,0x00000025d2800000) (1024K)]
  0x000001ec3ad4bc40 JavaThread "Timer-298"                         [_thread_blocked, id=3096, stack(0x00000025d2900000,0x00000025d2a00000) (1024K)]
  0x000001ec3ad4c2d0 JavaThread "Timer-299"                         [_thread_blocked, id=10260, stack(0x00000025d2800000,0x00000025d2900000) (1024K)]
  0x000001ec3ad4af20 JavaThread "Timer-300"                         [_thread_blocked, id=31068, stack(0x00000025d2b00000,0x00000025d2c00000) (1024K)]
  0x000001ec3ad4c960 JavaThread "Timer-301"                         [_thread_blocked, id=29020, stack(0x00000025d2a00000,0x00000025d2b00000) (1024K)]
  0x000001ec3ad4a890 JavaThread "Timer-302"                         [_thread_blocked, id=19108, stack(0x00000025d2d00000,0x00000025d2e00000) (1024K)]
  0x000001ec3ad50470 JavaThread "Timer-303"                         [_thread_blocked, id=23040, stack(0x00000025d2c00000,0x00000025d2d00000) (1024K)]
  0x000001ec3ad50b00 JavaThread "Worker-43: Initialize workspace"        [_thread_blocked, id=9460, stack(0x00000025d2400000,0x00000025d2500000) (1024K)]
  0x000001ec3ad4e3a0 JavaThread "Timer-304"                         [_thread_blocked, id=33772, stack(0x00000025d2f00000,0x00000025d3000000) (1024K)]
  0x000001ec3ad4f750 JavaThread "Timer-305"                         [_thread_blocked, id=18744, stack(0x00000025d3000000,0x00000025d3100000) (1024K)]
  0x000001ec3ad4fde0 JavaThread "Timer-306"                         [_thread_blocked, id=23064, stack(0x00000025d3100000,0x00000025d3200000) (1024K)]
  0x000001ec3ad4dd10 JavaThread "Timer-307"                         [_thread_blocked, id=21028, stack(0x00000025d3200000,0x00000025d3300000) (1024K)]
  0x000001ec3ad51eb0 JavaThread "Timer-308"                         [_thread_blocked, id=25472, stack(0x00000025d3400000,0x00000025d3500000) (1024K)]
  0x000001ec3ad51190 JavaThread "Timer-309"                         [_thread_blocked, id=29996, stack(0x00000025d3300000,0x00000025d3400000) (1024K)]
  0x000001ec3ad51820 JavaThread "Timer-310"                         [_thread_blocked, id=22300, stack(0x00000025d3600000,0x00000025d3700000) (1024K)]
  0x000001ec3ad4ea30 JavaThread "Timer-311"                         [_thread_blocked, id=26648, stack(0x00000025d3500000,0x00000025d3600000) (1024K)]
  0x000001ec3ad52540 JavaThread "Worker-44: Initialize workspace"        [_thread_blocked, id=17744, stack(0x00000025d2e00000,0x00000025d2f00000) (1024K)]
  0x000001ec3ad538f0 JavaThread "Timer-312"                         [_thread_blocked, id=27176, stack(0x00000025d3800000,0x00000025d3900000) (1024K)]
  0x000001ec3ad54ca0 JavaThread "Timer-313"                         [_thread_blocked, id=24672, stack(0x00000025d3900000,0x00000025d3a00000) (1024K)]
  0x000001ec3ad54610 JavaThread "Timer-314"                         [_thread_blocked, id=32820, stack(0x00000025d3b00000,0x00000025d3c00000) (1024K)]
  0x000001ec3ad52bd0 JavaThread "Timer-315"                         [_thread_blocked, id=7728, stack(0x00000025d3a00000,0x00000025d3b00000) (1024K)]
  0x000001ec3ad55330 JavaThread "Timer-316"                         [_thread_blocked, id=25016, stack(0x00000025d3d00000,0x00000025d3e00000) (1024K)]
  0x000001ec3ad559c0 JavaThread "Timer-317"                         [_thread_blocked, id=6696, stack(0x00000025d3c00000,0x00000025d3d00000) (1024K)]
  0x000001ec3ad56050 JavaThread "Timer-318"                         [_thread_blocked, id=33388, stack(0x00000025d3f00000,0x00000025d4000000) (1024K)]
  0x000001ec3ad566e0 JavaThread "Timer-319"                         [_thread_blocked, id=9324, stack(0x00000025d3e00000,0x00000025d3f00000) (1024K)]
  0x000001ec3ad4f0c0 JavaThread "Worker-45: Initialize workspace"        [_thread_blocked, id=9628, stack(0x00000025d3700000,0x00000025d3800000) (1024K)]
  0x000001ec3ad56d70 JavaThread "Timer-320"                         [_thread_blocked, id=19860, stack(0x00000025d4100000,0x00000025d4200000) (1024K)]
  0x000001ec3ad57400 JavaThread "Timer-321"                         [_thread_blocked, id=19148, stack(0x00000025d4200000,0x00000025d4300000) (1024K)]
  0x000001ec3ad53f80 JavaThread "Timer-322"                         [_thread_blocked, id=20956, stack(0x00000025d4400000,0x00000025d4500000) (1024K)]
  0x000001ec3ad58e40 JavaThread "Timer-323"                         [_thread_blocked, id=31544, stack(0x00000025d4300000,0x00000025d4400000) (1024K)]
  0x000001ec3ad594d0 JavaThread "Timer-324"                         [_thread_blocked, id=28376, stack(0x00000025d4600000,0x00000025d4700000) (1024K)]
  0x000001ec3ad57a90 JavaThread "Timer-325"                         [_thread_blocked, id=4384, stack(0x00000025d4500000,0x00000025d4600000) (1024K)]
  0x000001ec3ad587b0 JavaThread "Timer-326"                         [_thread_blocked, id=14736, stack(0x00000025d4800000,0x00000025d4900000) (1024K)]
  0x000001ec3ad58120 JavaThread "Timer-327"                         [_thread_blocked, id=256, stack(0x00000025d4700000,0x00000025d4800000) (1024K)]
  0x000001ec3ad5c950 JavaThread "Timer-328"                         [_thread_blocked, id=26788, stack(0x00000025d4a00000,0x00000025d4b00000) (1024K)]
  0x000001ec3ad5c2c0 JavaThread "Timer-329"                         [_thread_blocked, id=5492, stack(0x00000025d4b00000,0x00000025d4c00000) (1024K)]
  0x000001ec3ad5b5a0 JavaThread "Timer-330"                         [_thread_blocked, id=18672, stack(0x00000025d4d00000,0x00000025d4e00000) (1024K)]
  0x000001ec3ad5d670 JavaThread "Timer-331"                         [_thread_blocked, id=20632, stack(0x00000025d4c00000,0x00000025d4d00000) (1024K)]
  0x000001ec3ad5cfe0 JavaThread "Timer-332"                         [_thread_blocked, id=19268, stack(0x00000025d4f00000,0x00000025d5000000) (1024K)]
  0x000001ec3ad5a1f0 JavaThread "Timer-333"                         [_thread_blocked, id=21616, stack(0x00000025d4e00000,0x00000025d4f00000) (1024K)]
  0x000001ec3ad5dd00 JavaThread "Timer-334"                         [_thread_blocked, id=18596, stack(0x00000025d5100000,0x00000025d5200000) (1024K)]
  0x000001ec3ad5a880 JavaThread "Timer-335"                         [_thread_blocked, id=772, stack(0x00000025d5000000,0x00000025d5100000) (1024K)]
  0x000001ec3ad59b60 JavaThread "Worker-47: Initialize workspace"        [_thread_blocked, id=2816, stack(0x00000025d4900000,0x00000025d4a00000) (1024K)]
  0x000001ec3ad5e390 JavaThread "Timer-336"                         [_thread_blocked, id=32780, stack(0x00000025d5300000,0x00000025d5400000) (1024K)]
  0x000001ec3ad5ea20 JavaThread "Timer-337"                         [_thread_blocked, id=31596, stack(0x00000025d5400000,0x00000025d5500000) (1024K)]
  0x000001ec3ad5bc30 JavaThread "Timer-338"                         [_thread_blocked, id=24692, stack(0x00000025d5500000,0x00000025d5600000) (1024K)]
  0x000001ec47065460 JavaThread "Timer-339"                         [_thread_blocked, id=32596, stack(0x00000025d5600000,0x00000025d5700000) (1024K)]
  0x000001ec38bc8390 JavaThread "Timer-340"                         [_thread_blocked, id=23172, stack(0x00000025d5800000,0x00000025d5900000) (1024K)]
  0x000001ec3784fb00 JavaThread "Timer-341"                         [_thread_blocked, id=17444, stack(0x00000025d5700000,0x00000025d5800000) (1024K)]
  0x000001ec463c6d10 JavaThread "Timer-342"                         [_thread_blocked, id=4204, stack(0x00000025d5a00000,0x00000025d5b00000) (1024K)]
  0x000001ec3aaf4f50 JavaThread "Timer-343"                         [_thread_blocked, id=20100, stack(0x00000025d5900000,0x00000025d5a00000) (1024K)]
  0x000001ec3aaf27f0 JavaThread "Worker-48: Initialize workspace"        [_thread_blocked, id=22016, stack(0x00000025d5200000,0x00000025d5300000) (1024K)]
  0x000001ec3aaf1ad0 JavaThread "Timer-344"                         [_thread_blocked, id=16760, stack(0x00000025d5c00000,0x00000025d5d00000) (1024K)]
  0x000001ec3aaf2160 JavaThread "Timer-345"                         [_thread_blocked, id=28564, stack(0x00000025d5d00000,0x00000025d5e00000) (1024K)]
  0x000001ec3aaf3510 JavaThread "Timer-346"                         [_thread_blocked, id=13176, stack(0x00000025d5f00000,0x00000025d6000000) (1024K)]
  0x000001ec3aaf2e80 JavaThread "Timer-347"                         [_thread_blocked, id=3120, stack(0x00000025d5e00000,0x00000025d5f00000) (1024K)]
  0x000001ec3aaf6990 JavaThread "Timer-348"                         [_thread_blocked, id=33420, stack(0x00000025d6100000,0x00000025d6200000) (1024K)]
  0x000001ec3aaf3ba0 JavaThread "Timer-349"                         [_thread_blocked, id=31144, stack(0x00000025d6000000,0x00000025d6100000) (1024K)]
  0x000001ec3aaf55e0 JavaThread "Timer-350"                         [_thread_blocked, id=26364, stack(0x00000025d6300000,0x00000025d6400000) (1024K)]
  0x000001ec3aaf5c70 JavaThread "Timer-351"                         [_thread_blocked, id=22232, stack(0x00000025d6200000,0x00000025d6300000) (1024K)]
  0x000001ec3aaf6300 JavaThread "Worker-49: Initialize workspace"        [_thread_blocked, id=32372, stack(0x00000025d5b00000,0x00000025d5c00000) (1024K)]
  0x000001ec3aaf4230 JavaThread "Worker-50: Initialize workspace"        [_thread_blocked, id=13616, stack(0x00000025d6400000,0x00000025d6500000) (1024K)]
  0x000001ec3aada4c0 JavaThread "Timer-352"                         [_thread_blocked, id=33320, stack(0x00000025d6600000,0x00000025d6700000) (1024K)]
  0x000001ec3aadab50 JavaThread "Timer-353"                         [_thread_blocked, id=14616, stack(0x00000025d6700000,0x00000025d6800000) (1024K)]
  0x000001ec3aad9e30 JavaThread "Timer-354"                         [_thread_blocked, id=2372, stack(0x00000025d6900000,0x00000025d6a00000) (1024K)]
  0x000001ec3aad76d0 JavaThread "Timer-355"                         [_thread_blocked, id=17844, stack(0x00000025d6800000,0x00000025d6900000) (1024K)]
  0x000001ec3aad9110 JavaThread "Timer-356"                         [_thread_blocked, id=31300, stack(0x00000025d6b00000,0x00000025d6c00000) (1024K)]
  0x000001ec3aad97a0 JavaThread "Timer-357"                         [_thread_blocked, id=30836, stack(0x00000025d6a00000,0x00000025d6b00000) (1024K)]
  0x000001ec3aadb1e0 JavaThread "Timer-358"                         [_thread_blocked, id=3768, stack(0x00000025d6d00000,0x00000025d6e00000) (1024K)]
  0x000001ec3aad7d60 JavaThread "Timer-359"                         [_thread_blocked, id=23896, stack(0x00000025d6c00000,0x00000025d6d00000) (1024K)]
  0x000001ec3aadb870 JavaThread "Timer-360"                         [_thread_blocked, id=20768, stack(0x00000025d6e00000,0x00000025d6f00000) (1024K)]
  0x000001ec3aad83f0 JavaThread "Timer-361"                         [_thread_blocked, id=31032, stack(0x00000025d6f00000,0x00000025d7000000) (1024K)]
  0x000001ec3aadbf00 JavaThread "Timer-362"                         [_thread_blocked, id=6592, stack(0x00000025d7000000,0x00000025d7100000) (1024K)]
  0x000001ec3aad8a80 JavaThread "Timer-363"                         [_thread_blocked, id=2544, stack(0x00000025d7100000,0x00000025d7200000) (1024K)]
  0x000001ec3aade660 JavaThread "Timer-364"                         [_thread_blocked, id=2192, stack(0x00000025d7300000,0x00000025d7400000) (1024K)]
  0x000001ec3aaddfd0 JavaThread "Timer-365"                         [_thread_blocked, id=26900, stack(0x00000025d7200000,0x00000025d7300000) (1024K)]
  0x000001ec3aadcc20 JavaThread "Timer-366"                         [_thread_blocked, id=10152, stack(0x00000025d7500000,0x00000025d7600000) (1024K)]
  0x000001ec3aadecf0 JavaThread "Timer-367"                         [_thread_blocked, id=23328, stack(0x00000025d7400000,0x00000025d7500000) (1024K)]
  0x000001ec3aaf48c0 JavaThread "Worker-51: Initialize workspace"        [_thread_blocked, id=25624, stack(0x00000025d6500000,0x00000025d6600000) (1024K)]
  0x000001ec3aadd2b0 JavaThread "Timer-368"                         [_thread_blocked, id=28124, stack(0x00000025d7700000,0x00000025d7800000) (1024K)]
  0x000001ec3aadfa10 JavaThread "Timer-369"                         [_thread_blocked, id=32752, stack(0x00000025d7800000,0x00000025d7900000) (1024K)]
  0x000001ec3aadc590 JavaThread "Timer-370"                         [_thread_blocked, id=28508, stack(0x00000025d7a00000,0x00000025d7b00000) (1024K)]
  0x000001ec3aae00a0 JavaThread "Timer-371"                         [_thread_blocked, id=6800, stack(0x00000025d7900000,0x00000025d7a00000) (1024K)]
  0x000001ec3aadd940 JavaThread "Timer-372"                         [_thread_blocked, id=26208, stack(0x00000025d7c00000,0x00000025d7d00000) (1024K)]
  0x000001ec3aae3bb0 JavaThread "Timer-373"                         [_thread_blocked, id=32084, stack(0x00000025d7b00000,0x00000025d7c00000) (1024K)]
  0x000001ec3aae1450 JavaThread "Timer-374"                         [_thread_blocked, id=15320, stack(0x00000025d7e00000,0x00000025d7f00000) (1024K)]
  0x000001ec3aae3520 JavaThread "Timer-375"                         [_thread_blocked, id=14972, stack(0x00000025d7d00000,0x00000025d7e00000) (1024K)]
  0x000001ec3aae2170 JavaThread "Timer-376"                         [_thread_blocked, id=10192, stack(0x00000025d8000000,0x00000025d8100000) (1024K)]
  0x000001ec3aae2800 JavaThread "Timer-377"                         [_thread_blocked, id=33268, stack(0x00000025d8100000,0x00000025d8200000) (1024K)]
  0x000001ec3aae1ae0 JavaThread "Timer-378"                         [_thread_blocked, id=19436, stack(0x00000025d8300000,0x00000025d8400000) (1024K)]
  0x000001ec3aae0730 JavaThread "Timer-379"                         [_thread_blocked, id=24028, stack(0x00000025d8200000,0x00000025d8300000) (1024K)]
  0x000001ec3aae2e90 JavaThread "Timer-380"                         [_thread_blocked, id=22060, stack(0x00000025d8500000,0x00000025d8600000) (1024K)]
  0x000001ec3aae48d0 JavaThread "Timer-381"                         [_thread_blocked, id=9368, stack(0x00000025d8400000,0x00000025d8500000) (1024K)]
  0x000001ec3aae4f60 JavaThread "Timer-382"                         [_thread_blocked, id=2476, stack(0x00000025d8900000,0x00000025d8a00000) (1024K)]
  0x000001ec3aae5c80 JavaThread "Timer-383"                         [_thread_blocked, id=28240, stack(0x00000025d8800000,0x00000025d8900000) (1024K)]
  0x000001ec3aae4240 JavaThread "Worker-53: Initialize workspace"        [_thread_blocked, id=11336, stack(0x00000025d7f00000,0x00000025d8000000) (1024K)]
  0x000001ec3aae55f0 JavaThread "Timer-384"                         [_thread_blocked, id=9800, stack(0x00000025d8a00000,0x00000025d8b00000) (1024K)]
  0x000001ec3aae76c0 JavaThread "Timer-385"                         [_thread_blocked, id=15460, stack(0x00000025d8b00000,0x00000025d8c00000) (1024K)]
  0x000001ec3aae6310 JavaThread "Timer-386"                         [_thread_blocked, id=27952, stack(0x00000025d8d00000,0x00000025d8e00000) (1024K)]
  0x000001ec3aae7030 JavaThread "Timer-387"                         [_thread_blocked, id=25284, stack(0x00000025d8c00000,0x00000025d8d00000) (1024K)]
  0x000001ec3aae69a0 JavaThread "Timer-388"                         [_thread_blocked, id=27144, stack(0x00000025d8f00000,0x00000025d9000000) (1024K)]
  0x000001ec3aae9100 JavaThread "Timer-389"                         [_thread_blocked, id=5844, stack(0x00000025d8e00000,0x00000025d8f00000) (1024K)]
  0x000001ec3aae8a70 JavaThread "Timer-390"                         [_thread_blocked, id=31264, stack(0x00000025d9100000,0x00000025d9200000) (1024K)]
  0x000001ec3aae9790 JavaThread "Timer-391"                         [_thread_blocked, id=2156, stack(0x00000025d9000000,0x00000025d9100000) (1024K)]
  0x000001ec3aae9e20 JavaThread "Timer-392"                         [_thread_blocked, id=30676, stack(0x00000025d9200000,0x00000025d9300000) (1024K)]
  0x000001ec3aaeab40 JavaThread "Timer-393"                         [_thread_blocked, id=17928, stack(0x00000025d9300000,0x00000025d9400000) (1024K)]
  0x000001ec3aaeb1d0 JavaThread "Timer-394"                         [_thread_blocked, id=26216, stack(0x00000025d9400000,0x00000025d9500000) (1024K)]
  0x000001ec3aae7d50 JavaThread "Timer-395"                         [_thread_blocked, id=31148, stack(0x00000025d9500000,0x00000025d9600000) (1024K)]
  0x000001ec3aaeb860 JavaThread "Timer-396"                         [_thread_blocked, id=16252, stack(0x00000025d9700000,0x00000025d9800000) (1024K)]
  0x000001ec3aaea4b0 JavaThread "Timer-397"                         [_thread_blocked, id=12308, stack(0x00000025d9600000,0x00000025d9700000) (1024K)]
  0x000001ec3aae83e0 JavaThread "Timer-398"                         [_thread_blocked, id=28800, stack(0x00000025d9900000,0x00000025d9a00000) (1024K)]
  0x000001ec3aaecc10 JavaThread "Timer-399"                         [_thread_blocked, id=5980, stack(0x00000025d9a00000,0x00000025d9b00000) (1024K)]
  0x000001ec3aaeece0 JavaThread "Worker-76: Initialize workspace"        [_thread_blocked, id=11828, stack(0x00000025d9800000,0x00000025d9900000) (1024K)]
  0x000001ec3aaed930 JavaThread "Timer-400"                         [_thread_blocked, id=4920, stack(0x00000025d9b00000,0x00000025d9c00000) (1024K)]
  0x000001ec3aaed2a0 JavaThread "Timer-401"                         [_thread_blocked, id=25232, stack(0x00000025d9c00000,0x00000025d9d00000) (1024K)]
  0x000001ec3aaef370 JavaThread "Timer-402"                         [_thread_blocked, id=6844, stack(0x00000025d9d00000,0x00000025d9e00000) (1024K)]
  0x000001ec3aaedfc0 JavaThread "Timer-403"                         [_thread_blocked, id=25108, stack(0x00000025d9e00000,0x00000025d9f00000) (1024K)]
  0x000001ec3aaee650 JavaThread "Timer-404"                         [_thread_blocked, id=20944, stack(0x00000025da000000,0x00000025da100000) (1024K)]
  0x000001ec3aaebef0 JavaThread "Timer-405"                         [_thread_blocked, id=5052, stack(0x00000025d9f00000,0x00000025da000000) (1024K)]
  0x000001ec3aaefa00 JavaThread "Timer-406"                         [_thread_blocked, id=20172, stack(0x00000025da200000,0x00000025da300000) (1024K)]
  0x000001ec3aaf1440 JavaThread "Timer-407"                         [_thread_blocked, id=25212, stack(0x00000025da300000,0x00000025da400000) (1024K)]
  0x000001ec3aae0dc0 JavaThread "Worker-95: Initialize workspace"        [_thread_blocked, id=18388, stack(0x00000025d4000000,0x00000025d4100000) (1024K)]
  0x000001ec3aaf0090 JavaThread "Timer-408"                         [_thread_blocked, id=9028, stack(0x00000025da400000,0x00000025da500000) (1024K)]
  0x000001ec3aaf0720 JavaThread "Timer-409"                         [_thread_blocked, id=31428, stack(0x00000025da500000,0x00000025da600000) (1024K)]
  0x000001ec3aaf0db0 JavaThread "Timer-410"                         [_thread_blocked, id=9564, stack(0x00000025da700000,0x00000025da800000) (1024K)]
  0x000001ec3ad53260 JavaThread "Timer-411"                         [_thread_blocked, id=14572, stack(0x00000025da600000,0x00000025da700000) (1024K)]
  0x000001ec3ad5f0b0 JavaThread "Timer-412"                         [_thread_blocked, id=16068, stack(0x00000025da900000,0x00000025daa00000) (1024K)]
  0x000001ec3b06fb50 JavaThread "Timer-413"                         [_thread_blocked, id=33332, stack(0x00000025da800000,0x00000025da900000) (1024K)]
  0x000001ec3b06da80 JavaThread "Timer-414"                         [_thread_blocked, id=33080, stack(0x00000025dab00000,0x00000025dac00000) (1024K)]
  0x000001ec3b070870 JavaThread "Timer-415"                         [_thread_blocked, id=25528, stack(0x00000025dac00000,0x00000025dad00000) (1024K)]
  0x000001ec3b070f00 JavaThread "Worker-113: Initialize workspace"        [_thread_blocked, id=716, stack(0x00000025da100000,0x00000025da200000) (1024K)]
  0x000001ec3b071590 JavaThread "Timer-416"                         [_thread_blocked, id=32908, stack(0x00000025dad00000,0x00000025dae00000) (1024K)]
  0x000001ec3b0701e0 JavaThread "Timer-417"                         [_thread_blocked, id=11552, stack(0x00000025dae00000,0x00000025daf00000) (1024K)]
  0x000001ec3b071c20 JavaThread "Timer-418"                         [_thread_blocked, id=10756, stack(0x00000025db000000,0x00000025db100000) (1024K)]
  0x000001ec3b06e7a0 JavaThread "Timer-419"                         [_thread_blocked, id=22548, stack(0x00000025daf00000,0x00000025db000000) (1024K)]
  0x000001ec3b0750a0 JavaThread "Timer-420"                         [_thread_blocked, id=1224, stack(0x00000025db200000,0x00000025db300000) (1024K)]
  0x000001ec3b074a10 JavaThread "Timer-421"                         [_thread_blocked, id=30196, stack(0x00000025db100000,0x00000025db200000) (1024K)]
  0x000001ec3b075730 JavaThread "Timer-422"                         [_thread_blocked, id=17616, stack(0x00000025db400000,0x00000025db500000) (1024K)]
  0x000001ec3b072940 JavaThread "Timer-423"                         [_thread_blocked, id=27564, stack(0x00000025db500000,0x00000025db600000) (1024K)]
  0x000001ec3b06ee30 JavaThread "Worker-131: Initialize workspace"        [_thread_blocked, id=23420, stack(0x00000025daa00000,0x00000025dab00000) (1024K)]
  0x000001ec3b075dc0 JavaThread "Timer-424"                         [_thread_blocked, id=30728, stack(0x00000025db600000,0x00000025db700000) (1024K)]
  0x000001ec3b076450 JavaThread "Timer-425"                         [_thread_blocked, id=31856, stack(0x00000025db700000,0x00000025db800000) (1024K)]
  0x000001ec3b072fd0 JavaThread "Timer-426"                         [_thread_blocked, id=12608, stack(0x00000025db900000,0x00000025dba00000) (1024K)]
  0x000001ec3b074380 JavaThread "Timer-427"                         [_thread_blocked, id=19012, stack(0x00000025db800000,0x00000025db900000) (1024K)]
  0x000001ec3b073cf0 JavaThread "Timer-428"                         [_thread_blocked, id=4688, stack(0x00000025dbb00000,0x00000025dbc00000) (1024K)]
  0x000001ec3b076ae0 JavaThread "Timer-429"                         [_thread_blocked, id=15428, stack(0x00000025dba00000,0x00000025dbb00000) (1024K)]
  0x000001ec3b073660 JavaThread "Timer-430"                         [_thread_blocked, id=7788, stack(0x00000025dbd00000,0x00000025dbe00000) (1024K)]
  0x000001ec3b0798d0 JavaThread "Timer-431"                         [_thread_blocked, id=23476, stack(0x00000025dbe00000,0x00000025dbf00000) (1024K)]
  0x000001ec3b0722b0 JavaThread "Worker-149: Initialize workspace"        [_thread_blocked, id=32504, stack(0x00000025db300000,0x00000025db400000) (1024K)]
  0x000001ec3b078520 JavaThread "Timer-432"                         [_thread_blocked, id=12804, stack(0x00000025dbf00000,0x00000025dc000000) (1024K)]
  0x000001ec3b078bb0 JavaThread "Timer-433"                         [_thread_blocked, id=5708, stack(0x00000025dc000000,0x00000025dc100000) (1024K)]
  0x000001ec3b079240 JavaThread "Timer-434"                         [_thread_blocked, id=17148, stack(0x00000025dc200000,0x00000025dc300000) (1024K)]
  0x000001ec3b077800 JavaThread "Timer-435"                         [_thread_blocked, id=25388, stack(0x00000025dc100000,0x00000025dc200000) (1024K)]
  0x000001ec3b07a5f0 JavaThread "Timer-436"                         [_thread_blocked, id=32308, stack(0x00000025dc400000,0x00000025dc500000) (1024K)]
  0x000001ec3b077170 JavaThread "Timer-437"                         [_thread_blocked, id=2872, stack(0x00000025dc300000,0x00000025dc400000) (1024K)]
  0x000001ec3b07ac80 JavaThread "Timer-438"                         [_thread_blocked, id=33568, stack(0x00000025dc600000,0x00000025dc700000) (1024K)]
  0x000001ec3b077e90 JavaThread "Timer-439"                         [_thread_blocked, id=30104, stack(0x00000025dc700000,0x00000025dc800000) (1024K)]
  0x000001ec3b07d3e0 JavaThread "Worker-167: Initialize workspace"        [_thread_blocked, id=26708, stack(0x00000025dbc00000,0x00000025dbd00000) (1024K)]
  0x000001ec3b07c030 JavaThread "Timer-440"                         [_thread_blocked, id=23636, stack(0x00000025dc500000,0x00000025dc600000) (1024K)]
  0x000001ec3b079f60 JavaThread "Timer-441"                         [_thread_blocked, id=14776, stack(0x00000025dc900000,0x00000025dca00000) (1024K)]
  0x000001ec3b07da70 JavaThread "Timer-442"                         [_thread_blocked, id=26168, stack(0x00000025dcb00000,0x00000025dcc00000) (1024K)]
  0x000001ec3b07c6c0 JavaThread "Timer-443"                         [_thread_blocked, id=30156, stack(0x00000025dca00000,0x00000025dcb00000) (1024K)]
  0x000001ec3b07e790 JavaThread "Timer-444"                         [_thread_blocked, id=22804, stack(0x00000025dcd00000,0x00000025dce00000) (1024K)]
  0x000001ec3b07b310 JavaThread "Timer-445"                         [_thread_blocked, id=24628, stack(0x00000025dcc00000,0x00000025dcd00000) (1024K)]
  0x000001ec3b07cd50 JavaThread "Timer-446"                         [_thread_blocked, id=11524, stack(0x00000025dcf00000,0x00000025dd000000) (1024K)]
  0x000001ec3b07b9a0 JavaThread "Timer-447"                         [_thread_blocked, id=28992, stack(0x00000025dd000000,0x00000025dd100000) (1024K)]
  0x000001ec3b081580 JavaThread "Worker-186: Initialize workspace"        [_thread_blocked, id=26760, stack(0x00000025dc800000,0x00000025dc900000) (1024K)]
  0x000001ec3b07e100 JavaThread "Timer-448"                         [_thread_blocked, id=25660, stack(0x00000025dd100000,0x00000025dd200000) (1024K)]
  0x000001ec3b07ee20 JavaThread "Timer-449"                         [_thread_blocked, id=31100, stack(0x00000025dd200000,0x00000025dd300000) (1024K)]
  0x000001ec3b080860 JavaThread "Timer-450"                         [_thread_blocked, id=12508, stack(0x00000025dd400000,0x00000025dd500000) (1024K)]
  0x000001ec3b07fb40 JavaThread "Timer-451"                         [_thread_blocked, id=31608, stack(0x00000025dd300000,0x00000025dd400000) (1024K)]
  0x000001ec3b081c10 JavaThread "Timer-452"                         [_thread_blocked, id=18340, stack(0x00000025dd600000,0x00000025dd700000) (1024K)]
  0x000001ec3b0822a0 JavaThread "Timer-453"                         [_thread_blocked, id=24132, stack(0x00000025baf00000,0x00000025bb000000) (1024K)]
  0x000001ec3b080ef0 JavaThread "Timer-454"                         [_thread_blocked, id=14680, stack(0x00000025dd700000,0x00000025dd800000) (1024K)]
  0x000001ec3b083650 JavaThread "Timer-455"                         [_thread_blocked, id=20960, stack(0x00000025dd800000,0x00000025dd900000) (1024K)]
  0x000001ec3b082930 JavaThread "Worker-204: Initialize workspace"        [_thread_blocked, id=32880, stack(0x00000025dce00000,0x00000025dcf00000) (1024K)]
  0x000001ec3b07f4b0 JavaThread "Timer-456"                         [_thread_blocked, id=9264, stack(0x00000025dd900000,0x00000025dda00000) (1024K)]
  0x000001ec3b085720 JavaThread "Timer-457"                         [_thread_blocked, id=17776, stack(0x00000025dda00000,0x00000025ddb00000) (1024K)]
  0x000001ec3b086440 JavaThread "Timer-458"                         [_thread_blocked, id=4572, stack(0x00000025ddb00000,0x00000025ddc00000) (1024K)]
  0x000001ec3b084370 JavaThread "Timer-459"                         [_thread_blocked, id=28364, stack(0x00000025ddc00000,0x00000025ddd00000) (1024K)]
  0x000001ec3b082fc0 JavaThread "Timer-460"                         [_thread_blocked, id=17180, stack(0x00000025dde00000,0x00000025ddf00000) (1024K)]
  0x000001ec3b086ad0 JavaThread "Timer-461"                         [_thread_blocked, id=13204, stack(0x00000025ddd00000,0x00000025dde00000) (1024K)]
  0x000001ec3b084a00 JavaThread "Timer-462"                         [_thread_blocked, id=6816, stack(0x00000025de000000,0x00000025de100000) (1024K)]
  0x000001ec3b087160 JavaThread "Timer-463"                         [_thread_blocked, id=28772, stack(0x00000025de100000,0x00000025de200000) (1024K)]
  0x000001ec3b0801d0 JavaThread "Worker-222: Initialize workspace"        [_thread_blocked, id=6096, stack(0x00000025d7600000,0x00000025d7700000) (1024K)]
  0x000001ec3b083ce0 JavaThread "Timer-464"                         [_thread_blocked, id=8176, stack(0x00000025de200000,0x00000025de300000) (1024K)]
  0x000001ec3b0877f0 JavaThread "Timer-465"                         [_thread_blocked, id=5728, stack(0x00000025de300000,0x00000025de400000) (1024K)]
  0x000001ec3b085090 JavaThread "Timer-466"                         [_thread_blocked, id=11132, stack(0x00000025de500000,0x00000025de600000) (1024K)]
  0x000001ec3b088510 JavaThread "Timer-467"                         [_thread_blocked, id=15940, stack(0x00000025de400000,0x00000025de500000) (1024K)]
  0x000001ec3b088ba0 JavaThread "Timer-468"                         [_thread_blocked, id=31184, stack(0x00000025de700000,0x00000025de800000) (1024K)]
  0x000001ec3b089230 JavaThread "Timer-469"                         [_thread_blocked, id=4652, stack(0x00000025de600000,0x00000025de700000) (1024K)]
  0x000001ec3b08b300 JavaThread "Timer-470"                         [_thread_blocked, id=19364, stack(0x00000025de900000,0x00000025dea00000) (1024K)]
  0x000001ec3b0898c0 JavaThread "Timer-471"                         [_thread_blocked, id=31232, stack(0x00000025dea00000,0x00000025deb00000) (1024K)]
  0x000001ec3b085db0 JavaThread "Worker-239: Initialize workspace"        [_thread_blocked, id=24656, stack(0x00000025ddf00000,0x00000025de000000) (1024K)]
  0x000001ec3b08b990 JavaThread "Timer-472"                         [_thread_blocked, id=23788, stack(0x00000025deb00000,0x00000025dec00000) (1024K)]
  0x000001ec3b08c020 JavaThread "Timer-473"                         [_thread_blocked, id=19236, stack(0x00000025dec00000,0x00000025ded00000) (1024K)]
  0x000001ec3b08c6b0 JavaThread "Timer-474"                         [_thread_blocked, id=5696, stack(0x00000025ded00000,0x00000025dee00000) (1024K)]
  0x000001ec3b089f50 JavaThread "Timer-475"                         [_thread_blocked, id=12940, stack(0x00000025dee00000,0x00000025def00000) (1024K)]
  0x000001ec3b08cd40 JavaThread "Timer-476"                         [_thread_blocked, id=13836, stack(0x00000025df000000,0x00000025df100000) (1024K)]
  0x000001ec3aadf380 JavaThread "Timer-477"                         [_thread_blocked, id=27916, stack(0x00000025def00000,0x00000025df000000) (1024K)]
  0x000001ec3aaec580 JavaThread "Timer-478"                         [_thread_blocked, id=26144, stack(0x00000025df200000,0x00000025df300000) (1024K)]
  0x000001ec3b08a5e0 JavaThread "Timer-479"                         [_thread_blocked, id=22484, stack(0x00000025df300000,0x00000025df400000) (1024K)]
  0x000001ec3b08ac70 JavaThread "Worker-257: Initialize workspace"        [_thread_blocked, id=11280, stack(0x00000025df100000,0x00000025df200000) (1024K)]
  0x000001ec47379280 JavaThread "Timer-480"                         [_thread_blocked, id=18408, stack(0x00000025df400000,0x00000025df500000) (1024K)]
  0x000001ec47379910 JavaThread "Timer-481"                         [_thread_blocked, id=844, stack(0x00000025df500000,0x00000025df600000) (1024K)]
  0x000001ec4737b350 JavaThread "Timer-482"                         [_thread_blocked, id=30120, stack(0x00000025df700000,0x00000025df800000) (1024K)]
  0x000001ec4737acc0 JavaThread "Timer-483"                         [_thread_blocked, id=28196, stack(0x00000025df600000,0x00000025df700000) (1024K)]
  0x000001ec47379fa0 JavaThread "Timer-484"                         [_thread_blocked, id=27944, stack(0x00000025df900000,0x00000025dfa00000) (1024K)]
  0x000001ec4737a630 JavaThread "Timer-485"                         [_thread_blocked, id=20524, stack(0x00000025df800000,0x00000025df900000) (1024K)]
  0x000001ec4737b9e0 JavaThread "Timer-486"                         [_thread_blocked, id=30000, stack(0x00000025dfb00000,0x00000025dfc00000) (1024K)]
  0x000001ec47378560 JavaThread "Timer-487"                         [_thread_blocked, id=32560, stack(0x00000025dfc00000,0x00000025dfd00000) (1024K)]
  0x000001ec4737c700 JavaThread "Worker-274: Initialize workspace"        [_thread_blocked, id=31432, stack(0x00000025de800000,0x00000025de900000) (1024K)]
  0x000001ec47378bf0 JavaThread "Timer-488"                         [_thread_blocked, id=33312, stack(0x00000025dfa00000,0x00000025dfb00000) (1024K)]
  0x000001ec4737dab0 JavaThread "Timer-489"                         [_thread_blocked, id=32788, stack(0x00000025dfe00000,0x00000025dff00000) (1024K)]
  0x000001ec4737e7d0 JavaThread "Timer-490"                         [_thread_blocked, id=23488, stack(0x00000025e0000000,0x00000025e0100000) (1024K)]
  0x000001ec4737cd90 JavaThread "Timer-491"                         [_thread_blocked, id=15412, stack(0x00000025dff00000,0x00000025e0000000) (1024K)]
  0x000001ec4737fb80 JavaThread "Timer-492"                         [_thread_blocked, id=24540, stack(0x00000025e0200000,0x00000025e0300000) (1024K)]
  0x000001ec4737ee60 JavaThread "Timer-493"                         [_thread_blocked, id=17816, stack(0x00000025e0100000,0x00000025e0200000) (1024K)]
  0x000001ec47380210 JavaThread "Timer-494"                         [_thread_blocked, id=17076, stack(0x00000025e0400000,0x00000025e0500000) (1024K)]
  0x000001ec473808a0 JavaThread "Timer-495"                         [_thread_blocked, id=3064, stack(0x00000025e0500000,0x00000025e0600000) (1024K)]
  0x000001ec4737e140 JavaThread "Worker-291: Initialize workspace"        [_thread_blocked, id=13232, stack(0x00000025dfd00000,0x00000025dfe00000) (1024K)]
  0x000001ec4737d420 JavaThread "Timer-496"                         [_thread_blocked, id=14548, stack(0x00000025e0600000,0x00000025e0700000) (1024K)]
  0x000001ec473822e0 JavaThread "Timer-497"                         [_thread_blocked, id=8880, stack(0x00000025e0700000,0x00000025e0800000) (1024K)]
  0x000001ec47382970 JavaThread "Timer-498"                         [_thread_blocked, id=25788, stack(0x00000025e0900000,0x00000025e0a00000) (1024K)]
  0x000001ec47383000 JavaThread "Timer-499"                         [_thread_blocked, id=5596, stack(0x00000025e0800000,0x00000025e0900000) (1024K)]
  0x000001ec47383690 JavaThread "Timer-500"                         [_thread_blocked, id=20552, stack(0x00000025e0b00000,0x00000025e0c00000) (1024K)]
  0x000001ec47380f30 JavaThread "Timer-501"                         [_thread_blocked, id=24560, stack(0x00000025e0a00000,0x00000025e0b00000) (1024K)]
  0x000001ec47381c50 JavaThread "Timer-502"                         [_thread_blocked, id=200, stack(0x00000025e0d00000,0x00000025e0e00000) (1024K)]
  0x000001ec47383d20 JavaThread "Timer-503"                         [_thread_blocked, id=18856, stack(0x00000025e0e00000,0x00000025e0f00000) (1024K)]
  0x000001ec473815c0 JavaThread "Worker-309: Initialize workspace"        [_thread_blocked, id=30452, stack(0x00000025e0300000,0x00000025e0400000) (1024K)]
  0x000001ec4737c070 JavaThread "Timer-504"                         [_thread_blocked, id=16484, stack(0x00000025e0c00000,0x00000025e0d00000) (1024K)]
  0x000001ec47386480 JavaThread "Timer-505"                         [_thread_blocked, id=19848, stack(0x00000025e1000000,0x00000025e1100000) (1024K)]
  0x000001ec47384a40 JavaThread "Timer-506"                         [_thread_blocked, id=16480, stack(0x00000025e1200000,0x00000025e1300000) (1024K)]
  0x000001ec47386b10 JavaThread "Timer-507"                         [_thread_blocked, id=15728, stack(0x00000025e1100000,0x00000025e1200000) (1024K)]
  0x000001ec47385760 JavaThread "Timer-508"                         [_thread_blocked, id=31396, stack(0x00000025e1400000,0x00000025e1500000) (1024K)]
  0x000001ec473850d0 JavaThread "Timer-509"                         [_thread_blocked, id=26484, stack(0x00000025e1300000,0x00000025e1400000) (1024K)]
  0x000001ec47387830 JavaThread "Timer-510"                         [_thread_blocked, id=15416, stack(0x00000025e1600000,0x00000025e1700000) (1024K)]
  0x000001ec47387ec0 JavaThread "Timer-511"                         [_thread_blocked, id=20616, stack(0x00000025e1700000,0x00000025e1800000) (1024K)]
  0x000001ec47385df0 JavaThread "Worker-329: Initialize workspace"        [_thread_blocked, id=29012, stack(0x00000025e0f00000,0x00000025e1000000) (1024K)]
  0x000001ec473843b0 JavaThread "Timer-512"                         [_thread_blocked, id=30128, stack(0x00000025e1800000,0x00000025e1900000) (1024K)]
  0x000001ec47389270 JavaThread "Timer-513"                         [_thread_blocked, id=26280, stack(0x00000025e1900000,0x00000025e1a00000) (1024K)]
  0x000001ec47389f90 JavaThread "Timer-514"                         [_thread_blocked, id=21808, stack(0x00000025e1b00000,0x00000025e1c00000) (1024K)]
  0x000001ec47388be0 JavaThread "Timer-515"                         [_thread_blocked, id=31472, stack(0x00000025e1a00000,0x00000025e1b00000) (1024K)]
  0x000001ec4738b340 JavaThread "Timer-516"                         [_thread_blocked, id=4936, stack(0x00000025e1d00000,0x00000025e1e00000) (1024K)]
  0x000001ec47389900 JavaThread "Timer-517"                         [_thread_blocked, id=25668, stack(0x00000025e1c00000,0x00000025e1d00000) (1024K)]
  0x000001ec4738a620 JavaThread "Timer-518"                         [_thread_blocked, id=9364, stack(0x00000025e1f00000,0x00000025e2000000) (1024K)]
  0x000001ec4738b9d0 JavaThread "Timer-519"                         [_thread_blocked, id=29192, stack(0x00000025e2000000,0x00000025e2100000) (1024K)]
  0x000001ec47388550 JavaThread "Worker-348: Initialize workspace"        [_thread_blocked, id=12928, stack(0x00000025e1e00000,0x00000025e1f00000) (1024K)]
  0x000001ec4738daa0 JavaThread "Timer-520"                         [_thread_blocked, id=4896, stack(0x00000025e2100000,0x00000025e2200000) (1024K)]
  0x000001ec4738c060 JavaThread "Timer-521"                         [_thread_blocked, id=19944, stack(0x00000025e2200000,0x00000025e2300000) (1024K)]
  0x000001ec4738d410 JavaThread "Timer-522"                         [_thread_blocked, id=27580, stack(0x00000025e2400000,0x00000025e2500000) (1024K)]
  0x000001ec4738e130 JavaThread "Timer-523"                         [_thread_blocked, id=28392, stack(0x00000025e2300000,0x00000025e2400000) (1024K)]
  0x000001ec4738c6f0 JavaThread "Timer-524"                         [_thread_blocked, id=3636, stack(0x00000025e2600000,0x00000025e2700000) (1024K)]
  0x000001ec4738cd80 JavaThread "Timer-525"                         [_thread_blocked, id=1140, stack(0x00000025e2500000,0x00000025e2600000) (1024K)]
  0x000001ec4738acb0 JavaThread "Timer-526"                         [_thread_blocked, id=20132, stack(0x00000025e2800000,0x00000025e2900000) (1024K)]
  0x000001ec47390f20 JavaThread "Timer-527"                         [_thread_blocked, id=10836, stack(0x00000025e2900000,0x00000025e2a00000) (1024K)]
  0x000001ec473871a0 JavaThread "Worker-366: Initialize workspace"        [_thread_blocked, id=4200, stack(0x00000025e1500000,0x00000025e1600000) (1024K)]
  0x000001ec4738f4e0 JavaThread "Timer-528"                         [_thread_blocked, id=5432, stack(0x00000025e2a00000,0x00000025e2b00000) (1024K)]
  0x000001ec47390200 JavaThread "Timer-529"                         [_thread_blocked, id=24048, stack(0x00000025e2b00000,0x00000025e2c00000) (1024K)]
  0x000001ec47391c40 JavaThread "Timer-530"                         [_thread_blocked, id=26668, stack(0x00000025e2d00000,0x00000025e2e00000) (1024K)]
  0x000001ec4738e7c0 JavaThread "Timer-531"                         [_thread_blocked, id=4636, stack(0x00000025e2c00000,0x00000025e2d00000) (1024K)]
  0x000001ec473922d0 JavaThread "Timer-532"                         [_thread_blocked, id=30948, stack(0x00000025e2f00000,0x00000025e3000000) (1024K)]
  0x000001ec47390890 JavaThread "Timer-533"                         [_thread_blocked, id=13096, stack(0x00000025e2e00000,0x00000025e2f00000) (1024K)]
  0x000001ec4738ee50 JavaThread "Timer-534"                         [_thread_blocked, id=19264, stack(0x00000025e3100000,0x00000025e3200000) (1024K)]
  0x000001ec47393680 JavaThread "Timer-535"                         [_thread_blocked, id=24600, stack(0x00000025e3200000,0x00000025e3300000) (1024K)]
  0x000001ec473943a0 JavaThread "Worker-383: Initialize workspace"        [_thread_blocked, id=6160, stack(0x00000025e2700000,0x00000025e2800000) (1024K)]
  0x000001ec473950c0 JavaThread "Timer-536"                         [_thread_blocked, id=11792, stack(0x00000025e3300000,0x00000025e3400000) (1024K)]
  0x000001ec47392960 JavaThread "Timer-537"                         [_thread_blocked, id=25088, stack(0x00000025e3400000,0x00000025e3500000) (1024K)]
  0x000001ec47395750 JavaThread "Timer-538"                         [_thread_blocked, id=18208, stack(0x00000025e3600000,0x00000025e3700000) (1024K)]
  0x000001ec47395de0 JavaThread "Timer-539"                         [_thread_blocked, id=28044, stack(0x00000025e3500000,0x00000025e3600000) (1024K)]
  0x000001ec47396470 JavaThread "Timer-540"                         [_thread_blocked, id=12768, stack(0x00000025e3800000,0x00000025e3900000) (1024K)]
  0x000001ec47392ff0 JavaThread "Timer-541"                         [_thread_blocked, id=14808, stack(0x00000025e3700000,0x00000025e3800000) (1024K)]
  0x000001ec47396b00 JavaThread "Timer-542"                         [_thread_blocked, id=27004, stack(0x00000025e3a00000,0x00000025e3b00000) (1024K)]
  0x000001ec47397820 JavaThread "Timer-543"                         [_thread_blocked, id=9772, stack(0x00000025e3b00000,0x00000025e3c00000) (1024K)]
  0x000001ec47393d10 JavaThread "Worker-400: Initialize workspace"        [_thread_blocked, id=21356, stack(0x00000025e3000000,0x00000025e3100000) (1024K)]
  0x000001ec4737f4f0 JavaThread "Timer-544"                         [_thread_blocked, id=31320, stack(0x00000025e3c00000,0x00000025e3d00000) (1024K)]
  0x000001ec3b06f4c0 JavaThread "Timer-545"                         [_thread_blocked, id=9308, stack(0x00000025e3d00000,0x00000025e3e00000) (1024K)]
  0x000001ec3b087e80 JavaThread "Timer-546"                         [_thread_blocked, id=13956, stack(0x00000025e3f00000,0x00000025e4000000) (1024K)]
  0x000001ec4738fb70 JavaThread "Timer-547"                         [_thread_blocked, id=20460, stack(0x00000025e3e00000,0x00000025e3f00000) (1024K)]
  0x000001ec3d39d6c0 JavaThread "Timer-548"                         [_thread_blocked, id=5536, stack(0x00000025e4100000,0x00000025e4200000) (1024K)]
  0x000001ec3d39d030 JavaThread "Timer-549"                         [_thread_blocked, id=28492, stack(0x00000025e4000000,0x00000025e4100000) (1024K)]
  0x000001ec3d39ea70 JavaThread "Timer-550"                         [_thread_blocked, id=13900, stack(0x00000025e4300000,0x00000025e4400000) (1024K)]
  0x000001ec3d39f100 JavaThread "Timer-551"                         [_thread_blocked, id=1900, stack(0x00000025e4400000,0x00000025e4500000) (1024K)]
  0x000001ec3d39f790 JavaThread "Worker-417: Initialize workspace"        [_thread_blocked, id=8364, stack(0x00000025e3900000,0x00000025e3a00000) (1024K)]
  0x000001ec3d39e3e0 JavaThread "Timer-552"                         [_thread_blocked, id=21900, stack(0x00000025e4500000,0x00000025e4600000) (1024K)]
  0x000001ec3d39fe20 JavaThread "Timer-553"                         [_thread_blocked, id=29348, stack(0x00000025e4600000,0x00000025e4700000) (1024K)]
  0x000001ec3d39dd50 JavaThread "Timer-554"                         [_thread_blocked, id=21636, stack(0x00000025e4700000,0x00000025e4800000) (1024K)]
  0x000001ec3d39c9a0 JavaThread "Timer-555"                         [_thread_blocked, id=28956, stack(0x00000025e4800000,0x00000025e4900000) (1024K)]
  0x000001ec3d3a11d0 JavaThread "Timer-556"                         [_thread_blocked, id=31912, stack(0x00000025e4a00000,0x00000025e4b00000) (1024K)]
  0x000001ec3d3a0b40 JavaThread "Timer-557"                         [_thread_blocked, id=18848, stack(0x00000025e4900000,0x00000025e4a00000) (1024K)]
  0x000001ec3d3a3930 JavaThread "Timer-558"                         [_thread_blocked, id=10440, stack(0x00000025e4c00000,0x00000025e4d00000) (1024K)]
  0x000001ec3d3a04b0 JavaThread "Timer-559"                         [_thread_blocked, id=17232, stack(0x00000025e4d00000,0x00000025e4e00000) (1024K)]
  0x000001ec3d39c310 JavaThread "Worker-435: Initialize workspace"        [_thread_blocked, id=22176, stack(0x00000025e4200000,0x00000025e4300000) (1024K)]
  0x000001ec3d3a3fc0 JavaThread "Timer-560"                         [_thread_blocked, id=7840, stack(0x00000025e4b00000,0x00000025e4c00000) (1024K)]
  0x000001ec3d3a4ce0 JavaThread "Timer-561"                         [_thread_blocked, id=5960, stack(0x00000025e4f00000,0x00000025e5000000) (1024K)]
  0x000001ec3d3a2580 JavaThread "Timer-562"                         [_thread_blocked, id=29944, stack(0x00000025e5100000,0x00000025e5200000) (1024K)]
  0x000001ec3d3a2c10 JavaThread "Timer-563"                         [_thread_blocked, id=8768, stack(0x00000025e5000000,0x00000025e5100000) (1024K)]
  0x000001ec3d3a4650 JavaThread "Timer-564"                         [_thread_blocked, id=5392, stack(0x00000025e5300000,0x00000025e5400000) (1024K)]
  0x000001ec3d3a32a0 JavaThread "Timer-565"                         [_thread_blocked, id=29940, stack(0x00000025e5200000,0x00000025e5300000) (1024K)]
  0x000001ec3d3a5370 JavaThread "Timer-566"                         [_thread_blocked, id=27732, stack(0x00000025e5500000,0x00000025e5600000) (1024K)]
  0x000001ec3d3a87f0 JavaThread "Timer-567"                         [_thread_blocked, id=15560, stack(0x00000025e5600000,0x00000025e5700000) (1024K)]
  0x000001ec3d3a1ef0 JavaThread "Worker-454: Initialize workspace"        [_thread_blocked, id=32624, stack(0x00000025e4e00000,0x00000025e4f00000) (1024K)]
  0x000001ec3d3a6db0 JavaThread "Timer-568"                         [_thread_blocked, id=26696, stack(0x00000025e5700000,0x00000025e5800000) (1024K)]
  0x000001ec3d3a7440 JavaThread "Timer-569"                         [_thread_blocked, id=9932, stack(0x00000025e5800000,0x00000025e5900000) (1024K)]
  0x000001ec3d3a8e80 JavaThread "Timer-570"                         [_thread_blocked, id=27800, stack(0x00000025e5a00000,0x00000025e5b00000) (1024K)]
  0x000001ec3d3a5a00 JavaThread "Timer-571"                         [_thread_blocked, id=28208, stack(0x00000025e5900000,0x00000025e5a00000) (1024K)]
  0x000001ec3d3a9510 JavaThread "Timer-572"                         [_thread_blocked, id=30708, stack(0x00000025e5c00000,0x00000025e5d00000) (1024K)]
  0x000001ec3d3a6090 JavaThread "Timer-573"                         [_thread_blocked, id=17916, stack(0x00000025e5b00000,0x00000025e5c00000) (1024K)]
  0x000001ec3d3a7ad0 JavaThread "Timer-574"                         [_thread_blocked, id=18384, stack(0x00000025e5e00000,0x00000025e5f00000) (1024K)]
  0x000001ec3d3a8160 JavaThread "Timer-575"                         [_thread_blocked, id=8816, stack(0x00000025e5f00000,0x00000025e6000000) (1024K)]
  0x000001ec3d3a1860 JavaThread "Worker-472: Initialize workspace"        [_thread_blocked, id=21352, stack(0x00000025e5400000,0x00000025e5500000) (1024K)]
  0x000001ec3d3a6720 JavaThread "Timer-576"                         [_thread_blocked, id=20180, stack(0x00000025e6000000,0x00000025e6100000) (1024K)]
  0x000001ec3d3ab5e0 JavaThread "Timer-577"                         [_thread_blocked, id=11344, stack(0x00000025e6100000,0x00000025e6200000) (1024K)]
  0x000001ec3d3aaf50 JavaThread "Timer-578"                         [_thread_blocked, id=2492, stack(0x00000025e6300000,0x00000025e6400000) (1024K)]
  0x000001ec3d3abc70 JavaThread "Timer-579"                         [_thread_blocked, id=32652, stack(0x00000025e6200000,0x00000025e6300000) (1024K)]
  0x000001ec3d3aa230 JavaThread "Timer-580"                         [_thread_blocked, id=21152, stack(0x00000025e6500000,0x00000025e6600000) (1024K)]
  0x000001ec3d3ad6b0 JavaThread "Timer-581"                         [_thread_blocked, id=15504, stack(0x00000025e6400000,0x00000025e6500000) (1024K)]
  0x000001ec3d3aa8c0 JavaThread "Timer-582"                         [_thread_blocked, id=11880, stack(0x00000025e6600000,0x00000025e6700000) (1024K)]
  0x000001ec3d3af780 JavaThread "Timer-583"                         [_thread_blocked, id=12016, stack(0x00000025e6800000,0x00000025e6900000) (1024K)]
  0x000001ec3d3ac300 JavaThread "Worker-489: Initialize workspace"        [_thread_blocked, id=32992, stack(0x00000025e5d00000,0x00000025e5e00000) (1024K)]
  0x000001ec3d3ad020 JavaThread "Timer-584"                         [_thread_blocked, id=8888, stack(0x00000025e6900000,0x00000025e6a00000) (1024K)]
  0x000001ec3d3a9ba0 JavaThread "Timer-585"                         [_thread_blocked, id=15464, stack(0x00000025e6a00000,0x00000025e6b00000) (1024K)]
  0x000001ec3d3ae3d0 JavaThread "Timer-586"                         [_thread_blocked, id=23220, stack(0x00000025e6b00000,0x00000025e6c00000) (1024K)]
  0x000001ec3d3b11c0 JavaThread "Timer-587"                         [_thread_blocked, id=9276, stack(0x00000025e6c00000,0x00000025e6d00000) (1024K)]
  0x000001ec3d3aea60 JavaThread "Timer-588"                         [_thread_blocked, id=25376, stack(0x00000025e6e00000,0x00000025e6f00000) (1024K)]
  0x000001ec3d3afe10 JavaThread "Timer-589"                         [_thread_blocked, id=3112, stack(0x00000025e6d00000,0x00000025e6e00000) (1024K)]
  0x000001ec3d3b0b30 JavaThread "Timer-590"                         [_thread_blocked, id=19608, stack(0x00000025e7000000,0x00000025e7100000) (1024K)]
  0x000001ec3d3b1850 JavaThread "Timer-591"                         [_thread_blocked, id=33688, stack(0x00000025e7100000,0x00000025e7200000) (1024K)]
  0x000001ec3d3add40 JavaThread "Worker-507: Initialize workspace"        [_thread_blocked, id=5920, stack(0x00000025e6700000,0x00000025e6800000) (1024K)]
  0x000001ec3d3ac990 JavaThread "Timer-592"                         [_thread_blocked, id=33220, stack(0x00000025e7200000,0x00000025e7300000) (1024K)]
  0x000001ec3d3b04a0 JavaThread "Timer-593"                         [_thread_blocked, id=26772, stack(0x00000025e7300000,0x00000025e7400000) (1024K)]
  0x000001ec3d3b3290 JavaThread "Timer-594"                         [_thread_blocked, id=23716, stack(0x00000025e7400000,0x00000025e7500000) (1024K)]
  0x000001ec3d3b3fb0 JavaThread "Timer-595"                         [_thread_blocked, id=14224, stack(0x00000025e7500000,0x00000025e7600000) (1024K)]
  0x000001ec3d3b2c00 JavaThread "Timer-596"                         [_thread_blocked, id=18464, stack(0x00000025e7700000,0x00000025e7800000) (1024K)]
  0x000001ec3d3b3920 JavaThread "Timer-597"                         [_thread_blocked, id=28220, stack(0x00000025e7600000,0x00000025e7700000) (1024K)]
  0x000001ec3d3b4640 JavaThread "Timer-598"                         [_thread_blocked, id=12372, stack(0x00000025e7900000,0x00000025e7a00000) (1024K)]
  0x000001ec3d3b4cd0 JavaThread "Timer-599"                         [_thread_blocked, id=2688, stack(0x00000025e7a00000,0x00000025e7b00000) (1024K)]
  0x000001ec3d3b1ee0 JavaThread "Worker-526: Initialize workspace"        [_thread_blocked, id=31656, stack(0x00000025e6f00000,0x00000025e7000000) (1024K)]
  0x000001ec3d3af0f0 JavaThread "Timer-600"                         [_thread_blocked, id=5636, stack(0x00000025e7b00000,0x00000025e7c00000) (1024K)]
  0x000001ec3d3b59f0 JavaThread "Timer-601"                         [_thread_blocked, id=10308, stack(0x00000025e7c00000,0x00000025e7d00000) (1024K)]
  0x000001ec3d3b5360 JavaThread "Timer-602"                         [_thread_blocked, id=4092, stack(0x00000025e7e00000,0x00000025e7f00000) (1024K)]
  0x000001ec3d3b87e0 JavaThread "Timer-603"                         [_thread_blocked, id=26568, stack(0x00000025e7d00000,0x00000025e7e00000) (1024K)]
  0x000001ec3d3b6da0 JavaThread "Timer-604"                         [_thread_blocked, id=19096, stack(0x00000025e8000000,0x00000025e8100000) (1024K)]
  0x000001ec3d3b6710 JavaThread "Timer-605"                         [_thread_blocked, id=30364, stack(0x00000025e7f00000,0x00000025e8000000) (1024K)]
  0x000001ec3d3b8e70 JavaThread "Timer-606"                         [_thread_blocked, id=20252, stack(0x00000025e8200000,0x00000025e8300000) (1024K)]
  0x000001ec3d3b7430 JavaThread "Timer-607"                         [_thread_blocked, id=16204, stack(0x00000025e8300000,0x00000025e8400000) (1024K)]
  0x000001ec3d3b2570 JavaThread "Worker-543: Initialize workspace"        [_thread_blocked, id=24536, stack(0x00000025e7800000,0x00000025e7900000) (1024K)]
  0x000001ec3d3ba220 JavaThread "Timer-608"                         [_thread_blocked, id=21984, stack(0x00000025e8400000,0x00000025e8500000) (1024K)]
  0x000001ec3d3b9500 JavaThread "Timer-609"                         [_thread_blocked, id=8172, stack(0x00000025e8500000,0x00000025e8600000) (1024K)]
  0x000001ec3d3b7ac0 JavaThread "Timer-610"                         [_thread_blocked, id=23800, stack(0x00000025e8700000,0x00000025e8800000) (1024K)]
  0x000001ec3d3baf40 JavaThread "Timer-611"                         [_thread_blocked, id=23052, stack(0x00000025e8600000,0x00000025e8700000) (1024K)]
  0x000001ec3d3b8150 JavaThread "Timer-612"                         [_thread_blocked, id=20236, stack(0x00000025e8b00000,0x00000025e8c00000) (1024K)]
  0x000001ec3d3bbc60 JavaThread "Timer-613"                         [_thread_blocked, id=9480, stack(0x00000025e8a00000,0x00000025e8b00000) (1024K)]
  0x000001ec3d3bc2f0 JavaThread "Timer-614"                         [_thread_blocked, id=30260, stack(0x00000025e8d00000,0x00000025e8e00000) (1024K)]
  0x000001ec3d3bd010 JavaThread "Timer-615"                         [_thread_blocked, id=25184, stack(0x00000025e8e00000,0x00000025e8f00000) (1024K)]
  0x000001ec3d3bb5d0 JavaThread "Worker-560: Initialize workspace"        [_thread_blocked, id=3256, stack(0x00000025e8100000,0x00000025e8200000) (1024K)]
  0x000001ec3d3ba8b0 JavaThread "Timer-616"                         [_thread_blocked, id=24744, stack(0x00000025e8f00000,0x00000025e9000000) (1024K)]
  0x000001ec3d3b9b90 JavaThread "Timer-617"                         [_thread_blocked, id=29060, stack(0x00000025e9000000,0x00000025e9100000) (1024K)]
  0x000001ec3d3bd6a0 JavaThread "Timer-618"                         [_thread_blocked, id=30784, stack(0x00000025e9200000,0x00000025e9300000) (1024K)]
  0x000001ec3d3c0b20 JavaThread "Timer-619"                         [_thread_blocked, id=31132, stack(0x00000025e9100000,0x00000025e9200000) (1024K)]
  0x000001ec3d3c11b0 JavaThread "Timer-620"                         [_thread_blocked, id=19876, stack(0x00000025e9400000,0x00000025e9500000) (1024K)]
  0x000001ec3d3bea50 JavaThread "Timer-621"                         [_thread_blocked, id=5952, stack(0x00000025e9300000,0x00000025e9400000) (1024K)]
  0x000001ec3d3c0490 JavaThread "Timer-622"                         [_thread_blocked, id=25688, stack(0x00000025e9600000,0x00000025e9700000) (1024K)]
  0x000001ec3d3bf0e0 JavaThread "Timer-623"                         [_thread_blocked, id=13120, stack(0x00000025e9700000,0x00000025e9800000) (1024K)]
  0x000001ec3d3bdd30 JavaThread "Worker-578: Initialize workspace"        [_thread_blocked, id=22252, stack(0x00000025e8c00000,0x00000025e8d00000) (1024K)]
  0x000001ec3d3c1840 JavaThread "Timer-624"                         [_thread_blocked, id=9304, stack(0x00000025e9800000,0x00000025e9900000) (1024K)]
  0x000001ec3d3bfe00 JavaThread "Timer-625"                         [_thread_blocked, id=25732, stack(0x00000025e9900000,0x00000025e9a00000) (1024K)]
  0x000001ec3d3bf770 JavaThread "Timer-626"                         [_thread_blocked, id=21056, stack(0x00000025e9b00000,0x00000025e9c00000) (1024K)]
  0x000001ec3d3be3c0 JavaThread "Timer-627"                         [_thread_blocked, id=19384, stack(0x00000025e9a00000,0x00000025e9b00000) (1024K)]
  0x000001ec3d3c2bf0 JavaThread "Timer-628"                         [_thread_blocked, id=16336, stack(0x00000025e9d00000,0x00000025e9e00000) (1024K)]
  0x000001ec3d3c5350 JavaThread "Timer-629"                         [_thread_blocked, id=33344, stack(0x00000025e9c00000,0x00000025e9d00000) (1024K)]
  0x000001ec3d3c3280 JavaThread "Timer-630"                         [_thread_blocked, id=32760, stack(0x00000025e9f00000,0x00000025ea000000) (1024K)]
  0x000001ec3d3c3fa0 JavaThread "Timer-631"                         [_thread_blocked, id=30908, stack(0x00000025ea000000,0x00000025ea100000) (1024K)]
  0x000001ec3d3bc980 JavaThread "Worker-595: Initialize workspace"        [_thread_blocked, id=3432, stack(0x00000025e9e00000,0x00000025e9f00000) (1024K)]
  0x000001ec3d3c4630 JavaThread "Timer-632"                         [_thread_blocked, id=2100, stack(0x00000025ea100000,0x00000025ea200000) (1024K)]
  0x000001ec3d3c2560 JavaThread "Timer-633"                         [_thread_blocked, id=15636, stack(0x00000025ea200000,0x00000025ea300000) (1024K)]
  0x000001ec3d3c4cc0 JavaThread "Timer-634"                         [_thread_blocked, id=32836, stack(0x00000025ea300000,0x00000025ea400000) (1024K)]
  0x000001ec3d3c1ed0 JavaThread "Timer-635"                         [_thread_blocked, id=27000, stack(0x00000025ea400000,0x00000025ea500000) (1024K)]
  0x000001ec3d3c6070 JavaThread "Timer-636"                         [_thread_blocked, id=17336, stack(0x00000025ea600000,0x00000025ea700000) (1024K)]
  0x000001ec3d3c8e60 JavaThread "Timer-637"                         [_thread_blocked, id=15984, stack(0x00000025bac00000,0x00000025bad00000) (1024K)]
  0x000001ec3d3c59e0 JavaThread "Timer-638"                         [_thread_blocked, id=8096, stack(0x00000025ea700000,0x00000025ea800000) (1024K)]
  0x000001ec3d3c94f0 JavaThread "Timer-639"                         [_thread_blocked, id=32668, stack(0x00000025ea800000,0x00000025ea900000) (1024K)]
  0x000001ec3d3c6700 JavaThread "Worker-613: Initialize workspace"        [_thread_blocked, id=6008, stack(0x00000025e9500000,0x00000025e9600000) (1024K)]
  0x000001ec3d3c3910 JavaThread "Timer-640"                         [_thread_blocked, id=2724, stack(0x00000025ea900000,0x00000025eaa00000) (1024K)]
  0x000001ec3d3ca8a0 JavaThread "Timer-641"                         [_thread_blocked, id=28516, stack(0x00000025eaa00000,0x00000025eab00000) (1024K)]
  0x000001ec3d3c8140 JavaThread "Timer-642"                         [_thread_blocked, id=26964, stack(0x00000025eac00000,0x00000025ead00000) (1024K)]
  0x000001ec3d3c9b80 JavaThread "Timer-643"                         [_thread_blocked, id=17188, stack(0x00000025eab00000,0x00000025eac00000) (1024K)]
  0x000001ec3d3ca210 JavaThread "Timer-644"                         [_thread_blocked, id=13180, stack(0x00000025eae00000,0x00000025eaf00000) (1024K)]
  0x000001ec3d3c7420 JavaThread "Timer-645"                         [_thread_blocked, id=17052, stack(0x00000025ead00000,0x00000025eae00000) (1024K)]
  0x000001ec3d3caf30 JavaThread "Timer-646"                         [_thread_blocked, id=23572, stack(0x00000025eb000000,0x00000025eb100000) (1024K)]
  0x000001ec3d3cb5c0 JavaThread "Timer-647"                         [_thread_blocked, id=4972, stack(0x00000025eb100000,0x00000025eb200000) (1024K)]
  0x000001ec3d3c7ab0 JavaThread "Worker-631: Initialize workspace"        [_thread_blocked, id=10900, stack(0x00000025ea500000,0x00000025ea600000) (1024K)]
  0x000001ec3d3cbc50 JavaThread "Timer-648"                         [_thread_blocked, id=23060, stack(0x00000025eb200000,0x00000025eb300000) (1024K)]
  0x000001ec3d3c87d0 JavaThread "Timer-649"                         [_thread_blocked, id=3404, stack(0x00000025eb300000,0x00000025eb400000) (1024K)]
  0x000001ec3d3ce3b0 JavaThread "Timer-650"                         [_thread_blocked, id=4640, stack(0x00000025eb500000,0x00000025eb600000) (1024K)]
  0x000001ec3d3cd000 JavaThread "Timer-651"                         [_thread_blocked, id=32604, stack(0x00000025eb400000,0x00000025eb500000) (1024K)]
  0x000001ec3d3cd690 JavaThread "Timer-652"                         [_thread_blocked, id=32704, stack(0x00000025eb700000,0x00000025eb800000) (1024K)]
  0x000001ec3d3cdd20 JavaThread "Timer-653"                         [_thread_blocked, id=9640, stack(0x00000025eb600000,0x00000025eb700000) (1024K)]
  0x000001ec3d3cea40 JavaThread "Timer-654"                         [_thread_blocked, id=23268, stack(0x00000025eb900000,0x00000025eba00000) (1024K)]
  0x000001ec3d3cc2e0 JavaThread "Timer-655"                         [_thread_blocked, id=10368, stack(0x00000025eba00000,0x00000025ebb00000) (1024K)]
  0x000001ec3d3c6d90 JavaThread "Worker-649: Initialize workspace"        [_thread_blocked, id=15212, stack(0x00000025eaf00000,0x00000025eb000000) (1024K)]
  0x000001ec3d3cf760 JavaThread "Timer-656"                         [_thread_blocked, id=5176, stack(0x00000025ebb00000,0x00000025ebc00000) (1024K)]
  0x000001ec3d3d0480 JavaThread "Timer-657"                         [_thread_blocked, id=22436, stack(0x00000025ebc00000,0x00000025ebd00000) (1024K)]
  0x000001ec3d3d1830 JavaThread "Timer-658"                         [_thread_blocked, id=25172, stack(0x00000025ebe00000,0x00000025ebf00000) (1024K)]
  0x000001ec3d3d1ec0 JavaThread "Timer-659"                         [_thread_blocked, id=13568, stack(0x00000025ebd00000,0x00000025ebe00000) (1024K)]
  0x000001ec3d3d3900 JavaThread "Timer-660"                         [_thread_blocked, id=2008, stack(0x00000025ec000000,0x00000025ec100000) (1024K)]
  0x000001ec3d3d2550 JavaThread "Timer-661"                         [_thread_blocked, id=27576, stack(0x00000025ebf00000,0x00000025ec000000) (1024K)]
  0x000001ec3d3d2be0 JavaThread "Timer-662"                         [_thread_blocked, id=9508, stack(0x00000025ec200000,0x00000025ec300000) (1024K)]
  0x000001ec3d3d3f90 JavaThread "Timer-663"                         [_thread_blocked, id=30924, stack(0x00000025ec300000,0x00000025ec400000) (1024K)]
  0x000001ec3d3cf0d0 JavaThread "Worker-661: Initialize workspace"        [_thread_blocked, id=28064, stack(0x00000025eb800000,0x00000025eb900000) (1024K)]
  0x000001ec3d3d4620 JavaThread "Timer-664"                         [_thread_blocked, id=3424, stack(0x00000025ec400000,0x00000025ec500000) (1024K)]
  0x000001ec3d3d11a0 JavaThread "Timer-665"                         [_thread_blocked, id=12220, stack(0x00000025ec500000,0x00000025ec600000) (1024K)]
  0x000001ec3d3d3270 JavaThread "Timer-666"                         [_thread_blocked, id=33468, stack(0x00000025ec600000,0x00000025ec700000) (1024K)]
  0x000001ec3d3d4cb0 JavaThread "Timer-667"                         [_thread_blocked, id=26428, stack(0x00000025ec700000,0x00000025ec800000) (1024K)]
  0x000001ec3d3d7aa0 JavaThread "Timer-668"                         [_thread_blocked, id=21068, stack(0x00000025ec900000,0x00000025eca00000) (1024K)]
  0x000001ec3d3d8130 JavaThread "Timer-669"                         [_thread_blocked, id=10744, stack(0x00000025ec800000,0x00000025ec900000) (1024K)]
  0x000001ec3d3d87c0 JavaThread "Timer-670"                         [_thread_blocked, id=10724, stack(0x00000025ecb00000,0x00000025ecc00000) (1024K)]
  0x000001ec3d3d8e50 JavaThread "Timer-671"                         [_thread_blocked, id=4392, stack(0x00000025ecc00000,0x00000025ecd00000) (1024K)]
  0x000001ec3d3cfdf0 JavaThread "Worker-683: Initialize workspace"        [_thread_blocked, id=28764, stack(0x00000025ec100000,0x00000025ec200000) (1024K)]
  0x000001ec3d3d59d0 JavaThread "Timer-672"                         [_thread_blocked, id=32496, stack(0x00000025ecd00000,0x00000025ece00000) (1024K)]
  0x000001ec3d3d7410 JavaThread "Timer-673"                         [_thread_blocked, id=3604, stack(0x00000025ece00000,0x00000025ecf00000) (1024K)]
  0x000001ec3d3d6060 JavaThread "Timer-674"                         [_thread_blocked, id=17836, stack(0x00000025ed000000,0x00000025ed100000) (1024K)]
  0x000001ec3d3d94e0 JavaThread "Timer-675"                         [_thread_blocked, id=18424, stack(0x00000025ecf00000,0x00000025ed000000) (1024K)]
  0x000001ec3d3d9b70 JavaThread "Timer-676"                         [_thread_blocked, id=980, stack(0x00000025ed200000,0x00000025ed300000) (1024K)]
  0x000001ec3d3d66f0 JavaThread "Timer-677"                         [_thread_blocked, id=14436, stack(0x00000025ed100000,0x00000025ed200000) (1024K)]
  0x000001ec3d3d6d80 JavaThread "Timer-678"                         [_thread_blocked, id=26824, stack(0x00000025ed400000,0x00000025ed500000) (1024K)]
  0x000001ec3d3da890 JavaThread "Timer-679"                         [_thread_blocked, id=21496, stack(0x00000025ed500000,0x00000025ed600000) (1024K)]
  0x000001ec3d3d5340 JavaThread "Worker-701: Initialize workspace"        [_thread_blocked, id=14132, stack(0x00000025eca00000,0x00000025ecb00000) (1024K)]
  0x000001ec3d3db5b0 JavaThread "Timer-680"                         [_thread_blocked, id=15988, stack(0x00000025ed600000,0x00000025ed700000) (1024K)]
  0x000001ec3d39bc80 JavaThread "Timer-681"                         [_thread_blocked, id=28192, stack(0x00000025ed700000,0x00000025ed800000) (1024K)]
  0x000001ec3d3b6080 JavaThread "Timer-682"                         [_thread_blocked, id=20196, stack(0x00000025ed900000,0x00000025eda00000) (1024K)]
  0x000001ec3d3da200 JavaThread "Timer-683"                         [_thread_blocked, id=15624, stack(0x00000025ed800000,0x00000025ed900000) (1024K)]
  0x000001ec47394a30 JavaThread "Timer-684"                         [_thread_blocked, id=28400, stack(0x00000025edb00000,0x00000025edc00000) (1024K)]
  0x000001ec3b4db670 JavaThread "Timer-685"                         [_thread_blocked, id=30920, stack(0x00000025eda00000,0x00000025edb00000) (1024K)]
  0x000001ec47397190 JavaThread "Timer-686"                         [_thread_blocked, id=9000, stack(0x00000025edd00000,0x00000025ede00000) (1024K)]
  0x000001ec38bc9dd0 JavaThread "Timer-687"                         [_thread_blocked, id=20564, stack(0x00000025ede00000,0x00000025edf00000) (1024K)]
  0x000001ec3d3d0b10 JavaThread "Worker-719: Initialize workspace"        [_thread_blocked, id=25720, stack(0x00000025ed300000,0x00000025ed400000) (1024K)]
  0x000001ec38739be0 JavaThread "Timer-688"                         [_thread_blocked, id=30592, stack(0x00000025edf00000,0x00000025ee000000) (1024K)]
  0x000001ec3b3378b0 JavaThread "Timer-689"                         [_thread_blocked, id=28972, stack(0x00000025ee000000,0x00000025ee100000) (1024K)]
  0x000001ec3b33b3c0 JavaThread "Timer-690"                         [_thread_blocked, id=2500, stack(0x00000025ee200000,0x00000025ee300000) (1024K)]
  0x000001ec3b338c60 JavaThread "Timer-691"                         [_thread_blocked, id=27608, stack(0x00000025ee100000,0x00000025ee200000) (1024K)]
  0x000001ec3b3392f0 JavaThread "Timer-692"                         [_thread_blocked, id=14076, stack(0x00000025ee400000,0x00000025ee500000) (1024K)]
  0x000001ec3b33a6a0 JavaThread "Timer-693"                         [_thread_blocked, id=15908, stack(0x00000025ee300000,0x00000025ee400000) (1024K)]
  0x000001ec3b339980 JavaThread "Timer-694"                         [_thread_blocked, id=29428, stack(0x00000025ee600000,0x00000025ee700000) (1024K)]
  0x000001ec3b33a010 JavaThread "Timer-695"                         [_thread_blocked, id=11368, stack(0x00000025ee700000,0x00000025ee800000) (1024K)]
  0x000001ec3b33ba50 JavaThread "Worker-738: Initialize workspace"        [_thread_blocked, id=15268, stack(0x00000025edc00000,0x00000025edd00000) (1024K)]
  0x000001ec3b3385d0 JavaThread "Timer-696"                         [_thread_blocked, id=8540, stack(0x00000025ee800000,0x00000025ee900000) (1024K)]
  0x000001ec3b33f560 JavaThread "Timer-697"                         [_thread_blocked, id=23580, stack(0x00000025ee900000,0x00000025eea00000) (1024K)]
  0x000001ec3b33e1b0 JavaThread "Timer-698"                         [_thread_blocked, id=12580, stack(0x00000025eea00000,0x00000025eeb00000) (1024K)]
  0x000001ec3b33ce00 JavaThread "Timer-699"                         [_thread_blocked, id=14948, stack(0x00000025eeb00000,0x00000025eec00000) (1024K)]
  0x000001ec3b33d490 JavaThread "Timer-700"                         [_thread_blocked, id=17932, stack(0x00000025eed00000,0x00000025eee00000) (1024K)]
  0x000001ec3b33c0e0 JavaThread "Timer-701"                         [_thread_blocked, id=3644, stack(0x00000025eec00000,0x00000025eed00000) (1024K)]
  0x000001ec3b33db20 JavaThread "Timer-702"                         [_thread_blocked, id=20744, stack(0x00000025eef00000,0x00000025ef000000) (1024K)]
  0x000001ec3b341630 JavaThread "Timer-703"                         [_thread_blocked, id=14592, stack(0x00000025ef000000,0x00000025ef100000) (1024K)]
  0x000001ec3b33c770 JavaThread "Worker-758: Initialize workspace"        [_thread_blocked, id=30492, stack(0x00000025ee500000,0x00000025ee600000) (1024K)]
  0x000001ec3b33e840 JavaThread "Timer-704"                         [_thread_blocked, id=32472, stack(0x00000025ef100000,0x00000025ef200000) (1024K)]
  0x000001ec3b340910 JavaThread "Timer-705"                         [_thread_blocked, id=1564, stack(0x00000025ef200000,0x00000025ef300000) (1024K)]
  0x000001ec3b33fbf0 JavaThread "Timer-706"                         [_thread_blocked, id=4976, stack(0x00000025ef400000,0x00000025ef500000) (1024K)]
  0x000001ec3b33eed0 JavaThread "Timer-707"                         [_thread_blocked, id=32468, stack(0x00000025ef300000,0x00000025ef400000) (1024K)]
  0x000001ec3b341cc0 JavaThread "Timer-708"                         [_thread_blocked, id=24760, stack(0x00000025ef600000,0x00000025ef700000) (1024K)]
  0x000001ec3b343070 JavaThread "Timer-709"                         [_thread_blocked, id=24552, stack(0x00000025ef500000,0x00000025ef600000) (1024K)]
  0x000001ec3b343700 JavaThread "Timer-710"                         [_thread_blocked, id=12132, stack(0x00000025ef800000,0x00000025ef900000) (1024K)]
  0x000001ec3b342350 JavaThread "Timer-711"                         [_thread_blocked, id=15008, stack(0x00000025ef900000,0x00000025efa00000) (1024K)]
  0x000001ec3b33ad30 JavaThread "Worker-776: Initialize workspace"        [_thread_blocked, id=14804, stack(0x00000025eee00000,0x00000025eef00000) (1024K)]
  0x000001ec3b340280 JavaThread "Timer-712"                         [_thread_blocked, id=2384, stack(0x00000025efa00000,0x00000025efb00000) (1024K)]
  0x000001ec3b343d90 JavaThread "Timer-713"                         [_thread_blocked, id=18220, stack(0x00000025efb00000,0x00000025efc00000) (1024K)]
  0x000001ec3b344420 JavaThread "Timer-714"                         [_thread_blocked, id=2672, stack(0x00000025efd00000,0x00000025efe00000) (1024K)]
  0x000001ec3b340fa0 JavaThread "Timer-715"                         [_thread_blocked, id=9100, stack(0x00000025efc00000,0x00000025efd00000) (1024K)]
  0x000001ec3b344ab0 JavaThread "Timer-716"                         [_thread_blocked, id=19892, stack(0x00000025eff00000,0x00000025f0000000) (1024K)]
  0x000001ec3b3478a0 JavaThread "Timer-717"                         [_thread_blocked, id=25144, stack(0x00000025efe00000,0x00000025eff00000) (1024K)]
  0x000001ec3b345e60 JavaThread "Timer-718"                         [_thread_blocked, id=7984, stack(0x00000025f0100000,0x00000025f0200000) (1024K)]
  0x000001ec3b346b80 JavaThread "Timer-719"                         [_thread_blocked, id=4304, stack(0x00000025f0200000,0x00000025f0300000) (1024K)]
  0x000001ec3b345140 JavaThread "Worker-793: Initialize workspace"        [_thread_blocked, id=33752, stack(0x00000025ef700000,0x00000025ef800000) (1024K)]
  0x000001ec3b348c50 JavaThread "Timer-720"                         [_thread_blocked, id=5720, stack(0x00000025f0000000,0x00000025f0100000) (1024K)]
  0x000001ec3b3457d0 JavaThread "Timer-721"                         [_thread_blocked, id=10444, stack(0x00000025f0400000,0x00000025f0500000) (1024K)]
  0x000001ec3b347f30 JavaThread "Timer-722"                         [_thread_blocked, id=31724, stack(0x00000025f0600000,0x00000025f0700000) (1024K)]
  0x000001ec3b3485c0 JavaThread "Timer-723"                         [_thread_blocked, id=28804, stack(0x00000025f0500000,0x00000025f0600000) (1024K)]
  0x000001ec3b3492e0 JavaThread "Timer-724"                         [_thread_blocked, id=11312, stack(0x00000025f0a00000,0x00000025f0b00000) (1024K)]
  0x000001ec3b347210 JavaThread "Timer-725"                         [_thread_blocked, id=30900, stack(0x00000025f0700000,0x00000025f0800000) (1024K)]
  0x000001ec3b349970 JavaThread "Timer-726"                         [_thread_blocked, id=16072, stack(0x00000025f0c00000,0x00000025f0d00000) (1024K)]
  0x000001ec3b34ba40 JavaThread "Timer-727"                         [_thread_blocked, id=32828, stack(0x00000025f0d00000,0x00000025f0e00000) (1024K)]
  0x000001ec3b3429e0 JavaThread "Worker-810: Initialize workspace"        [_thread_blocked, id=1340, stack(0x00000025f0300000,0x00000025f0400000) (1024K)]
  0x000001ec3b34cdf0 JavaThread "Timer-728"                         [_thread_blocked, id=18248, stack(0x00000025f0900000,0x00000025f0a00000) (1024K)]
  0x000001ec3b34d480 JavaThread "Timer-729"                         [_thread_blocked, id=28760, stack(0x00000025f0b00000,0x00000025f0c00000) (1024K)]
  0x000001ec3b34a000 JavaThread "Timer-730"                         [_thread_blocked, id=25128, stack(0x00000025f0f00000,0x00000025f1000000) (1024K)]
  0x000001ec3b34ad20 JavaThread "Timer-731"                         [_thread_blocked, id=29776, stack(0x00000025f0e00000,0x00000025f0f00000) (1024K)]
  0x000001ec3b34c760 JavaThread "Timer-732"                         [_thread_blocked, id=23296, stack(0x00000025f1100000,0x00000025f1200000) (1024K)]
  0x000001ec3b34b3b0 JavaThread "Timer-733"                         [_thread_blocked, id=14296, stack(0x00000025f1000000,0x00000025f1100000) (1024K)]
  0x000001ec3b34db10 JavaThread "Timer-734"                         [_thread_blocked, id=25480, stack(0x00000025f1300000,0x00000025f1400000) (1024K)]
  0x000001ec3b34e1a0 JavaThread "Timer-735"                         [_thread_blocked, id=17784, stack(0x00000025f1400000,0x00000025f1500000) (1024K)]
  0x000001ec3b3464f0 JavaThread "Worker-829: Initialize workspace"        [_thread_blocked, id=29820, stack(0x00000025f0800000,0x00000025f0900000) (1024K)]
  0x000001ec3b34a690 JavaThread "Timer-736"                         [_thread_blocked, id=26020, stack(0x00000025f1500000,0x00000025f1600000) (1024K)]
  0x000001ec3b34eec0 JavaThread "Timer-737"                         [_thread_blocked, id=9576, stack(0x00000025f1600000,0x00000025f1700000) (1024K)]
  0x000001ec3b350270 JavaThread "Timer-738"                         [_thread_blocked, id=8080, stack(0x00000025f1800000,0x00000025f1900000) (1024K)]
  0x000001ec3b34fbe0 JavaThread "Timer-739"                         [_thread_blocked, id=25604, stack(0x00000025f1700000,0x00000025f1800000) (1024K)]
  0x000001ec3b350f90 JavaThread "Timer-740"                         [_thread_blocked, id=29452, stack(0x00000025f1a00000,0x00000025f1b00000) (1024K)]
  0x000001ec3b34e830 JavaThread "Timer-741"                         [_thread_blocked, id=5664, stack(0x00000025f1900000,0x00000025f1a00000) (1024K)]
  0x000001ec3b350900 JavaThread "Timer-742"                         [_thread_blocked, id=22772, stack(0x00000025f1c00000,0x00000025f1d00000) (1024K)]
  0x000001ec3b34f550 JavaThread "Timer-743"                         [_thread_blocked, id=19544, stack(0x00000025f1d00000,0x00000025f1e00000) (1024K)]
  0x000001ec3b337f40 JavaThread "Worker-847: Initialize workspace"        [_thread_blocked, id=7376, stack(0x00000025f1b00000,0x00000025f1c00000) (1024K)]
  0x000001ec3b354410 JavaThread "Timer-744"                         [_thread_blocked, id=26608, stack(0x00000025f1e00000,0x00000025f1f00000) (1024K)]
  0x000001ec3b354aa0 JavaThread "Timer-745"                         [_thread_blocked, id=11716, stack(0x00000025f1f00000,0x00000025f2000000) (1024K)]
  0x000001ec3b355130 JavaThread "Timer-746"                         [_thread_blocked, id=15092, stack(0x00000025f2100000,0x00000025f2200000) (1024K)]
  0x000001ec3b351cb0 JavaThread "Timer-747"                         [_thread_blocked, id=19636, stack(0x00000025f2000000,0x00000025f2100000) (1024K)]
  0x000001ec3b3557c0 JavaThread "Timer-748"                         [_thread_blocked, id=27268, stack(0x00000025f2300000,0x00000025f2400000) (1024K)]
  0x000001ec3b353060 JavaThread "Timer-749"                         [_thread_blocked, id=11760, stack(0x00000025f2200000,0x00000025f2300000) (1024K)]
  0x000001ec3b353d80 JavaThread "Timer-750"                         [_thread_blocked, id=15388, stack(0x00000025f2500000,0x00000025f2600000) (1024K)]
  0x000001ec3b355e50 JavaThread "Timer-751"                         [_thread_blocked, id=23380, stack(0x00000025f2600000,0x00000025f2700000) (1024K)]
  0x000001ec3b3536f0 JavaThread "Worker-865: Initialize workspace"        [_thread_blocked, id=15344, stack(0x00000025dd500000,0x00000025dd600000) (1024K)]
  0x000001ec3b3529d0 JavaThread "Timer-752"                         [_thread_blocked, id=22700, stack(0x00000025f2700000,0x00000025f2800000) (1024K)]
  0x000001ec3b3592d0 JavaThread "Timer-753"                         [_thread_blocked, id=27924, stack(0x00000025f2800000,0x00000025f2900000) (1024K)]
  0x000001ec3b357890 JavaThread "Timer-754"                         [_thread_blocked, id=29484, stack(0x00000025f2a00000,0x00000025f2b00000) (1024K)]
  0x000001ec3b359960 JavaThread "Timer-755"                         [_thread_blocked, id=18232, stack(0x00000025f2900000,0x00000025f2a00000) (1024K)]
  0x000001ec3b356b70 JavaThread "Timer-756"                         [_thread_blocked, id=24408, stack(0x00000025f2c00000,0x00000025f2d00000) (1024K)]
  0x000001ec3b357200 JavaThread "Timer-757"                         [_thread_blocked, id=1256, stack(0x00000025f2b00000,0x00000025f2c00000) (1024K)]
  0x000001ec3b3564e0 JavaThread "Timer-758"                         [_thread_blocked, id=16048, stack(0x00000025f2e00000,0x00000025f2f00000) (1024K)]
  0x000001ec3b3585b0 JavaThread "Timer-759"                         [_thread_blocked, id=20916, stack(0x00000025f2f00000,0x00000025f3000000) (1024K)]
  0x000001ec3b352340 JavaThread "Worker-885: Initialize workspace"        [_thread_blocked, id=31616, stack(0x00000025f2400000,0x00000025f2500000) (1024K)]
  0x000001ec3b35c0c0 JavaThread "Timer-760"                         [_thread_blocked, id=21228, stack(0x00000025f3000000,0x00000025f3100000) (1024K)]
  0x000001ec3b35ba30 JavaThread "Timer-761"                         [_thread_blocked, id=24076, stack(0x00000025f3100000,0x00000025f3200000) (1024K)]
  0x000001ec3b35ad10 JavaThread "Timer-762"                         [_thread_blocked, id=23444, stack(0x00000025f3300000,0x00000025f3400000) (1024K)]
  0x000001ec3b359ff0 JavaThread "Timer-763"                         [_thread_blocked, id=22332, stack(0x00000025f3200000,0x00000025f3300000) (1024K)]
  0x000001ec3b35a680 JavaThread "Timer-764"                         [_thread_blocked, id=13480, stack(0x00000025f3500000,0x00000025f3600000) (1024K)]
  0x000001ec3b35b3a0 JavaThread "Timer-765"                         [_thread_blocked, id=28540, stack(0x00000025f3400000,0x00000025f3500000) (1024K)]
  0x000001ec3b358c40 JavaThread "Timer-766"                         [_thread_blocked, id=5180, stack(0x00000025f3700000,0x00000025f3800000) (1024K)]
  0x000001ec3b35e820 JavaThread "Timer-767"                         [_thread_blocked, id=12812, stack(0x00000025f3800000,0x00000025f3900000) (1024K)]
  0x000001ec3b351620 JavaThread "Worker-901: Initialize workspace"        [_thread_blocked, id=22244, stack(0x00000025f3600000,0x00000025f3700000) (1024K)]
  0x000001ec3b35db00 JavaThread "Timer-768"                         [_thread_blocked, id=6352, stack(0x00000025f3900000,0x00000025f3a00000) (1024K)]
  0x000001ec3b35c750 JavaThread "Timer-769"                         [_thread_blocked, id=4108, stack(0x00000025f3a00000,0x00000025f3b00000) (1024K)]
  0x000001ec3b35e190 JavaThread "Timer-770"                         [_thread_blocked, id=11296, stack(0x00000025f3c00000,0x00000025f3d00000) (1024K)]
  0x000001ec3b35cde0 JavaThread "Timer-771"                         [_thread_blocked, id=12972, stack(0x00000025f3b00000,0x00000025f3c00000) (1024K)]
  0x000001ec3b35fbd0 JavaThread "Timer-772"                         [_thread_blocked, id=21344, stack(0x00000025f3e00000,0x00000025f3f00000) (1024K)]
  0x000001ec3b361ca0 JavaThread "Timer-773"                         [_thread_blocked, id=9720, stack(0x00000025f3d00000,0x00000025f3e00000) (1024K)]
  0x000001ec3b362330 JavaThread "Timer-774"                         [_thread_blocked, id=19656, stack(0x00000025f4000000,0x00000025f4100000) (1024K)]
  0x000001ec3b3608f0 JavaThread "Timer-775"                         [_thread_blocked, id=29104, stack(0x00000025f4100000,0x00000025f4200000) (1024K)]
  0x000001ec3b360260 JavaThread "Worker-920: Initialize workspace"        [_thread_blocked, id=1232, stack(0x00000025f3f00000,0x00000025f4000000) (1024K)]
  0x000001ec3b360f80 JavaThread "Timer-776"                         [_thread_blocked, id=25548, stack(0x00000025f4200000,0x00000025f4300000) (1024K)]
  0x000001ec3b361610 JavaThread "Timer-777"                         [_thread_blocked, id=28248, stack(0x00000025f4300000,0x00000025f4400000) (1024K)]
  0x000001ec3b35eeb0 JavaThread "Timer-778"                         [_thread_blocked, id=20328, stack(0x00000025f4500000,0x00000025f4600000) (1024K)]
  0x000001ec3b3629c0 JavaThread "Timer-779"                         [_thread_blocked, id=3652, stack(0x00000025f4400000,0x00000025f4500000) (1024K)]
  0x000001ec3b35f540 JavaThread "Timer-780"                         [_thread_blocked, id=23928, stack(0x00000025f4700000,0x00000025f4800000) (1024K)]
  0x000001ec3b3664d0 JavaThread "Timer-781"                         [_thread_blocked, id=10752, stack(0x00000025f4600000,0x00000025f4700000) (1024K)]
  0x000001ec3b3636e0 JavaThread "Timer-782"                         [_thread_blocked, id=11088, stack(0x00000025f4900000,0x00000025f4a00000) (1024K)]
  0x000001ec3b364a90 JavaThread "Timer-783"                         [_thread_blocked, id=27876, stack(0x00000025f4a00000,0x00000025f4b00000) (1024K)]
  0x000001ec3b357f20 JavaThread "Worker-937: Initialize workspace"        [_thread_blocked, id=21796, stack(0x00000025f1200000,0x00000025f1300000) (1024K)]
  0x000001ec3b363d70 JavaThread "Timer-784"                         [_thread_blocked, id=28944, stack(0x00000025f4b00000,0x00000025f4c00000) (1024K)]
  0x000001ec3b363050 JavaThread "Timer-785"                         [_thread_blocked, id=32396, stack(0x00000025f4c00000,0x00000025f4d00000) (1024K)]
  0x000001ec3b365120 JavaThread "Timer-786"                         [_thread_blocked, id=32088, stack(0x00000025f4e00000,0x00000025f4f00000) (1024K)]
  0x000001ec3b3657b0 JavaThread "Timer-787"                         [_thread_blocked, id=10912, stack(0x00000025f4d00000,0x00000025f4e00000) (1024K)]
  0x000001ec3b366b60 JavaThread "Timer-788"                         [_thread_blocked, id=31900, stack(0x00000025f5000000,0x00000025f5100000) (1024K)]
  0x000001ec3b3671f0 JavaThread "Timer-789"                         [_thread_blocked, id=22784, stack(0x00000025f4f00000,0x00000025f5000000) (1024K)]
  0x000001ec3b367880 JavaThread "Timer-790"                         [_thread_blocked, id=29196, stack(0x00000025f5200000,0x00000025f5300000) (1024K)]
  0x000001ec3b3692c0 JavaThread "Timer-791"                         [_thread_blocked, id=2828, stack(0x00000025f5300000,0x00000025f5400000) (1024K)]
  0x000001ec3b364400 JavaThread "Worker-954: Initialize workspace"        [_thread_blocked, id=3192, stack(0x00000025f4800000,0x00000025f4900000) (1024K)]
  0x000001ec3b3685a0 JavaThread "Timer-792"                         [_thread_blocked, id=31372, stack(0x00000025f5400000,0x00000025f5500000) (1024K)]
  0x000001ec3b368c30 JavaThread "Timer-793"                         [_thread_blocked, id=21264, stack(0x00000025f5500000,0x00000025f5600000) (1024K)]
  0x000001ec3b365e40 JavaThread "Timer-794"                         [_thread_blocked, id=14748, stack(0x00000025f5700000,0x00000025f5800000) (1024K)]
  0x000001ec3b36a670 JavaThread "Timer-795"                         [_thread_blocked, id=7836, stack(0x00000025f5600000,0x00000025f5700000) (1024K)]
  0x000001ec3b369fe0 JavaThread "Timer-796"                         [_thread_blocked, id=22532, stack(0x00000025f5900000,0x00000025f5a00000) (1024K)]
  0x000001ec3b369950 JavaThread "Timer-797"                         [_thread_blocked, id=33284, stack(0x00000025f5800000,0x00000025f5900000) (1024K)]
  0x000001ec3b36ad00 JavaThread "Timer-798"                         [_thread_blocked, id=26644, stack(0x00000025f5b00000,0x00000025f5c00000) (1024K)]
  0x000001ec3b36ba20 JavaThread "Timer-799"                         [_thread_blocked, id=9340, stack(0x00000025f5c00000,0x00000025f5d00000) (1024K)]
  0x000001ec3b36b390 JavaThread "Worker-971: Initialize workspace"        [_thread_blocked, id=26780, stack(0x00000025f5100000,0x00000025f5200000) (1024K)]
  0x000001ec3b36c740 JavaThread "Timer-800"                         [_thread_blocked, id=15540, stack(0x00000025f5d00000,0x00000025f5e00000) (1024K)]
  0x000001ec3b36f530 JavaThread "Timer-801"                         [_thread_blocked, id=19212, stack(0x00000025f5e00000,0x00000025f5f00000) (1024K)]
  0x000001ec3b36cdd0 JavaThread "Timer-802"                         [_thread_blocked, id=11196, stack(0x00000025f5f00000,0x00000025f6000000) (1024K)]
  0x000001ec3b36c0b0 JavaThread "Timer-803"                         [_thread_blocked, id=28512, stack(0x00000025f6000000,0x00000025f6100000) (1024K)]
  0x000001ec3b370250 JavaThread "Timer-804"                         [_thread_blocked, id=32524, stack(0x00000025f6200000,0x00000025f6300000) (1024K)]
  0x000001ec3b36eea0 JavaThread "Timer-805"                         [_thread_blocked, id=14228, stack(0x00000025f6100000,0x00000025f6200000) (1024K)]
  0x000001ec3b36fbc0 JavaThread "Timer-806"                         [_thread_blocked, id=30352, stack(0x00000025f6400000,0x00000025f6500000) (1024K)]
  0x000001ec3b371600 JavaThread "Timer-807"                         [_thread_blocked, id=8932, stack(0x00000025f6500000,0x00000025f6600000) (1024K)]
  0x000001ec3b367f10 JavaThread "Worker-988: Initialize workspace"        [_thread_blocked, id=11684, stack(0x00000025f5a00000,0x00000025f5b00000) (1024K)]
  0x000001ec3b36daf0 JavaThread "Timer-808"                         [_thread_blocked, id=13828, stack(0x00000025f6600000,0x00000025f6700000) (1024K)]
  0x000001ec3b3708e0 JavaThread "Timer-809"                         [_thread_blocked, id=23236, stack(0x00000025f6700000,0x00000025f6800000) (1024K)]
  0x000001ec3b36d460 JavaThread "Timer-810"                         [_thread_blocked, id=26268, stack(0x00000025f6900000,0x00000025f6a00000) (1024K)]
  0x000001ec3b370f70 JavaThread "Timer-811"                         [_thread_blocked, id=17800, stack(0x00000025f6800000,0x00000025f6900000) (1024K)]
  0x000001ec3b36e180 JavaThread "Timer-812"                         [_thread_blocked, id=21896, stack(0x00000025f6b00000,0x00000025f6c00000) (1024K)]
  0x000001ec3b3743f0 JavaThread "Timer-813"                         [_thread_blocked, id=2012, stack(0x00000025f6a00000,0x00000025f6b00000) (1024K)]
  0x000001ec3b3736d0 JavaThread "Timer-814"                         [_thread_blocked, id=31600, stack(0x00000025f6d00000,0x00000025f6e00000) (1024K)]
  0x000001ec3b374a80 JavaThread "Timer-815"                         [_thread_blocked, id=15128, stack(0x00000025f6e00000,0x00000025f6f00000) (1024K)]
  0x000001ec3b371c90 JavaThread "Worker-1006: Initialize workspace"        [_thread_blocked, id=32040, stack(0x00000025f6300000,0x00000025f6400000) (1024K)]
  0x000001ec3b373040 JavaThread "Timer-816"                         [_thread_blocked, id=24396, stack(0x00000025f6c00000,0x00000025f6d00000) (1024K)]
  0x000001ec3b373d60 JavaThread "Timer-817"                         [_thread_blocked, id=23868, stack(0x00000025f7000000,0x00000025f7100000) (1024K)]
  0x000001ec3b375110 JavaThread "Timer-818"                         [_thread_blocked, id=30456, stack(0x00000025f7200000,0x00000025f7300000) (1024K)]
  0x000001ec3b3757a0 JavaThread "Timer-819"                         [_thread_blocked, id=19676, stack(0x00000025f7100000,0x00000025f7200000) (1024K)]
  0x000001ec3b375e30 JavaThread "Timer-820"                         [_thread_blocked, id=27420, stack(0x00000025f7400000,0x00000025f7500000) (1024K)]
  0x000001ec3b3729b0 JavaThread "Timer-821"                         [_thread_blocked, id=3512, stack(0x00000025f7300000,0x00000025f7400000) (1024K)]
  0x000001ec3b3764c0 JavaThread "Timer-822"                         [_thread_blocked, id=32104, stack(0x00000025f7600000,0x00000025f7700000) (1024K)]
  0x000001ec3b3771e0 JavaThread "Timer-823"                         [_thread_blocked, id=24840, stack(0x00000025f7700000,0x00000025f7800000) (1024K)]
  0x000001ec3b36e810 JavaThread "Worker-1024: Initialize workspace"        [_thread_blocked, id=14020, stack(0x00000025f2d00000,0x00000025f2e00000) (1024K)]
  0x000001ec3b377870 JavaThread "Timer-824"                         [_thread_blocked, id=30416, stack(0x00000025f7800000,0x00000025f7900000) (1024K)]
  0x000001ec3b35d470 JavaThread "Timer-825"                         [_thread_blocked, id=33016, stack(0x00000025f7900000,0x00000025f7a00000) (1024K)]
  0x000001ec3b34c0d0 JavaThread "Timer-826"                         [_thread_blocked, id=27736, stack(0x00000025f7b00000,0x00000025f7c00000) (1024K)]
  0x000001ec3d947c10 JavaThread "Timer-827"                         [_thread_blocked, id=24688, stack(0x00000025f7a00000,0x00000025f7b00000) (1024K)]
  0x000001ec3d3daf20 JavaThread "Timer-828"                         [_thread_blocked, id=22316, stack(0x00000025f7d00000,0x00000025f7e00000) (1024K)]
  0x000001ec467a7700 JavaThread "Timer-829"                         [_thread_blocked, id=19660, stack(0x00000025f7c00000,0x00000025f7d00000) (1024K)]
  0x000001ec467a7d90 JavaThread "Timer-830"                         [_thread_blocked, id=23892, stack(0x00000025f7f00000,0x00000025f8000000) (1024K)]
  0x000001ec467a9e60 JavaThread "Timer-831"                         [_thread_blocked, id=30984, stack(0x00000025f8000000,0x00000025f8100000) (1024K)]
  0x000001ec467a7070 JavaThread "Worker-1041: Initialize workspace"        [_thread_blocked, id=30440, stack(0x00000025f7500000,0x00000025f7600000) (1024K)]
  0x000001ec467ab8a0 JavaThread "Timer-832"                         [_thread_blocked, id=1796, stack(0x00000025f8100000,0x00000025f8200000) (1024K)]
  0x000001ec467a8420 JavaThread "Timer-833"                         [_thread_blocked, id=26104, stack(0x00000025f8200000,0x00000025f8300000) (1024K)]
  0x000001ec467ab210 JavaThread "Timer-834"                         [_thread_blocked, id=23872, stack(0x00000025f8400000,0x00000025f8500000) (1024K)]
  0x000001ec467aab80 JavaThread "Timer-835"                         [_thread_blocked, id=3536, stack(0x00000025f8300000,0x00000025f8400000) (1024K)]
  0x000001ec467abf30 JavaThread "Timer-836"                         [_thread_blocked, id=18972, stack(0x00000025f8600000,0x00000025f8700000) (1024K)]
  0x000001ec467a8ab0 JavaThread "Timer-837"                         [_thread_blocked, id=27680, stack(0x00000025f8500000,0x00000025f8600000) (1024K)]
  0x000001ec467ac5c0 JavaThread "Timer-838"                         [_thread_blocked, id=30368, stack(0x00000025f8a00000,0x00000025f8b00000) (1024K)]
  0x000001ec467b00d0 JavaThread "Timer-839"                         [_thread_blocked, id=22652, stack(0x00000025f8b00000,0x00000025f8c00000) (1024K)]
  0x000001ec467a9140 JavaThread "Worker-1057: Initialize workspace"        [_thread_blocked, id=14636, stack(0x00000025f7e00000,0x00000025f7f00000) (1024K)]
  0x000001ec467a97d0 JavaThread "Timer-840"                         [_thread_blocked, id=29176, stack(0x00000025f8c00000,0x00000025f8d00000) (1024K)]
  0x000001ec467b0760 JavaThread "Timer-841"                         [_thread_blocked, id=29244, stack(0x00000025f8d00000,0x00000025f8e00000) (1024K)]
  0x000001ec467af3b0 JavaThread "Timer-842"                         [_thread_blocked, id=27860, stack(0x00000025f8f00000,0x00000025f9000000) (1024K)]
  0x000001ec467afa40 JavaThread "Timer-843"                         [_thread_blocked, id=16192, stack(0x00000025f8e00000,0x00000025f8f00000) (1024K)]
  0x000001ec467ad2e0 JavaThread "Timer-844"                         [_thread_blocked, id=26236, stack(0x00000025f9100000,0x00000025f9200000) (1024K)]
  0x000001ec467b0df0 JavaThread "Timer-845"                         [_thread_blocked, id=21948, stack(0x00000025f9000000,0x00000025f9100000) (1024K)]
  0x000001ec467ad970 JavaThread "Timer-846"                         [_thread_blocked, id=6864, stack(0x00000025f9300000,0x00000025f9400000) (1024K)]
  0x000001ec467ae000 JavaThread "Timer-847"                         [_thread_blocked, id=24632, stack(0x00000025f9400000,0x00000025f9500000) (1024K)]
  0x000001ec467b1480 JavaThread "Worker-1074: Initialize workspace"        [_thread_blocked, id=2380, stack(0x00000025f9200000,0x00000025f9300000) (1024K)]
  0x000001ec467b1b10 JavaThread "Timer-848"                         [_thread_blocked, id=28700, stack(0x00000025f9500000,0x00000025f9600000) (1024K)]
  0x000001ec467ae690 JavaThread "Timer-849"                         [_thread_blocked, id=23976, stack(0x00000025f9600000,0x00000025f9700000) (1024K)]
  0x000001ec467aed20 JavaThread "Timer-850"                         [_thread_blocked, id=28384, stack(0x00000025f9800000,0x00000025f9900000) (1024K)]
  0x000001ec467b3be0 JavaThread "Timer-851"                         [_thread_blocked, id=6168, stack(0x00000025f9700000,0x00000025f9800000) (1024K)]
  0x000001ec467b5620 JavaThread "Timer-852"                         [_thread_blocked, id=14120, stack(0x00000025f9a00000,0x00000025f9b00000) (1024K)]
  0x000001ec467b4f90 JavaThread "Timer-853"                         [_thread_blocked, id=8624, stack(0x00000025f9900000,0x00000025f9a00000) (1024K)]
  0x000001ec467b4900 JavaThread "Timer-854"                         [_thread_blocked, id=30276, stack(0x00000025f9c00000,0x00000025f9d00000) (1024K)]
  0x000001ec467b2ec0 JavaThread "Timer-855"                         [_thread_blocked, id=23452, stack(0x00000025f9d00000,0x00000025f9e00000) (1024K)]
  0x000001ec467acc50 JavaThread "Worker-1091: Initialize workspace"        [_thread_blocked, id=5940, stack(0x00000025f8700000,0x00000025f8800000) (1024K)]
  0x000001ec467b5cb0 JavaThread "Timer-856"                         [_thread_blocked, id=32428, stack(0x00000025f9b00000,0x00000025f9c00000) (1024K)]
  0x000001ec467b3550 JavaThread "Timer-857"                         [_thread_blocked, id=18468, stack(0x00000025f9f00000,0x00000025fa000000) (1024K)]
  0x000001ec467b4270 JavaThread "Timer-858"                         [_thread_blocked, id=22412, stack(0x00000025fa100000,0x00000025fa200000) (1024K)]
  0x000001ec467b2830 JavaThread "Timer-859"                         [_thread_blocked, id=17488, stack(0x00000025fa000000,0x00000025fa100000) (1024K)]
  0x000001ec467b7060 JavaThread "Timer-860"                         [_thread_blocked, id=31448, stack(0x00000025fa300000,0x00000025fa400000) (1024K)]
  0x000001ec467b8410 JavaThread "Timer-861"                         [_thread_blocked, id=26300, stack(0x00000025fa200000,0x00000025fa300000) (1024K)]
  0x000001ec467b9130 JavaThread "Timer-862"                         [_thread_blocked, id=7784, stack(0x00000025fa500000,0x00000025fa600000) (1024K)]
  0x000001ec467b76f0 JavaThread "Timer-863"                         [_thread_blocked, id=11836, stack(0x00000025fa600000,0x00000025fa700000) (1024K)]
  0x000001ec467b21a0 JavaThread "Worker-1109: Initialize workspace"        [_thread_blocked, id=29464, stack(0x00000025f9e00000,0x00000025f9f00000) (1024K)]
  0x000001ec467b97c0 JavaThread "Timer-864"                         [_thread_blocked, id=16756, stack(0x00000025fa700000,0x00000025fa800000) (1024K)]
  0x000001ec467b6340 JavaThread "Timer-865"                         [_thread_blocked, id=15760, stack(0x00000025fa800000,0x00000025fa900000) (1024K)]
  0x000001ec467b9e50 JavaThread "Timer-866"                         [_thread_blocked, id=2684, stack(0x00000025faa00000,0x00000025fab00000) (1024K)]
  0x000001ec467b8aa0 JavaThread "Timer-867"                         [_thread_blocked, id=16956, stack(0x00000025fa900000,0x00000025faa00000) (1024K)]
  0x000001ec467b69d0 JavaThread "Timer-868"                         [_thread_blocked, id=2716, stack(0x00000025fac00000,0x00000025fad00000) (1024K)]
  0x000001ec467bab70 JavaThread "Timer-869"                         [_thread_blocked, id=31028, stack(0x00000025fab00000,0x00000025fac00000) (1024K)]
  0x000001ec467bcc40 JavaThread "Timer-870"                         [_thread_blocked, id=28948, stack(0x00000025fae00000,0x00000025faf00000) (1024K)]
  0x000001ec467bd960 JavaThread "Timer-871"                         [_thread_blocked, id=12036, stack(0x00000025faf00000,0x00000025fb000000) (1024K)]
  0x000001ec467aa4f0 JavaThread "Worker-1124: Initialize workspace"        [_thread_blocked, id=12544, stack(0x00000025f6f00000,0x00000025f7000000) (1024K)]
  0x000001ec467bbf20 JavaThread "Timer-872"                         [_thread_blocked, id=29728, stack(0x00000025fb000000,0x00000025fb100000) (1024K)]
  0x000001ec467bb890 JavaThread "Timer-873"                         [_thread_blocked, id=17892, stack(0x00000025fb100000,0x00000025fb200000) (1024K)]
  0x000001ec467bb200 JavaThread "Timer-874"                         [_thread_blocked, id=22800, stack(0x00000025fb300000,0x00000025fb400000) (1024K)]
  0x000001ec467bdff0 JavaThread "Timer-875"                         [_thread_blocked, id=32108, stack(0x00000025fb200000,0x00000025fb300000) (1024K)]
  0x000001ec467be680 JavaThread "Timer-876"                         [_thread_blocked, id=22928, stack(0x00000025fb500000,0x00000025fb600000) (1024K)]
  0x000001ec467bf3a0 JavaThread "Timer-877"                         [_thread_blocked, id=10184, stack(0x00000025fb400000,0x00000025fb500000) (1024K)]
  0x000001ec467bfa30 JavaThread "Timer-878"                         [_thread_blocked, id=33700, stack(0x00000025fb700000,0x00000025fb800000) (1024K)]
  0x000001ec467bc5b0 JavaThread "Timer-879"                         [_thread_blocked, id=23696, stack(0x00000025fb800000,0x00000025fb900000) (1024K)]
  0x000001ec467bd2d0 JavaThread "Worker-1143: Initialize workspace"        [_thread_blocked, id=1344, stack(0x00000025fad00000,0x00000025fae00000) (1024K)]
  0x000001ec467bed10 JavaThread "Timer-880"                         [_thread_blocked, id=29304, stack(0x00000025fb900000,0x00000025fba00000) (1024K)]
  0x000001ec467c0de0 JavaThread "Timer-881"                         [_thread_blocked, id=8312, stack(0x00000025fba00000,0x00000025fbb00000) (1024K)]
  0x000001ec467c00c0 JavaThread "Timer-882"                         [_thread_blocked, id=17380, stack(0x00000025fbc00000,0x00000025fbd00000) (1024K)]
  0x000001ec467c0750 JavaThread "Timer-883"                         [_thread_blocked, id=9708, stack(0x00000025fbb00000,0x00000025fbc00000) (1024K)]
  0x000001ec467c1b00 JavaThread "Timer-884"                         [_thread_blocked, id=30844, stack(0x00000025fbd00000,0x00000025fbe00000) (1024K)]
  0x000001ec467c2820 JavaThread "Timer-885"                         [_thread_blocked, id=12584, stack(0x00000025fbe00000,0x00000025fbf00000) (1024K)]
  0x000001ec467c2eb0 JavaThread "Timer-886"                         [_thread_blocked, id=14512, stack(0x00000025fc000000,0x00000025fc100000) (1024K)]
  0x000001ec467c3540 JavaThread "Timer-887"                         [_thread_blocked, id=22568, stack(0x00000025fc100000,0x00000025fc200000) (1024K)]
  0x000001ec467ba4e0 JavaThread "Worker-1162: Initialize workspace"        [_thread_blocked, id=22596, stack(0x00000025fb600000,0x00000025fb700000) (1024K)]
  0x000001ec467c4f80 JavaThread "Timer-888"                         [_thread_blocked, id=13324, stack(0x00000025fc200000,0x00000025fc300000) (1024K)]
  0x000001ec467c5610 JavaThread "Timer-889"                         [_thread_blocked, id=15964, stack(0x00000025fc300000,0x00000025fc400000) (1024K)]
  0x000001ec467c4260 JavaThread "Timer-890"                         [_thread_blocked, id=14644, stack(0x00000025fc500000,0x00000025fc600000) (1024K)]
  0x000001ec467c2190 JavaThread "Timer-891"                         [_thread_blocked, id=14388, stack(0x00000025fc400000,0x00000025fc500000) (1024K)]
  0x000001ec467c3bd0 JavaThread "Timer-892"                         [_thread_blocked, id=25392, stack(0x00000025fc700000,0x00000025fc800000) (1024K)]
  0x000001ec467c48f0 JavaThread "Timer-893"                         [_thread_blocked, id=15452, stack(0x00000025fc600000,0x00000025fc700000) (1024K)]
  0x000001ec467c76e0 JavaThread "Timer-894"                         [_thread_blocked, id=8380, stack(0x00000025fc900000,0x00000025fca00000) (1024K)]
  0x000001ec467c7d70 JavaThread "Timer-895"                         [_thread_blocked, id=25360, stack(0x00000025fca00000,0x00000025fcb00000) (1024K)]
  0x000001ec467c1470 JavaThread "Worker-1179: Initialize workspace"        [_thread_blocked, id=9300, stack(0x00000025fbf00000,0x00000025fc000000) (1024K)]
  0x000001ec467c5ca0 JavaThread "Timer-896"                         [_thread_blocked, id=33048, stack(0x00000025fcb00000,0x00000025fcc00000) (1024K)]
  0x000001ec467c9120 JavaThread "Timer-897"                         [_thread_blocked, id=19272, stack(0x00000025fcc00000,0x00000025fcd00000) (1024K)]
  0x000001ec467c97b0 JavaThread "Timer-898"                         [_thread_blocked, id=23624, stack(0x00000025fce00000,0x00000025fcf00000) (1024K)]
  0x000001ec467c8400 JavaThread "Timer-899"                         [_thread_blocked, id=32112, stack(0x00000025fcd00000,0x00000025fce00000) (1024K)]
  0x000001ec467c9e40 JavaThread "Timer-900"                         [_thread_blocked, id=26640, stack(0x00000025fd000000,0x00000025fd100000) (1024K)]
  0x000001ec467c7050 JavaThread "Timer-901"                         [_thread_blocked, id=16540, stack(0x00000025fcf00000,0x00000025fd000000) (1024K)]
  0x000001ec467c8a90 JavaThread "Timer-902"                         [_thread_blocked, id=30508, stack(0x00000025fd200000,0x00000025fd300000) (1024K)]
  0x000001ec467cc5a0 JavaThread "Timer-903"                         [_thread_blocked, id=17028, stack(0x00000025fd300000,0x00000025fd400000) (1024K)]
  0x000001ec467b7d80 JavaThread "Worker-1194: Initialize workspace"        [_thread_blocked, id=10012, stack(0x00000025fa400000,0x00000025fa500000) (1024K)]
  0x000001ec467c69c0 JavaThread "Timer-904"                         [_thread_blocked, id=29924, stack(0x00000025fd100000,0x00000025fd200000) (1024K)]
  0x000001ec467cd950 JavaThread "Timer-905"                         [_thread_blocked, id=14140, stack(0x00000025fd500000,0x00000025fd600000) (1024K)]
  0x000001ec467cab60 JavaThread "Timer-906"                         [_thread_blocked, id=10964, stack(0x00000025fd700000,0x00000025fd800000) (1024K)]
  0x000001ec467ccc30 JavaThread "Timer-907"                         [_thread_blocked, id=26028, stack(0x00000025fd600000,0x00000025fd700000) (1024K)]
  0x000001ec467cb1f0 JavaThread "Timer-908"                         [_thread_blocked, id=5144, stack(0x00000025fd900000,0x00000025fda00000) (1024K)]
  0x000001ec467cd2c0 JavaThread "Timer-909"                         [_thread_blocked, id=2052, stack(0x00000025fd800000,0x00000025fd900000) (1024K)]
  0x000001ec467ca4d0 JavaThread "Timer-910"                         [_thread_blocked, id=32860, stack(0x00000025fdb00000,0x00000025fdc00000) (1024K)]
  0x000001ec467ce670 JavaThread "Timer-911"                         [_thread_blocked, id=13792, stack(0x00000025fdc00000,0x00000025fdd00000) (1024K)]
  0x000001ec467c6330 JavaThread "Worker-1212: Initialize workspace"        [_thread_blocked, id=10360, stack(0x00000025fc800000,0x00000025fc900000) (1024K)]
  0x000001ec467cb880 JavaThread "Timer-912"                         [_thread_blocked, id=22664, stack(0x00000025fdd00000,0x00000025fde00000) (1024K)]
  0x000001ec467cf390 JavaThread "Timer-913"                         [_thread_blocked, id=26532, stack(0x00000025fde00000,0x00000025fdf00000) (1024K)]
  0x000001ec467cbf10 JavaThread "Timer-914"                         [_thread_blocked, id=9056, stack(0x00000025fe000000,0x00000025fe100000) (1024K)]
  0x000001ec467d1af0 JavaThread "Timer-915"                         [_thread_blocked, id=27084, stack(0x00000025fdf00000,0x00000025fe000000) (1024K)]
  0x000001ec467d2ea0 JavaThread "Timer-916"                         [_thread_blocked, id=30976, stack(0x00000025fe200000,0x00000025fe300000) (1024K)]
  0x000001ec467d1460 JavaThread "Timer-917"                         [_thread_blocked, id=11512, stack(0x00000025fe100000,0x00000025fe200000) (1024K)]
  0x000001ec467d2180 JavaThread "Timer-918"                         [_thread_blocked, id=21064, stack(0x00000025fe400000,0x00000025fe500000) (1024K)]
  0x000001ec467cfa20 JavaThread "Timer-919"                         [_thread_blocked, id=29144, stack(0x00000025fe500000,0x00000025fe600000) (1024K)]
  0x000001ec467cdfe0 JavaThread "Worker-1230: Initialize workspace"        [_thread_blocked, id=21744, stack(0x00000025fda00000,0x00000025fdb00000) (1024K)]
  0x000001ec467d2810 JavaThread "Timer-920"                         [_thread_blocked, id=20536, stack(0x00000025fe600000,0x00000025fe700000) (1024K)]
  0x000001ec467d3bc0 JavaThread "Timer-921"                         [_thread_blocked, id=18404, stack(0x00000025fe700000,0x00000025fe800000) (1024K)]
  0x000001ec467d3530 JavaThread "Timer-922"                         [_thread_blocked, id=22096, stack(0x00000025fe900000,0x00000025fea00000) (1024K)]
  0x000001ec467d0dd0 JavaThread "Timer-923"                         [_thread_blocked, id=24512, stack(0x00000025fe800000,0x00000025fe900000) (1024K)]
  0x000001ec467d0740 JavaThread "Timer-924"                         [_thread_blocked, id=8480, stack(0x00000025feb00000,0x00000025fec00000) (1024K)]
  0x000001ec467d4250 JavaThread "Timer-925"                         [_thread_blocked, id=24344, stack(0x00000025fea00000,0x00000025feb00000) (1024K)]
  0x000001ec467d76d0 JavaThread "Timer-926"                         [_thread_blocked, id=32076, stack(0x00000025fed00000,0x00000025fee00000) (1024K)]
  0x000001ec467d7040 JavaThread "Timer-927"                         [_thread_blocked, id=17752, stack(0x00000025fee00000,0x00000025fef00000) (1024K)]
  0x000001ec467d00b0 JavaThread "Worker-1248: Initialize workspace"        [_thread_blocked, id=14716, stack(0x00000025fe300000,0x00000025fe400000) (1024K)]
  0x000001ec467d6320 JavaThread "Timer-928"                         [_thread_blocked, id=32728, stack(0x00000025fef00000,0x00000025ff000000) (1024K)]
  0x000001ec467d7d60 JavaThread "Timer-929"                         [_thread_blocked, id=11820, stack(0x00000025ff000000,0x00000025ff100000) (1024K)]
  0x000001ec467d5600 JavaThread "Timer-930"                         [_thread_blocked, id=4488, stack(0x00000025ff200000,0x00000025ff300000) (1024K)]
  0x000001ec467d48e0 JavaThread "Timer-931"                         [_thread_blocked, id=5788, stack(0x00000025ff100000,0x00000025ff200000) (1024K)]
  0x000001ec467d69b0 JavaThread "Timer-932"                         [_thread_blocked, id=23880, stack(0x00000025ff400000,0x00000025ff500000) (1024K)]
  0x000001ec467d83f0 JavaThread "Timer-933"                         [_thread_blocked, id=22752, stack(0x00000025ff300000,0x00000025ff400000) (1024K)]
  0x000001ec467d9110 JavaThread "Timer-934"                         [_thread_blocked, id=27836, stack(0x00000025ff600000,0x00000025ff700000) (1024K)]
  0x000001ec467d97a0 JavaThread "Timer-935"                         [_thread_blocked, id=27092, stack(0x00000025ff700000,0x00000025ff800000) (1024K)]
  0x000001ec467d4f70 JavaThread "Worker-1265: Initialize workspace"        [_thread_blocked, id=8896, stack(0x00000025fec00000,0x00000025fed00000) (1024K)]
  0x000001ec467d8a80 JavaThread "Timer-936"                         [_thread_blocked, id=20040, stack(0x00000025ff800000,0x00000025ff900000) (1024K)]
  0x000001ec467da4c0 JavaThread "Timer-937"                         [_thread_blocked, id=26848, stack(0x00000025ff900000,0x00000025ffa00000) (1024K)]
  0x000001ec467d9e30 JavaThread "Timer-938"                         [_thread_blocked, id=11948, stack(0x00000025ffb00000,0x00000025ffc00000) (1024K)]
  0x000001ec467dab50 JavaThread "Timer-939"                         [_thread_blocked, id=1808, stack(0x00000025ffa00000,0x00000025ffb00000) (1024K)]
  0x000001ec467db1e0 JavaThread "Timer-940"                         [_thread_blocked, id=2736, stack(0x00000025ffd00000,0x00000025ffe00000) (1024K)]
  0x000001ec467decf0 JavaThread "Timer-941"                         [_thread_blocked, id=14284, stack(0x0000002580000000,0x0000002580100000) (1024K)]
  0x000001ec467dd2b0 JavaThread "Timer-942"                         [_thread_blocked, id=28324, stack(0x0000002580200000,0x0000002580300000) (1024K)]
  0x000001ec467ddfd0 JavaThread "Timer-943"                         [_thread_blocked, id=17476, stack(0x0000002580300000,0x0000002580400000) (1024K)]
  0x000001ec467dd940 JavaThread "Worker-1281: Initialize workspace"        [_thread_blocked, id=7856, stack(0x0000002580100000,0x0000002580200000) (1024K)]
  0x000001ec467de660 JavaThread "Timer-944"                         [_thread_blocked, id=33756, stack(0x0000002580600000,0x0000002580700000) (1024K)]
  0x000001ec467db870 JavaThread "Timer-945"                         [_thread_blocked, id=22788, stack(0x0000002580700000,0x0000002580800000) (1024K)]
  0x000001ec467df380 JavaThread "Timer-946"                         [_thread_blocked, id=21052, stack(0x0000002580900000,0x0000002580a00000) (1024K)]
  0x000001ec467dbf00 JavaThread "Timer-947"                         [_thread_blocked, id=14960, stack(0x0000002580800000,0x0000002580900000) (1024K)]
  0x000001ec467dfa10 JavaThread "Timer-948"                         [_thread_blocked, id=18032, stack(0x0000002580b00000,0x0000002580c00000) (1024K)]
  0x000001ec467e2e90 JavaThread "Timer-949"                         [_thread_blocked, id=31816, stack(0x0000002580a00000,0x0000002580b00000) (1024K)]
  0x000001ec467e0dc0 JavaThread "Timer-950"                         [_thread_blocked, id=12260, stack(0x0000002580d00000,0x0000002580e00000) (1024K)]
  0x000001ec467e3520 JavaThread "Timer-951"                         [_thread_blocked, id=29108, stack(0x0000002580e00000,0x0000002580f00000) (1024K)]
  0x000001ec467dcc20 JavaThread "Worker-1301: Initialize workspace"        [_thread_blocked, id=3336, stack(0x0000002580c00000,0x0000002580d00000) (1024K)]
  0x000001ec467e3bb0 JavaThread "Timer-952"                         [_thread_blocked, id=10396, stack(0x0000002580f00000,0x0000002581000000) (1024K)]
  0x000001ec467e1ae0 JavaThread "Timer-953"                         [_thread_blocked, id=29268, stack(0x0000002581000000,0x0000002581100000) (1024K)]
  0x000001ec467e2170 JavaThread "Timer-954"                         [_thread_blocked, id=16024, stack(0x0000002581200000,0x0000002581300000) (1024K)]
  0x000001ec467e2800 JavaThread "Timer-955"                         [_thread_blocked, id=376, stack(0x0000002581100000,0x0000002581200000) (1024K)]
  0x000001ec467e0730 JavaThread "Timer-956"                         [_thread_blocked, id=27488, stack(0x0000002581400000,0x0000002581500000) (1024K)]
  0x000001ec467e4240 JavaThread "Timer-957"                         [_thread_blocked, id=13756, stack(0x0000002581300000,0x0000002581400000) (1024K)]
  0x000001ec467e48d0 JavaThread "Timer-958"                         [_thread_blocked, id=20268, stack(0x0000002581600000,0x0000002581700000) (1024K)]
  0x000001ec467e69a0 JavaThread "Timer-959"                         [_thread_blocked, id=14144, stack(0x0000002581700000,0x0000002581800000) (1024K)]
  0x000001ec467dc590 JavaThread "Worker-1318: Initialize workspace"        [_thread_blocked, id=27664, stack(0x0000002580400000,0x0000002580500000) (1024K)]
  0x000001ec467e7030 JavaThread "Timer-960"                         [_thread_blocked, id=5700, stack(0x0000002581800000,0x0000002581900000) (1024K)]
  0x000001ec467e5c80 JavaThread "Timer-961"                         [_thread_blocked, id=14392, stack(0x0000002581900000,0x0000002581a00000) (1024K)]
  0x000001ec467e76c0 JavaThread "Timer-962"                         [_thread_blocked, id=27100, stack(0x0000002581b00000,0x0000002581c00000) (1024K)]
  0x000001ec467e4f60 JavaThread "Timer-963"                         [_thread_blocked, id=19712, stack(0x0000002581a00000,0x0000002581b00000) (1024K)]
  0x000001ec467e6310 JavaThread "Timer-964"                         [_thread_blocked, id=29824, stack(0x0000002581d00000,0x0000002581e00000) (1024K)]
  0x000001ec3b372320 JavaThread "Timer-965"                         [_thread_blocked, id=8448, stack(0x0000002581c00000,0x0000002581d00000) (1024K)]
  0x000001ec3b376b50 JavaThread "Timer-966"                         [_thread_blocked, id=31152, stack(0x0000002581f00000,0x0000002582000000) (1024K)]
  0x000001ec467ced00 JavaThread "Timer-967"                         [_thread_blocked, id=25704, stack(0x0000002582000000,0x0000002582100000) (1024K)]
  0x000001ec467e00a0 JavaThread "Worker-1335: Initialize workspace"        [_thread_blocked, id=30188, stack(0x0000002580500000,0x0000002580600000) (1024K)]
  0x000001ec467e55f0 JavaThread "Timer-968"                         [_thread_blocked, id=26720, stack(0x0000002582100000,0x0000002582200000) (1024K)]
  0x000001ec463efec0 JavaThread "Timer-969"                         [_thread_blocked, id=25468, stack(0x0000002582200000,0x0000002582300000) (1024K)]
  0x000001ec463f1270 JavaThread "Timer-970"                         [_thread_blocked, id=31468, stack(0x0000002582400000,0x0000002582500000) (1024K)]
  0x000001ec463f0550 JavaThread "Timer-971"                         [_thread_blocked, id=10652, stack(0x0000002582300000,0x0000002582400000) (1024K)]
  0x000001ec463ef1a0 JavaThread "Timer-972"                         [_thread_blocked, id=28072, stack(0x0000002582600000,0x0000002582700000) (1024K)]
  0x000001ec463f1900 JavaThread "Timer-973"                         [_thread_blocked, id=28160, stack(0x0000002582500000,0x0000002582600000) (1024K)]
  0x000001ec463f0be0 JavaThread "Timer-974"                         [_thread_blocked, id=25236, stack(0x0000002582800000,0x0000002582900000) (1024K)]
  0x000001ec463eeb10 JavaThread "Timer-975"                         [_thread_blocked, id=33088, stack(0x0000002582900000,0x0000002582a00000) (1024K)]
  0x000001ec463f2620 JavaThread "Worker-1353: Initialize workspace"        [_thread_blocked, id=6556, stack(0x0000002581e00000,0x0000002581f00000) (1024K)]
  0x000001ec463ef830 JavaThread "Timer-976"                         [_thread_blocked, id=31808, stack(0x0000002582a00000,0x0000002582b00000) (1024K)]
  0x000001ec463f4d80 JavaThread "Timer-977"                         [_thread_blocked, id=15440, stack(0x0000002582b00000,0x0000002582c00000) (1024K)]
  0x000001ec463f39d0 JavaThread "Timer-978"                         [_thread_blocked, id=8232, stack(0x0000002582c00000,0x0000002582d00000) (1024K)]
  0x000001ec463f4060 JavaThread "Timer-979"                         [_thread_blocked, id=25092, stack(0x0000002582d00000,0x0000002582e00000) (1024K)]
  0x000001ec463f46f0 JavaThread "Timer-980"                         [_thread_blocked, id=5172, stack(0x0000002582f00000,0x0000002583000000) (1024K)]
  0x000001ec463f5aa0 JavaThread "Timer-981"                         [_thread_blocked, id=28952, stack(0x0000002582e00000,0x0000002582f00000) (1024K)]
  0x000001ec463f3340 JavaThread "Timer-982"                         [_thread_blocked, id=12572, stack(0x0000002583100000,0x0000002583200000) (1024K)]
  0x000001ec463f6130 JavaThread "Timer-983"                         [_thread_blocked, id=17508, stack(0x0000002583200000,0x0000002583300000) (1024K)]
  0x000001ec463f5410 JavaThread "Worker-1371: Initialize workspace"        [_thread_blocked, id=23632, stack(0x0000002582700000,0x0000002582800000) (1024K)]
  0x000001ec463f95b0 JavaThread "Timer-984"                         [_thread_blocked, id=15620, stack(0x0000002583300000,0x0000002583400000) (1024K)]
  0x000001ec463f8200 JavaThread "Timer-985"                         [_thread_blocked, id=6132, stack(0x0000002583400000,0x0000002583500000) (1024K)]
  0x000001ec463f8890 JavaThread "Timer-986"                         [_thread_blocked, id=24944, stack(0x0000002583600000,0x0000002583700000) (1024K)]
  0x000001ec463f9c40 JavaThread "Timer-987"                         [_thread_blocked, id=1072, stack(0x0000002583500000,0x0000002583600000) (1024K)]
  0x000001ec463f8f20 JavaThread "Timer-988"                         [_thread_blocked, id=8872, stack(0x0000002583800000,0x0000002583900000) (1024K)]
  0x000001ec463f67c0 JavaThread "Timer-989"                         [_thread_blocked, id=3280, stack(0x0000002583700000,0x0000002583800000) (1024K)]
  0x000001ec463f6e50 JavaThread "Timer-990"                         [_thread_blocked, id=8892, stack(0x0000002583a00000,0x0000002583b00000) (1024K)]
  0x000001ec463fa2d0 JavaThread "Timer-991"                         [_thread_blocked, id=10316, stack(0x0000002583b00000,0x0000002583c00000) (1024K)]
  0x000001ec463f1f90 JavaThread "Worker-1383: Initialize workspace"        [_thread_blocked, id=25040, stack(0x0000002583000000,0x0000002583100000) (1024K)]
  0x000001ec463f74e0 JavaThread "Timer-992"                         [_thread_blocked, id=32276, stack(0x0000002583c00000,0x0000002583d00000) (1024K)]
  0x000001ec463faff0 JavaThread "Timer-993"                         [_thread_blocked, id=17512, stack(0x0000002583d00000,0x0000002583e00000) (1024K)]
  0x000001ec463f7b70 JavaThread "Timer-994"                         [_thread_blocked, id=22376, stack(0x0000002583f00000,0x0000002584000000) (1024K)]
  0x000001ec463fdde0 JavaThread "Timer-995"                         [_thread_blocked, id=24236, stack(0x0000002583e00000,0x0000002583f00000) (1024K)]
  0x000001ec463fbd10 JavaThread "Timer-996"                         [_thread_blocked, id=30292, stack(0x0000002584100000,0x0000002584200000) (1024K)]
  0x000001ec463fc3a0 JavaThread "Timer-997"                         [_thread_blocked, id=31240, stack(0x0000002584000000,0x0000002584100000) (1024K)]
  0x000001ec463fca30 JavaThread "Timer-998"                         [_thread_blocked, id=17804, stack(0x0000002584300000,0x0000002584400000) (1024K)]
  0x000001ec463feb00 JavaThread "Timer-999"                         [_thread_blocked, id=23424, stack(0x0000002584400000,0x0000002584500000) (1024K)]
  0x000001ec463fd0c0 JavaThread "Worker-1405: Initialize workspace"        [_thread_blocked, id=20240, stack(0x0000002583900000,0x0000002583a00000) (1024K)]
  0x000001ec463fb680 JavaThread "Timer-1000"                        [_thread_blocked, id=26500, stack(0x0000002584500000,0x0000002584600000) (1024K)]
  0x000001ec463fa960 JavaThread "Timer-1001"                        [_thread_blocked, id=15544, stack(0x0000002584600000,0x0000002584700000) (1024K)]
  0x000001ec464018f0 JavaThread "Timer-1002"                        [_thread_blocked, id=28708, stack(0x0000002584800000,0x0000002584900000) (1024K)]
  0x000001ec463fe470 JavaThread "Timer-1003"                        [_thread_blocked, id=16036, stack(0x0000002584700000,0x0000002584800000) (1024K)]
  0x000001ec46401f80 JavaThread "Timer-1004"                        [_thread_blocked, id=1912, stack(0x0000002584900000,0x0000002584a00000) (1024K)]
  0x000001ec463ff820 JavaThread "Timer-1005"                        [_thread_blocked, id=29712, stack(0x0000002584a00000,0x0000002584b00000) (1024K)]
  0x000001ec46400540 JavaThread "Timer-1006"                        [_thread_blocked, id=9024, stack(0x0000002584c00000,0x0000002584d00000) (1024K)]
  0x000001ec463ff190 JavaThread "Timer-1007"                        [_thread_blocked, id=24988, stack(0x0000002584d00000,0x0000002584e00000) (1024K)]
  0x000001ec463ffeb0 JavaThread "Worker-1423: Initialize workspace"        [_thread_blocked, id=22472, stack(0x0000002584200000,0x0000002584300000) (1024K)]
  0x000001ec463fd750 JavaThread "Timer-1008"                        [_thread_blocked, id=23748, stack(0x0000002584e00000,0x0000002584f00000) (1024K)]
  0x000001ec464046e0 JavaThread "Timer-1009"                        [_thread_blocked, id=6964, stack(0x0000002584f00000,0x0000002585000000) (1024K)]
  0x000001ec46402610 JavaThread "Timer-1010"                        [_thread_blocked, id=8652, stack(0x0000002585100000,0x0000002585200000) (1024K)]
  0x000001ec464039c0 JavaThread "Timer-1011"                        [_thread_blocked, id=29100, stack(0x0000002585000000,0x0000002585100000) (1024K)]
  0x000001ec46402ca0 JavaThread "Timer-1012"                        [_thread_blocked, id=11920, stack(0x0000002585300000,0x0000002585400000) (1024K)]
  0x000001ec46401260 JavaThread "Timer-1013"                        [_thread_blocked, id=24720, stack(0x0000002585200000,0x0000002585300000) (1024K)]
  0x000001ec46405400 JavaThread "Timer-1014"                        [_thread_blocked, id=12312, stack(0x0000002585700000,0x0000002585800000) (1024K)]
  0x000001ec46405a90 JavaThread "Timer-1015"                        [_thread_blocked, id=12292, stack(0x0000002585800000,0x0000002585900000) (1024K)]
  0x000001ec463f2cb0 JavaThread "Worker-1439: Initialize workspace"        [_thread_blocked, id=3656, stack(0x0000002581500000,0x0000002581600000) (1024K)]
  0x000001ec46400bd0 JavaThread "Timer-1016"                        [_thread_blocked, id=24204, stack(0x0000002585900000,0x0000002585a00000) (1024K)]
  0x000001ec46406e40 JavaThread "Timer-1017"                        [_thread_blocked, id=28000, stack(0x0000002585a00000,0x0000002585b00000) (1024K)]
  0x000001ec46404d70 JavaThread "Timer-1018"                        [_thread_blocked, id=24336, stack(0x0000002585c00000,0x0000002585d00000) (1024K)]
  0x000001ec464081f0 JavaThread "Timer-1019"                        [_thread_blocked, id=31528, stack(0x0000002585b00000,0x0000002585c00000) (1024K)]
  0x000001ec46406120 JavaThread "Timer-1020"                        [_thread_blocked, id=15980, stack(0x0000002585e00000,0x0000002585f00000) (1024K)]
  0x000001ec46407b60 JavaThread "Timer-1021"                        [_thread_blocked, id=27432, stack(0x0000002585d00000,0x0000002585e00000) (1024K)]
  0x000001ec464067b0 JavaThread "Timer-1022"                        [_thread_blocked, id=18352, stack(0x0000002586000000,0x0000002586100000) (1024K)]
  0x000001ec4640bd00 JavaThread "Timer-1023"                        [_thread_blocked, id=29508, stack(0x0000002586100000,0x0000002586200000) (1024K)]
  0x000001ec46404050 JavaThread "Worker-1455: Initialize workspace"        [_thread_blocked, id=2992, stack(0x0000002585400000,0x0000002585500000) (1024K)]
  0x000001ec4640b670 JavaThread "Timer-1024"                        [_thread_blocked, id=5464, stack(0x0000002586200000,0x0000002586300000) (1024K)]
  0x000001ec46408f10 JavaThread "Timer-1025"                        [_thread_blocked, id=28484, stack(0x0000002586300000,0x0000002586400000) (1024K)]
  0x000001ec4640afe0 JavaThread "Timer-1026"                        [_thread_blocked, id=15548, stack(0x0000002586500000,0x0000002586600000) (1024K)]
  0x000001ec4640c390 JavaThread "Timer-1027"                        [_thread_blocked, id=5280, stack(0x0000002586400000,0x0000002586500000) (1024K)]
  0x000001ec4640ca20 JavaThread "Timer-1028"                        [_thread_blocked, id=15004, stack(0x0000002586700000,0x0000002586800000) (1024K)]
  0x000001ec4640a950 JavaThread "Timer-1029"                        [_thread_blocked, id=13692, stack(0x0000002586600000,0x0000002586700000) (1024K)]
  0x000001ec464095a0 JavaThread "Timer-1030"                        [_thread_blocked, id=28812, stack(0x0000002586900000,0x0000002586a00000) (1024K)]
  0x000001ec46409c30 JavaThread "Timer-1031"                        [_thread_blocked, id=11636, stack(0x0000002586a00000,0x0000002586b00000) (1024K)]
  0x000001ec46408880 JavaThread "Worker-1473: Initialize workspace"        [_thread_blocked, id=33304, stack(0x0000002585f00000,0x0000002586000000) (1024K)]
  0x000001ec4640d740 JavaThread "Timer-1032"                        [_thread_blocked, id=25584, stack(0x0000002586b00000,0x0000002586c00000) (1024K)]
  0x000001ec4640a2c0 JavaThread "Timer-1033"                        [_thread_blocked, id=24876, stack(0x0000002586c00000,0x0000002586d00000) (1024K)]
  0x000001ec4640f810 JavaThread "Timer-1034"                        [_thread_blocked, id=5232, stack(0x0000002586e00000,0x0000002586f00000) (1024K)]
  0x000001ec4640fea0 JavaThread "Timer-1035"                        [_thread_blocked, id=29744, stack(0x0000002586d00000,0x0000002586e00000) (1024K)]
  0x000001ec4640eaf0 JavaThread "Timer-1036"                        [_thread_blocked, id=21784, stack(0x0000002587000000,0x0000002587100000) (1024K)]
  0x000001ec46410530 JavaThread "Timer-1037"                        [_thread_blocked, id=15064, stack(0x0000002586f00000,0x0000002587000000) (1024K)]
  0x000001ec4640ddd0 JavaThread "Timer-1038"                        [_thread_blocked, id=24040, stack(0x0000002587200000,0x0000002587300000) (1024K)]
  0x000001ec46411250 JavaThread "Timer-1039"                        [_thread_blocked, id=23108, stack(0x0000002587300000,0x0000002587400000) (1024K)]
  0x000001ec4640d0b0 JavaThread "Worker-1491: Initialize workspace"        [_thread_blocked, id=9080, stack(0x0000002587100000,0x0000002587200000) (1024K)]
  0x000001ec4640e460 JavaThread "Timer-1040"                        [_thread_blocked, id=29928, stack(0x0000002587500000,0x0000002587600000) (1024K)]
  0x000001ec46412c90 JavaThread "Timer-1041"                        [_thread_blocked, id=26416, stack(0x0000002587600000,0x0000002587700000) (1024K)]
  0x000001ec46414040 JavaThread "Timer-1042"                        [_thread_blocked, id=19520, stack(0x0000002587800000,0x0000002587900000) (1024K)]
  0x000001ec464139b0 JavaThread "Timer-1043"                        [_thread_blocked, id=18680, stack(0x0000002587700000,0x0000002587800000) (1024K)]
  0x000001ec46411f70 JavaThread "Timer-1044"                        [_thread_blocked, id=30832, stack(0x0000002587a00000,0x0000002587b00000) (1024K)]
  0x000001ec46410bc0 JavaThread "Timer-1045"                        [_thread_blocked, id=4860, stack(0x0000002587900000,0x0000002587a00000) (1024K)]
  0x000001ec46413320 JavaThread "Timer-1046"                        [_thread_blocked, id=11144, stack(0x0000002587c00000,0x0000002587d00000) (1024K)]
  0x000001ec46412600 JavaThread "Timer-1047"                        [_thread_blocked, id=32212, stack(0x0000002587d00000,0x0000002587e00000) (1024K)]
  0x000001ec4640f180 JavaThread "Worker-1509: Initialize workspace"        [_thread_blocked, id=20356, stack(0x0000002584b00000,0x0000002584c00000) (1024K)]
  0x000001ec463d7b90 JavaThread "Timer-1048"                        [_thread_blocked, id=664, stack(0x0000002587b00000,0x0000002587c00000) (1024K)]
  0x000001ec463d5ac0 JavaThread "Timer-1049"                        [_thread_blocked, id=27824, stack(0x0000002587e00000,0x0000002587f00000) (1024K)]
  0x000001ec463d4710 JavaThread "Timer-1050"                        [_thread_blocked, id=31272, stack(0x0000002587f00000,0x0000002588000000) (1024K)]
  0x000001ec463d5430 JavaThread "Timer-1051"                        [_thread_blocked, id=2832, stack(0x0000002588000000,0x0000002588100000) (1024K)]
  0x000001ec463d4da0 JavaThread "Timer-1052"                        [_thread_blocked, id=26052, stack(0x0000002588200000,0x0000002588300000) (1024K)]
  0x000001ec463d6150 JavaThread "Timer-1053"                        [_thread_blocked, id=14040, stack(0x0000002588100000,0x0000002588200000) (1024K)]
  0x000001ec463d67e0 JavaThread "Timer-1054"                        [_thread_blocked, id=14316, stack(0x0000002588400000,0x0000002588500000) (1024K)]
  0x000001ec463da980 JavaThread "Timer-1055"                        [_thread_blocked, id=6464, stack(0x0000002588500000,0x0000002588600000) (1024K)]
  0x000001ec463d8220 JavaThread "Worker-1525: Initialize workspace"        [_thread_blocked, id=2948, stack(0x0000002587400000,0x0000002587500000) (1024K)]
  0x000001ec463d88b0 JavaThread "Timer-1056"                        [_thread_blocked, id=28224, stack(0x0000002588600000,0x0000002588700000) (1024K)]
  0x000001ec463d9c60 JavaThread "Timer-1057"                        [_thread_blocked, id=19548, stack(0x0000002588700000,0x0000002588800000) (1024K)]
  0x000001ec463da2f0 JavaThread "Timer-1058"                        [_thread_blocked, id=21452, stack(0x0000002588900000,0x0000002588a00000) (1024K)]
  0x000001ec463d6e70 JavaThread "Timer-1059"                        [_thread_blocked, id=21620, stack(0x0000002588800000,0x0000002588900000) (1024K)]
  0x000001ec463db6a0 JavaThread "Timer-1060"                        [_thread_blocked, id=28020, stack(0x0000002588b00000,0x0000002588c00000) (1024K)]
  0x000001ec463d7500 JavaThread "Timer-1061"                        [_thread_blocked, id=12496, stack(0x0000002588a00000,0x0000002588b00000) (1024K)]
  0x000001ec463dca50 JavaThread "Timer-1062"                        [_thread_blocked, id=27388, stack(0x0000002588d00000,0x0000002588e00000) (1024K)]
  0x000001ec463de490 JavaThread "Timer-1063"                        [_thread_blocked, id=20652, stack(0x0000002588e00000,0x0000002588f00000) (1024K)]
  0x000001ec463dbd30 JavaThread "Worker-1540: Initialize workspace"        [_thread_blocked, id=10840, stack(0x0000002588300000,0x0000002588400000) (1024K)]
  0x000001ec463d95d0 JavaThread "Timer-1064"                        [_thread_blocked, id=27440, stack(0x0000002589200000,0x0000002589300000) (1024K)]
  0x000001ec463deb20 JavaThread "Timer-1065"                        [_thread_blocked, id=11028, stack(0x0000002588c00000,0x0000002588d00000) (1024K)]
  0x000001ec463df1b0 JavaThread "Timer-1066"                        [_thread_blocked, id=20120, stack(0x0000002589400000,0x0000002589500000) (1024K)]
  0x000001ec463dc3c0 JavaThread "Timer-1067"                        [_thread_blocked, id=19484, stack(0x0000002589300000,0x0000002589400000) (1024K)]
  0x000001ec463df840 JavaThread "Timer-1068"                        [_thread_blocked, id=12068, stack(0x0000002589600000,0x0000002589700000) (1024K)]
  0x000001ec463dfed0 JavaThread "Timer-1069"                        [_thread_blocked, id=25464, stack(0x0000002589500000,0x0000002589600000) (1024K)]
  0x000001ec463dd0e0 JavaThread "Timer-1070"                        [_thread_blocked, id=8908, stack(0x0000002589800000,0x0000002589900000) (1024K)]
  0x000001ec463e0bf0 JavaThread "Timer-1071"                        [_thread_blocked, id=22692, stack(0x0000002589900000,0x0000002589a00000) (1024K)]
  0x000001ec463db010 JavaThread "Worker-1559: Initialize workspace"        [_thread_blocked, id=28028, stack(0x0000002586800000,0x0000002586900000) (1024K)]
  0x000001ec463dde00 JavaThread "Timer-1072"                        [_thread_blocked, id=4840, stack(0x0000002589a00000,0x0000002589b00000) (1024K)]
  0x000001ec463dd770 JavaThread "Timer-1073"                        [_thread_blocked, id=23596, stack(0x0000002589b00000,0x0000002589c00000) (1024K)]
  0x000001ec463e4700 JavaThread "Timer-1074"                        [_thread_blocked, id=13172, stack(0x0000002589d00000,0x0000002589e00000) (1024K)]
  0x000001ec463e4070 JavaThread "Timer-1075"                        [_thread_blocked, id=28880, stack(0x0000002589c00000,0x0000002589d00000) (1024K)]
  0x000001ec463e1280 JavaThread "Timer-1076"                        [_thread_blocked, id=13196, stack(0x0000002589f00000,0x000000258a000000) (1024K)]
  0x000001ec463e2630 JavaThread "Timer-1077"                        [_thread_blocked, id=21076, stack(0x0000002589e00000,0x0000002589f00000) (1024K)]
  0x000001ec463e2cc0 JavaThread "Timer-1078"                        [_thread_blocked, id=18932, stack(0x000000258a100000,0x000000258a200000) (1024K)]
  0x000001ec463e3350 JavaThread "Timer-1079"                        [_thread_blocked, id=18984, stack(0x000000258a200000,0x000000258a300000) (1024K)]
  0x000001ec463e1910 JavaThread "Worker-1578: Initialize workspace"        [_thread_blocked, id=28976, stack(0x0000002589700000,0x0000002589800000) (1024K)]
  0x000001ec463e0560 JavaThread "Timer-1080"                        [_thread_blocked, id=17532, stack(0x000000258a300000,0x000000258a400000) (1024K)]
  0x000001ec463e4d90 JavaThread "Timer-1081"                        [_thread_blocked, id=19408, stack(0x000000258a400000,0x000000258a500000) (1024K)]
  0x000001ec463e5420 JavaThread "Timer-1082"                        [_thread_blocked, id=23352, stack(0x000000258a600000,0x000000258a700000) (1024K)]
  0x000001ec463e1fa0 JavaThread "Timer-1083"                        [_thread_blocked, id=18712, stack(0x000000258a500000,0x000000258a600000) (1024K)]
  0x000001ec463e5ab0 JavaThread "Timer-1084"                        [_thread_blocked, id=24916, stack(0x000000258a800000,0x000000258a900000) (1024K)]
  0x000001ec463e95c0 JavaThread "Timer-1085"                        [_thread_blocked, id=10380, stack(0x000000258a700000,0x000000258a800000) (1024K)]
  0x000001ec463e7b80 JavaThread "Timer-1086"                        [_thread_blocked, id=33564, stack(0x000000258aa00000,0x000000258ab00000) (1024K)]
  0x000001ec463e8210 JavaThread "Timer-1087"                        [_thread_blocked, id=26312, stack(0x000000258ab00000,0x000000258ac00000) (1024K)]
  0x000001ec463e67d0 JavaThread "Worker-1596: Initialize workspace"        [_thread_blocked, id=30408, stack(0x000000258a900000,0x000000258aa00000) (1024K)]
  0x000001ec463e39e0 JavaThread "Timer-1088"                        [_thread_blocked, id=22624, stack(0x000000258ac00000,0x000000258ad00000) (1024K)]
  0x000001ec463e74f0 JavaThread "Timer-1089"                        [_thread_blocked, id=8324, stack(0x000000258ad00000,0x000000258ae00000) (1024K)]
  0x000001ec463e9c50 JavaThread "Timer-1090"                        [_thread_blocked, id=16988, stack(0x000000258af00000,0x000000258b000000) (1024K)]
  0x000001ec463e88a0 JavaThread "Timer-1091"                        [_thread_blocked, id=29680, stack(0x000000258ae00000,0x000000258af00000) (1024K)]
  0x000001ec463ea2e0 JavaThread "Timer-1092"                        [_thread_blocked, id=6148, stack(0x000000258b100000,0x000000258b200000) (1024K)]
  0x000001ec463e8f30 JavaThread "Timer-1093"                        [_thread_blocked, id=5672, stack(0x000000258b000000,0x000000258b100000) (1024K)]
  0x000001ec463ed760 JavaThread "Timer-1094"                        [_thread_blocked, id=25120, stack(0x000000258b300000,0x000000258b400000) (1024K)]
  0x000001ec463ed0d0 JavaThread "Timer-1095"                        [_thread_blocked, id=21684, stack(0x000000258b400000,0x000000258b500000) (1024K)]
  0x000001ec463e6140 JavaThread "Worker-1615: Initialize workspace"        [_thread_blocked, id=20304, stack(0x000000258a000000,0x000000258a100000) (1024K)]
  0x000001ec463e6e60 JavaThread "Timer-1096"                        [_thread_blocked, id=26148, stack(0x000000258b200000,0x000000258b300000) (1024K)]
  0x000001ec463eca40 JavaThread "Timer-1097"                        [_thread_blocked, id=13992, stack(0x000000258b600000,0x000000258b700000) (1024K)]
  0x000001ec463ea970 JavaThread "Timer-1098"                        [_thread_blocked, id=10124, stack(0x000000258b800000,0x000000258b900000) (1024K)]
  0x000001ec463ec3b0 JavaThread "Timer-1099"                        [_thread_blocked, id=22188, stack(0x000000258b700000,0x000000258b800000) (1024K)]
  0x000001ec463eb690 JavaThread "Timer-1100"                        [_thread_blocked, id=13860, stack(0x000000258ba00000,0x000000258bb00000) (1024K)]
  0x000001ec463ee480 JavaThread "Timer-1101"                        [_thread_blocked, id=25428, stack(0x000000258b900000,0x000000258ba00000) (1024K)]
  0x000001ec463ebd20 JavaThread "Timer-1102"                        [_thread_blocked, id=5344, stack(0x000000258bc00000,0x000000258bd00000) (1024K)]
  0x000001ec467e1450 JavaThread "Timer-1103"                        [_thread_blocked, id=26944, stack(0x000000258be00000,0x000000258bf00000) (1024K)]
  0x000001ec46403330 JavaThread "Worker-1634: Initialize workspace"        [_thread_blocked, id=2324, stack(0x000000258bb00000,0x000000258bc00000) (1024K)]
  0x000001ec464118e0 JavaThread "Timer-1104"                        [_thread_blocked, id=28048, stack(0x000000258bd00000,0x000000258be00000) (1024K)]
  0x000001ec467d5c90 JavaThread "Timer-1105"                        [_thread_blocked, id=9240, stack(0x000000258bf00000,0x000000258c000000) (1024K)]
  0x000001ec37e8c410 JavaThread "Timer-1106"                        [_thread_blocked, id=21756, stack(0x000000258c100000,0x000000258c200000) (1024K)]
  0x000001ec46ead2d0 JavaThread "Timer-1107"                        [_thread_blocked, id=15952, stack(0x000000258c000000,0x000000258c100000) (1024K)]
  0x000001ec46eab890 JavaThread "Timer-1108"                        [_thread_blocked, id=31672, stack(0x000000258c300000,0x000000258c400000) (1024K)]
  0x000001ec46eabf20 JavaThread "Timer-1109"                        [_thread_blocked, id=13108, stack(0x000000258c200000,0x000000258c300000) (1024K)]
  0x000001ec46eaa4e0 JavaThread "Timer-1110"                        [_thread_blocked, id=28868, stack(0x000000258c500000,0x000000258c600000) (1024K)]
  0x000001ec46ead960 JavaThread "Timer-1111"                        [_thread_blocked, id=26776, stack(0x000000258c600000,0x000000258c700000) (1024K)]
  0x000001ec46eaab70 JavaThread "Timer-1112"                        [_thread_blocked, id=5928, stack(0x000000258c700000,0x000000258c800000) (1024K)]
  0x000001ec46eae680 JavaThread "Timer-1113"                        [_thread_blocked, id=29600, stack(0x000000258c800000,0x000000258c900000) (1024K)]
  0x000001ec46eab200 JavaThread "Timer-1114"                        [_thread_blocked, id=26956, stack(0x000000258ca00000,0x000000258cb00000) (1024K)]
  0x000001ec46eaed10 JavaThread "Timer-1115"                        [_thread_blocked, id=5796, stack(0x000000258c900000,0x000000258ca00000) (1024K)]
  0x000001ec46eb00c0 JavaThread "Timer-1116"                        [_thread_blocked, id=13744, stack(0x000000258cc00000,0x000000258cd00000) (1024K)]
  0x000001ec46eb0750 JavaThread "Timer-1117"                        [_thread_blocked, id=33356, stack(0x000000258cb00000,0x000000258cc00000) (1024K)]
  0x000001ec46eb2820 JavaThread "Timer-1118"                        [_thread_blocked, id=21048, stack(0x000000258ce00000,0x000000258cf00000) (1024K)]
  0x000001ec46eb0de0 JavaThread "Timer-1119"                        [_thread_blocked, id=21084, stack(0x000000258cf00000,0x000000258d000000) (1024K)]
  0x000001ec46eac5b0 JavaThread "Worker-1668: Initialize workspace"        [_thread_blocked, id=18940, stack(0x000000258c400000,0x000000258c500000) (1024K)]
  0x000001ec46eaf3a0 JavaThread "Timer-1120"                        [_thread_blocked, id=16276, stack(0x0000002588f00000,0x0000002589000000) (1024K)]
  0x000001ec46eacc40 JavaThread "Timer-1121"                        [_thread_blocked, id=28912, stack(0x000000258cd00000,0x000000258ce00000) (1024K)]
  0x000001ec46eb2eb0 JavaThread "Timer-1122"                        [_thread_blocked, id=6432, stack(0x000000258d300000,0x000000258d400000) (1024K)]
  0x000001ec46eb1470 JavaThread "Timer-1123"                        [_thread_blocked, id=9188, stack(0x000000258d100000,0x000000258d200000) (1024K)]
  0x000001ec46eb5610 JavaThread "Timer-1124"                        [_thread_blocked, id=724, stack(0x000000258d500000,0x000000258d600000) (1024K)]
  0x000001ec46eb48f0 JavaThread "Timer-1125"                        [_thread_blocked, id=14100, stack(0x000000258d400000,0x000000258d500000) (1024K)]
  0x000001ec46eb3bd0 JavaThread "Timer-1126"                        [_thread_blocked, id=32392, stack(0x000000258d700000,0x000000258d800000) (1024K)]
  0x000001ec46eb4f80 JavaThread "Timer-1127"                        [_thread_blocked, id=13840, stack(0x000000258d800000,0x000000258d900000) (1024K)]
  0x000001ec46eb2190 JavaThread "Worker-1685: Initialize workspace"        [_thread_blocked, id=21892, stack(0x000000258d200000,0x000000258d300000) (1024K)]
  0x000001ec46eb5ca0 JavaThread "Timer-1128"                        [_thread_blocked, id=2332, stack(0x000000258d900000,0x000000258da00000) (1024K)]
  0x000001ec46eb6330 JavaThread "Timer-1129"                        [_thread_blocked, id=29344, stack(0x000000258da00000,0x000000258db00000) (1024K)]
  0x000001ec46eb69c0 JavaThread "Timer-1130"                        [_thread_blocked, id=19332, stack(0x000000258dc00000,0x000000258dd00000) (1024K)]
  0x000001ec46eb3540 JavaThread "Timer-1131"                        [_thread_blocked, id=33504, stack(0x000000258db00000,0x000000258dc00000) (1024K)]
  0x000001ec46eb76e0 JavaThread "Timer-1132"                        [_thread_blocked, id=20548, stack(0x000000258de00000,0x000000258df00000) (1024K)]
  0x000001ec46eb4260 JavaThread "Timer-1133"                        [_thread_blocked, id=10356, stack(0x000000258dd00000,0x000000258de00000) (1024K)]
  0x000001ec46eb9e40 JavaThread "Timer-1134"                        [_thread_blocked, id=17612, stack(0x000000258e000000,0x000000258e100000) (1024K)]
  0x000001ec46eb8400 JavaThread "Timer-1135"                        [_thread_blocked, id=32792, stack(0x000000258e100000,0x000000258e200000) (1024K)]
  0x000001ec46eb1b00 JavaThread "Worker-1701: Initialize workspace"        [_thread_blocked, id=20620, stack(0x000000258d600000,0x000000258d700000) (1024K)]
  0x000001ec46eb8a90 JavaThread "Timer-1136"                        [_thread_blocked, id=11084, stack(0x000000258e200000,0x000000258e300000) (1024K)]
  0x000001ec46eb9120 JavaThread "Timer-1137"                        [_thread_blocked, id=24268, stack(0x000000258e300000,0x000000258e400000) (1024K)]
  0x000001ec46eb97b0 JavaThread "Timer-1138"                        [_thread_blocked, id=6772, stack(0x000000258e500000,0x000000258e600000) (1024K)]
  0x000001ec46eba4d0 JavaThread "Timer-1139"                        [_thread_blocked, id=20624, stack(0x000000258e400000,0x000000258e500000) (1024K)]
  0x000001ec46eb7050 JavaThread "Timer-1140"                        [_thread_blocked, id=9804, stack(0x000000258e700000,0x000000258e800000) (1024K)]
  0x000001ec46ebab60 JavaThread "Timer-1141"                        [_thread_blocked, id=17348, stack(0x000000258e600000,0x000000258e700000) (1024K)]
  0x000001ec46ebcc30 JavaThread "Timer-1142"                        [_thread_blocked, id=12904, stack(0x000000258e900000,0x000000258ea00000) (1024K)]
  0x000001ec46ebd2c0 JavaThread "Timer-1143"                        [_thread_blocked, id=24324, stack(0x000000258ea00000,0x000000258eb00000) (1024K)]
  0x000001ec46ebdfe0 JavaThread "Timer-1144"                        [_thread_blocked, id=28060, stack(0x000000258eb00000,0x000000258ec00000) (1024K)]
  0x000001ec46ebd950 JavaThread "Timer-1145"                        [_thread_blocked, id=33364, stack(0x000000258ec00000,0x000000258ed00000) (1024K)]
  0x000001ec46ebe670 JavaThread "Timer-1146"                        [_thread_blocked, id=10372, stack(0x000000258ee00000,0x000000258ef00000) (1024K)]
  0x000001ec46ebed00 JavaThread "Timer-1147"                        [_thread_blocked, id=5304, stack(0x000000258ed00000,0x000000258ee00000) (1024K)]
  0x000001ec46ebb880 JavaThread "Timer-1148"                        [_thread_blocked, id=2464, stack(0x000000258f000000,0x000000258f100000) (1024K)]
  0x000001ec46ebf390 JavaThread "Timer-1149"                        [_thread_blocked, id=21580, stack(0x000000258ef00000,0x000000258f000000) (1024K)]
  0x000001ec46ebc5a0 JavaThread "Timer-1150"                        [_thread_blocked, id=13436, stack(0x000000258f200000,0x000000258f300000) (1024K)]
  0x000001ec46ec0740 JavaThread "Timer-1151"                        [_thread_blocked, id=2456, stack(0x000000258f300000,0x000000258f400000) (1024K)]
  0x000001ec46eb7d70 JavaThread "Worker-1736: Initialize workspace"        [_thread_blocked, id=3972, stack(0x000000258e800000,0x000000258e900000) (1024K)]
  0x000001ec46ec1af0 JavaThread "Timer-1152"                        [_thread_blocked, id=27628, stack(0x000000258f400000,0x000000258f500000) (1024K)]
  0x000001ec46ec2810 JavaThread "Timer-1153"                        [_thread_blocked, id=16712, stack(0x000000258f500000,0x000000258f600000) (1024K)]
  0x000001ec46ec1460 JavaThread "Timer-1154"                        [_thread_blocked, id=27940, stack(0x000000258f700000,0x000000258f800000) (1024K)]
  0x000001ec46ebfa20 JavaThread "Timer-1155"                        [_thread_blocked, id=8844, stack(0x000000258f600000,0x000000258f700000) (1024K)]
  0x000001ec46ec0dd0 JavaThread "Timer-1156"                        [_thread_blocked, id=31052, stack(0x000000258f900000,0x000000258fa00000) (1024K)]
  0x000001ec46ec2180 JavaThread "Timer-1157"                        [_thread_blocked, id=30396, stack(0x000000258f800000,0x000000258f900000) (1024K)]
  0x000001ec46ec3530 JavaThread "Timer-1158"                        [_thread_blocked, id=14936, stack(0x000000258fb00000,0x000000258fc00000) (1024K)]
  0x000001ec46ec2ea0 JavaThread "Timer-1159"                        [_thread_blocked, id=17556, stack(0x000000258fc00000,0x000000258fd00000) (1024K)]
  0x000001ec46ebbf10 JavaThread "Worker-1754: Initialize workspace"        [_thread_blocked, id=25272, stack(0x000000258f100000,0x000000258f200000) (1024K)]
  0x000001ec46ec3bc0 JavaThread "Timer-1160"                        [_thread_blocked, id=14732, stack(0x000000258fd00000,0x000000258fe00000) (1024K)]
  0x000001ec46ec6320 JavaThread "Timer-1161"                        [_thread_blocked, id=15392, stack(0x000000258fe00000,0x000000258ff00000) (1024K)]
  0x000001ec46ec69b0 JavaThread "Timer-1162"                        [_thread_blocked, id=20260, stack(0x0000002590000000,0x0000002590100000) (1024K)]
  0x000001ec46ec7d60 JavaThread "Timer-1163"                        [_thread_blocked, id=29700, stack(0x000000258ff00000,0x0000002590000000) (1024K)]
  0x000001ec46ec7040 JavaThread "Timer-1164"                        [_thread_blocked, id=22912, stack(0x0000002590200000,0x0000002590300000) (1024K)]
  0x000001ec46ec48e0 JavaThread "Timer-1165"                        [_thread_blocked, id=22832, stack(0x0000002590100000,0x0000002590200000) (1024K)]
  0x000001ec46ec5600 JavaThread "Timer-1166"                        [_thread_blocked, id=14308, stack(0x0000002590400000,0x0000002590500000) (1024K)]
  0x000001ec46ec76d0 JavaThread "Timer-1167"                        [_thread_blocked, id=21456, stack(0x0000002590500000,0x0000002590600000) (1024K)]
  0x000001ec46ec00b0 JavaThread "Worker-1773: Initialize workspace"        [_thread_blocked, id=25224, stack(0x000000258fa00000,0x000000258fb00000) (1024K)]
  0x000001ec46ec4f70 JavaThread "Timer-1168"                        [_thread_blocked, id=18524, stack(0x0000002590600000,0x0000002590700000) (1024K)]
  0x000001ec46ec8a80 JavaThread "Timer-1169"                        [_thread_blocked, id=32204, stack(0x0000002590700000,0x0000002590800000) (1024K)]
  0x000001ec46ec9110 JavaThread "Timer-1170"                        [_thread_blocked, id=8552, stack(0x0000002590900000,0x0000002590a00000) (1024K)]
  0x000001ec46ec5c90 JavaThread "Timer-1171"                        [_thread_blocked, id=29580, stack(0x0000002590800000,0x0000002590900000) (1024K)]
  0x000001ec46ecc590 JavaThread "Timer-1172"                        [_thread_blocked, id=26164, stack(0x0000002590b00000,0x0000002590c00000) (1024K)]
  0x000001ec46eccc20 JavaThread "Timer-1173"                        [_thread_blocked, id=26864, stack(0x0000002590a00000,0x0000002590b00000) (1024K)]
  0x000001ec46eca4c0 JavaThread "Timer-1174"                        [_thread_blocked, id=22296, stack(0x0000002590d00000,0x0000002590e00000) (1024K)]
  0x000001ec46ecb870 JavaThread "Timer-1175"                        [_thread_blocked, id=16664, stack(0x0000002590e00000,0x0000002590f00000) (1024K)]
  0x000001ec46ec83f0 JavaThread "Worker-1789: Initialize workspace"        [_thread_blocked, id=17500, stack(0x0000002590c00000,0x0000002590d00000) (1024K)]
  0x000001ec46ec97a0 JavaThread "Timer-1176"                        [_thread_blocked, id=21304, stack(0x0000002590f00000,0x0000002591000000) (1024K)]
  0x000001ec46ecd2b0 JavaThread "Timer-1177"                        [_thread_blocked, id=32420, stack(0x0000002591000000,0x0000002591100000) (1024K)]
  0x000001ec46ecd940 JavaThread "Timer-1178"                        [_thread_blocked, id=18452, stack(0x0000002591200000,0x0000002591300000) (1024K)]
  0x000001ec46ec9e30 JavaThread "Timer-1179"                        [_thread_blocked, id=33200, stack(0x0000002591100000,0x0000002591200000) (1024K)]
  0x000001ec46ecab50 JavaThread "Timer-1180"                        [_thread_blocked, id=16272, stack(0x0000002591400000,0x0000002591500000) (1024K)]
  0x000001ec46ecdfd0 JavaThread "Timer-1181"                        [_thread_blocked, id=1540, stack(0x0000002591300000,0x0000002591400000) (1024K)]
  0x000001ec46ed0730 JavaThread "Timer-1182"                        [_thread_blocked, id=11620, stack(0x0000002591600000,0x0000002591700000) (1024K)]
  0x000001ec46ece660 JavaThread "Timer-1183"                        [_thread_blocked, id=20540, stack(0x0000002591700000,0x0000002591800000) (1024K)]
  0x000001ec46ececf0 JavaThread "Worker-1807: Initialize workspace"        [_thread_blocked, id=14568, stack(0x0000002590300000,0x0000002590400000) (1024K)]
  0x000001ec46ecbf00 JavaThread "Timer-1184"                        [_thread_blocked, id=17116, stack(0x0000002591800000,0x0000002591900000) (1024K)]
  0x000001ec46ecfa10 JavaThread "Timer-1185"                        [_thread_blocked, id=27536, stack(0x0000002591900000,0x0000002591a00000) (1024K)]
  0x000001ec46ed00a0 JavaThread "Timer-1186"                        [_thread_blocked, id=12192, stack(0x0000002591b00000,0x0000002591c00000) (1024K)]
  0x000001ec46e92840 JavaThread "Timer-1187"                        [_thread_blocked, id=19704, stack(0x0000002591a00000,0x0000002591b00000) (1024K)]
  0x000001ec46e92ed0 JavaThread "Timer-1188"                        [_thread_blocked, id=4404, stack(0x0000002591d00000,0x0000002591e00000) (1024K)]
  0x000001ec46e93560 JavaThread "Timer-1189"                        [_thread_blocked, id=29068, stack(0x0000002591c00000,0x0000002591d00000) (1024K)]
  0x000001ec46e91490 JavaThread "Timer-1190"                        [_thread_blocked, id=28996, stack(0x0000002591f00000,0x0000002592000000) (1024K)]
  0x000001ec46e93bf0 JavaThread "Timer-1191"                        [_thread_blocked, id=21924, stack(0x0000002592000000,0x0000002592100000) (1024K)]
  0x000001ec46e900e0 JavaThread "Worker-1824: Initialize workspace"        [_thread_blocked, id=428, stack(0x0000002591e00000,0x0000002591f00000) (1024K)]
  0x000001ec46e921b0 JavaThread "Timer-1192"                        [_thread_blocked, id=17840, stack(0x0000002592100000,0x0000002592200000) (1024K)]
  0x000001ec46e90770 JavaThread "Timer-1193"                        [_thread_blocked, id=32120, stack(0x0000002592200000,0x0000002592300000) (1024K)]
  0x000001ec46e94280 JavaThread "Timer-1194"                        [_thread_blocked, id=27724, stack(0x0000002592400000,0x0000002592500000) (1024K)]
  0x000001ec46e90e00 JavaThread "Timer-1195"                        [_thread_blocked, id=18296, stack(0x0000002592300000,0x0000002592400000) (1024K)]
  0x000001ec46e94fa0 JavaThread "Timer-1196"                        [_thread_blocked, id=28520, stack(0x0000002592600000,0x0000002592700000) (1024K)]
  0x000001ec46e94910 JavaThread "Timer-1197"                        [_thread_blocked, id=15556, stack(0x0000002592500000,0x0000002592600000) (1024K)]
  0x000001ec46e91b20 JavaThread "Timer-1198"                        [_thread_blocked, id=12616, stack(0x0000002592800000,0x0000002592900000) (1024K)]
  0x000001ec46e98ab0 JavaThread "Timer-1199"                        [_thread_blocked, id=23728, stack(0x0000002592900000,0x0000002592a00000) (1024K)]
  0x000001ec46e96350 JavaThread "Worker-1841: Initialize workspace"        [_thread_blocked, id=2068, stack(0x000000258d000000,0x000000258d100000) (1024K)]
  0x000001ec46e97d90 JavaThread "Timer-1200"                        [_thread_blocked, id=17860, stack(0x0000002592a00000,0x0000002592b00000) (1024K)]
  0x000001ec46e99e60 JavaThread "Timer-1201"                        [_thread_blocked, id=20648, stack(0x0000002592b00000,0x0000002592c00000) (1024K)]
  0x000001ec46e97700 JavaThread "Timer-1202"                        [_thread_blocked, id=15724, stack(0x0000002592d00000,0x0000002592e00000) (1024K)]
  0x000001ec46e97070 JavaThread "Timer-1203"                        [_thread_blocked, id=14892, stack(0x0000002592c00000,0x0000002592d00000) (1024K)]
  0x000001ec46e969e0 JavaThread "Timer-1204"                        [_thread_blocked, id=19252, stack(0x0000002592f00000,0x0000002593000000) (1024K)]
  0x000001ec46e9ab80 JavaThread "Timer-1205"                        [_thread_blocked, id=32152, stack(0x0000002592e00000,0x0000002592f00000) (1024K)]
  0x000001ec46e9a4f0 JavaThread "Timer-1206"                        [_thread_blocked, id=8400, stack(0x0000002593100000,0x0000002593200000) (1024K)]
  0x000001ec46e9b8a0 JavaThread "Timer-1207"                        [_thread_blocked, id=26912, stack(0x0000002593200000,0x0000002593300000) (1024K)]
  0x000001ec46e95630 JavaThread "Worker-1859: Initialize workspace"        [_thread_blocked, id=20856, stack(0x0000002592700000,0x0000002592800000) (1024K)]
  0x000001ec46e9bf30 JavaThread "Timer-1208"                        [_thread_blocked, id=28808, stack(0x0000002593300000,0x0000002593400000) (1024K)]
  0x000001ec46e9b210 JavaThread "Timer-1209"                        [_thread_blocked, id=33036, stack(0x0000002593400000,0x0000002593500000) (1024K)]
  0x000001ec46e9c5c0 JavaThread "Timer-1210"                        [_thread_blocked, id=18564, stack(0x0000002593600000,0x0000002593700000) (1024K)]
  0x000001ec46e99140 JavaThread "Timer-1211"                        [_thread_blocked, id=26768, stack(0x0000002593500000,0x0000002593600000) (1024K)]
  0x000001ec46e997d0 JavaThread "Timer-1212"                        [_thread_blocked, id=30792, stack(0x0000002593800000,0x0000002593900000) (1024K)]
  0x000001ec46e9e690 JavaThread "Timer-1213"                        [_thread_blocked, id=3384, stack(0x0000002593700000,0x0000002593800000) (1024K)]
  0x000001ec46e9f3b0 JavaThread "Timer-1214"                        [_thread_blocked, id=3640, stack(0x0000002593a00000,0x0000002593b00000) (1024K)]
  0x000001ec46e9d970 JavaThread "Timer-1215"                        [_thread_blocked, id=1792, stack(0x0000002593b00000,0x0000002593c00000) (1024K)]
  0x000001ec46e95cc0 JavaThread "Worker-1877: Initialize workspace"        [_thread_blocked, id=5784, stack(0x0000002593000000,0x0000002593100000) (1024K)]
  0x000001ec46e9ed20 JavaThread "Timer-1216"                        [_thread_blocked, id=15160, stack(0x0000002593c00000,0x0000002593d00000) (1024K)]
  0x000001ec46e9d2e0 JavaThread "Timer-1217"                        [_thread_blocked, id=6300, stack(0x0000002593d00000,0x0000002593e00000) (1024K)]
  0x000001ec46e9e000 JavaThread "Timer-1218"                        [_thread_blocked, id=23464, stack(0x0000002593f00000,0x0000002594000000) (1024K)]
  0x000001ec46ea00d0 JavaThread "Timer-1219"                        [_thread_blocked, id=8924, stack(0x0000002593e00000,0x0000002593f00000) (1024K)]
  0x000001ec46e9cc50 JavaThread "Timer-1220"                        [_thread_blocked, id=5160, stack(0x0000002594100000,0x0000002594200000) (1024K)]
  0x000001ec46ea3550 JavaThread "Timer-1221"                        [_thread_blocked, id=27196, stack(0x0000002594000000,0x0000002594100000) (1024K)]
  0x000001ec46ea1480 JavaThread "Timer-1222"                        [_thread_blocked, id=9692, stack(0x0000002594300000,0x0000002594400000) (1024K)]
  0x000001ec46ea3be0 JavaThread "Timer-1223"                        [_thread_blocked, id=33084, stack(0x0000002594500000,0x0000002594600000) (1024K)]
  0x000001ec46ea2830 JavaThread "Worker-1894: Initialize workspace"        [_thread_blocked, id=32208, stack(0x0000002593900000,0x0000002593a00000) (1024K)]
  0x000001ec46e9fa40 JavaThread "Timer-1224"                        [_thread_blocked, id=16420, stack(0x0000002594400000,0x0000002594500000) (1024K)]
  0x000001ec46ea21a0 JavaThread "Timer-1225"                        [_thread_blocked, id=27464, stack(0x0000002594600000,0x0000002594700000) (1024K)]
  0x000001ec46ea1b10 JavaThread "Timer-1226"                        [_thread_blocked, id=28016, stack(0x0000002594700000,0x0000002594800000) (1024K)]
  0x000001ec46ea0760 JavaThread "Timer-1227"                        [_thread_blocked, id=19824, stack(0x0000002594800000,0x0000002594900000) (1024K)]
  0x000001ec46ea4270 JavaThread "Timer-1228"                        [_thread_blocked, id=13080, stack(0x0000002594a00000,0x0000002594b00000) (1024K)]
  0x000001ec46ea0df0 JavaThread "Timer-1229"                        [_thread_blocked, id=23228, stack(0x0000002594900000,0x0000002594a00000) (1024K)]
  0x000001ec46ea6340 JavaThread "Timer-1230"                        [_thread_blocked, id=23376, stack(0x0000002594c00000,0x0000002594d00000) (1024K)]
  0x000001ec46ea5620 JavaThread "Timer-1231"                        [_thread_blocked, id=16512, stack(0x0000002594d00000,0x0000002594e00000) (1024K)]
  0x000001ec46ea2ec0 JavaThread "Worker-1912: Initialize workspace"        [_thread_blocked, id=10464, stack(0x0000002594200000,0x0000002594300000) (1024K)]
  0x000001ec46ea7060 JavaThread "Timer-1232"                        [_thread_blocked, id=15920, stack(0x0000002594e00000,0x0000002594f00000) (1024K)]
  0x000001ec46ea76f0 JavaThread "Timer-1233"                        [_thread_blocked, id=8304, stack(0x0000002594f00000,0x0000002595000000) (1024K)]
  0x000001ec46ea5cb0 JavaThread "Timer-1234"                        [_thread_blocked, id=10288, stack(0x0000002595100000,0x0000002595200000) (1024K)]
  0x000001ec46ea69d0 JavaThread "Timer-1235"                        [_thread_blocked, id=22512, stack(0x0000002595000000,0x0000002595100000) (1024K)]
  0x000001ec46ea7d80 JavaThread "Timer-1236"                        [_thread_blocked, id=20780, stack(0x0000002595300000,0x0000002595400000) (1024K)]
  0x000001ec46ea4900 JavaThread "Timer-1237"                        [_thread_blocked, id=21440, stack(0x0000002595200000,0x0000002595300000) (1024K)]
  0x000001ec46ea8aa0 JavaThread "Timer-1238"                        [_thread_blocked, id=29896, stack(0x0000002595500000,0x0000002595600000) (1024K)]
  0x000001ec46ea8410 JavaThread "Timer-1239"                        [_thread_blocked, id=23304, stack(0x0000002595600000,0x0000002595700000) (1024K)]
  0x000001ec46ea4f90 JavaThread "Worker-1929: Initialize workspace"        [_thread_blocked, id=13428, stack(0x0000002594b00000,0x0000002594c00000) (1024K)]
  0x000001ec46ea97c0 JavaThread "Timer-1240"                        [_thread_blocked, id=33260, stack(0x0000002595700000,0x0000002595800000) (1024K)]
  0x000001ec46eafa30 JavaThread "Timer-1241"                        [_thread_blocked, id=5092, stack(0x0000002595800000,0x0000002595900000) (1024K)]
  0x000001ec46ec4250 JavaThread "Timer-1242"                        [_thread_blocked, id=11688, stack(0x0000002595a00000,0x0000002595b00000) (1024K)]
  0x000001ec46ecb1e0 JavaThread "Timer-1243"                        [_thread_blocked, id=16152, stack(0x0000002595900000,0x0000002595a00000) (1024K)]
  0x000001ec46ecf380 JavaThread "Timer-1244"                        [_thread_blocked, id=23116, stack(0x0000002595c00000,0x0000002595d00000) (1024K)]
  0x000001ec463d8f40 JavaThread "Timer-1245"                        [_thread_blocked, id=6748, stack(0x0000002595b00000,0x0000002595c00000) (1024K)]
  0x000001ec463eddf0 JavaThread "Timer-1246"                        [_thread_blocked, id=21928, stack(0x0000002595e00000,0x0000002595f00000) (1024K)]
  0x000001ec3b899260 JavaThread "Timer-1247"                        [_thread_blocked, id=32192, stack(0x0000002595f00000,0x0000002596000000) (1024K)]
  0x000001ec3b898540 JavaThread "Worker-1945: Initialize workspace"        [_thread_blocked, id=2836, stack(0x0000002595400000,0x0000002595500000) (1024K)]
  0x000001ec3b897190 JavaThread "Timer-1248"                        [_thread_blocked, id=22604, stack(0x0000002596000000,0x0000002596100000) (1024K)]
  0x000001ec3b897820 JavaThread "Timer-1249"                        [_thread_blocked, id=5572, stack(0x0000002596100000,0x0000002596200000) (1024K)]
  0x000001ec3b896b00 JavaThread "Timer-1250"                        [_thread_blocked, id=11172, stack(0x0000002596300000,0x0000002596400000) (1024K)]
  0x000001ec3b898bd0 JavaThread "Timer-1251"                        [_thread_blocked, id=5532, stack(0x0000002596200000,0x0000002596300000) (1024K)]
  0x000001ec3b896470 JavaThread "Timer-1252"                        [_thread_blocked, id=29096, stack(0x0000002596500000,0x0000002596600000) (1024K)]
  0x000001ec3b89c6e0 JavaThread "Timer-1253"                        [_thread_blocked, id=29160, stack(0x0000002596400000,0x0000002596500000) (1024K)]
  0x000001ec3b89cd70 JavaThread "Timer-1254"                        [_thread_blocked, id=20128, stack(0x0000002596700000,0x0000002596800000) (1024K)]
  0x000001ec3b899f80 JavaThread "Timer-1255"                        [_thread_blocked, id=24272, stack(0x0000002596800000,0x0000002596900000) (1024K)]
  0x000001ec3b89b330 JavaThread "Worker-1963: Initialize workspace"        [_thread_blocked, id=23088, stack(0x0000002595d00000,0x0000002595e00000) (1024K)]
  0x000001ec3b897eb0 JavaThread "Timer-1256"                        [_thread_blocked, id=5388, stack(0x0000002596900000,0x0000002596a00000) (1024K)]
  0x000001ec3b89b9c0 JavaThread "Timer-1257"                        [_thread_blocked, id=19812, stack(0x0000002596a00000,0x0000002596b00000) (1024K)]
  0x000001ec3b8998f0 JavaThread "Timer-1258"                        [_thread_blocked, id=11212, stack(0x0000002596c00000,0x0000002596d00000) (1024K)]
  0x000001ec3b89d400 JavaThread "Timer-1259"                        [_thread_blocked, id=17920, stack(0x0000002596b00000,0x0000002596c00000) (1024K)]
  0x000001ec3b89da90 JavaThread "Timer-1260"                        [_thread_blocked, id=31668, stack(0x0000002596e00000,0x0000002596f00000) (1024K)]
  0x000001ec3b89c050 JavaThread "Timer-1261"                        [_thread_blocked, id=2976, stack(0x0000002596d00000,0x0000002596e00000) (1024K)]
  0x000001ec3b89e7b0 JavaThread "Timer-1262"                        [_thread_blocked, id=19772, stack(0x0000002597000000,0x0000002597100000) (1024K)]
  0x000001ec3b8a0880 JavaThread "Timer-1263"                        [_thread_blocked, id=9336, stack(0x0000002597100000,0x0000002597200000) (1024K)]
  0x000001ec3b89e120 JavaThread "Worker-1981: Initialize workspace"        [_thread_blocked, id=16824, stack(0x0000002596600000,0x0000002596700000) (1024K)]
  0x000001ec3b8a0f10 JavaThread "Timer-1264"                        [_thread_blocked, id=26596, stack(0x0000002597200000,0x0000002597300000) (1024K)]
  0x000001ec3b89f4d0 JavaThread "Timer-1265"                        [_thread_blocked, id=20880, stack(0x0000002597300000,0x0000002597400000) (1024K)]
  0x000001ec3b8a22c0 JavaThread "Timer-1266"                        [_thread_blocked, id=26804, stack(0x0000002597500000,0x0000002597600000) (1024K)]
  0x000001ec3b89ee40 JavaThread "Timer-1267"                        [_thread_blocked, id=6784, stack(0x0000002597400000,0x0000002597500000) (1024K)]
  0x000001ec3b8a1c30 JavaThread "Timer-1268"                        [_thread_blocked, id=30764, stack(0x0000002597700000,0x0000002597800000) (1024K)]
  0x000001ec3b8a2950 JavaThread "Timer-1269"                        [_thread_blocked, id=20704, stack(0x0000002597600000,0x0000002597700000) (1024K)]
  0x000001ec3b8a01f0 JavaThread "Timer-1270"                        [_thread_blocked, id=18928, stack(0x0000002597900000,0x0000002597a00000) (1024K)]
  0x000001ec3b89fb60 JavaThread "Timer-1271"                        [_thread_blocked, id=13552, stack(0x0000002597a00000,0x0000002597b00000) (1024K)]
  0x000001ec3b89a610 JavaThread "Worker-1998: Initialize workspace"        [_thread_blocked, id=23068, stack(0x0000002596f00000,0x0000002597000000) (1024K)]
  0x000001ec3b8a3670 JavaThread "Timer-1272"                        [_thread_blocked, id=15456, stack(0x0000002597b00000,0x0000002597c00000) (1024K)]
  0x000001ec3b8a4a20 JavaThread "Timer-1273"                        [_thread_blocked, id=19200, stack(0x0000002597c00000,0x0000002597d00000) (1024K)]
  0x000001ec3b8a3d00 JavaThread "Timer-1274"                        [_thread_blocked, id=936, stack(0x0000002597e00000,0x0000002597f00000) (1024K)]
  0x000001ec3b8a15a0 JavaThread "Timer-1275"                        [_thread_blocked, id=33596, stack(0x0000002597d00000,0x0000002597e00000) (1024K)]
  0x000001ec3b8a6af0 JavaThread "Timer-1276"                        [_thread_blocked, id=12956, stack(0x0000002598000000,0x0000002598100000) (1024K)]
  0x000001ec3b8a7180 JavaThread "Timer-1277"                        [_thread_blocked, id=17124, stack(0x0000002597f00000,0x0000002598000000) (1024K)]
  0x000001ec3b8a5dd0 JavaThread "Timer-1278"                        [_thread_blocked, id=11992, stack(0x0000002598200000,0x0000002598300000) (1024K)]
  0x000001ec3b8a4390 JavaThread "Timer-1279"                        [_thread_blocked, id=24712, stack(0x0000002598300000,0x0000002598400000) (1024K)]
  0x000001ec3b8a50b0 JavaThread "Worker-2014: Initialize workspace"        [_thread_blocked, id=16504, stack(0x0000002597800000,0x0000002597900000) (1024K)]
  0x000001ec3b8a6460 JavaThread "Timer-1280"                        [_thread_blocked, id=26340, stack(0x0000002598400000,0x0000002598500000) (1024K)]
  0x000001ec3b8a2fe0 JavaThread "Timer-1281"                        [_thread_blocked, id=9008, stack(0x0000002598500000,0x0000002598600000) (1024K)]
  0x000001ec3b8aac90 JavaThread "Timer-1282"                        [_thread_blocked, id=3396, stack(0x0000002598700000,0x0000002598800000) (1024K)]
  0x000001ec3b8a7810 JavaThread "Timer-1283"                        [_thread_blocked, id=10364, stack(0x0000002598600000,0x0000002598700000) (1024K)]
  0x000001ec3b8a9250 JavaThread "Timer-1284"                        [_thread_blocked, id=7748, stack(0x0000002598900000,0x0000002598a00000) (1024K)]
  0x000001ec3b8ab320 JavaThread "Timer-1285"                        [_thread_blocked, id=29540, stack(0x0000002598800000,0x0000002598900000) (1024K)]
  0x000001ec3b8a7ea0 JavaThread "Timer-1286"                        [_thread_blocked, id=10776, stack(0x0000002598b00000,0x0000002598c00000) (1024K)]
  0x000001ec3b8ab9b0 JavaThread "Timer-1287"                        [_thread_blocked, id=12976, stack(0x0000002598c00000,0x0000002598d00000) (1024K)]
  0x000001ec3b8a8530 JavaThread "Worker-2031: Initialize workspace"        [_thread_blocked, id=19376, stack(0x0000002598100000,0x0000002598200000) (1024K)]
  0x000001ec3b8a5740 JavaThread "Timer-1288"                        [_thread_blocked, id=16464, stack(0x0000002598d00000,0x0000002598e00000) (1024K)]
  0x000001ec3b8acd60 JavaThread "Timer-1289"                        [_thread_blocked, id=12740, stack(0x0000002598e00000,0x0000002598f00000) (1024K)]
  0x000001ec3b8ac6d0 JavaThread "Timer-1290"                        [_thread_blocked, id=9920, stack(0x0000002599000000,0x0000002599100000) (1024K)]
  0x000001ec3b8a98e0 JavaThread "Timer-1291"                        [_thread_blocked, id=8864, stack(0x0000002598f00000,0x0000002599000000) (1024K)]
  0x000001ec3b8ad3f0 JavaThread "Timer-1292"                        [_thread_blocked, id=24952, stack(0x0000002599400000,0x0000002599500000) (1024K)]
  0x000001ec3b8a9f70 JavaThread "Timer-1293"                        [_thread_blocked, id=12748, stack(0x0000002599100000,0x0000002599200000) (1024K)]
  0x000001ec3b8ada80 JavaThread "Timer-1294"                        [_thread_blocked, id=33456, stack(0x0000002599600000,0x0000002599700000) (1024K)]
  0x000001ec3b8aa600 JavaThread "Timer-1295"                        [_thread_blocked, id=5752, stack(0x0000002599700000,0x0000002599800000) (1024K)]
  0x000001ec3b8ac040 JavaThread "Worker-2048: Initialize workspace"        [_thread_blocked, id=31268, stack(0x0000002598a00000,0x0000002598b00000) (1024K)]
  0x000001ec3b8afb50 JavaThread "Timer-1296"                        [_thread_blocked, id=28404, stack(0x0000002599800000,0x0000002599900000) (1024K)]
  0x000001ec3b8aee30 JavaThread "Timer-1297"                        [_thread_blocked, id=18252, stack(0x0000002599900000,0x0000002599a00000) (1024K)]
  0x000001ec3b8ae110 JavaThread "Timer-1298"                        [_thread_blocked, id=33768, stack(0x0000002599b00000,0x0000002599c00000) (1024K)]
  0x000001ec3b8ae7a0 JavaThread "Timer-1299"                        [_thread_blocked, id=12620, stack(0x0000002599a00000,0x0000002599b00000) (1024K)]
  0x000001ec3b8af4c0 JavaThread "Timer-1300"                        [_thread_blocked, id=24604, stack(0x0000002599d00000,0x0000002599e00000) (1024K)]
  0x000001ec3b8b01e0 JavaThread "Timer-1301"                        [_thread_blocked, id=11256, stack(0x0000002599c00000,0x0000002599d00000) (1024K)]
  0x000001ec3b8b2fd0 JavaThread "Timer-1302"                        [_thread_blocked, id=2660, stack(0x0000002599f00000,0x000000259a000000) (1024K)]
  0x000001ec3b8b1c20 JavaThread "Timer-1303"                        [_thread_blocked, id=26100, stack(0x000000259a000000,0x000000259a100000) (1024K)]
  0x000001ec3b8a8bc0 JavaThread "Worker-2064: Initialize workspace"        [_thread_blocked, id=26404, stack(0x0000002599500000,0x0000002599600000) (1024K)]
  0x000001ec3b8b22b0 JavaThread "Timer-1304"                        [_thread_blocked, id=22812, stack(0x000000259a100000,0x000000259a200000) (1024K)]
  0x000001ec3b8b2940 JavaThread "Timer-1305"                        [_thread_blocked, id=2564, stack(0x000000259a200000,0x000000259a300000) (1024K)]
  0x000001ec3b8b3cf0 JavaThread "Timer-1306"                        [_thread_blocked, id=18420, stack(0x000000259a400000,0x000000259a500000) (1024K)]
  0x000001ec3b8b0f00 JavaThread "Timer-1307"                        [_thread_blocked, id=13192, stack(0x000000259a300000,0x000000259a400000) (1024K)]
  0x000001ec3b8b4380 JavaThread "Timer-1308"                        [_thread_blocked, id=8416, stack(0x000000259a600000,0x000000259a700000) (1024K)]
  0x000001ec3b8b0870 JavaThread "Timer-1309"                        [_thread_blocked, id=32460, stack(0x000000259a500000,0x000000259a600000) (1024K)]
  0x000001ec3b8b4a10 JavaThread "Timer-1310"                        [_thread_blocked, id=15148, stack(0x000000259a800000,0x000000259a900000) (1024K)]
  0x000001ec3b8b7e90 JavaThread "Timer-1311"                        [_thread_blocked, id=17176, stack(0x000000259a900000,0x000000259aa00000) (1024K)]
  0x000001ec3b8b3660 JavaThread "Worker-2082: Initialize workspace"        [_thread_blocked, id=31120, stack(0x0000002599e00000,0x0000002599f00000) (1024K)]
  0x000001ec3b8b5dc0 JavaThread "Timer-1312"                        [_thread_blocked, id=16992, stack(0x000000259aa00000,0x000000259ab00000) (1024K)]
  0x000001ec3b8b5730 JavaThread "Timer-1313"                        [_thread_blocked, id=14752, stack(0x000000259ab00000,0x000000259ac00000) (1024K)]
  0x000001ec3b8b6450 JavaThread "Timer-1314"                        [_thread_blocked, id=13864, stack(0x000000259ad00000,0x000000259ae00000) (1024K)]
  0x000001ec3b8b50a0 JavaThread "Timer-1315"                        [_thread_blocked, id=33336, stack(0x000000259ac00000,0x000000259ad00000) (1024K)]
  0x000001ec3b8b7800 JavaThread "Timer-1316"                        [_thread_blocked, id=14556, stack(0x000000259af00000,0x000000259b000000) (1024K)]
  0x000001ec3b8b8bb0 JavaThread "Timer-1317"                        [_thread_blocked, id=5732, stack(0x000000259ae00000,0x000000259af00000) (1024K)]
  0x000001ec3b8b8520 JavaThread "Timer-1318"                        [_thread_blocked, id=20972, stack(0x000000259b000000,0x000000259b100000) (1024K)]
  0x000001ec3b8b98d0 JavaThread "Timer-1319"                        [_thread_blocked, id=28828, stack(0x000000259b200000,0x000000259b300000) (1024K)]
  0x000001ec3b8b9f60 JavaThread "Worker-2103: Initialize workspace"        [_thread_blocked, id=18480, stack(0x000000259a700000,0x000000259a800000) (1024K)]
  0x000001ec3b8b6ae0 JavaThread "Timer-1320"                        [_thread_blocked, id=1856, stack(0x000000259b300000,0x000000259b400000) (1024K)]
  0x000001ec3b8ba5f0 JavaThread "Timer-1321"                        [_thread_blocked, id=25824, stack(0x000000259b400000,0x000000259b500000) (1024K)]
  0x000001ec3b8b7170 JavaThread "Timer-1322"                        [_thread_blocked, id=7860, stack(0x000000259b600000,0x000000259b700000) (1024K)]
  0x000001ec3b8bb310 JavaThread "Timer-1323"                        [_thread_blocked, id=15048, stack(0x000000259b500000,0x000000259b600000) (1024K)]
  0x000001ec3b8bb9a0 JavaThread "Timer-1324"                        [_thread_blocked, id=24700, stack(0x000000259b800000,0x000000259b900000) (1024K)]
  0x000001ec3b8bc030 JavaThread "Timer-1325"                        [_thread_blocked, id=28012, stack(0x000000259b700000,0x000000259b800000) (1024K)]
  0x000001ec3b8bc6c0 JavaThread "Timer-1326"                        [_thread_blocked, id=16868, stack(0x000000259ba00000,0x000000259bb00000) (1024K)]
  0x000001ec3b87ee60 JavaThread "Timer-1327"                        [_thread_blocked, id=13040, stack(0x000000259bb00000,0x000000259bc00000) (1024K)]
  0x000001ec3b8b9240 JavaThread "Worker-2120: Initialize workspace"        [_thread_blocked, id=24316, stack(0x000000259b100000,0x000000259b200000) (1024K)]
  0x000001ec3b87c700 JavaThread "Timer-1328"                        [_thread_blocked, id=20296, stack(0x000000259bc00000,0x000000259bd00000) (1024K)]
  0x000001ec3b87f4f0 JavaThread "Timer-1329"                        [_thread_blocked, id=15944, stack(0x000000259bd00000,0x000000259be00000) (1024K)]
  0x000001ec3b87c070 JavaThread "Timer-1330"                        [_thread_blocked, id=30208, stack(0x000000259bf00000,0x000000259c000000) (1024K)]
  0x000001ec3b87e7d0 JavaThread "Timer-1331"                        [_thread_blocked, id=8348, stack(0x000000259be00000,0x000000259bf00000) (1024K)]
  0x000001ec3b880210 JavaThread "Timer-1332"                        [_thread_blocked, id=27840, stack(0x000000259c100000,0x000000259c200000) (1024K)]
  0x000001ec3b87cd90 JavaThread "Timer-1333"                        [_thread_blocked, id=29432, stack(0x000000259c000000,0x000000259c100000) (1024K)]
  0x000001ec3b87d420 JavaThread "Timer-1334"                        [_thread_blocked, id=26792, stack(0x000000259c300000,0x000000259c400000) (1024K)]
  0x000001ec3b87fb80 JavaThread "Timer-1335"                        [_thread_blocked, id=25180, stack(0x000000259c400000,0x000000259c500000) (1024K)]
  0x000001ec3b8b1590 JavaThread "Worker-2136: Initialize workspace"        [_thread_blocked, id=28756, stack(0x0000002591500000,0x0000002591600000) (1024K)]
  0x000001ec3b880f30 JavaThread "Timer-1336"                        [_thread_blocked, id=31008, stack(0x000000259c500000,0x000000259c600000) (1024K)]
  0x000001ec3b87dab0 JavaThread "Timer-1337"                        [_thread_blocked, id=1500, stack(0x000000259c600000,0x000000259c700000) (1024K)]
  0x000001ec3b8815c0 JavaThread "Timer-1338"                        [_thread_blocked, id=27292, stack(0x000000259c800000,0x000000259c900000) (1024K)]
  0x000001ec3b87e140 JavaThread "Timer-1339"                        [_thread_blocked, id=33548, stack(0x000000259c700000,0x000000259c800000) (1024K)]
  0x000001ec3b881c50 JavaThread "Timer-1340"                        [_thread_blocked, id=3344, stack(0x000000259ca00000,0x000000259cb00000) (1024K)]
  0x000001ec3b882970 JavaThread "Timer-1341"                        [_thread_blocked, id=25620, stack(0x000000259c900000,0x000000259ca00000) (1024K)]
  0x000001ec3b883d20 JavaThread "Timer-1342"                        [_thread_blocked, id=25320, stack(0x000000259cc00000,0x000000259cd00000) (1024K)]
  0x000001ec3b885760 JavaThread "Timer-1343"                        [_thread_blocked, id=31188, stack(0x000000259cd00000,0x000000259ce00000) (1024K)]
  0x000001ec3b8822e0 JavaThread "Worker-2156: Initialize workspace"        [_thread_blocked, id=10676, stack(0x000000259c200000,0x000000259c300000) (1024K)]
  0x000001ec3b8808a0 JavaThread "Timer-1344"                        [_thread_blocked, id=5372, stack(0x000000259ce00000,0x000000259cf00000) (1024K)]
  0x000001ec3b887830 JavaThread "Timer-1345"                        [_thread_blocked, id=21988, stack(0x000000259cf00000,0x000000259d000000) (1024K)]
  0x000001ec3b886480 JavaThread "Timer-1346"                        [_thread_blocked, id=7636, stack(0x000000259d100000,0x000000259d200000) (1024K)]
  0x000001ec3b884a40 JavaThread "Timer-1347"                        [_thread_blocked, id=10920, stack(0x000000259d000000,0x000000259d100000) (1024K)]
  0x000001ec3b8850d0 JavaThread "Timer-1348"                        [_thread_blocked, id=24060, stack(0x000000259d300000,0x000000259d400000) (1024K)]
  0x000001ec3b886b10 JavaThread "Timer-1349"                        [_thread_blocked, id=24244, stack(0x000000259d200000,0x000000259d300000) (1024K)]
  0x000001ec3b885df0 JavaThread "Timer-1350"                        [_thread_blocked, id=22080, stack(0x000000259d500000,0x000000259d600000) (1024K)]
  0x000001ec3b8843b0 JavaThread "Timer-1351"                        [_thread_blocked, id=15856, stack(0x000000259d600000,0x000000259d700000) (1024K)]
  0x000001ec3b883690 JavaThread "Worker-2173: Initialize workspace"        [_thread_blocked, id=26904, stack(0x000000259cb00000,0x000000259cc00000) (1024K)]
  0x000001ec3b88a620 JavaThread "Timer-1352"                        [_thread_blocked, id=28644, stack(0x000000259d700000,0x000000259d800000) (1024K)]
  0x000001ec3b8871a0 JavaThread "Timer-1353"                        [_thread_blocked, id=2568, stack(0x000000259d800000,0x000000259d900000) (1024K)]
  0x000001ec3b889f90 JavaThread "Timer-1354"                        [_thread_blocked, id=24716, stack(0x000000259da00000,0x000000259db00000) (1024K)]
  0x000001ec3b88acb0 JavaThread "Timer-1355"                        [_thread_blocked, id=8608, stack(0x000000259d900000,0x000000259da00000) (1024K)]
  0x000001ec3b888550 JavaThread "Timer-1356"                        [_thread_blocked, id=23844, stack(0x000000259dc00000,0x000000259dd00000) (1024K)]
  0x000001ec3b88b9d0 JavaThread "Timer-1357"                        [_thread_blocked, id=5192, stack(0x000000259db00000,0x000000259dc00000) (1024K)]
  0x000001ec3b88c060 JavaThread "Timer-1358"                        [_thread_blocked, id=30956, stack(0x000000259de00000,0x000000259df00000) (1024K)]
  0x000001ec3b889900 JavaThread "Timer-1359"                        [_thread_blocked, id=20224, stack(0x000000259df00000,0x000000259e000000) (1024K)]
  0x000001ec3b887ec0 JavaThread "Worker-2191: Initialize workspace"        [_thread_blocked, id=32184, stack(0x000000259dd00000,0x000000259de00000) (1024K)]
  0x000001ec3b888be0 JavaThread "Timer-1360"                        [_thread_blocked, id=16296, stack(0x000000259e000000,0x000000259e100000) (1024K)]
  0x000001ec3b88c6f0 JavaThread "Timer-1361"                        [_thread_blocked, id=3104, stack(0x000000259e100000,0x000000259e200000) (1024K)]
  0x000001ec3b889270 JavaThread "Timer-1362"                        [_thread_blocked, id=18040, stack(0x000000259e300000,0x000000259e400000) (1024K)]
  0x000001ec3b88d410 JavaThread "Timer-1363"                        [_thread_blocked, id=29552, stack(0x000000259e200000,0x000000259e300000) (1024K)]
  0x000001ec3b88e7c0 JavaThread "Timer-1364"                        [_thread_blocked, id=1144, stack(0x000000259e500000,0x000000259e600000) (1024K)]
  0x000001ec3b88daa0 JavaThread "Timer-1365"                        [_thread_blocked, id=26600, stack(0x000000259e400000,0x000000259e500000) (1024K)]
  0x000001ec3b88ee50 JavaThread "Timer-1366"                        [_thread_blocked, id=25580, stack(0x000000259e700000,0x000000259e800000) (1024K)]
  0x000001ec3b88f4e0 JavaThread "Timer-1367"                        [_thread_blocked, id=19652, stack(0x000000259e800000,0x000000259e900000) (1024K)]
  0x000001ec3b883000 JavaThread "Worker-2208: Initialize workspace"        [_thread_blocked, id=28292, stack(0x000000259b900000,0x000000259ba00000) (1024K)]
  0x000001ec3b88fb70 JavaThread "Timer-1368"                        [_thread_blocked, id=11252, stack(0x000000259e900000,0x000000259ea00000) (1024K)]
  0x000001ec3b88e130 JavaThread "Timer-1369"                        [_thread_blocked, id=14492, stack(0x000000259ea00000,0x000000259eb00000) (1024K)]
  0x000001ec3b88cd80 JavaThread "Timer-1370"                        [_thread_blocked, id=33644, stack(0x000000259eb00000,0x000000259ec00000) (1024K)]
  0x000001ec3b8922d0 JavaThread "Timer-1371"                        [_thread_blocked, id=18448, stack(0x000000259ec00000,0x000000259ed00000) (1024K)]
  0x000001ec3b891c40 JavaThread "Timer-1372"                        [_thread_blocked, id=25708, stack(0x000000259ee00000,0x000000259ef00000) (1024K)]
  0x000001ec3b893680 JavaThread "Timer-1373"                        [_thread_blocked, id=21544, stack(0x000000259ed00000,0x000000259ee00000) (1024K)]
  0x000001ec3b892960 JavaThread "Timer-1374"                        [_thread_blocked, id=27992, stack(0x000000259f000000,0x000000259f100000) (1024K)]
  0x000001ec3b892ff0 JavaThread "Timer-1375"                        [_thread_blocked, id=19304, stack(0x000000259f100000,0x000000259f200000) (1024K)]
  0x000001ec3b8915b0 JavaThread "Worker-2225: Initialize workspace"        [_thread_blocked, id=9380, stack(0x000000259e600000,0x000000259e700000) (1024K)]
  0x000001ec3b893d10 JavaThread "Timer-1376"                        [_thread_blocked, id=33328, stack(0x000000259f200000,0x000000259f300000) (1024K)]
  0x000001ec3b890890 JavaThread "Timer-1377"                        [_thread_blocked, id=28288, stack(0x000000259f300000,0x000000259f400000) (1024K)]
  0x000001ec3b8943a0 JavaThread "Timer-1378"                        [_thread_blocked, id=32540, stack(0x000000259f500000,0x000000259f600000) (1024K)]
  0x000001ec3b890f20 JavaThread "Timer-1379"                        [_thread_blocked, id=16612, stack(0x000000259f400000,0x000000259f500000) (1024K)]
  0x000001ec3b894a30 JavaThread "Timer-1380"                        [_thread_blocked, id=23032, stack(0x000000259f600000,0x000000259f700000) (1024K)]
  0x000001ec3b895750 JavaThread "Timer-1381"                        [_thread_blocked, id=28792, stack(0x000000259f700000,0x000000259f800000) (1024K)]
  0x000001ec3b895de0 JavaThread "Timer-1382"                        [_thread_blocked, id=3528, stack(0x000000259f900000,0x000000259fa00000) (1024K)]
  0x000001ec3b89aca0 JavaThread "Timer-1383"                        [_thread_blocked, id=28568, stack(0x000000259fa00000,0x000000259fb00000) (1024K)]
  0x000001ec3b88b340 JavaThread "Worker-2244: Initialize workspace"        [_thread_blocked, id=21528, stack(0x000000259ef00000,0x000000259f000000) (1024K)]
  0x000001ec46ea9130 JavaThread "Timer-1384"                        [_thread_blocked, id=16320, stack(0x000000259fb00000,0x000000259fc00000) (1024K)]
  0x000001ec3b890200 JavaThread "Timer-1385"                        [_thread_blocked, id=31180, stack(0x000000259fc00000,0x000000259fd00000) (1024K)]
  0x000001ec3b8950c0 JavaThread "Timer-1386"                        [_thread_blocked, id=31764, stack(0x000000259fd00000,0x000000259fe00000) (1024K)]
  0x000001ec46ea9e50 JavaThread "Timer-1387"                        [_thread_blocked, id=26436, stack(0x000000259fe00000,0x000000259ff00000) (1024K)]
  0x000001ec38dc93b0 JavaThread "Timer-1388"                        [_thread_blocked, id=16596, stack(0x00000025a0000000,0x00000025a0100000) (1024K)]
  0x000001ec37e89cb0 JavaThread "Timer-1389"                        [_thread_blocked, id=28720, stack(0x000000259ff00000,0x00000025a0000000) (1024K)]
  0x000001ec474fb260 JavaThread "Timer-1390"                        [_thread_blocked, id=25460, stack(0x00000025a0200000,0x00000025a0300000) (1024K)]
  0x000001ec474f8b00 JavaThread "Timer-1391"                        [_thread_blocked, id=11356, stack(0x00000025a0300000,0x00000025a0400000) (1024K)]
  0x000001ec474f9190 JavaThread "Worker-2262: Initialize workspace"        [_thread_blocked, id=13052, stack(0x000000259f800000,0x000000259f900000) (1024K)]
  0x000001ec474f9820 JavaThread "Timer-1392"                        [_thread_blocked, id=23312, stack(0x00000025a0400000,0x00000025a0500000) (1024K)]
  0x000001ec474f8470 JavaThread "Timer-1393"                        [_thread_blocked, id=6868, stack(0x00000025a0500000,0x00000025a0600000) (1024K)]
  0x000001ec474fbf80 JavaThread "Timer-1394"                        [_thread_blocked, id=12488, stack(0x00000025a0700000,0x00000025a0800000) (1024K)]
  0x000001ec474fcca0 JavaThread "Timer-1395"                        [_thread_blocked, id=12236, stack(0x00000025a0600000,0x00000025a0700000) (1024K)]
  0x000001ec474fd330 JavaThread "Timer-1396"                        [_thread_blocked, id=1508, stack(0x00000025a0900000,0x00000025a0a00000) (1024K)]
  0x000001ec474fc610 JavaThread "Timer-1397"                        [_thread_blocked, id=18460, stack(0x00000025a0800000,0x00000025a0900000) (1024K)]
  0x000001ec474fd9c0 JavaThread "Timer-1398"                        [_thread_blocked, id=1892, stack(0x00000025a0b00000,0x00000025a0c00000) (1024K)]
  0x000001ec474fa540 JavaThread "Timer-1399"                        [_thread_blocked, id=27260, stack(0x00000025a0c00000,0x00000025a0d00000) (1024K)]
  0x000001ec474fb8f0 JavaThread "Worker-2277: Initialize workspace"        [_thread_blocked, id=28624, stack(0x000000259d400000,0x000000259d500000) (1024K)]
  0x000001ec474fabd0 JavaThread "Timer-1400"                        [_thread_blocked, id=19684, stack(0x00000025a0d00000,0x00000025a0e00000) (1024K)]
  0x000001ec474fe6e0 JavaThread "Timer-1401"                        [_thread_blocked, id=33460, stack(0x00000025a0e00000,0x00000025a0f00000) (1024K)]
  0x000001ec474ffa90 JavaThread "Timer-1402"                        [_thread_blocked, id=33736, stack(0x00000025a1000000,0x00000025a1100000) (1024K)]
  0x000001ec47500120 JavaThread "Timer-1403"                        [_thread_blocked, id=15668, stack(0x00000025a0f00000,0x00000025a1000000) (1024K)]
  0x000001ec47500e40 JavaThread "Timer-1404"                        [_thread_blocked, id=31516, stack(0x00000025a1200000,0x00000025a1300000) (1024K)]
  0x000001ec475014d0 JavaThread "Timer-1405"                        [_thread_blocked, id=11040, stack(0x00000025a1100000,0x00000025a1200000) (1024K)]
  0x000001ec47501b60 JavaThread "Timer-1406"                        [_thread_blocked, id=6076, stack(0x00000025a1400000,0x00000025a1500000) (1024K)]
  0x000001ec474fed70 JavaThread "Timer-1407"                        [_thread_blocked, id=16332, stack(0x00000025a1500000,0x00000025a1600000) (1024K)]
  0x000001ec474fe050 JavaThread "Worker-2295: Initialize workspace"        [_thread_blocked, id=12328, stack(0x00000025a0a00000,0x00000025a0b00000) (1024K)]
  0x000001ec47503c30 JavaThread "Timer-1408"                        [_thread_blocked, id=20380, stack(0x00000025a1600000,0x00000025a1700000) (1024K)]
  0x000001ec47502880 JavaThread "Timer-1409"                        [_thread_blocked, id=15852, stack(0x00000025a1700000,0x00000025a1800000) (1024K)]
  0x000001ec475021f0 JavaThread "Timer-1410"                        [_thread_blocked, id=13500, stack(0x00000025a1900000,0x00000025a1a00000) (1024K)]
  0x000001ec47502f10 JavaThread "Timer-1411"                        [_thread_blocked, id=8212, stack(0x00000025a1800000,0x00000025a1900000) (1024K)]
  0x000001ec475007b0 JavaThread "Timer-1412"                        [_thread_blocked, id=10020, stack(0x00000025a1b00000,0x00000025a1c00000) (1024K)]
  0x000001ec47506390 JavaThread "Timer-1413"                        [_thread_blocked, id=26952, stack(0x00000025a1a00000,0x00000025a1b00000) (1024K)]
  0x000001ec475035a0 JavaThread "Timer-1414"                        [_thread_blocked, id=10276, stack(0x00000025a1d00000,0x00000025a1e00000) (1024K)]
  0x000001ec475070b0 JavaThread "Timer-1415"                        [_thread_blocked, id=22488, stack(0x00000025a1f00000,0x00000025a2000000) (1024K)]
  0x000001ec474ff400 JavaThread "Worker-2316: Initialize workspace"        [_thread_blocked, id=22540, stack(0x00000025a1300000,0x00000025a1400000) (1024K)]
  0x000001ec47505670 JavaThread "Timer-1416"                        [_thread_blocked, id=20400, stack(0x00000025a1e00000,0x00000025a1f00000) (1024K)]
  0x000001ec475042c0 JavaThread "Timer-1417"                        [_thread_blocked, id=3464, stack(0x00000025a2000000,0x00000025a2100000) (1024K)]
  0x000001ec47507740 JavaThread "Timer-1418"                        [_thread_blocked, id=20248, stack(0x00000025a2200000,0x00000025a2300000) (1024K)]
  0x000001ec47506a20 JavaThread "Timer-1419"                        [_thread_blocked, id=14380, stack(0x00000025a2100000,0x00000025a2200000) (1024K)]
  0x000001ec47504fe0 JavaThread "Timer-1420"                        [_thread_blocked, id=13356, stack(0x00000025a2400000,0x00000025a2500000) (1024K)]
  0x000001ec47507dd0 JavaThread "Timer-1421"                        [_thread_blocked, id=15000, stack(0x00000025a2300000,0x00000025a2400000) (1024K)]
  0x000001ec47508af0 JavaThread "Timer-1422"                        [_thread_blocked, id=18092, stack(0x00000025a2600000,0x00000025a2700000) (1024K)]
  0x000001ec47508460 JavaThread "Timer-1423"                        [_thread_blocked, id=16772, stack(0x00000025a2700000,0x00000025a2800000) (1024K)]
  0x000001ec47504950 JavaThread "Worker-2333: Initialize workspace"        [_thread_blocked, id=10172, stack(0x00000025a1c00000,0x00000025a1d00000) (1024K)]
  0x000001ec47505d00 JavaThread "Timer-1424"                        [_thread_blocked, id=31688, stack(0x00000025a2800000,0x00000025a2900000) (1024K)]
  0x000001ec4750bf70 JavaThread "Timer-1425"                        [_thread_blocked, id=21816, stack(0x00000025a2900000,0x00000025a2a00000) (1024K)]
  0x000001ec4750abc0 JavaThread "Timer-1426"                        [_thread_blocked, id=20072, stack(0x00000025a2b00000,0x00000025a2c00000) (1024K)]
  0x000001ec4750b250 JavaThread "Timer-1427"                        [_thread_blocked, id=8684, stack(0x00000025a2a00000,0x00000025a2b00000) (1024K)]
  0x000001ec4750a530 JavaThread "Timer-1428"                        [_thread_blocked, id=26396, stack(0x00000025a2d00000,0x00000025a2e00000) (1024K)]
  0x000001ec4750b8e0 JavaThread "Timer-1429"                        [_thread_blocked, id=24588, stack(0x00000025a2c00000,0x00000025a2d00000) (1024K)]
  0x000001ec4750cc90 JavaThread "Timer-1430"                        [_thread_blocked, id=33544, stack(0x00000025a2f00000,0x00000025a3000000) (1024K)]
  0x000001ec4750d320 JavaThread "Timer-1431"                        [_thread_blocked, id=24196, stack(0x00000025a3000000,0x00000025a3100000) (1024K)]
  0x000001ec4750c600 JavaThread "Worker-2350: Initialize workspace"        [_thread_blocked, id=20452, stack(0x00000025a2500000,0x00000025a2600000) (1024K)]
  0x000001ec47509810 JavaThread "Timer-1432"                        [_thread_blocked, id=22308, stack(0x00000025a3100000,0x00000025a3200000) (1024K)]
  0x000001ec47509ea0 JavaThread "Timer-1433"                        [_thread_blocked, id=9892, stack(0x00000025a3200000,0x00000025a3300000) (1024K)]
  0x000001ec4750d9b0 JavaThread "Timer-1434"                        [_thread_blocked, id=32004, stack(0x00000025a3400000,0x00000025a3500000) (1024K)]
  0x000001ec475107a0 JavaThread "Timer-1435"                        [_thread_blocked, id=22264, stack(0x00000025a3300000,0x00000025a3400000) (1024K)]
  0x000001ec47510e30 JavaThread "Timer-1436"                        [_thread_blocked, id=396, stack(0x00000025a3600000,0x00000025a3700000) (1024K)]
  0x000001ec4750e6d0 JavaThread "Timer-1437"                        [_thread_blocked, id=13396, stack(0x00000025a3500000,0x00000025a3600000) (1024K)]
  0x000001ec4750e040 JavaThread "Timer-1438"                        [_thread_blocked, id=10160, stack(0x00000025a3800000,0x00000025a3900000) (1024K)]
  0x000001ec4750ed60 JavaThread "Timer-1439"                        [_thread_blocked, id=29948, stack(0x00000025a3900000,0x00000025a3a00000) (1024K)]
  0x000001ec47509180 JavaThread "Worker-2368: Initialize workspace"        [_thread_blocked, id=31196, stack(0x00000025a2e00000,0x00000025a2f00000) (1024K)]
  0x000001ec47511b50 JavaThread "Timer-1440"                        [_thread_blocked, id=27088, stack(0x00000025a3a00000,0x00000025a3b00000) (1024K)]
  0x000001ec475121e0 JavaThread "Timer-1441"                        [_thread_blocked, id=404, stack(0x00000025a3b00000,0x00000025a3c00000) (1024K)]
  0x000001ec4750f3f0 JavaThread "Timer-1442"                        [_thread_blocked, id=24736, stack(0x00000025a3d00000,0x00000025a3e00000) (1024K)]
  0x000001ec4750fa80 JavaThread "Timer-1443"                        [_thread_blocked, id=31684, stack(0x00000025a3c00000,0x00000025a3d00000) (1024K)]
  0x000001ec47513590 JavaThread "Timer-1444"                        [_thread_blocked, id=21708, stack(0x00000025a3f00000,0x00000025a4000000) (1024K)]
  0x000001ec47510110 JavaThread "Timer-1445"                        [_thread_blocked, id=29496, stack(0x00000025a3e00000,0x00000025a3f00000) (1024K)]
  0x000001ec47512f00 JavaThread "Timer-1446"                        [_thread_blocked, id=12840, stack(0x00000025a4100000,0x00000025a4200000) (1024K)]
  0x000001ec47514fd0 JavaThread "Timer-1447"                        [_thread_blocked, id=31944, stack(0x00000025a4200000,0x00000025a4300000) (1024K)]
  0x000001ec47515cf0 JavaThread "Worker-2385: Initialize workspace"        [_thread_blocked, id=14060, stack(0x00000025a0100000,0x00000025a0200000) (1024K)]
  0x000001ec47513c20 JavaThread "Timer-1448"                        [_thread_blocked, id=7132, stack(0x00000025a4300000,0x00000025a4400000) (1024K)]
  0x000001ec47512870 JavaThread "Timer-1449"                        [_thread_blocked, id=10960, stack(0x00000025a4400000,0x00000025a4500000) (1024K)]
  0x000001ec475170a0 JavaThread "Timer-1450"                        [_thread_blocked, id=11516, stack(0x00000025a4500000,0x00000025a4600000) (1024K)]
  0x000001ec47516380 JavaThread "Timer-1451"                        [_thread_blocked, id=4768, stack(0x00000025a4600000,0x00000025a4700000) (1024K)]
  0x000001ec47517730 JavaThread "Timer-1452"                        [_thread_blocked, id=32236, stack(0x00000025a4800000,0x00000025a4900000) (1024K)]
  0x000001ec475142b0 JavaThread "Timer-1453"                        [_thread_blocked, id=20124, stack(0x00000025a4700000,0x00000025a4800000) (1024K)]
  0x000001ec47517dc0 JavaThread "Timer-1454"                        [_thread_blocked, id=22620, stack(0x00000025a4a00000,0x00000025a4b00000) (1024K)]
  0x000001ec47514940 JavaThread "Timer-1455"                        [_thread_blocked, id=19056, stack(0x00000025a4b00000,0x00000025a4c00000) (1024K)]
  0x000001ec47518450 JavaThread "Worker-2403: Initialize workspace"        [_thread_blocked, id=29184, stack(0x00000025a4000000,0x00000025a4100000) (1024K)]
  0x000001ec47515660 JavaThread "Timer-1456"                        [_thread_blocked, id=29884, stack(0x00000025a4c00000,0x00000025a4d00000) (1024K)]
  0x000001ec47519e90 JavaThread "Timer-1457"                        [_thread_blocked, id=28876, stack(0x00000025a4d00000,0x00000025a4e00000) (1024K)]
  0x000001ec47519170 JavaThread "Timer-1458"                        [_thread_blocked, id=19464, stack(0x00000025a4f00000,0x00000025a5000000) (1024K)]
  0x000001ec4751b240 JavaThread "Timer-1459"                        [_thread_blocked, id=11840, stack(0x00000025a4e00000,0x00000025a4f00000) (1024K)]
  0x000001ec4751b8d0 JavaThread "Timer-1460"                        [_thread_blocked, id=14956, stack(0x00000025a5100000,0x00000025a5200000) (1024K)]
  0x000001ec4751bf60 JavaThread "Timer-1461"                        [_thread_blocked, id=2168, stack(0x00000025a5000000,0x00000025a5100000) (1024K)]
  0x000001ec4751cc80 JavaThread "Timer-1462"                        [_thread_blocked, id=20772, stack(0x00000025a5300000,0x00000025a5400000) (1024K)]
  0x000001ec4751d9a0 JavaThread "Timer-1463"                        [_thread_blocked, id=19624, stack(0x00000025a5400000,0x00000025a5500000) (1024K)]
  0x000001ec47519800 JavaThread "Worker-2421: Initialize workspace"        [_thread_blocked, id=22860, stack(0x00000025a4900000,0x00000025a4a00000) (1024K)]
  0x000001ec4751d310 JavaThread "Timer-1464"                        [_thread_blocked, id=32416, stack(0x00000025a5500000,0x00000025a5600000) (1024K)]
  0x000001ec4751c5f0 JavaThread "Timer-1465"                        [_thread_blocked, id=27892, stack(0x00000025a5600000,0x00000025a5700000) (1024K)]
  0x000001ec4751a520 JavaThread "Timer-1466"                        [_thread_blocked, id=29952, stack(0x00000025a5800000,0x00000025a5900000) (1024K)]
  0x000001ec4751e030 JavaThread "Timer-1467"                        [_thread_blocked, id=33120, stack(0x00000025a5700000,0x00000025a5800000) (1024K)]
  0x000001ec4751e6c0 JavaThread "Timer-1468"                        [_thread_blocked, id=32868, stack(0x00000025a5a00000,0x00000025a5b00000) (1024K)]
  0x000001ec4751abb0 JavaThread "Timer-1469"                        [_thread_blocked, id=14196, stack(0x00000025a5900000,0x00000025a5a00000) (1024K)]
  0x000001ec474e0e60 JavaThread "Timer-1470"                        [_thread_blocked, id=33056, stack(0x00000025a5c00000,0x00000025a5d00000) (1024K)]
  0x000001ec474e0140 JavaThread "Timer-1471"                        [_thread_blocked, id=33648, stack(0x00000025a5d00000,0x00000025a5e00000) (1024K)]
  0x000001ec47518ae0 JavaThread "Worker-2439: Initialize workspace"        [_thread_blocked, id=24620, stack(0x00000025a5200000,0x00000025a5300000) (1024K)]
  0x000001ec474de070 JavaThread "Timer-1472"                        [_thread_blocked, id=8156, stack(0x00000025a5e00000,0x00000025a5f00000) (1024K)]
  0x000001ec474e07d0 JavaThread "Timer-1473"                        [_thread_blocked, id=6664, stack(0x00000025a5f00000,0x00000025a6000000) (1024K)]
  0x000001ec474de700 JavaThread "Timer-1474"                        [_thread_blocked, id=27416, stack(0x00000025a6100000,0x00000025a6200000) (1024K)]
  0x000001ec474e28a0 JavaThread "Timer-1475"                        [_thread_blocked, id=27188, stack(0x00000025a6000000,0x00000025a6100000) (1024K)]
  0x000001ec474e2210 JavaThread "Timer-1476"                        [_thread_blocked, id=12484, stack(0x00000025a6300000,0x00000025a6400000) (1024K)]
  0x000001ec474e1b80 JavaThread "Timer-1477"                        [_thread_blocked, id=3800, stack(0x00000025a6200000,0x00000025a6300000) (1024K)]
  0x000001ec474dfab0 JavaThread "Timer-1478"                        [_thread_blocked, id=19392, stack(0x00000025a6500000,0x00000025a6600000) (1024K)]
  0x000001ec474df420 JavaThread "Timer-1479"                        [_thread_blocked, id=24852, stack(0x00000025a6600000,0x00000025a6700000) (1024K)]
  0x000001ec474ded90 JavaThread "Worker-2457: Initialize workspace"        [_thread_blocked, id=20776, stack(0x00000025a6400000,0x00000025a6500000) (1024K)]
  0x000001ec474e4970 JavaThread "Timer-1480"                        [_thread_blocked, id=21324, stack(0x00000025a6700000,0x00000025a6800000) (1024K)]
  0x000001ec474e35c0 JavaThread "Timer-1481"                        [_thread_blocked, id=27424, stack(0x00000025a6800000,0x00000025a6900000) (1024K)]
  0x000001ec474e2f30 JavaThread "Timer-1482"                        [_thread_blocked, id=5580, stack(0x00000025a6a00000,0x00000025a6b00000) (1024K)]
  0x000001ec474e14f0 JavaThread "Timer-1483"                        [_thread_blocked, id=2648, stack(0x00000025a6900000,0x00000025a6a00000) (1024K)]
  0x000001ec474e5690 JavaThread "Timer-1484"                        [_thread_blocked, id=24084, stack(0x00000025a6c00000,0x00000025a6d00000) (1024K)]
  0x000001ec474e5d20 JavaThread "Timer-1485"                        [_thread_blocked, id=13716, stack(0x00000025a6b00000,0x00000025a6c00000) (1024K)]
  0x000001ec474e6a40 JavaThread "Timer-1486"                        [_thread_blocked, id=32032, stack(0x00000025a6e00000,0x00000025a6f00000) (1024K)]
  0x000001ec474e3c50 JavaThread "Timer-1487"                        [_thread_blocked, id=12296, stack(0x00000025a6f00000,0x00000025a7000000) (1024K)]
  0x000001ec474e7760 JavaThread "Worker-2474: Initialize workspace"        [_thread_blocked, id=28932, stack(0x00000025a3700000,0x00000025a3800000) (1024K)]
  0x000001ec474e42e0 JavaThread "Timer-1488"                        [_thread_blocked, id=3056, stack(0x00000025a7000000,0x00000025a7100000) (1024K)]
  0x000001ec474e7df0 JavaThread "Timer-1489"                        [_thread_blocked, id=10036, stack(0x00000025a7100000,0x00000025a7200000) (1024K)]
  0x000001ec474e8480 JavaThread "Timer-1490"                        [_thread_blocked, id=21408, stack(0x00000025a7200000,0x00000025a7300000) (1024K)]
  0x000001ec474e5000 JavaThread "Timer-1491"                        [_thread_blocked, id=12256, stack(0x00000025a7300000,0x00000025a7400000) (1024K)]
  0x000001ec474e9ec0 JavaThread "Timer-1492"                        [_thread_blocked, id=17128, stack(0x00000025a7500000,0x00000025a7600000) (1024K)]
  0x000001ec474ea550 JavaThread "Timer-1493"                        [_thread_blocked, id=29056, stack(0x00000025a7400000,0x00000025a7500000) (1024K)]
  0x000001ec474eabe0 JavaThread "Timer-1494"                        [_thread_blocked, id=13456, stack(0x00000025a7700000,0x00000025a7800000) (1024K)]
  0x000001ec474eb270 JavaThread "Timer-1495"                        [_thread_blocked, id=19540, stack(0x00000025a7800000,0x00000025a7900000) (1024K)]
  0x000001ec474e91a0 JavaThread "Worker-2491: Initialize workspace"        [_thread_blocked, id=20680, stack(0x00000025a6d00000,0x00000025a6e00000) (1024K)]
  0x000001ec474e63b0 JavaThread "Timer-1496"                        [_thread_blocked, id=31248, stack(0x00000025a7900000,0x00000025a7a00000) (1024K)]
  0x000001ec474e70d0 JavaThread "Timer-1497"                        [_thread_blocked, id=13380, stack(0x00000025a7a00000,0x00000025a7b00000) (1024K)]
  0x000001ec474ee060 JavaThread "Timer-1498"                        [_thread_blocked, id=21196, stack(0x00000025a7c00000,0x00000025a7d00000) (1024K)]
  0x000001ec474ebf90 JavaThread "Timer-1499"                        [_thread_blocked, id=24376, stack(0x00000025a7b00000,0x00000025a7c00000) (1024K)]
  0x000001ec474ee6f0 JavaThread "Timer-1500"                        [_thread_blocked, id=24212, stack(0x00000025a7e00000,0x00000025a7f00000) (1024K)]
  0x000001ec474eb900 JavaThread "Timer-1501"                        [_thread_blocked, id=2940, stack(0x00000025a7d00000,0x00000025a7e00000) (1024K)]
  0x000001ec474eccb0 JavaThread "Timer-1502"                        [_thread_blocked, id=15028, stack(0x00000025a8000000,0x00000025a8100000) (1024K)]
  0x000001ec474ed340 JavaThread "Timer-1503"                        [_thread_blocked, id=30192, stack(0x00000025a8100000,0x00000025a8200000) (1024K)]
  0x000001ec474ec620 JavaThread "Worker-2509: Initialize workspace"        [_thread_blocked, id=12832, stack(0x00000025a7600000,0x00000025a7700000) (1024K)]
  0x000001ec474f07c0 JavaThread "Timer-1504"                        [_thread_blocked, id=22352, stack(0x00000025a8200000,0x00000025a8300000) (1024K)]
  0x000001ec474f0130 JavaThread "Timer-1505"                        [_thread_blocked, id=3960, stack(0x00000025a8300000,0x00000025a8400000) (1024K)]
  0x000001ec474eed80 JavaThread "Timer-1506"                        [_thread_blocked, id=15200, stack(0x00000025a8500000,0x00000025a8600000) (1024K)]
  0x000001ec474ed9d0 JavaThread "Timer-1507"                        [_thread_blocked, id=5564, stack(0x00000025a8400000,0x00000025a8500000) (1024K)]
  0x000001ec474f0e50 JavaThread "Timer-1508"                        [_thread_blocked, id=9392, stack(0x00000025a8700000,0x00000025a8800000) (1024K)]
  0x000001ec474f14e0 JavaThread "Timer-1509"                        [_thread_blocked, id=22636, stack(0x0000002585600000,0x0000002585700000) (1024K)]
  0x000001ec474f1b70 JavaThread "Timer-1510"                        [_thread_blocked, id=33324, stack(0x00000025a8800000,0x00000025a8900000) (1024K)]
  0x000001ec474f2890 JavaThread "Timer-1511"                        [_thread_blocked, id=5876, stack(0x00000025a8900000,0x00000025a8a00000) (1024K)]
  0x000001ec474e9830 JavaThread "Worker-2526: Initialize workspace"        [_thread_blocked, id=22224, stack(0x00000025a7f00000,0x00000025a8000000) (1024K)]
  0x000001ec474f2200 JavaThread "Timer-1512"                        [_thread_blocked, id=12764, stack(0x00000025a8a00000,0x00000025a8b00000) (1024K)]
  0x000001ec474ef410 JavaThread "Timer-1513"                        [_thread_blocked, id=14440, stack(0x00000025a8b00000,0x00000025a8c00000) (1024K)]
  0x000001ec474f42d0 JavaThread "Timer-1514"                        [_thread_blocked, id=16216, stack(0x00000025a8d00000,0x00000025a8e00000) (1024K)]
  0x000001ec474f35b0 JavaThread "Timer-1515"                        [_thread_blocked, id=27036, stack(0x00000025a8c00000,0x00000025a8d00000) (1024K)]
  0x000001ec474f3c40 JavaThread "Timer-1516"                        [_thread_blocked, id=27180, stack(0x00000025a8f00000,0x00000025a9000000) (1024K)]
  0x000001ec474f4960 JavaThread "Timer-1517"                        [_thread_blocked, id=32988, stack(0x00000025a8e00000,0x00000025a8f00000) (1024K)]
  0x000001ec474f2f20 JavaThread "Timer-1518"                        [_thread_blocked, id=5272, stack(0x00000025a9100000,0x00000025a9200000) (1024K)]
  0x000001ec474f7750 JavaThread "Timer-1519"                        [_thread_blocked, id=23912, stack(0x00000025a9200000,0x00000025a9300000) (1024K)]
  0x000001ec474efaa0 JavaThread "Worker-2542: Initialize workspace"        [_thread_blocked, id=27660, stack(0x00000025a8600000,0x00000025a8700000) (1024K)]
  0x000001ec474f4ff0 JavaThread "Timer-1520"                        [_thread_blocked, id=4084, stack(0x00000025a9300000,0x00000025a9400000) (1024K)]
  0x000001ec474f5680 JavaThread "Timer-1521"                        [_thread_blocked, id=6080, stack(0x00000025a9600000,0x00000025a9700000) (1024K)]
  0x000001ec474f5d10 JavaThread "Timer-1522"                        [_thread_blocked, id=764, stack(0x00000025a9800000,0x00000025a9900000) (1024K)]
  0x000001ec474f63a0 JavaThread "Timer-1523"                        [_thread_blocked, id=17856, stack(0x00000025a9700000,0x00000025a9800000) (1024K)]
  0x000001ec474f6a30 JavaThread "Timer-1524"                        [_thread_blocked, id=6024, stack(0x00000025a9a00000,0x00000025a9b00000) (1024K)]
  0x000001ec474f70c0 JavaThread "Timer-1525"                        [_thread_blocked, id=20184, stack(0x00000025a9900000,0x00000025a9a00000) (1024K)]
  0x000001ec475114c0 JavaThread "Timer-1526"                        [_thread_blocked, id=6780, stack(0x00000025a9c00000,0x00000025a9d00000) (1024K)]
  0x000001ec47516a10 JavaThread "Timer-1527"                        [_thread_blocked, id=30772, stack(0x00000025a9d00000,0x00000025a9e00000) (1024K)]
  0x000001ec474f7de0 JavaThread "Worker-2560: Initialize workspace"        [_thread_blocked, id=14172, stack(0x00000025a9000000,0x00000025a9100000) (1024K)]
  0x000001ec474f9eb0 JavaThread "Timer-1528"                        [_thread_blocked, id=33500, stack(0x00000025a9e00000,0x00000025a9f00000) (1024K)]
  0x000001ec3b8bac80 JavaThread "Timer-1529"                        [_thread_blocked, id=31828, stack(0x00000025a9f00000,0x00000025aa000000) (1024K)]
  0x000001ec4669c140 JavaThread "Timer-1530"                        [_thread_blocked, id=27240, stack(0x00000025aa100000,0x00000025aa200000) (1024K)]
  0x000001ec4669d4f0 JavaThread "Timer-1531"                        [_thread_blocked, id=29676, stack(0x00000025aa000000,0x00000025aa100000) (1024K)]
  0x000001ec4669a700 JavaThread "Timer-1532"                        [_thread_blocked, id=10700, stack(0x00000025aa300000,0x00000025aa400000) (1024K)]
  0x000001ec4669b420 JavaThread "Timer-1533"                        [_thread_blocked, id=16996, stack(0x00000025aa200000,0x00000025aa300000) (1024K)]
  0x000001ec4669ce60 JavaThread "Timer-1534"                        [_thread_blocked, id=27152, stack(0x00000025aa500000,0x00000025aa600000) (1024K)]
  0x000001ec4669a070 JavaThread "Timer-1535"                        [_thread_blocked, id=10648, stack(0x00000025aa600000,0x00000025aa700000) (1024K)]
  0x000001ec4669e210 JavaThread "Worker-2577: Initialize workspace"        [_thread_blocked, id=23496, stack(0x00000025a9b00000,0x00000025a9c00000) (1024K)]
  0x000001ec4669ad90 JavaThread "Timer-1536"                        [_thread_blocked, id=1784, stack(0x00000025aa700000,0x00000025aa800000) (1024K)]
  0x000001ec4669e8a0 JavaThread "Timer-1537"                        [_thread_blocked, id=26488, stack(0x00000025aa800000,0x00000025aa900000) (1024K)]
  0x000001ec4669fc50 JavaThread "Timer-1538"                        [_thread_blocked, id=32324, stack(0x00000025aaa00000,0x00000025aab00000) (1024K)]
  0x000001ec4669ef30 JavaThread "Timer-1539"                        [_thread_blocked, id=3544, stack(0x00000025aa900000,0x00000025aaa00000) (1024K)]
  0x000001ec4669f5c0 JavaThread "Timer-1540"                        [_thread_blocked, id=11432, stack(0x00000025aac00000,0x00000025aad00000) (1024K)]
  0x000001ec4669c7d0 JavaThread "Timer-1541"                        [_thread_blocked, id=15536, stack(0x00000025aab00000,0x00000025aac00000) (1024K)]
  0x000001ec466a1d20 JavaThread "Timer-1542"                        [_thread_blocked, id=32680, stack(0x00000025aae00000,0x00000025aaf00000) (1024K)]
  0x000001ec466a02e0 JavaThread "Timer-1543"                        [_thread_blocked, id=23232, stack(0x00000025aaf00000,0x00000025ab000000) (1024K)]
  0x000001ec466a1000 JavaThread "Worker-2593: Initialize workspace"        [_thread_blocked, id=15532, stack(0x00000025aad00000,0x00000025aae00000) (1024K)]
  0x000001ec4669db80 JavaThread "Timer-1544"                        [_thread_blocked, id=18068, stack(0x00000025ab000000,0x00000025ab100000) (1024K)]
  0x000001ec466a2a40 JavaThread "Timer-1545"                        [_thread_blocked, id=22972, stack(0x00000025ab100000,0x00000025ab200000) (1024K)]
  0x000001ec466a4480 JavaThread "Timer-1546"                        [_thread_blocked, id=20284, stack(0x00000025ab300000,0x00000025ab400000) (1024K)]
  0x000001ec466a3df0 JavaThread "Timer-1547"                        [_thread_blocked, id=18516, stack(0x00000025ab200000,0x00000025ab300000) (1024K)]
  0x000001ec466a23b0 JavaThread "Timer-1548"                        [_thread_blocked, id=20112, stack(0x00000025ab500000,0x00000025ab600000) (1024K)]
  0x000001ec466a4b10 JavaThread "Timer-1549"                        [_thread_blocked, id=21248, stack(0x00000025ab400000,0x00000025ab500000) (1024K)]
  0x000001ec466a3760 JavaThread "Timer-1550"                        [_thread_blocked, id=12224, stack(0x00000025ab700000,0x00000025ab800000) (1024K)]
  0x000001ec466a5ec0 JavaThread "Timer-1551"                        [_thread_blocked, id=17048, stack(0x00000025ab800000,0x00000025ab900000) (1024K)]
  0x000001ec466a30d0 JavaThread "Worker-2612: Initialize workspace"        [_thread_blocked, id=4300, stack(0x00000025aa400000,0x00000025aa500000) (1024K)]
  0x000001ec466a1690 JavaThread "Timer-1552"                        [_thread_blocked, id=17432, stack(0x00000025ab900000,0x00000025aba00000) (1024K)]
  0x000001ec466a6550 JavaThread "Timer-1553"                        [_thread_blocked, id=3440, stack(0x00000025aba00000,0x00000025abb00000) (1024K)]
  0x000001ec466a6be0 JavaThread "Timer-1554"                        [_thread_blocked, id=30732, stack(0x00000025abc00000,0x00000025abd00000) (1024K)]
  0x000001ec466a7270 JavaThread "Timer-1555"                        [_thread_blocked, id=31088, stack(0x00000025abb00000,0x00000025abc00000) (1024K)]
  0x000001ec466a7f90 JavaThread "Timer-1556"                        [_thread_blocked, id=20756, stack(0x00000025abe00000,0x00000025abf00000) (1024K)]
  0x000001ec466a8620 JavaThread "Timer-1557"                        [_thread_blocked, id=23628, stack(0x00000025abd00000,0x00000025abe00000) (1024K)]
  0x000001ec466a7900 JavaThread "Timer-1558"                        [_thread_blocked, id=30536, stack(0x00000025ac000000,0x00000025ac100000) (1024K)]
  0x000001ec466a8cb0 JavaThread "Timer-1559"                        [_thread_blocked, id=31368, stack(0x00000025ac100000,0x00000025ac200000) (1024K)]
  0x000001ec466a0970 JavaThread "Worker-2630: Initialize workspace"        [_thread_blocked, id=32796, stack(0x00000025ab600000,0x00000025ab700000) (1024K)]
  0x000001ec466a5830 JavaThread "Timer-1560"                        [_thread_blocked, id=20192, stack(0x00000025ac200000,0x00000025ac300000) (1024K)]
  0x000001ec466aa6f0 JavaThread "Timer-1561"                        [_thread_blocked, id=14364, stack(0x00000025ac300000,0x00000025ac400000) (1024K)]
  0x000001ec466aad80 JavaThread "Timer-1562"                        [_thread_blocked, id=15144, stack(0x00000025ac500000,0x00000025ac600000) (1024K)]
  0x000001ec466aa060 JavaThread "Timer-1563"                        [_thread_blocked, id=30428, stack(0x00000025ac400000,0x00000025ac500000) (1024K)]
  0x000001ec466a9340 JavaThread "Timer-1564"                        [_thread_blocked, id=308, stack(0x00000025ac700000,0x00000025ac800000) (1024K)]
  0x000001ec466ac130 JavaThread "Timer-1565"                        [_thread_blocked, id=21212, stack(0x00000025ac600000,0x00000025ac700000) (1024K)]
  0x000001ec466ace50 JavaThread "Timer-1566"                        [_thread_blocked, id=20544, stack(0x00000025ac900000,0x00000025aca00000) (1024K)]
  0x000001ec466abaa0 JavaThread "Timer-1567"                        [_thread_blocked, id=23440, stack(0x00000025aca00000,0x00000025acb00000) (1024K)]
  0x000001ec4669bab0 JavaThread "Worker-2649: Initialize workspace"        [_thread_blocked, id=21424, stack(0x00000025a5b00000,0x00000025a5c00000) (1024K)]
  0x000001ec466ad4e0 JavaThread "Timer-1568"                        [_thread_blocked, id=13968, stack(0x00000025acb00000,0x00000025acc00000) (1024K)]
  0x000001ec466ac7c0 JavaThread "Timer-1569"                        [_thread_blocked, id=29028, stack(0x00000025acc00000,0x00000025acd00000) (1024K)]
  0x000001ec466ae200 JavaThread "Timer-1570"                        [_thread_blocked, id=5328, stack(0x00000025ace00000,0x00000025acf00000) (1024K)]
  0x000001ec466adb70 JavaThread "Timer-1571"                        [_thread_blocked, id=14332, stack(0x00000025acd00000,0x00000025ace00000) (1024K)]
  0x000001ec466ab410 JavaThread "Timer-1572"                        [_thread_blocked, id=24532, stack(0x00000025ad000000,0x00000025ad100000) (1024K)]
  0x000001ec466afc40 JavaThread "Timer-1573"                        [_thread_blocked, id=13948, stack(0x00000025acf00000,0x00000025ad000000) (1024K)]
  0x000001ec466b02d0 JavaThread "Timer-1574"                        [_thread_blocked, id=26180, stack(0x00000025ad200000,0x00000025ad300000) (1024K)]
  0x000001ec466b0960 JavaThread "Timer-1575"                        [_thread_blocked, id=5264, stack(0x00000025ad300000,0x00000025ad400000) (1024K)]
  0x000001ec466a99d0 JavaThread "Worker-2666: Initialize workspace"        [_thread_blocked, id=22888, stack(0x00000025ac800000,0x00000025ac900000) (1024K)]
  0x000001ec466b0ff0 JavaThread "Timer-1576"                        [_thread_blocked, id=33340, stack(0x00000025ad400000,0x00000025ad500000) (1024K)]
  0x000001ec466b1d10 JavaThread "Timer-1577"                        [_thread_blocked, id=32740, stack(0x00000025ad500000,0x00000025ad600000) (1024K)]
  0x000001ec466b1680 JavaThread "Timer-1578"                        [_thread_blocked, id=14872, stack(0x00000025ad700000,0x00000025ad800000) (1024K)]
  0x000001ec466ae890 JavaThread "Timer-1579"                        [_thread_blocked, id=32612, stack(0x00000025ad600000,0x00000025ad700000) (1024K)]
  0x000001ec466b23a0 JavaThread "Timer-1580"                        [_thread_blocked, id=28796, stack(0x00000025ad900000,0x00000025ada00000) (1024K)]
  0x000001ec466aef20 JavaThread "Timer-1581"                        [_thread_blocked, id=8224, stack(0x00000025ad800000,0x00000025ad900000) (1024K)]
  0x000001ec466b30c0 JavaThread "Timer-1582"                        [_thread_blocked, id=32060, stack(0x00000025adb00000,0x00000025adc00000) (1024K)]
  0x000001ec466b3de0 JavaThread "Timer-1583"                        [_thread_blocked, id=14812, stack(0x00000025adc00000,0x00000025add00000) (1024K)]
  0x000001ec466af5b0 JavaThread "Worker-2683: Initialize workspace"        [_thread_blocked, id=26536, stack(0x00000025ada00000,0x00000025adb00000) (1024K)]
  0x000001ec466b2a30 JavaThread "Timer-1584"                        [_thread_blocked, id=15876, stack(0x00000025add00000,0x00000025ade00000) (1024K)]
  0x000001ec466b5190 JavaThread "Timer-1585"                        [_thread_blocked, id=5748, stack(0x00000025ade00000,0x00000025adf00000) (1024K)]
  0x000001ec466b5eb0 JavaThread "Timer-1586"                        [_thread_blocked, id=336, stack(0x00000025ae000000,0x00000025ae100000) (1024K)]
  0x000001ec466b5820 JavaThread "Timer-1587"                        [_thread_blocked, id=29832, stack(0x00000025adf00000,0x00000025ae000000) (1024K)]
  0x000001ec466b78f0 JavaThread "Timer-1588"                        [_thread_blocked, id=21532, stack(0x00000025ae200000,0x00000025ae300000) (1024K)]
  0x000001ec466b6bd0 JavaThread "Timer-1589"                        [_thread_blocked, id=22168, stack(0x00000025ae100000,0x00000025ae200000) (1024K)]
  0x000001ec466b4b00 JavaThread "Timer-1590"                        [_thread_blocked, id=26652, stack(0x00000025ae400000,0x00000025ae500000) (1024K)]
  0x000001ec466b7260 JavaThread "Timer-1591"                        [_thread_blocked, id=3332, stack(0x00000025ae500000,0x00000025ae600000) (1024K)]
  0x000001ec466b3750 JavaThread "Worker-2701: Initialize workspace"        [_thread_blocked, id=15348, stack(0x00000025ad100000,0x00000025ad200000) (1024K)]
  0x000001ec466b4470 JavaThread "Timer-1592"                        [_thread_blocked, id=27492, stack(0x00000025ae600000,0x00000025ae700000) (1024K)]
  0x000001ec466b7f80 JavaThread "Timer-1593"                        [_thread_blocked, id=31204, stack(0x00000025ae700000,0x00000025ae800000) (1024K)]
  0x000001ec466ba050 JavaThread "Timer-1594"                        [_thread_blocked, id=23816, stack(0x00000025ae900000,0x00000025aea00000) (1024K)]
  0x000001ec466b9330 JavaThread "Timer-1595"                        [_thread_blocked, id=19188, stack(0x00000025ae800000,0x00000025ae900000) (1024K)]
  0x000001ec466bad70 JavaThread "Timer-1596"                        [_thread_blocked, id=22448, stack(0x00000025aeb00000,0x00000025aec00000) (1024K)]
  0x000001ec466b8610 JavaThread "Timer-1597"                        [_thread_blocked, id=3968, stack(0x00000025aea00000,0x00000025aeb00000) (1024K)]
  0x000001ec466b99c0 JavaThread "Timer-1598"                        [_thread_blocked, id=33704, stack(0x00000025aed00000,0x00000025aee00000) (1024K)]
  0x000001ec466bba90 JavaThread "Timer-1599"                        [_thread_blocked, id=2740, stack(0x00000025aef00000,0x00000025af000000) (1024K)]
  0x000001ec466b6540 JavaThread "Worker-2724: Initialize workspace"        [_thread_blocked, id=18808, stack(0x00000025ae300000,0x00000025ae400000) (1024K)]
  0x000001ec466bce40 JavaThread "Timer-1600"                        [_thread_blocked, id=25380, stack(0x00000025aee00000,0x00000025aef00000) (1024K)]
  0x000001ec466bd4d0 JavaThread "Timer-1601"                        [_thread_blocked, id=17312, stack(0x00000025af000000,0x00000025af100000) (1024K)]
  0x000001ec466bdb60 JavaThread "Timer-1602"                        [_thread_blocked, id=26684, stack(0x00000025af200000,0x00000025af300000) (1024K)]
  0x000001ec466bc7b0 JavaThread "Timer-1603"                        [_thread_blocked, id=23804, stack(0x00000025af100000,0x00000025af200000) (1024K)]
  0x000001ec466ba6e0 JavaThread "Timer-1604"                        [_thread_blocked, id=32600, stack(0x00000025af400000,0x00000025af500000) (1024K)]
  0x000001ec466be1f0 JavaThread "Timer-1605"                        [_thread_blocked, id=20892, stack(0x00000025af300000,0x00000025af400000) (1024K)]
  0x000001ec466bb400 JavaThread "Timer-1606"                        [_thread_blocked, id=25512, stack(0x00000025af600000,0x00000025af700000) (1024K)]
  0x000001ec466bef10 JavaThread "Timer-1607"                        [_thread_blocked, id=29864, stack(0x00000025af700000,0x00000025af800000) (1024K)]
  0x000001ec466b8ca0 JavaThread "Worker-2741: Initialize workspace"        [_thread_blocked, id=10232, stack(0x00000025aec00000,0x00000025aed00000) (1024K)]
  0x000001ec466c0950 JavaThread "Timer-1608"                        [_thread_blocked, id=30172, stack(0x00000025af800000,0x00000025af900000) (1024K)]
  0x000001ec466c1670 JavaThread "Timer-1609"                        [_thread_blocked, id=2032, stack(0x00000025af900000,0x00000025afa00000) (1024K)]
  0x000001ec466bf5a0 JavaThread "Timer-1610"                        [_thread_blocked, id=8244, stack(0x00000025afb00000,0x00000025afc00000) (1024K)]
  0x000001ec466c1d00 JavaThread "Timer-1611"                        [_thread_blocked, id=28408, stack(0x00000025afa00000,0x00000025afb00000) (1024K)]
  0x000001ec466be880 JavaThread "Timer-1612"                        [_thread_blocked, id=33512, stack(0x00000025afd00000,0x00000025afe00000) (1024K)]
  0x000001ec466c2a20 JavaThread "Timer-1613"                        [_thread_blocked, id=24616, stack(0x00000025afc00000,0x00000025afd00000) (1024K)]
  0x000001ec466c30b0 JavaThread "Timer-1614"                        [_thread_blocked, id=23876, stack(0x00000025aff00000,0x00000025b0000000) (1024K)]
  0x000001ec466bfc30 JavaThread "Timer-1615"                        [_thread_blocked, id=6684, stack(0x00000025b0000000,0x00000025b0100000) (1024K)]
  0x000001ec466c2390 JavaThread "Worker-2760: Initialize workspace"        [_thread_blocked, id=32052, stack(0x00000025af500000,0x00000025af600000) (1024K)]
  0x000001ec466c02c0 JavaThread "Timer-1616"                        [_thread_blocked, id=24908, stack(0x00000025b0100000,0x00000025b0200000) (1024K)]
  0x000001ec466c3dd0 JavaThread "Timer-1617"                        [_thread_blocked, id=19164, stack(0x00000025b0200000,0x00000025b0300000) (1024K)]
  0x000001ec466c0fe0 JavaThread "Timer-1618"                        [_thread_blocked, id=27220, stack(0x00000025b0400000,0x00000025b0500000) (1024K)]
  0x000001ec466c5180 JavaThread "Timer-1619"                        [_thread_blocked, id=31952, stack(0x00000025b0300000,0x00000025b0400000) (1024K)]
  0x000001ec466c5810 JavaThread "Timer-1620"                        [_thread_blocked, id=27832, stack(0x00000025b0600000,0x00000025b0700000) (1024K)]
  0x000001ec466c6bc0 JavaThread "Timer-1621"                        [_thread_blocked, id=28936, stack(0x00000025b0500000,0x00000025b0600000) (1024K)]
  0x000001ec466c4af0 JavaThread "Timer-1622"                        [_thread_blocked, id=2420, stack(0x00000025b0800000,0x00000025b0900000) (1024K)]
  0x000001ec466c4460 JavaThread "Timer-1623"                        [_thread_blocked, id=32852, stack(0x00000025b0900000,0x00000025b0a00000) (1024K)]
  0x000001ec466c3740 JavaThread "Worker-2776: Initialize workspace"        [_thread_blocked, id=15472, stack(0x00000025afe00000,0x00000025aff00000) (1024K)]
  0x000001ec466c7f70 JavaThread "Timer-1624"                        [_thread_blocked, id=6404, stack(0x00000025b0a00000,0x00000025b0b00000) (1024K)]
  0x000001ec466c8c90 JavaThread "Timer-1625"                        [_thread_blocked, id=14876, stack(0x00000025b0b00000,0x00000025b0c00000) (1024K)]
  0x000001ec466c9320 JavaThread "Timer-1626"                        [_thread_blocked, id=21876, stack(0x00000025b0d00000,0x00000025b0e00000) (1024K)]
  0x000001ec466c7250 JavaThread "Timer-1627"                        [_thread_blocked, id=9360, stack(0x00000025b0c00000,0x00000025b0d00000) (1024K)]
  0x000001ec466c5ea0 JavaThread "Timer-1628"                        [_thread_blocked, id=24360, stack(0x00000025b0f00000,0x00000025b1000000) (1024K)]
  0x000001ec466c99b0 JavaThread "Timer-1629"                        [_thread_blocked, id=25760, stack(0x00000025b0e00000,0x00000025b0f00000) (1024K)]
  0x000001ec466c6530 JavaThread "Timer-1630"                        [_thread_blocked, id=6980, stack(0x00000025b1100000,0x00000025b1200000) (1024K)]
  0x000001ec466c78e0 JavaThread "Timer-1631"                        [_thread_blocked, id=6788, stack(0x00000025b1200000,0x00000025b1300000) (1024K)]
  0x000001ec466ca040 JavaThread "Worker-2793: Initialize workspace"        [_thread_blocked, id=9988, stack(0x00000025abf00000,0x00000025ac000000) (1024K)]
  0x000001ec466cad60 JavaThread "Timer-1632"                        [_thread_blocked, id=30312, stack(0x00000025b1300000,0x00000025b1400000) (1024K)]
  0x000001ec466cb3f0 JavaThread "Timer-1633"                        [_thread_blocked, id=28452, stack(0x00000025b1400000,0x00000025b1500000) (1024K)]
  0x000001ec466cba80 JavaThread "Timer-1634"                        [_thread_blocked, id=13448, stack(0x00000025b1600000,0x00000025b1700000) (1024K)]
  0x000001ec466c8600 JavaThread "Timer-1635"                        [_thread_blocked, id=7568, stack(0x00000025b1500000,0x00000025b1600000) (1024K)]
  0x000001ec466ce1e0 JavaThread "Timer-1636"                        [_thread_blocked, id=6104, stack(0x00000025b1800000,0x00000025b1900000) (1024K)]
  0x000001ec466cc7a0 JavaThread "Timer-1637"                        [_thread_blocked, id=24288, stack(0x00000025b1700000,0x00000025b1800000) (1024K)]
  0x000001ec466cd4c0 JavaThread "Timer-1638"                        [_thread_blocked, id=32404, stack(0x00000025b1a00000,0x00000025b1b00000) (1024K)]
  0x000001ec466cc110 JavaThread "Timer-1639"                        [_thread_blocked, id=31440, stack(0x00000025b1b00000,0x00000025b1c00000) (1024K)]
  0x000001ec466cce30 JavaThread "Worker-2810: Initialize workspace"        [_thread_blocked, id=16208, stack(0x00000025b0700000,0x00000025b0800000) (1024K)]
  0x000001ec466ca6d0 JavaThread "Timer-1640"                        [_thread_blocked, id=32136, stack(0x00000025b1c00000,0x00000025b1d00000) (1024K)]
  0x000001ec466cef00 JavaThread "Timer-1641"                        [_thread_blocked, id=18756, stack(0x00000025b1d00000,0x00000025b1e00000) (1024K)]
  0x000001ec466cf590 JavaThread "Timer-1642"                        [_thread_blocked, id=12540, stack(0x00000025b1f00000,0x00000025b2000000) (1024K)]
  0x000001ec466ce870 JavaThread "Timer-1643"                        [_thread_blocked, id=17600, stack(0x00000025b1e00000,0x00000025b1f00000) (1024K)]
  0x000001ec466d0fd0 JavaThread "Timer-1644"                        [_thread_blocked, id=1844, stack(0x00000025b2100000,0x00000025b2200000) (1024K)]
  0x000001ec466d02b0 JavaThread "Timer-1645"                        [_thread_blocked, id=24208, stack(0x00000025b2000000,0x00000025b2100000) (1024K)]
  0x000001ec466d30a0 JavaThread "Timer-1646"                        [_thread_blocked, id=11888, stack(0x00000025b2300000,0x00000025b2400000) (1024K)]
  0x000001ec466d1660 JavaThread "Timer-1647"                        [_thread_blocked, id=9348, stack(0x00000025b2400000,0x00000025b2500000) (1024K)]
  0x000001ec466cdb50 JavaThread "Worker-2827: Initialize workspace"        [_thread_blocked, id=33028, stack(0x00000025b1900000,0x00000025b1a00000) (1024K)]
  0x000001ec466d1cf0 JavaThread "Timer-1648"                        [_thread_blocked, id=14164, stack(0x00000025b2200000,0x00000025b2300000) (1024K)]
  0x000001ec466d2380 JavaThread "Timer-1649"                        [_thread_blocked, id=17236, stack(0x00000025b2500000,0x00000025b2600000) (1024K)]
  0x000001ec466cfc20 JavaThread "Timer-1650"                        [_thread_blocked, id=14832, stack(0x00000025b2800000,0x00000025b2900000) (1024K)]
  0x000001ec466d3730 JavaThread "Timer-1651"                        [_thread_blocked, id=33132, stack(0x00000025b2700000,0x00000025b2800000) (1024K)]
  0x000001ec466d0940 JavaThread "Timer-1652"                        [_thread_blocked, id=27884, stack(0x00000025b2a00000,0x00000025b2b00000) (1024K)]
  0x000001ec466d78d0 JavaThread "Timer-1653"                        [_thread_blocked, id=10832, stack(0x00000025b2900000,0x00000025b2a00000) (1024K)]
  0x000001ec466d6520 JavaThread "Timer-1654"                        [_thread_blocked, id=16732, stack(0x00000025b2b00000,0x00000025b2c00000) (1024K)]
  0x000001ec466d6bb0 JavaThread "Timer-1655"                        [_thread_blocked, id=24652, stack(0x00000025b2e00000,0x00000025b2f00000) (1024K)]
  0x000001ec466bc120 JavaThread "Worker-2846: Initialize workspace"        [_thread_blocked, id=21800, stack(0x00000025b1000000,0x00000025b1100000) (1024K)]
  0x000001ec466d5e90 JavaThread "Timer-1656"                        [_thread_blocked, id=9120, stack(0x00000025b2d00000,0x00000025b2e00000) (1024K)]
  0x000001ec466d5800 JavaThread "Timer-1657"                        [_thread_blocked, id=12324, stack(0x00000025b3000000,0x00000025b3100000) (1024K)]
  0x000001ec466d2a10 JavaThread "Timer-1658"                        [_thread_blocked, id=7932, stack(0x00000025b2f00000,0x00000025b3000000) (1024K)]
  0x000001ec466d85f0 JavaThread "Timer-1659"                        [_thread_blocked, id=17740, stack(0x00000025b3100000,0x00000025b3200000) (1024K)]
  0x000001ec466d7f60 JavaThread "Timer-1660"                        [_thread_blocked, id=13484, stack(0x00000025b3300000,0x00000025b3400000) (1024K)]
  0x000001ec466d7240 JavaThread "Timer-1661"                        [_thread_blocked, id=33832, stack(0x00000025b3200000,0x00000025b3300000) (1024K)]
  0x000001ec466d8c80 JavaThread "Timer-1662"                        [_thread_blocked, id=33840, stack(0x00000025b3500000,0x00000025b3600000) (1024K)]
  0x000001ec466da6c0 JavaThread "Timer-1663"                        [_thread_blocked, id=33856, stack(0x00000025b3600000,0x00000025b3700000) (1024K)]
  0x000001ec466d4450 JavaThread "Worker-2863: Initialize workspace"        [_thread_blocked, id=33996, stack(0x00000025b2c00000,0x00000025b2d00000) (1024K)]
  0x000001ec466da030 JavaThread "Timer-1664"                        [_thread_blocked, id=34024, stack(0x00000025b3700000,0x00000025b3800000) (1024K)]
  0x000001ec466d9310 JavaThread "Timer-1665"                        [_thread_blocked, id=34036, stack(0x00000025b3800000,0x00000025b3900000) (1024K)]
  0x000001ec466d99a0 JavaThread "Timer-1666"                        [_thread_blocked, id=34044, stack(0x00000025b3a00000,0x00000025b3b00000) (1024K)]
  0x000001ec466a51a0 JavaThread "Timer-1667"                        [_thread_blocked, id=34048, stack(0x00000025b3900000,0x00000025b3a00000) (1024K)]
  0x000001ec37e8b060 JavaThread "Timer-1668"                        [_thread_blocked, id=34056, stack(0x00000025b3c00000,0x00000025b3d00000) (1024K)]
  0x000001ec37e8bd80 JavaThread "Timer-1669"                        [_thread_blocked, id=34220, stack(0x00000025b3b00000,0x00000025b3c00000) (1024K)]
  0x000001ec37e89620 JavaThread "Timer-1670"                        [_thread_blocked, id=34228, stack(0x00000025b3e00000,0x00000025b3f00000) (1024K)]
  0x000001ec37e8f890 JavaThread "Timer-1671"                        [_thread_blocked, id=34244, stack(0x00000025b4000000,0x00000025b4100000) (1024K)]
  0x000001ec37e8a340 JavaThread "Worker-2880: Initialize workspace"        [_thread_blocked, id=34452, stack(0x00000025b3400000,0x00000025b3500000) (1024K)]
  0x000001ec37e8f200 JavaThread "Timer-1672"                        [_thread_blocked, id=34484, stack(0x00000025b3f00000,0x00000025b4000000) (1024K)]
  0x000001ec37e8de50 JavaThread "Timer-1673"                        [_thread_blocked, id=34496, stack(0x00000025b4100000,0x00000025b4200000) (1024K)]
  0x000001ec37e8e4e0 JavaThread "Timer-1674"                        [_thread_blocked, id=34504, stack(0x00000025b4300000,0x00000025b4400000) (1024K)]
  0x000001ec37e8eb70 JavaThread "Timer-1675"                        [_thread_blocked, id=34508, stack(0x00000025b4200000,0x00000025b4300000) (1024K)]
  0x000001ec463c4c40 JavaThread "Timer-1676"                        [_thread_blocked, id=34516, stack(0x00000025b4500000,0x00000025b4600000) (1024K)]
  0x000001ec463c52d0 JavaThread "Timer-1677"                        [_thread_blocked, id=34684, stack(0x00000025b4400000,0x00000025b4500000) (1024K)]
  0x000001ec463c5ff0 JavaThread "Timer-1678"                        [_thread_blocked, id=34692, stack(0x00000025b4700000,0x00000025b4800000) (1024K)]
  0x000001ec463c6680 JavaThread "Timer-1679"                        [_thread_blocked, id=34708, stack(0x00000025b4800000,0x00000025b4900000) (1024K)]
  0x000001ec463c73a0 JavaThread "Worker-2897: Initialize workspace"        [_thread_blocked, id=26692, stack(0x00000025b4600000,0x00000025b4700000) (1024K)]
  0x000001ec463c80c0 JavaThread "Timer-1680"                        [_thread_blocked, id=3696, stack(0x00000025b4900000,0x00000025b4a00000) (1024K)]
  0x000001ec463c5960 JavaThread "Timer-1681"                        [_thread_blocked, id=18768, stack(0x00000025b4a00000,0x00000025b4b00000) (1024K)]
  0x000001ec463c8750 JavaThread "Timer-1682"                        [_thread_blocked, id=12576, stack(0x00000025b4c00000,0x00000025b4d00000) (1024K)]
  0x000001ec466d4ae0 JavaThread "Timer-1683"                        [_thread_blocked, id=33836, stack(0x00000025b4b00000,0x00000025b4c00000) (1024K)]
  0x000001ec37e8d7c0 JavaThread "Timer-1684"                        [_thread_blocked, id=22984, stack(0x00000025b4e00000,0x00000025b4f00000) (1024K)]
  0x000001ec466d5170 JavaThread "Timer-1685"                        [_thread_blocked, id=33860, stack(0x00000025b4d00000,0x00000025b4e00000) (1024K)]
  0x000001ec36d01ba0 JavaThread "Timer-1686"                        [_thread_blocked, id=33976, stack(0x00000025b5000000,0x00000025b5100000) (1024K)]
  0x000001ec46e98420 JavaThread "Timer-1687"                        [_thread_blocked, id=33980, stack(0x00000025b5100000,0x00000025b5200000) (1024K)]
  0x000001ec463c3890 JavaThread "Worker-2914: Initialize workspace"        [_thread_blocked, id=34076, stack(0x00000025b3d00000,0x00000025b3e00000) (1024K)]
  0x000001ec463c7a30 JavaThread "Timer-1688"                        [_thread_blocked, id=34264, stack(0x00000025b5200000,0x00000025b5300000) (1024K)]
  0x000001ec3d9ef540 JavaThread "Timer-1689"                        [_thread_blocked, id=34292, stack(0x00000025b5300000,0x00000025b5400000) (1024K)]
  0x000001ec3d9efbd0 JavaThread "Timer-1690"                        [_thread_blocked, id=34304, stack(0x00000025b5500000,0x00000025b5600000) (1024K)]
  0x000001ec3d9ed470 JavaThread "Timer-1691"                        [_thread_blocked, id=34256, stack(0x00000025b5400000,0x00000025b5500000) (1024K)]
  0x000001ec3d9f08f0 JavaThread "Timer-1692"                        [_thread_blocked, id=34312, stack(0x00000025b5700000,0x00000025b5800000) (1024K)]
  0x000001ec3d9f0260 JavaThread "Timer-1693"                        [_thread_blocked, id=34548, stack(0x00000025b5600000,0x00000025b5700000) (1024K)]
  0x000001ec3d9edb00 JavaThread "Timer-1694"                        [_thread_blocked, id=34568, stack(0x00000025b5900000,0x00000025b5a00000) (1024K)]
  0x000001ec3d9f0f80 JavaThread "Timer-1695"                        [_thread_blocked, id=34600, stack(0x00000025b5a00000,0x00000025b5b00000) (1024K)]
  0x000001ec3d9ee820 JavaThread "Worker-2931: Initialize workspace"        [_thread_blocked, id=34796, stack(0x00000025b4f00000,0x00000025b5000000) (1024K)]
  0x000001ec3d9ee190 JavaThread "Timer-1696"                        [_thread_blocked, id=34728, stack(0x00000025b5b00000,0x00000025b5c00000) (1024K)]
  0x000001ec3d9f3d70 JavaThread "Timer-1697"                        [_thread_blocked, id=34712, stack(0x00000025b5c00000,0x00000025b5d00000) (1024K)]
  0x000001ec3d9f5120 JavaThread "Timer-1698"                        [_thread_blocked, id=34480, stack(0x00000025b5e00000,0x00000025b5f00000) (1024K)]
  0x000001ec3d9f1ca0 JavaThread "Timer-1699"                        [_thread_blocked, id=34448, stack(0x00000025b5d00000,0x00000025b5e00000) (1024K)]
  0x000001ec3d9f4400 JavaThread "Timer-1700"                        [_thread_blocked, id=29688, stack(0x00000025b6000000,0x00000025b6100000) (1024K)]
  0x000001ec3d9f3050 JavaThread "Timer-1701"                        [_thread_blocked, id=33932, stack(0x00000025b5f00000,0x00000025b6000000) (1024K)]
  0x000001ec3d9f29c0 JavaThread "Timer-1702"                        [_thread_blocked, id=33916, stack(0x00000025b6200000,0x00000025b6300000) (1024K)]
  0x000001ec3d9f57b0 JavaThread "Timer-1703"                        [_thread_blocked, id=33944, stack(0x00000025b6300000,0x00000025b6400000) (1024K)]
  0x000001ec3d9f2330 JavaThread "Worker-2949: Initialize workspace"        [_thread_blocked, id=34204, stack(0x00000025b5800000,0x00000025b5900000) (1024K)]
  0x000001ec3d9f64d0 JavaThread "Timer-1704"                        [_thread_blocked, id=34216, stack(0x00000025b6400000,0x00000025b6500000) (1024K)]
  0x000001ec3d9f5e40 JavaThread "Timer-1705"                        [_thread_blocked, id=34088, stack(0x00000025b6500000,0x00000025b6600000) (1024K)]
  0x000001ec3d9f6b60 JavaThread "Timer-1706"                        [_thread_blocked, id=34040, stack(0x00000025b6700000,0x00000025b6800000) (1024K)]
  0x000001ec3d9f4a90 JavaThread "Timer-1707"                        [_thread_blocked, id=34032, stack(0x00000025b6600000,0x00000025b6700000) (1024K)]
  0x000001ec3d9f71f0 JavaThread "Timer-1708"                        [_thread_blocked, id=33984, stack(0x00000025b6900000,0x00000025b6a00000) (1024K)]
  0x000001ec3d9f36e0 JavaThread "Timer-1709"                        [_thread_blocked, id=34628, stack(0x00000025b6800000,0x00000025b6900000) (1024K)]
  0x000001ec3d9f9950 JavaThread "Timer-1710"                        [_thread_blocked, id=24320, stack(0x00000025b6b00000,0x00000025b6c00000) (1024K)]
  0x000001ec3d9f9fe0 JavaThread "Timer-1711"                        [_thread_blocked, id=34356, stack(0x00000025b6c00000,0x00000025b6d00000) (1024K)]
  0x000001ec3d9eeeb0 JavaThread "Worker-2965: Initialize workspace"        [_thread_blocked, id=34276, stack(0x00000025b6100000,0x00000025b6200000) (1024K)]
  0x000001ec3d9fad00 JavaThread "Timer-1712"                        [_thread_blocked, id=34616, stack(0x00000025b6d00000,0x00000025b6e00000) (1024K)]
  0x000001ec3d9f85a0 JavaThread "Timer-1713"                        [_thread_blocked, id=34688, stack(0x00000025b6e00000,0x00000025b6f00000) (1024K)]
  0x000001ec3d9f92c0 JavaThread "Timer-1714"                        [_thread_blocked, id=34696, stack(0x00000025b7000000,0x00000025b7100000) (1024K)]
  0x000001ec3d9f7f10 JavaThread "Timer-1715"                        [_thread_blocked, id=34580, stack(0x00000025b6f00000,0x00000025b7000000) (1024K)]
  0x000001ec3d9fa670 JavaThread "Timer-1716"                        [_thread_blocked, id=34788, stack(0x00000025b7200000,0x00000025b7300000) (1024K)]
  0x000001ec3d9f8c30 JavaThread "Timer-1717"                        [_thread_blocked, id=20740, stack(0x00000025b7100000,0x00000025b7200000) (1024K)]
  0x000001ec3d9fb390 JavaThread "Timer-1718"                        [_thread_blocked, id=12044, stack(0x00000025b7400000,0x00000025b7500000) (1024K)]
  0x000001ec3d9fc0b0 JavaThread "Timer-1719"                        [_thread_blocked, id=23548, stack(0x00000025b7500000,0x00000025b7600000) (1024K)]
  0x000001ec3d9f7880 JavaThread "Worker-2983: Initialize workspace"        [_thread_blocked, id=18708, stack(0x00000025b6a00000,0x00000025b6b00000) (1024K)]
  0x000001ec3d9fba20 JavaThread "Timer-1720"                        [_thread_blocked, id=29852, stack(0x00000025b7600000,0x00000025b7700000) (1024K)]
  0x000001ec3d9fe180 JavaThread "Timer-1721"                        [_thread_blocked, id=27548, stack(0x00000025b7700000,0x00000025b7800000) (1024K)]
  0x000001ec3d9fe810 JavaThread "Timer-1722"                        [_thread_blocked, id=16864, stack(0x00000025b7900000,0x00000025b7a00000) (1024K)]
  0x000001ec3d9feea0 JavaThread "Timer-1723"                        [_thread_blocked, id=8824, stack(0x00000025b7800000,0x00000025b7900000) (1024K)]
  0x000001ec3d9fdaf0 JavaThread "Timer-1724"                        [_thread_blocked, id=9200, stack(0x00000025b7b00000,0x00000025b7c00000) (1024K)]
  0x000001ec3d9ff530 JavaThread "Timer-1725"                        [_thread_blocked, id=34240, stack(0x00000025b7a00000,0x00000025b7b00000) (1024K)]
  0x000001ec3d9fc740 JavaThread "Timer-1726"                        [_thread_blocked, id=34144, stack(0x00000025b7d00000,0x00000025b7e00000) (1024K)]
  0x000001ec3da008e0 JavaThread "Timer-1727"                        [_thread_blocked, id=33992, stack(0x00000025b7e00000,0x00000025b7f00000) (1024K)]
  0x000001ec3d9ffbc0 JavaThread "Worker-3001: Initialize workspace"        [_thread_blocked, id=34016, stack(0x00000025b7300000,0x00000025b7400000) (1024K)]
  0x000001ec3d9fcdd0 JavaThread "Timer-1728"                        [_thread_blocked, id=34424, stack(0x00000025b7f00000,0x00000025b8000000) (1024K)]
  0x000001ec3d9fd460 JavaThread "Timer-1729"                        [_thread_blocked, id=34280, stack(0x00000025bb500000,0x00000025bb600000) (1024K)]
  0x000001ec3da02320 JavaThread "Timer-1730"                        [_thread_blocked, id=34612, stack(0x00000025bdf00000,0x00000025be000000) (1024K)]
  0x000001ec3da029b0 JavaThread "Timer-1731"                        [_thread_blocked, id=34556, stack(0x00000025be000000,0x00000025be100000) (1024K)]
  0x000001ec3da03040 JavaThread "Timer-1732"                        [_thread_blocked, id=34536, stack(0x00000025be600000,0x00000025be700000) (1024K)]
  0x000001ec3da03d60 JavaThread "Timer-1733"                        [_thread_blocked, id=6524, stack(0x00000025be200000,0x00000025be300000) (1024K)]
  0x000001ec3da036d0 JavaThread "Timer-1734"                        [_thread_blocked, id=10460, stack(0x00000025be800000,0x00000025be900000) (1024K)]
  0x000001ec3da01c90 JavaThread "Timer-1735"                        [_thread_blocked, id=33152, stack(0x00000025be900000,0x00000025bea00000) (1024K)]
  0x000001ec3da00250 JavaThread "Worker-3018: Initialize workspace"        [_thread_blocked, id=28396, stack(0x00000025b7c00000,0x00000025b7d00000) (1024K)]
  0x000001ec3da00f70 JavaThread "Timer-1736"                        [_thread_blocked, id=2904, stack(0x00000025be700000,0x00000025be800000) (1024K)]
  0x000001ec3da04a80 JavaThread "Timer-1737"                        [_thread_blocked, id=29112, stack(0x00000025bea00000,0x00000025beb00000) (1024K)]
  0x000001ec3da01600 JavaThread "Timer-1738"                        [_thread_blocked, id=34080, stack(0x00000025beb00000,0x00000025bec00000) (1024K)]
  0x000001ec3da064c0 JavaThread "Timer-1739"                        [_thread_blocked, id=34072, stack(0x00000025bed00000,0x00000025bee00000) (1024K)]
  0x000001ec3da057a0 JavaThread "Timer-1740"                        [_thread_blocked, id=34336, stack(0x00000025bef00000,0x00000025bf000000) (1024K)]
  0x000001ec3da06b50 JavaThread "Timer-1741"                        [_thread_blocked, id=34196, stack(0x00000025bee00000,0x00000025bef00000) (1024K)]
  0x000001ec3da071e0 JavaThread "Timer-1742"                        [_thread_blocked, id=34180, stack(0x00000025bf200000,0x00000025bf300000) (1024K)]
  0x000001ec3da05110 JavaThread "Timer-1743"                        [_thread_blocked, id=33900, stack(0x00000025bf300000,0x00000025bf400000) (1024K)]
  0x000001ec3da043f0 JavaThread "Worker-3036: Initialize workspace"        [_thread_blocked, id=34332, stack(0x00000025bec00000,0x00000025bed00000) (1024K)]
  0x000001ec3da09940 JavaThread "Timer-1744"                        [_thread_blocked, id=7300, stack(0x00000025bf400000,0x00000025bf500000) (1024K)]
  0x000001ec3da07870 JavaThread "Timer-1745"                        [_thread_blocked, id=34700, stack(0x00000025bf500000,0x00000025bf600000) (1024K)]
  0x000001ec3da0a660 JavaThread "Timer-1746"                        [_thread_blocked, id=14344, stack(0x00000025bf600000,0x00000025bf700000) (1024K)]
  0x000001ec3da0acf0 JavaThread "Timer-1747"                        [_thread_blocked, id=30392, stack(0x00000025bf700000,0x00000025bf800000) (1024K)]
  0x000001ec3da0b380 JavaThread "Timer-1748"                        [_thread_blocked, id=10448, stack(0x00000025bf900000,0x00000025bfa00000) (1024K)]
  0x000001ec3da07f00 JavaThread "Timer-1749"                        [_thread_blocked, id=34800, stack(0x00000025bf800000,0x00000025bf900000) (1024K)]
  0x000001ec3da0ba10 JavaThread "Timer-1750"                        [_thread_blocked, id=16300, stack(0x00000025fd400000,0x00000025fd500000) (1024K)]
  0x000001ec3da08c20 JavaThread "Timer-1751"                        [_thread_blocked, id=34764, stack(0x00000025ff500000,0x00000025ff600000) (1024K)]
  0x000001ec3da08590 JavaThread "Worker-3053: Initialize workspace"        [_thread_blocked, id=3484, stack(0x00000025bf100000,0x00000025bf200000) (1024K)]
  0x000001ec3da0c0a0 JavaThread "Timer-1752"                        [_thread_blocked, id=11184, stack(0x00000025ffc00000,0x00000025ffd00000) (1024K)]
  0x000001ec3da0c730 JavaThread "Timer-1753"                        [_thread_blocked, id=34212, stack(0x00000025ffe00000,0x00000025fff00000) (1024K)]
  0x000001ec3da0cdc0 JavaThread "Timer-1754"                        [_thread_blocked, id=34168, stack(0x0000002600000000,0x0000002600100000) (1024K)]
  0x000001ec3da0d450 JavaThread "Timer-1755"                        [_thread_blocked, id=25216, stack(0x00000025fff00000,0x0000002600000000) (1024K)]
  0x000001ec3da09fd0 JavaThread "Timer-1756"                        [_thread_blocked, id=34208, stack(0x0000002600200000,0x0000002600300000) (1024K)]
  0x000001ec3da0e170 JavaThread "Timer-1757"                        [_thread_blocked, id=34408, stack(0x0000002600100000,0x0000002600200000) (1024K)]
  0x000001ec3da0dae0 JavaThread "Timer-1758"                        [_thread_blocked, id=34388, stack(0x0000002600400000,0x0000002600500000) (1024K)]
  0x000001ec3da0f520 JavaThread "Timer-1759"                        [_thread_blocked, id=34252, stack(0x0000002600500000,0x0000002600600000) (1024K)]
  0x000001ec3da11c80 JavaThread "Worker-3071: Initialize workspace"        [_thread_blocked, id=24100, stack(0x00000025bfa00000,0x00000025bfb00000) (1024K)]
  0x000001ec3da115f0 JavaThread "Timer-1760"                        [_thread_blocked, id=34520, stack(0x0000002600600000,0x0000002600700000) (1024K)]
  0x000001ec3da10240 JavaThread "Timer-1761"                        [_thread_blocked, id=34784, stack(0x0000002600700000,0x0000002600800000) (1024K)]
  0x000001ec3da0e800 JavaThread "Timer-1762"                        [_thread_blocked, id=28924, stack(0x0000002600900000,0x0000002600a00000) (1024K)]
  0x000001ec3da12310 JavaThread "Timer-1763"                        [_thread_blocked, id=13960, stack(0x0000002600800000,0x0000002600900000) (1024K)]
  0x000001ec3da0ee90 JavaThread "Timer-1764"                        [_thread_blocked, id=22776, stack(0x0000002600b00000,0x0000002600c00000) (1024K)]
  0x000001ec3da10f60 JavaThread "Timer-1765"                        [_thread_blocked, id=16076, stack(0x0000002600a00000,0x0000002600b00000) (1024K)]
  0x000001ec3da129a0 JavaThread "Timer-1766"                        [_thread_blocked, id=34372, stack(0x0000002600d00000,0x0000002600e00000) (1024K)]
  0x000001ec3da108d0 JavaThread "Timer-1767"                        [_thread_blocked, id=34664, stack(0x0000002600e00000,0x0000002600f00000) (1024K)]
  0x000001ec3da092b0 JavaThread "Worker-3086: Initialize workspace"        [_thread_blocked, id=16040, stack(0x00000025b2600000,0x00000025b2700000) (1024K)]
  0x000001ec3da0fbb0 JavaThread "Timer-1768"                        [_thread_blocked, id=34660, stack(0x0000002600c00000,0x0000002600d00000) (1024K)]
  0x000001ec3d9d3070 JavaThread "Timer-1769"                        [_thread_blocked, id=4212, stack(0x0000002600f00000,0x0000002601000000) (1024K)]
  0x000001ec3d9d3700 JavaThread "Timer-1770"                        [_thread_blocked, id=34676, stack(0x0000002601400000,0x0000002601500000) (1024K)]
  0x000001ec3d9d64f0 JavaThread "Timer-1771"                        [_thread_blocked, id=26620, stack(0x0000002601300000,0x0000002601400000) (1024K)]
  0x000001ec3d9d4ab0 JavaThread "Timer-1772"                        [_thread_blocked, id=34352, stack(0x0000002601600000,0x0000002601700000) (1024K)]
  0x000001ec3d9d5140 JavaThread "Timer-1773"                        [_thread_blocked, id=34792, stack(0x0000002601500000,0x0000002601600000) (1024K)]
  0x000001ec3d9d57d0 JavaThread "Timer-1774"                        [_thread_blocked, id=25008, stack(0x0000002601800000,0x0000002601900000) (1024K)]
  0x000001ec3d9d85c0 JavaThread "Timer-1775"                        [_thread_blocked, id=28728, stack(0x0000002601a00000,0x0000002601b00000) (1024K)]
  0x000001ec3d9d7210 JavaThread "Worker-3108: Initialize workspace"        [_thread_blocked, id=33812, stack(0x0000002601200000,0x0000002601300000) (1024K)]
  0x000001ec3d9d3d90 JavaThread "Timer-1776"                        [_thread_blocked, id=34592, stack(0x0000002601900000,0x0000002601a00000) (1024K)]
  0x000001ec3d9d4420 JavaThread "Timer-1777"                        [_thread_blocked, id=34604, stack(0x0000002601b00000,0x0000002601c00000) (1024K)]
  0x000001ec3d9d8c50 JavaThread "Timer-1778"                        [_thread_blocked, id=34296, stack(0x0000002601c00000,0x0000002601d00000) (1024K)]
  0x000001ec3d9d92e0 JavaThread "Timer-1779"                        [_thread_blocked, id=34528, stack(0x0000002601d00000,0x0000002601e00000) (1024K)]
  0x000001ec3d9d9970 JavaThread "Timer-1780"                        [_thread_blocked, id=34756, stack(0x0000002601f00000,0x0000002602000000) (1024K)]
  0x000001ec3d9da000 JavaThread "Timer-1781"                        [_thread_blocked, id=34148, stack(0x0000002601e00000,0x0000002601f00000) (1024K)]
  0x000001ec3d9dad20 JavaThread "Timer-1782"                        [_thread_blocked, id=34120, stack(0x0000002602100000,0x0000002602200000) (1024K)]
  0x000001ec3d9d78a0 JavaThread "Timer-1783"                        [_thread_blocked, id=34544, stack(0x0000002602300000,0x0000002602400000) (1024K)]
  0x000001ec3d9dcdf0 JavaThread "Worker-3125: Initialize workspace"        [_thread_blocked, id=34316, stack(0x0000002602200000,0x0000002602300000) (1024K)]
  0x000001ec3d9db3b0 JavaThread "Timer-1784"                        [_thread_blocked, id=34640, stack(0x0000002601700000,0x0000002601800000) (1024K)]
  0x000001ec3d9da690 JavaThread "Timer-1785"                        [_thread_blocked, id=33816, stack(0x0000002602400000,0x0000002602500000) (1024K)]
  0x000001ec3d9d7f30 JavaThread "Timer-1786"                        [_thread_blocked, id=34632, stack(0x0000002602600000,0x0000002602700000) (1024K)]
  0x000001ec3d9dc0d0 JavaThread "Timer-1787"                        [_thread_blocked, id=11976, stack(0x0000002602500000,0x0000002602600000) (1024K)]
  0x000001ec3d9dd480 JavaThread "Timer-1788"                        [_thread_blocked, id=28548, stack(0x0000002602800000,0x0000002602900000) (1024K)]
  0x000001ec3d9ddb10 JavaThread "Timer-1789"                        [_thread_blocked, id=4556, stack(0x0000002602700000,0x0000002602800000) (1024K)]
  0x000001ec3d9de1a0 JavaThread "Timer-1790"                        [_thread_blocked, id=16032, stack(0x0000002602a00000,0x0000002602b00000) (1024K)]
  0x000001ec3d9deec0 JavaThread "Timer-1791"                        [_thread_blocked, id=9196, stack(0x0000002602b00000,0x0000002602c00000) (1024K)]
  0x000001ec3d9d6b80 JavaThread "Worker-3142: Initialize workspace"        [_thread_blocked, id=34780, stack(0x0000002600300000,0x0000002600400000) (1024K)]
  0x000001ec3d9de830 JavaThread "Timer-1792"                        [_thread_blocked, id=24096, stack(0x0000002602c00000,0x0000002602d00000) (1024K)]
  0x000001ec3d9df550 JavaThread "Timer-1793"                        [_thread_blocked, id=34300, stack(0x0000002602d00000,0x0000002602e00000) (1024K)]
  0x000001ec3d9e1620 JavaThread "Timer-1794"                        [_thread_blocked, id=34428, stack(0x0000002602f00000,0x0000002603000000) (1024K)]
  0x000001ec3d9dc760 JavaThread "Timer-1795"                        [_thread_blocked, id=34348, stack(0x0000002602e00000,0x0000002602f00000) (1024K)]
  0x000001ec3d9e2340 JavaThread "Timer-1796"                        [_thread_blocked, id=33968, stack(0x0000002603100000,0x0000002603200000) (1024K)]
  0x000001ec3d9e29d0 JavaThread "Timer-1797"                        [_thread_blocked, id=34572, stack(0x0000002603000000,0x0000002603100000) (1024K)]
  0x000001ec3d9e0f90 JavaThread "Timer-1798"                        [_thread_blocked, id=33872, stack(0x0000002603300000,0x0000002603400000) (1024K)]
  0x000001ec3d9e1cb0 JavaThread "Timer-1799"                        [_thread_blocked, id=33952, stack(0x0000002603400000,0x0000002603500000) (1024K)]
  0x000001ec3d9dba40 JavaThread "Worker-3160: Initialize workspace"        [_thread_blocked, id=21640, stack(0x0000002602900000,0x0000002602a00000) (1024K)]
  0x000001ec3d9e36f0 JavaThread "Timer-1800"                        [_thread_blocked, id=34248, stack(0x0000002603500000,0x0000002603600000) (1024K)]
  0x000001ec3d9e0270 JavaThread "Timer-1801"                        [_thread_blocked, id=34584, stack(0x0000002603600000,0x0000002603700000) (1024K)]
  0x000001ec3d9e3d80 JavaThread "Timer-1802"                        [_thread_blocked, id=25852, stack(0x0000002603700000,0x0000002603800000) (1024K)]
  0x000001ec3d9e0900 JavaThread "Timer-1803"                        [_thread_blocked, id=34540, stack(0x0000002603800000,0x0000002603900000) (1024K)]
  0x000001ec3d9e64e0 JavaThread "Timer-1804"                        [_thread_blocked, id=33908, stack(0x0000002603a00000,0x0000002603b00000) (1024K)]
  0x000001ec3d9e6b70 JavaThread "Timer-1805"                        [_thread_blocked, id=4752, stack(0x0000002603900000,0x0000002603a00000) (1024K)]
  0x000001ec3d9e4410 JavaThread "Timer-1806"                        [_thread_blocked, id=12744, stack(0x0000002603c00000,0x0000002603d00000) (1024K)]
  0x000001ec3d9e7890 JavaThread "Timer-1807"                        [_thread_blocked, id=21992, stack(0x0000002603d00000,0x0000002603e00000) (1024K)]
  0x000001ec3d9e3060 JavaThread "Worker-3183: Initialize workspace"        [_thread_blocked, id=34720, stack(0x0000002602000000,0x0000002602100000) (1024K)]
  0x000001ec3d9e4aa0 JavaThread "Timer-1808"                        [_thread_blocked, id=34028, stack(0x0000002603e00000,0x0000002603f00000) (1024K)]
  0x000001ec3d9e85b0 JavaThread "Timer-1809"                        [_thread_blocked, id=6988, stack(0x0000002603200000,0x0000002603300000) (1024K)]
  0x000001ec3d9e7200 JavaThread "Timer-1810"                        [_thread_blocked, id=34672, stack(0x0000002604000000,0x0000002604100000) (1024K)]
  0x000001ec3d9e5130 JavaThread "Timer-1811"                        [_thread_blocked, id=14532, stack(0x0000002603f00000,0x0000002604000000) (1024K)]
  0x000001ec3d9e57c0 JavaThread "Timer-1812"                        [_thread_blocked, id=9668, stack(0x0000002604200000,0x0000002604300000) (1024K)]
  0x000001ec3d9e8c40 JavaThread "Timer-1813"                        [_thread_blocked, id=18728, stack(0x0000002604100000,0x0000002604200000) (1024K)]
  0x000001ec3d9e5e50 JavaThread "Timer-1814"                        [_thread_blocked, id=33904, stack(0x0000002604400000,0x0000002604500000) (1024K)]
  0x000001ec3d9ecde0 JavaThread "Timer-1815"                        [_thread_blocked, id=16428, stack(0x0000002604500000,0x0000002604600000) (1024K)]
  0x000001ec3d9e9960 JavaThread "Worker-3198: Initialize workspace"        [_thread_blocked, id=7424, stack(0x0000002603b00000,0x0000002603c00000) (1024K)]
  0x000001ec3d9ead10 JavaThread "Timer-1816"                        [_thread_blocked, id=6044, stack(0x0000002604600000,0x0000002604700000) (1024K)]
  0x000001ec3d9e9ff0 JavaThread "Timer-1817"                        [_thread_blocked, id=17924, stack(0x0000002604700000,0x0000002604800000) (1024K)]
  0x000001ec3d9ec750 JavaThread "Timer-1818"                        [_thread_blocked, id=15632, stack(0x0000002604900000,0x0000002604a00000) (1024K)]
  0x000001ec3d9eb3a0 JavaThread "Timer-1819"                        [_thread_blocked, id=34532, stack(0x0000002604800000,0x0000002604900000) (1024K)]
  0x000001ec3d9ec0c0 JavaThread "Timer-1820"                        [_thread_blocked, id=34744, stack(0x0000002604b00000,0x0000002604c00000) (1024K)]
  0x000001ec3d9e92d0 JavaThread "Timer-1821"                        [_thread_blocked, id=19740, stack(0x0000002604a00000,0x0000002604b00000) (1024K)]
  0x000001ec3d9eba30 JavaThread "Timer-1822"                        [_thread_blocked, id=34416, stack(0x0000002604d00000,0x0000002604e00000) (1024K)]
  0x000001ec3d9f1610 JavaThread "Timer-1823"                        [_thread_blocked, id=32252, stack(0x0000002604e00000,0x0000002604f00000) (1024K)]
  0x000001ec3d9e7f20 JavaThread "Worker-3216: Initialize workspace"        [_thread_blocked, id=34404, stack(0x0000002604300000,0x0000002604400000) (1024K)]
  0x000001ec3da136c0 JavaThread "Timer-1824"                        [_thread_blocked, id=33848, stack(0x0000002604c00000,0x0000002604d00000) (1024K)]
  0x000001ec3d9d5e60 JavaThread "Timer-1825"                        [_thread_blocked, id=13368, stack(0x0000002605000000,0x0000002605100000) (1024K)]
  0x000001ec37e8ff20 JavaThread "Timer-1826"                        [_thread_blocked, id=33928, stack(0x0000002605200000,0x0000002605300000) (1024K)]
  0x000001ec3d9ea680 JavaThread "Timer-1827"                        [_thread_blocked, id=24888, stack(0x0000002605100000,0x0000002605200000) (1024K)]
  0x000001ec3cc8ddb0 JavaThread "Timer-1828"                        [_thread_blocked, id=27308, stack(0x0000002605400000,0x0000002605500000) (1024K)]
  0x000001ec3cc8f160 JavaThread "Timer-1829"                        [_thread_blocked, id=32356, stack(0x00000025be500000,0x00000025be600000) (1024K)]
  0x000001ec3cc8fe80 JavaThread "Timer-1830"                        [_thread_blocked, id=34108, stack(0x0000002605500000,0x0000002605600000) (1024K)]
  0x000001ec3cc8ead0 JavaThread "Timer-1831"                        [_thread_blocked, id=34608, stack(0x0000002605600000,0x0000002605700000) (1024K)]
  0x000001ec3cc90510 JavaThread "Worker-3233: Initialize workspace"        [_thread_blocked, id=2328, stack(0x0000002604f00000,0x0000002605000000) (1024K)]
  0x000001ec3cc8e440 JavaThread "Timer-1832"                        [_thread_blocked, id=34392, stack(0x0000002605700000,0x0000002605800000) (1024K)]
  0x000001ec3cc8d090 JavaThread "Timer-1833"                        [_thread_blocked, id=22520, stack(0x0000002605800000,0x0000002605900000) (1024K)]
  0x000001ec3cc94020 JavaThread "Timer-1834"                        [_thread_blocked, id=31536, stack(0x0000002605900000,0x0000002605a00000) (1024K)]
  0x000001ec3cc93990 JavaThread "Timer-1835"                        [_thread_blocked, id=34236, stack(0x0000002605a00000,0x0000002605b00000) (1024K)]
  0x000001ec3cc91230 JavaThread "Timer-1836"                        [_thread_blocked, id=13216, stack(0x0000002605c00000,0x0000002605d00000) (1024K)]
  0x000001ec3cc92c70 JavaThread "Timer-1837"                        [_thread_blocked, id=22416, stack(0x0000002605b00000,0x0000002605c00000) (1024K)]
  0x000001ec3cc918c0 JavaThread "Timer-1838"                        [_thread_blocked, id=34772, stack(0x0000002605e00000,0x0000002605f00000) (1024K)]
  0x000001ec3cc90ba0 JavaThread "Timer-1839"                        [_thread_blocked, id=34068, stack(0x0000002605f00000,0x0000002606000000) (1024K)]
  0x000001ec3cc91f50 JavaThread "Worker-3252: Initialize workspace"        [_thread_blocked, id=34364, stack(0x0000002605300000,0x0000002605400000) (1024K)]
  0x000001ec3cc8d720 JavaThread "Timer-1840"                        [_thread_blocked, id=14460, stack(0x0000002605d00000,0x0000002605e00000) (1024K)]
  0x000001ec3cc95a60 JavaThread "Timer-1841"                        [_thread_blocked, id=30164, stack(0x0000002606100000,0x0000002606200000) (1024K)]
  0x000001ec3cc94d40 JavaThread "Timer-1842"                        [_thread_blocked, id=14356, stack(0x0000002606300000,0x0000002606400000) (1024K)]
  0x000001ec3cc953d0 JavaThread "Timer-1843"                        [_thread_blocked, id=32360, stack(0x0000002606200000,0x0000002606300000) (1024K)]
  0x000001ec3cc925e0 JavaThread "Timer-1844"                        [_thread_blocked, id=20840, stack(0x0000002606500000,0x0000002606600000) (1024K)]
  0x000001ec3cc960f0 JavaThread "Timer-1845"                        [_thread_blocked, id=34444, stack(0x0000002606400000,0x0000002606500000) (1024K)]
  0x000001ec3cc99570 JavaThread "Timer-1846"                        [_thread_blocked, id=31660, stack(0x0000002606700000,0x0000002606800000) (1024K)]
  0x000001ec3cc93300 JavaThread "Timer-1847"                        [_thread_blocked, id=28344, stack(0x0000002606800000,0x0000002606900000) (1024K)]
  0x000001ec3cc946b0 JavaThread "Worker-3271: Initialize workspace"        [_thread_blocked, id=12244, stack(0x0000002606000000,0x0000002606100000) (1024K)]
  0x000001ec3cc8f7f0 JavaThread "Timer-1848"                        [_thread_blocked, id=34284, stack(0x0000002585500000,0x0000002585600000) (1024K)]
  0x000001ec3cc974a0 JavaThread "Timer-1849"                        [_thread_blocked, id=34752, stack(0x0000002606a00000,0x0000002606b00000) (1024K)]
  0x000001ec3cc981c0 JavaThread "Timer-1850"                        [_thread_blocked, id=34272, stack(0x0000002606c00000,0x0000002606d00000) (1024K)]
  0x000001ec3cc97b30 JavaThread "Timer-1851"                        [_thread_blocked, id=34328, stack(0x0000002606b00000,0x0000002606c00000) (1024K)]
  0x000001ec3cc99c00 JavaThread "Timer-1852"                        [_thread_blocked, id=34736, stack(0x0000002606e00000,0x0000002606f00000) (1024K)]
  0x000001ec3cc96780 JavaThread "Timer-1853"                        [_thread_blocked, id=12960, stack(0x0000002606d00000,0x0000002606e00000) (1024K)]
  0x000001ec3cc9b640 JavaThread "Timer-1854"                        [_thread_blocked, id=6488, stack(0x0000002607000000,0x0000002607100000) (1024K)]
  0x000001ec3cc9bcd0 JavaThread "Timer-1855"                        [_thread_blocked, id=29460, stack(0x0000002607200000,0x0000002607300000) (1024K)]
  0x000001ec3cc98ee0 JavaThread "Worker-3292: Initialize workspace"        [_thread_blocked, id=34760, stack(0x0000002606f00000,0x0000002607000000) (1024K)]
  0x000001ec3cc9a290 JavaThread "Timer-1856"                        [_thread_blocked, id=18244, stack(0x0000002606900000,0x0000002606a00000) (1024K)]
  0x000001ec3cc96e10 JavaThread "Timer-1857"                        [_thread_blocked, id=33808, stack(0x0000002607100000,0x0000002607200000) (1024K)]
  0x000001ec3cc9c9f0 JavaThread "Timer-1858"                        [_thread_blocked, id=32960, stack(0x0000002607500000,0x0000002607600000) (1024K)]
  0x000001ec3cc9e430 JavaThread "Timer-1859"                        [_thread_blocked, id=34748, stack(0x0000002607400000,0x0000002607500000) (1024K)]
  0x000001ec3cc9d080 JavaThread "Timer-1860"                        [_thread_blocked, id=13372, stack(0x0000002607700000,0x0000002607800000) (1024K)]
  0x000001ec3cc9afb0 JavaThread "Timer-1861"                        [_thread_blocked, id=28084, stack(0x0000002607600000,0x0000002607700000) (1024K)]
  0x000001ec3cc9c360 JavaThread "Timer-1862"                        [_thread_blocked, id=15720, stack(0x0000002607900000,0x0000002607a00000) (1024K)]
  0x000001ec3cca0500 JavaThread "Timer-1863"                        [_thread_blocked, id=27312, stack(0x0000002607a00000,0x0000002607b00000) (1024K)]
  0x000001ec3cc98850 JavaThread "Worker-3311: Initialize workspace"        [_thread_blocked, id=30656, stack(0x0000002607300000,0x0000002607400000) (1024K)]
  0x000001ec3cc9f7e0 JavaThread "Timer-1864"                        [_thread_blocked, id=25220, stack(0x0000002607b00000,0x0000002607c00000) (1024K)]
  0x000001ec3cc9f150 JavaThread "Timer-1865"                        [_thread_blocked, id=25304, stack(0x0000002607c00000,0x0000002607d00000) (1024K)]
  0x000001ec3cc9dda0 JavaThread "Timer-1866"                        [_thread_blocked, id=17448, stack(0x0000002607e00000,0x0000002607f00000) (1024K)]
  0x000001ec3cc9fe70 JavaThread "Timer-1867"                        [_thread_blocked, id=17436, stack(0x0000002607d00000,0x0000002607e00000) (1024K)]
  0x000001ec3cc9d710 JavaThread "Timer-1868"                        [_thread_blocked, id=34064, stack(0x0000002608000000,0x0000002608100000) (1024K)]
  0x000001ec3cca1f40 JavaThread "Timer-1869"                        [_thread_blocked, id=25840, stack(0x0000002607f00000,0x0000002608000000) (1024K)]
  0x000001ec3cca18b0 JavaThread "Timer-1870"                        [_thread_blocked, id=33496, stack(0x0000002608200000,0x0000002608300000) (1024K)]
  0x000001ec3cca2c60 JavaThread "Timer-1871"                        [_thread_blocked, id=22748, stack(0x0000002608300000,0x0000002608400000) (1024K)]
  0x000001ec3cca0b90 JavaThread "Worker-3329: Initialize workspace"        [_thread_blocked, id=15340, stack(0x0000002607800000,0x0000002607900000) (1024K)]
  0x000001ec3cc9eac0 JavaThread "Timer-1872"                        [_thread_blocked, id=2472, stack(0x0000002608400000,0x0000002608500000) (1024K)]
  0x000001ec3cca46a0 JavaThread "Timer-1873"                        [_thread_blocked, id=20600, stack(0x0000002608500000,0x0000002608600000) (1024K)]
  0x000001ec3cca3980 JavaThread "Timer-1874"                        [_thread_blocked, id=34060, stack(0x0000002608700000,0x0000002608800000) (1024K)]
  0x000001ec3cca4d30 JavaThread "Timer-1875"                        [_thread_blocked, id=34564, stack(0x0000002608600000,0x0000002608700000) (1024K)]
  0x000001ec3cca32f0 JavaThread "Timer-1876"                        [_thread_blocked, id=9164, stack(0x0000002608900000,0x0000002608a00000) (1024K)]
  0x000001ec3cca53c0 JavaThread "Timer-1877"                        [_thread_blocked, id=34944, stack(0x0000002608800000,0x0000002608900000) (1024K)]
  0x000001ec3cca25d0 JavaThread "Timer-1878"                        [_thread_blocked, id=34952, stack(0x0000002608b00000,0x0000002608c00000) (1024K)]
  0x000001ec3cca5a50 JavaThread "Timer-1879"                        [_thread_blocked, id=34968, stack(0x0000002608c00000,0x0000002608d00000) (1024K)]
  0x000001ec3cca4010 JavaThread "Worker-3347: Initialize workspace"        [_thread_blocked, id=35096, stack(0x0000002608100000,0x0000002608200000) (1024K)]
  0x000001ec3cca60e0 JavaThread "Timer-1880"                        [_thread_blocked, id=35136, stack(0x0000002608d00000,0x0000002608e00000) (1024K)]
  0x000001ec3cca6770 JavaThread "Timer-1881"                        [_thread_blocked, id=35164, stack(0x0000002608e00000,0x0000002608f00000) (1024K)]
  0x000001ec3cca6e00 JavaThread "Timer-1882"                        [_thread_blocked, id=35204, stack(0x0000002608f00000,0x0000002609000000) (1024K)]
  0x000001ec3cca9bf0 JavaThread "Timer-1883"                        [_thread_blocked, id=35224, stack(0x0000002609000000,0x0000002609100000) (1024K)]
  0x000001ec3cca8ed0 JavaThread "Timer-1884"                        [_thread_blocked, id=35232, stack(0x0000002609200000,0x0000002609300000) (1024K)]
  0x000001ec3ccaa280 JavaThread "Timer-1885"                        [_thread_blocked, id=35408, stack(0x0000002609100000,0x0000002609200000) (1024K)]
  0x000001ec3cca7b20 JavaThread "Timer-1886"                        [_thread_blocked, id=35416, stack(0x0000002609400000,0x0000002609500000) (1024K)]
  0x000001ec3cca9560 JavaThread "Timer-1887"                        [_thread_blocked, id=35432, stack(0x0000002609500000,0x0000002609600000) (1024K)]
  0x000001ec3cca8840 JavaThread "Worker-3364: Initialize workspace"        [_thread_blocked, id=35564, stack(0x0000002608a00000,0x0000002608b00000) (1024K)]
  0x000001ec3ccaafa0 JavaThread "Timer-1888"                        [_thread_blocked, id=35592, stack(0x0000002609600000,0x0000002609700000) (1024K)]
  0x000001ec3cca81b0 JavaThread "Timer-1889"                        [_thread_blocked, id=35604, stack(0x0000002609700000,0x0000002609800000) (1024K)]
  0x000001ec3ccab630 JavaThread "Timer-1890"                        [_thread_blocked, id=35612, stack(0x0000002609900000,0x0000002609a00000) (1024K)]
  0x000001ec3ccadd90 JavaThread "Timer-1891"                        [_thread_blocked, id=35616, stack(0x0000002609800000,0x0000002609900000) (1024K)]
  0x000001ec3ccaeab0 JavaThread "Timer-1892"                        [_thread_blocked, id=35624, stack(0x0000002609b00000,0x0000002609c00000) (1024K)]
  0x000001ec3ccabcc0 JavaThread "Timer-1893"                        [_thread_blocked, id=34840, stack(0x0000002609a00000,0x0000002609b00000) (1024K)]
  0x000001ec3ccae420 JavaThread "Timer-1894"                        [_thread_blocked, id=34716, stack(0x0000002609d00000,0x0000002609e00000) (1024K)]
  0x000001ec3ccaf7d0 JavaThread "Timer-1895"                        [_thread_blocked, id=5800, stack(0x0000002609e00000,0x0000002609f00000) (1024K)]
  0x000001ec3cca7490 JavaThread "Worker-3381: Initialize workspace"        [_thread_blocked, id=34896, stack(0x0000002609300000,0x0000002609400000) (1024K)]
  0x000001ec3ccaf140 JavaThread "Timer-1896"                        [_thread_blocked, id=21716, stack(0x0000002609f00000,0x000000260a000000) (1024K)]
  0x000001ec3ccad700 JavaThread "Timer-1897"                        [_thread_blocked, id=27500, stack(0x000000260a000000,0x000000260a100000) (1024K)]
  0x000001ec3ccafe60 JavaThread "Timer-1898"                        [_thread_blocked, id=34188, stack(0x000000260a200000,0x000000260a300000) (1024K)]
  0x000001ec3ccac9e0 JavaThread "Timer-1899"                        [_thread_blocked, id=9572, stack(0x000000260a100000,0x000000260a200000) (1024K)]
  0x000001ec3ccb25c0 JavaThread "Timer-1900"                        [_thread_blocked, id=34576, stack(0x000000260a400000,0x000000260a500000) (1024K)]
  0x000001ec3ccb04f0 JavaThread "Timer-1901"                        [_thread_blocked, id=35200, stack(0x000000260a300000,0x000000260a400000) (1024K)]
  0x000001ec3ccb3970 JavaThread "Timer-1902"                        [_thread_blocked, id=35208, stack(0x000000260a600000,0x000000260a700000) (1024K)]
  0x000001ec3ccb1210 JavaThread "Timer-1903"                        [_thread_blocked, id=35172, stack(0x000000260a700000,0x000000260a800000) (1024K)]
  0x000001ec3ccad070 JavaThread "Worker-3398: Initialize workspace"        [_thread_blocked, id=35308, stack(0x0000002609c00000,0x0000002609d00000) (1024K)]
  0x000001ec3ccb18a0 JavaThread "Timer-1904"                        [_thread_blocked, id=35252, stack(0x000000260a800000,0x000000260a900000) (1024K)]
  0x000001ec3ccb4000 JavaThread "Timer-1905"                        [_thread_blocked, id=35240, stack(0x000000260a900000,0x000000260aa00000) (1024K)]
  0x000001ec3ccb0b80 JavaThread "Timer-1906"                        [_thread_blocked, id=35412, stack(0x000000260ab00000,0x000000260ac00000) (1024K)]
  0x000001ec3ccb53b0 JavaThread "Timer-1907"                        [_thread_blocked, id=35420, stack(0x000000260aa00000,0x000000260ab00000) (1024K)]
  0x000001ec3ccb4690 JavaThread "Timer-1908"                        [_thread_blocked, id=12276, stack(0x000000260ad00000,0x000000260ae00000) (1024K)]
  0x000001ec3ccb4d20 JavaThread "Timer-1909"                        [_thread_blocked, id=35668, stack(0x000000260ac00000,0x000000260ad00000) (1024K)]
  0x000001ec3ccb5a40 JavaThread "Timer-1910"                        [_thread_blocked, id=35728, stack(0x000000260af00000,0x000000260b000000) (1024K)]
  0x000001ec3ccb60d0 JavaThread "Timer-1911"                        [_thread_blocked, id=35804, stack(0x000000260b000000,0x000000260b100000) (1024K)]
  0x000001ec3ccac350 JavaThread "Worker-3415: Initialize workspace"        [_thread_blocked, id=35776, stack(0x000000260a500000,0x000000260a600000) (1024K)]
  0x000001ec3ccb1f30 JavaThread "Timer-1912"                        [_thread_blocked, id=34848, stack(0x000000260ae00000,0x000000260af00000) (1024K)]
  0x000001ec3ccb6760 JavaThread "Timer-1913"                        [_thread_blocked, id=35660, stack(0x000000260b200000,0x000000260b300000) (1024K)]
  0x000001ec3ccb32e0 JavaThread "Timer-1914"                        [_thread_blocked, id=34100, stack(0x000000260b400000,0x000000260b500000) (1024K)]
  0x000001ec3ccb9550 JavaThread "Timer-1915"                        [_thread_blocked, id=13344, stack(0x000000260b300000,0x000000260b400000) (1024K)]
  0x000001ec3ccb6df0 JavaThread "Timer-1916"                        [_thread_blocked, id=34864, stack(0x000000260b600000,0x000000260b700000) (1024K)]
  0x000001ec3ccb9be0 JavaThread "Timer-1917"                        [_thread_blocked, id=35032, stack(0x000000260b500000,0x000000260b600000) (1024K)]
  0x000001ec3ccb81a0 JavaThread "Timer-1918"                        [_thread_blocked, id=35024, stack(0x000000260b800000,0x000000260b900000) (1024K)]
  0x000001ec3ccba900 JavaThread "Timer-1919"                        [_thread_blocked, id=26000, stack(0x000000260b900000,0x000000260ba00000) (1024K)]
  0x000001ec3ccb2c50 JavaThread "Worker-3434: Initialize workspace"        [_thread_blocked, id=35212, stack(0x000000260b100000,0x000000260b200000) (1024K)]
  0x000001ec3ccb8ec0 JavaThread "Timer-1920"                        [_thread_blocked, id=35400, stack(0x000000260ba00000,0x000000260bb00000) (1024K)]
  0x000001ec3ccba270 JavaThread "Timer-1921"                        [_thread_blocked, id=35388, stack(0x000000260bb00000,0x000000260bc00000) (1024K)]
  0x000001ec3ccb7480 JavaThread "Timer-1922"                        [_thread_blocked, id=35392, stack(0x000000260bd00000,0x000000260be00000) (1024K)]
  0x000001ec3ccbaf90 JavaThread "Timer-1923"                        [_thread_blocked, id=35364, stack(0x000000260bc00000,0x000000260bd00000) (1024K)]
  0x000001ec3ccbe410 JavaThread "Timer-1924"                        [_thread_blocked, id=35368, stack(0x000000260bf00000,0x000000260c000000) (1024K)]
  0x000001ec3ccb7b10 JavaThread "Timer-1925"                        [_thread_blocked, id=35640, stack(0x000000260be00000,0x000000260bf00000) (1024K)]
  0x000001ec3ccbbcb0 JavaThread "Timer-1926"                        [_thread_blocked, id=35736, stack(0x000000260c100000,0x000000260c200000) (1024K)]
  0x000001ec3ccbc9d0 JavaThread "Timer-1927"                        [_thread_blocked, id=35696, stack(0x000000260c200000,0x000000260c300000) (1024K)]
  0x000001ec3ccbb620 JavaThread "Worker-3452: Initialize workspace"        [_thread_blocked, id=35648, stack(0x000000260b700000,0x000000260b800000) (1024K)]
  0x000001ec3ccbc340 JavaThread "Timer-1928"                        [_thread_blocked, id=35608, stack(0x000000260c300000,0x000000260c400000) (1024K)]
  0x000001ec3ccbd060 JavaThread "Timer-1929"                        [_thread_blocked, id=35816, stack(0x000000260c400000,0x000000260c500000) (1024K)]
  0x000001ec3ccbdd80 JavaThread "Timer-1930"                        [_thread_blocked, id=35832, stack(0x000000260c600000,0x000000260c700000) (1024K)]
  0x000001ec3ccbf130 JavaThread "Timer-1931"                        [_thread_blocked, id=35820, stack(0x000000260c500000,0x000000260c600000) (1024K)]
  0x000001ec3ccc04e0 JavaThread "Timer-1932"                        [_thread_blocked, id=35764, stack(0x000000260c800000,0x000000260c900000) (1024K)]
  0x000001ec3ccc0b70 JavaThread "Timer-1933"                        [_thread_blocked, id=33876, stack(0x000000260c700000,0x000000260c800000) (1024K)]
  0x000001ec3ccbf7c0 JavaThread "Timer-1934"                        [_thread_blocked, id=11600, stack(0x000000260ca00000,0x000000260cb00000) (1024K)]
  0x000001ec3ccbeaa0 JavaThread "Timer-1935"                        [_thread_blocked, id=35588, stack(0x000000260cb00000,0x000000260cc00000) (1024K)]
  0x000001ec3ccb8830 JavaThread "Worker-3463: Initialize workspace"        [_thread_blocked, id=35140, stack(0x000000260c000000,0x000000260c100000) (1024K)]
  0x000001ec3ccbd6f0 JavaThread "Timer-1936"                        [_thread_blocked, id=35084, stack(0x000000260cc00000,0x000000260cd00000) (1024K)]
  0x000001ec3ccc32d0 JavaThread "Timer-1937"                        [_thread_blocked, id=35076, stack(0x000000260cd00000,0x000000260ce00000) (1024K)]
  0x000001ec3ccc3960 JavaThread "Timer-1938"                        [_thread_blocked, id=35632, stack(0x000000260cf00000,0x000000260d000000) (1024K)]
  0x000001ec3ccc1f20 JavaThread "Timer-1939"                        [_thread_blocked, id=35012, stack(0x000000260ce00000,0x000000260cf00000) (1024K)]
  0x000001ec3ccc3ff0 JavaThread "Timer-1940"                        [_thread_blocked, id=35044, stack(0x000000260d100000,0x000000260d200000) (1024K)]
  0x000001ec3ccc4d10 JavaThread "Timer-1941"                        [_thread_blocked, id=35088, stack(0x000000260d000000,0x000000260d100000) (1024K)]
  0x000001ec3ccc4680 JavaThread "Timer-1942"                        [_thread_blocked, id=35428, stack(0x000000260d300000,0x000000260d400000) (1024K)]
  0x000001ec3ccc53a0 JavaThread "Timer-1943"                        [_thread_blocked, id=35352, stack(0x000000260d400000,0x000000260d500000) (1024K)]
  0x000001ec3ccc1890 JavaThread "Worker-3485: Initialize workspace"        [_thread_blocked, id=35708, stack(0x000000260c900000,0x000000260ca00000) (1024K)]
  0x000001ec3ccc60c0 JavaThread "Timer-1944"                        [_thread_blocked, id=35124, stack(0x000000260d500000,0x000000260d600000) (1024K)]
  0x000001ec3ccc2c40 JavaThread "Timer-1945"                        [_thread_blocked, id=35576, stack(0x000000260d600000,0x000000260d700000) (1024K)]
  0x000001ec3ccc7470 JavaThread "Timer-1946"                        [_thread_blocked, id=35568, stack(0x000000260d800000,0x000000260d900000) (1024K)]
  0x000001ec3ccc7b00 JavaThread "Timer-1947"                        [_thread_blocked, id=35436, stack(0x000000260d700000,0x000000260d800000) (1024K)]
  0x000001ec3ccc9540 JavaThread "Timer-1948"                        [_thread_blocked, id=35480, stack(0x000000260da00000,0x000000260db00000) (1024K)]
  0x000001ec3ccc8eb0 JavaThread "Timer-1949"                        [_thread_blocked, id=35784, stack(0x000000260d900000,0x000000260da00000) (1024K)]
  0x000001ec3ccc6750 JavaThread "Timer-1950"                        [_thread_blocked, id=4760, stack(0x000000260dc00000,0x000000260dd00000) (1024K)]
  0x000001ec3ccc6de0 JavaThread "Timer-1951"                        [_thread_blocked, id=15276, stack(0x000000260dd00000,0x000000260de00000) (1024K)]
  0x000001ec3ccc8190 JavaThread "Worker-3503: Initialize workspace"        [_thread_blocked, id=19340, stack(0x000000260db00000,0x000000260dc00000) (1024K)]
  0x000001ec3ccca8f0 JavaThread "Timer-1952"                        [_thread_blocked, id=34340, stack(0x000000260de00000,0x000000260df00000) (1024K)]
  0x000001ec3ccca260 JavaThread "Timer-1953"                        [_thread_blocked, id=35540, stack(0x000000260df00000,0x000000260e000000) (1024K)]
  0x000001ec3ccc9bd0 JavaThread "Timer-1954"                        [_thread_blocked, id=35192, stack(0x000000260e100000,0x000000260e200000) (1024K)]
  0x000001ec3ccc8820 JavaThread "Timer-1955"                        [_thread_blocked, id=35596, stack(0x000000260e000000,0x000000260e100000) (1024K)]
  0x000001ec3cccaf80 JavaThread "Timer-1956"                        [_thread_blocked, id=35160, stack(0x000000260e300000,0x000000260e400000) (1024K)]
  0x000001ec3cccb610 JavaThread "Timer-1957"                        [_thread_blocked, id=35260, stack(0x000000260e200000,0x000000260e300000) (1024K)]
  0x000001ec3cccd6e0 JavaThread "Timer-1958"                        [_thread_blocked, id=35312, stack(0x000000260e500000,0x000000260e600000) (1024K)]
  0x000001ec3cccd050 JavaThread "Timer-1959"                        [_thread_blocked, id=35324, stack(0x000000260e700000,0x000000260e800000) (1024K)]
  0x000001ec3ccc25b0 JavaThread "Worker-3520: Initialize workspace"        [_thread_blocked, id=35716, stack(0x000000260d200000,0x000000260d300000) (1024K)]
  0x000001ec3cccc330 JavaThread "Timer-1960"                        [_thread_blocked, id=35652, stack(0x000000260e600000,0x000000260e700000) (1024K)]
  0x000001ec3cccc9c0 JavaThread "Timer-1961"                        [_thread_blocked, id=35572, stack(0x000000260e800000,0x000000260e900000) (1024K)]
  0x000001ec3cca1220 JavaThread "Timer-1962"                        [_thread_blocked, id=35636, stack(0x000000260ea00000,0x000000260eb00000) (1024K)]
  0x000001ec3cc9a920 JavaThread "Timer-1963"                        [_thread_blocked, id=35688, stack(0x000000260e900000,0x000000260ea00000) (1024K)]
  0x000001ec3ccbfe50 JavaThread "Timer-1964"                        [_thread_blocked, id=34324, stack(0x000000260ec00000,0x000000260ed00000) (1024K)]
  0x000001ec3da05e30 JavaThread "Timer-1965"                        [_thread_blocked, id=35188, stack(0x000000260eb00000,0x000000260ec00000) (1024K)]
  0x000001ec3ccaa910 JavaThread "Timer-1966"                        [_thread_blocked, id=34456, stack(0x000000260ee00000,0x000000260ef00000) (1024K)]
  0x000001ec37e8a9d0 JavaThread "Timer-1967"                        [_thread_blocked, id=34912, stack(0x000000260f000000,0x000000260f100000) (1024K)]
  0x000001ec3ccc5a30 JavaThread "Worker-3539: Initialize workspace"        [_thread_blocked, id=34964, stack(0x0000002606600000,0x0000002606700000) (1024K)]
  0x000001ec474e8b10 JavaThread "Timer-1968"                        [_thread_blocked, id=35060, stack(0x000000260ef00000,0x000000260f000000) (1024K)]
  0x000001ec47695130 JavaThread "Timer-1969"                        [_thread_blocked, id=35128, stack(0x000000260f100000,0x000000260f200000) (1024K)]
  0x000001ec47695e50 JavaThread "Timer-1970"                        [_thread_blocked, id=35488, stack(0x000000260f300000,0x000000260f400000) (1024K)]
  0x000001ec47697890 JavaThread "Timer-1971"                        [_thread_blocked, id=35292, stack(0x000000260f200000,0x000000260f300000) (1024K)]
  0x000001ec47694aa0 JavaThread "Timer-1972"                        [_thread_blocked, id=34976, stack(0x000000260f500000,0x000000260f600000) (1024K)]
  0x000001ec47694410 JavaThread "Timer-1973"                        [_thread_blocked, id=35184, stack(0x000000260f400000,0x000000260f500000) (1024K)]
  0x000001ec476957c0 JavaThread "Timer-1974"                        [_thread_blocked, id=35476, stack(0x000000260f700000,0x000000260f800000) (1024K)]
  0x000001ec476964e0 JavaThread "Timer-1975"                        [_thread_blocked, id=35644, stack(0x000000260f800000,0x000000260f900000) (1024K)]
  0x000001ec476992d0 JavaThread "Worker-3558: Initialize workspace"        [_thread_blocked, id=29648, stack(0x000000260ed00000,0x000000260ee00000) (1024K)]
  0x000001ec47699960 JavaThread "Timer-1976"                        [_thread_blocked, id=34932, stack(0x000000260f900000,0x000000260fa00000) (1024K)]
  0x000001ec4769b3a0 JavaThread "Timer-1977"                        [_thread_blocked, id=35152, stack(0x000000260fa00000,0x000000260fb00000) (1024K)]
  0x000001ec47699ff0 JavaThread "Timer-1978"                        [_thread_blocked, id=34984, stack(0x000000260fb00000,0x000000260fc00000) (1024K)]
  0x000001ec4769ad10 JavaThread "Timer-1979"                        [_thread_blocked, id=34888, stack(0x000000260fc00000,0x000000260fd00000) (1024K)]
  0x000001ec47697f20 JavaThread "Timer-1980"                        [_thread_blocked, id=35796, stack(0x000000260fe00000,0x000000260ff00000) (1024K)]
  0x000001ec47698c40 JavaThread "Timer-1981"                        [_thread_blocked, id=34176, stack(0x000000260fd00000,0x000000260fe00000) (1024K)]
  0x000001ec4769ba30 JavaThread "Timer-1982"                        [_thread_blocked, id=34980, stack(0x0000002610000000,0x0000002610100000) (1024K)]
  0x000001ec4769e820 JavaThread "Timer-1983"                        [_thread_blocked, id=35360, stack(0x0000002610200000,0x0000002610300000) (1024K)]
  0x000001ec4769a680 JavaThread "Worker-3579: Initialize workspace"        [_thread_blocked, id=31284, stack(0x000000260f600000,0x000000260f700000) (1024K)]
  0x000001ec47697200 JavaThread "Timer-1984"                        [_thread_blocked, id=17516, stack(0x0000002610100000,0x0000002610200000) (1024K)]
  0x000001ec4769c0c0 JavaThread "Timer-1985"                        [_thread_blocked, id=14792, stack(0x0000002610300000,0x0000002610400000) (1024K)]
  0x000001ec4769c750 JavaThread "Timer-1986"                        [_thread_blocked, id=13736, stack(0x0000002610500000,0x0000002610600000) (1024K)]
  0x000001ec476a0260 JavaThread "Timer-1987"                        [_thread_blocked, id=35108, stack(0x0000002610400000,0x0000002610500000) (1024K)]
  0x000001ec4769eeb0 JavaThread "Timer-1988"                        [_thread_blocked, id=35340, stack(0x0000002610700000,0x0000002610800000) (1024K)]
  0x000001ec4769f540 JavaThread "Timer-1989"                        [_thread_blocked, id=21468, stack(0x0000002610600000,0x0000002610700000) (1024K)]
  0x000001ec4769fbd0 JavaThread "Timer-1990"                        [_thread_blocked, id=17692, stack(0x0000002610800000,0x0000002610900000) (1024K)]
  0x000001ec4769cde0 JavaThread "Timer-1991"                        [_thread_blocked, id=26032, stack(0x0000002610b00000,0x0000002610c00000) (1024K)]
  0x000001ec4769e190 JavaThread "Worker-3600: Initialize workspace"        [_thread_blocked, id=35808, stack(0x0000002610a00000,0x0000002610b00000) (1024K)]
  0x000001ec4769db00 JavaThread "Timer-1992"                        [_thread_blocked, id=35168, stack(0x0000002610c00000,0x0000002610d00000) (1024K)]
  0x000001ec476985b0 JavaThread "Timer-1993"                        [_thread_blocked, id=34116, stack(0x000000260e400000,0x000000260e500000) (1024K)]
  0x000001ec4769d470 JavaThread "Timer-1994"                        [_thread_blocked, id=35424, stack(0x0000002610e00000,0x0000002610f00000) (1024K)]
  0x000001ec476a36e0 JavaThread "Timer-1995"                        [_thread_blocked, id=35116, stack(0x0000002610d00000,0x0000002610e00000) (1024K)]
  0x000001ec476a3d70 JavaThread "Timer-1996"                        [_thread_blocked, id=35548, stack(0x0000002611000000,0x0000002611100000) (1024K)]
  0x000001ec476a4400 JavaThread "Timer-1997"                        [_thread_blocked, id=35792, stack(0x0000002610f00000,0x0000002611000000) (1024K)]
  0x000001ec476a0f80 JavaThread "Timer-1998"                        [_thread_blocked, id=35264, stack(0x0000002611400000,0x0000002611500000) (1024K)]
  0x000001ec476a4a90 JavaThread "Timer-1999"                        [_thread_blocked, id=35584, stack(0x0000002611500000,0x0000002611600000) (1024K)]
  0x000001ec476a08f0 JavaThread "Worker-3621: Initialize workspace"        [_thread_blocked, id=34860, stack(0x0000002611600000,0x0000002611700000) (1024K)]
  0x000001ec476a1610 JavaThread "Timer-2000"                        [_thread_blocked, id=33844, stack(0x0000002611100000,0x0000002611200000) (1024K)]
  0x000001ec476a5120 JavaThread "Timer-2001"                        [_thread_blocked, id=31720, stack(0x0000002611700000,0x0000002611800000) (1024K)]
  0x000001ec476a1ca0 JavaThread "Timer-2002"                        [_thread_blocked, id=34140, stack(0x0000002611900000,0x0000002611a00000) (1024K)]
  0x000001ec476a57b0 JavaThread "Timer-2003"                        [_thread_blocked, id=34920, stack(0x0000002611800000,0x0000002611900000) (1024K)]
  0x000001ec476a29c0 JavaThread "Timer-2004"                        [_thread_blocked, id=34724, stack(0x0000002611b00000,0x0000002611c00000) (1024K)]
  0x000001ec476a2330 JavaThread "Timer-2005"                        [_thread_blocked, id=35316, stack(0x0000002611a00000,0x0000002611b00000) (1024K)]
  0x000001ec476a6b60 JavaThread "Timer-2006"                        [_thread_blocked, id=34836, stack(0x0000002611d00000,0x0000002611e00000) (1024K)]
  0x000001ec476a7880 JavaThread "Timer-2007"                        [_thread_blocked, id=35472, stack(0x0000002611e00000,0x0000002611f00000) (1024K)]
  0x000001ec476a64d0 JavaThread "Worker-3639: Initialize workspace"        [_thread_blocked, id=32012, stack(0x0000002611c00000,0x0000002611d00000) (1024K)]
  0x000001ec476a3050 JavaThread "Timer-2008"                        [_thread_blocked, id=18640, stack(0x0000002611f00000,0x0000002612000000) (1024K)]
  0x000001ec476a9fe0 JavaThread "Timer-2009"                        [_thread_blocked, id=21672, stack(0x0000002612000000,0x0000002612100000) (1024K)]
  0x000001ec476a71f0 JavaThread "Timer-2010"                        [_thread_blocked, id=35028, stack(0x0000002612200000,0x0000002612300000) (1024K)]
  0x000001ec476aad00 JavaThread "Timer-2011"                        [_thread_blocked, id=35684, stack(0x0000002612100000,0x0000002612200000) (1024K)]
  0x000001ec476ab390 JavaThread "Timer-2012"                        [_thread_blocked, id=34464, stack(0x0000002612400000,0x0000002612500000) (1024K)]
  0x000001ec476a7f10 JavaThread "Timer-2013"                        [_thread_blocked, id=19248, stack(0x0000002612300000,0x0000002612400000) (1024K)]
  0x000001ec476aba20 JavaThread "Timer-2014"                        [_thread_blocked, id=31964, stack(0x0000002612600000,0x0000002612700000) (1024K)]
  0x000001ec476aa670 JavaThread "Timer-2015"                        [_thread_blocked, id=34972, stack(0x0000002612700000,0x0000002612800000) (1024K)]
  0x000001ec476a92c0 JavaThread "Worker-3656: Initialize workspace"        [_thread_blocked, id=34908, stack(0x0000002612500000,0x0000002612600000) (1024K)]
  0x000001ec476a8c30 JavaThread "Timer-2016"                        [_thread_blocked, id=35556, stack(0x0000002612800000,0x0000002612900000) (1024K)]
  0x000001ec476a5e40 JavaThread "Timer-2017"                        [_thread_blocked, id=35528, stack(0x0000002612900000,0x0000002612a00000) (1024K)]
  0x000001ec476a9950 JavaThread "Timer-2018"                        [_thread_blocked, id=35120, stack(0x0000002612b00000,0x0000002612c00000) (1024K)]
  0x000001ec476ad460 JavaThread "Timer-2019"                        [_thread_blocked, id=35336, stack(0x0000002612a00000,0x0000002612b00000) (1024K)]
  0x000001ec476ac0b0 JavaThread "Timer-2020"                        [_thread_blocked, id=33964, stack(0x0000002612d00000,0x0000002612e00000) (1024K)]
  0x000001ec476ac740 JavaThread "Timer-2021"                        [_thread_blocked, id=33184, stack(0x0000002612c00000,0x0000002612d00000) (1024K)]
  0x000001ec476adaf0 JavaThread "Timer-2022"                        [_thread_blocked, id=2020, stack(0x0000002612f00000,0x0000002613000000) (1024K)]
  0x000001ec476af530 JavaThread "Timer-2023"                        [_thread_blocked, id=35756, stack(0x0000002613200000,0x0000002613300000) (1024K)]
  0x000001ec476a85a0 JavaThread "Worker-3678: Initialize workspace"        [_thread_blocked, id=33852, stack(0x0000002610900000,0x0000002610a00000) (1024K)]
  0x000001ec476b1600 JavaThread "Timer-2024"                        [_thread_blocked, id=34112, stack(0x0000002613100000,0x0000002613200000) (1024K)]
  0x000001ec476acdd0 JavaThread "Timer-2025"                        [_thread_blocked, id=34924, stack(0x0000002612e00000,0x0000002612f00000) (1024K)]
  0x000001ec476ae180 JavaThread "Timer-2026"                        [_thread_blocked, id=35300, stack(0x0000002613400000,0x0000002613500000) (1024K)]
  0x000001ec476afbc0 JavaThread "Timer-2027"                        [_thread_blocked, id=22304, stack(0x0000002613300000,0x0000002613400000) (1024K)]
  0x000001ec476b1c90 JavaThread "Timer-2028"                        [_thread_blocked, id=35144, stack(0x0000002613600000,0x0000002613700000) (1024K)]
  0x000001ec476b0250 JavaThread "Timer-2029"                        [_thread_blocked, id=29548, stack(0x0000002613500000,0x0000002613600000) (1024K)]
  0x000001ec476b0f70 JavaThread "Timer-2030"                        [_thread_blocked, id=35828, stack(0x0000002613800000,0x0000002613900000) (1024K)]
  0x000001ec476b2320 JavaThread "Timer-2031"                        [_thread_blocked, id=35772, stack(0x0000002613900000,0x0000002613a00000) (1024K)]
  0x000001ec476ae810 JavaThread "Worker-3695: Initialize workspace"        [_thread_blocked, id=35180, stack(0x0000002613000000,0x0000002613100000) (1024K)]
  0x000001ec476b36d0 JavaThread "Timer-2032"                        [_thread_blocked, id=35244, stack(0x0000002613a00000,0x0000002613b00000) (1024K)]
  0x000001ec476b5110 JavaThread "Timer-2033"                        [_thread_blocked, id=34956, stack(0x0000002613b00000,0x0000002613c00000) (1024K)]
  0x000001ec476b3d60 JavaThread "Timer-2034"                        [_thread_blocked, id=25104, stack(0x0000002613d00000,0x0000002613e00000) (1024K)]
  0x000001ec476b43f0 JavaThread "Timer-2035"                        [_thread_blocked, id=33804, stack(0x0000002613c00000,0x0000002613d00000) (1024K)]
  0x000001ec476b4a80 JavaThread "Timer-2036"                        [_thread_blocked, id=33392, stack(0x0000002613e00000,0x0000002613f00000) (1024K)]
  0x000001ec476b57a0 JavaThread "Timer-2037"                        [_thread_blocked, id=35404, stack(0x0000002613f00000,0x0000002614000000) (1024K)]
  0x000001ec476b29b0 JavaThread "Timer-2038"                        [_thread_blocked, id=34824, stack(0x0000002614100000,0x0000002614200000) (1024K)]
  0x000001ec476b64c0 JavaThread "Timer-2039"                        [_thread_blocked, id=34620, stack(0x0000002614200000,0x0000002614300000) (1024K)]
  0x000001ec476b08e0 JavaThread "Worker-3711: Initialize workspace"        [_thread_blocked, id=12520, stack(0x0000002613700000,0x0000002613800000) (1024K)]
  0x000001ec476b3040 JavaThread "Timer-2040"                        [_thread_blocked, id=35468, stack(0x0000002614300000,0x0000002614400000) (1024K)]
  0x000001ec476b7870 JavaThread "Timer-2041"                        [_thread_blocked, id=35452, stack(0x0000002614400000,0x0000002614500000) (1024K)]
  0x000001ec476b8590 JavaThread "Timer-2042"                        [_thread_blocked, id=34832, stack(0x0000002614600000,0x0000002614700000) (1024K)]
  0x000001ec476b8c20 JavaThread "Timer-2043"                        [_thread_blocked, id=35664, stack(0x0000002614500000,0x0000002614600000) (1024K)]
  0x000001ec476b71e0 JavaThread "Timer-2044"                        [_thread_blocked, id=34136, stack(0x0000002614800000,0x0000002614900000) (1024K)]
  0x000001ec476b6b50 JavaThread "Timer-2045"                        [_thread_blocked, id=35740, stack(0x0000002614700000,0x0000002614800000) (1024K)]
  0x000001ec476b92b0 JavaThread "Timer-2046"                        [_thread_blocked, id=27520, stack(0x0000002614a00000,0x0000002614b00000) (1024K)]
  0x000001ec4767a010 JavaThread "Timer-2047"                        [_thread_blocked, id=12728, stack(0x0000002614c00000,0x0000002614d00000) (1024K)]
  0x000001ec4767b3c0 JavaThread "Worker-3732: Initialize workspace"        [_thread_blocked, id=34096, stack(0x0000002614000000,0x0000002614100000) (1024K)]
  0x000001ec4767ba50 JavaThread "Timer-2048"                        [_thread_blocked, id=30048, stack(0x0000002614b00000,0x0000002614c00000) (1024K)]
  0x000001ec4767d490 JavaThread "Timer-2049"                        [_thread_blocked, id=33920, stack(0x0000002614d00000,0x0000002614e00000) (1024K)]
  0x000001ec4767ce00 JavaThread "Timer-2050"                        [_thread_blocked, id=35196, stack(0x0000002614e00000,0x0000002614f00000) (1024K)]
  0x000001ec4767a6a0 JavaThread "Timer-2051"                        [_thread_blocked, id=34440, stack(0x0000002614f00000,0x0000002615000000) (1024K)]
  0x000001ec4767c0e0 JavaThread "Timer-2052"                        [_thread_blocked, id=35628, stack(0x0000002615100000,0x0000002615200000) (1024K)]
  0x000001ec4767e840 JavaThread "Timer-2053"                        [_thread_blocked, id=35672, stack(0x0000002615000000,0x0000002615100000) (1024K)]
  0x000001ec4767e1b0 JavaThread "Timer-2054"                        [_thread_blocked, id=35620, stack(0x0000002615300000,0x0000002615400000) (1024K)]
  0x000001ec4767c770 JavaThread "Timer-2055"                        [_thread_blocked, id=34000, stack(0x0000002615400000,0x0000002615500000) (1024K)]
  0x000001ec47682350 JavaThread "Worker-3749: Initialize workspace"        [_thread_blocked, id=34184, stack(0x0000002615200000,0x0000002615300000) (1024K)]
  0x000001ec4767eed0 JavaThread "Timer-2056"                        [_thread_blocked, id=35296, stack(0x0000002615500000,0x0000002615600000) (1024K)]
  0x000001ec47680910 JavaThread "Timer-2057"                        [_thread_blocked, id=30148, stack(0x0000002615600000,0x0000002615700000) (1024K)]
  0x000001ec47680fa0 JavaThread "Timer-2058"                        [_thread_blocked, id=6880, stack(0x0000002615800000,0x0000002615900000) (1024K)]
  0x000001ec47680280 JavaThread "Timer-2059"                        [_thread_blocked, id=12980, stack(0x0000002615700000,0x0000002615800000) (1024K)]
  0x000001ec4767f560 JavaThread "Timer-2060"                        [_thread_blocked, id=35276, stack(0x0000002615a00000,0x0000002615b00000) (1024K)]
  0x000001ec4767db20 JavaThread "Timer-2061"                        [_thread_blocked, id=35560, stack(0x0000002615900000,0x0000002615a00000) (1024K)]
  0x000001ec476829e0 JavaThread "Timer-2062"                        [_thread_blocked, id=27348, stack(0x0000002615c00000,0x0000002615d00000) (1024K)]
  0x000001ec47681630 JavaThread "Timer-2063"                        [_thread_blocked, id=34460, stack(0x0000002615d00000,0x0000002615e00000) (1024K)]
  0x000001ec47683070 JavaThread "Worker-3766: Initialize workspace"        [_thread_blocked, id=35704, stack(0x0000002614900000,0x0000002614a00000) (1024K)]
  0x000001ec47683700 JavaThread "Timer-2064"                        [_thread_blocked, id=34596, stack(0x0000002615e00000,0x0000002615f00000) (1024K)]
  0x000001ec47681cc0 JavaThread "Timer-2065"                        [_thread_blocked, id=30628, stack(0x0000002615f00000,0x0000002616000000) (1024K)]
  0x000001ec47683d90 JavaThread "Timer-2066"                        [_thread_blocked, id=35516, stack(0x0000002616100000,0x0000002616200000) (1024K)]
  0x000001ec476857d0 JavaThread "Timer-2067"                        [_thread_blocked, id=35752, stack(0x0000002616000000,0x0000002616100000) (1024K)]
  0x000001ec47684ab0 JavaThread "Timer-2068"                        [_thread_blocked, id=35072, stack(0x0000002616300000,0x0000002616400000) (1024K)]
  0x000001ec476878a0 JavaThread "Timer-2069"                        [_thread_blocked, id=21972, stack(0x0000002616200000,0x0000002616300000) (1024K)]
  0x000001ec47687210 JavaThread "Timer-2070"                        [_thread_blocked, id=35496, stack(0x0000002616500000,0x0000002616600000) (1024K)]
  0x000001ec47685e60 JavaThread "Timer-2071"                        [_thread_blocked, id=23120, stack(0x0000002616600000,0x0000002616700000) (1024K)]
  0x000001ec4767fbf0 JavaThread "Worker-3784: Initialize workspace"        [_thread_blocked, id=19932, stack(0x0000002615b00000,0x0000002615c00000) (1024K)]
  0x000001ec47685140 JavaThread "Timer-2072"                        [_thread_blocked, id=16380, stack(0x0000002616400000,0x0000002616500000) (1024K)]
  0x000001ec476864f0 JavaThread "Timer-2073"                        [_thread_blocked, id=34260, stack(0x0000002616800000,0x0000002616900000) (1024K)]
  0x000001ec47684420 JavaThread "Timer-2074"                        [_thread_blocked, id=34904, stack(0x0000002616a00000,0x0000002616b00000) (1024K)]
  0x000001ec476885c0 JavaThread "Timer-2075"                        [_thread_blocked, id=35004, stack(0x0000002616900000,0x0000002616a00000) (1024K)]
  0x000001ec47689970 JavaThread "Timer-2076"                        [_thread_blocked, id=23132, stack(0x0000002616c00000,0x0000002616d00000) (1024K)]
  0x000001ec47688c50 JavaThread "Timer-2077"                        [_thread_blocked, id=34884, stack(0x0000002616b00000,0x0000002616c00000) (1024K)]
  0x000001ec4768ad20 JavaThread "Timer-2078"                        [_thread_blocked, id=33660, stack(0x0000002616e00000,0x0000002616f00000) (1024K)]
  0x000001ec4768a690 JavaThread "Timer-2079"                        [_thread_blocked, id=2732, stack(0x0000002616f00000,0x0000002617000000) (1024K)]
  0x000001ec47687f30 JavaThread "Worker-3802: Initialize workspace"        [_thread_blocked, id=28232, stack(0x0000002616700000,0x0000002616800000) (1024K)]
  0x000001ec476892e0 JavaThread "Timer-2080"                        [_thread_blocked, id=34900, stack(0x0000002616d00000,0x0000002616e00000) (1024K)]
  0x000001ec47686b80 JavaThread "Timer-2081"                        [_thread_blocked, id=32776, stack(0x0000002617100000,0x0000002617200000) (1024K)]
  0x000001ec4768c760 JavaThread "Timer-2082"                        [_thread_blocked, id=34376, stack(0x0000002617300000,0x0000002617400000) (1024K)]
  0x000001ec4768ba40 JavaThread "Timer-2083"                        [_thread_blocked, id=16436, stack(0x0000002617200000,0x0000002617300000) (1024K)]
  0x000001ec4768c0d0 JavaThread "Timer-2084"                        [_thread_blocked, id=35536, stack(0x0000002617500000,0x0000002617600000) (1024K)]
  0x000001ec4768db10 JavaThread "Timer-2085"                        [_thread_blocked, id=17088, stack(0x00000025b8600000,0x00000025b8700000) (1024K)]
  0x000001ec4768e1a0 JavaThread "Timer-2086"                        [_thread_blocked, id=31384, stack(0x0000002617600000,0x0000002617700000) (1024K)]
  0x000001ec4768d480 JavaThread "Timer-2087"                        [_thread_blocked, id=20408, stack(0x0000002617700000,0x0000002617800000) (1024K)]
  0x000001ec4768b3b0 JavaThread "Worker-3821: Initialize workspace"        [_thread_blocked, id=35580, stack(0x0000002617000000,0x0000002617100000) (1024K)]
  0x000001ec4768e830 JavaThread "Timer-2088"                        [_thread_blocked, id=34768, stack(0x0000002617800000,0x0000002617900000) (1024K)]
  0x000001ec4768eec0 JavaThread "Timer-2089"                        [_thread_blocked, id=35508, stack(0x0000002617900000,0x0000002617a00000) (1024K)]
  0x000001ec4768f550 JavaThread "Timer-2090"                        [_thread_blocked, id=34916, stack(0x0000002617b00000,0x0000002617c00000) (1024K)]
  0x000001ec4768fbe0 JavaThread "Timer-2091"                        [_thread_blocked, id=35456, stack(0x0000002617a00000,0x0000002617b00000) (1024K)]
  0x000001ec4768cdf0 JavaThread "Timer-2092"                        [_thread_blocked, id=35100, stack(0x0000002617d00000,0x0000002617e00000) (1024K)]
  0x000001ec47690270 JavaThread "Timer-2093"                        [_thread_blocked, id=35912, stack(0x0000002617c00000,0x0000002617d00000) (1024K)]
  0x000001ec47692340 JavaThread "Timer-2094"                        [_thread_blocked, id=35920, stack(0x0000002617f00000,0x0000002618000000) (1024K)]
  0x000001ec47691620 JavaThread "Timer-2095"                        [_thread_blocked, id=35940, stack(0x0000002618000000,0x0000002618100000) (1024K)]
  0x000001ec4768a000 JavaThread "Worker-3838: Initialize workspace"        [_thread_blocked, id=36068, stack(0x0000002617400000,0x0000002617500000) (1024K)]
  0x000001ec47693060 JavaThread "Timer-2096"                        [_thread_blocked, id=36104, stack(0x0000002618100000,0x0000002618200000) (1024K)]
  0x000001ec47690f90 JavaThread "Timer-2097"                        [_thread_blocked, id=36116, stack(0x0000002618200000,0x0000002618300000) (1024K)]
  0x000001ec47691cb0 JavaThread "Timer-2098"                        [_thread_blocked, id=36124, stack(0x0000002618400000,0x0000002618500000) (1024K)]
  0x000001ec476936f0 JavaThread "Timer-2099"                        [_thread_blocked, id=36160, stack(0x0000002618300000,0x0000002618400000) (1024K)]
  0x000001ec47693d80 JavaThread "Timer-2100"                        [_thread_blocked, id=36200, stack(0x0000002618600000,0x0000002618700000) (1024K)]
  0x000001ec47690900 JavaThread "Timer-2101"                        [_thread_blocked, id=36388, stack(0x0000002618500000,0x0000002618600000) (1024K)]
  0x000001ec476aeea0 JavaThread "Timer-2102"                        [_thread_blocked, id=36404, stack(0x0000002618800000,0x0000002618900000) (1024K)]
  0x000001ec476b7f00 JavaThread "Timer-2103"                        [_thread_blocked, id=36420, stack(0x0000002618900000,0x0000002618a00000) (1024K)]
  0x000001ec4767ad30 JavaThread "Worker-3855: Initialize workspace"        [_thread_blocked, id=36548, stack(0x000000260ff00000,0x0000002610000000) (1024K)]
  0x000001ec476929d0 JavaThread "Timer-2104"                        [_thread_blocked, id=36580, stack(0x0000002618700000,0x0000002618800000) (1024K)]
  0x000001ec38bc3b60 JavaThread "Timer-2105"                        [_thread_blocked, id=36592, stack(0x0000002618b00000,0x0000002618c00000) (1024K)]
  0x000001ec3da13030 JavaThread "Timer-2106"                        [_thread_blocked, id=36600, stack(0x0000002618d00000,0x0000002618e00000) (1024K)]
  0x000001ec47696b70 JavaThread "Timer-2107"                        [_thread_blocked, id=36680, stack(0x0000002618c00000,0x0000002618d00000) (1024K)]
  0x000001ec3cccbca0 JavaThread "Timer-2108"                        [_thread_blocked, id=36696, stack(0x0000002618f00000,0x0000002619000000) (1024K)]
  0x000001ec3d1e3070 JavaThread "Timer-2109"                        [_thread_blocked, id=35856, stack(0x0000002618e00000,0x0000002618f00000) (1024K)]
  0x000001ec3d1e4ab0 JavaThread "Timer-2110"                        [_thread_blocked, id=35256, stack(0x0000002619100000,0x0000002619200000) (1024K)]
  0x000001ec3d1e4420 JavaThread "Timer-2111"                        [_thread_blocked, id=35876, stack(0x0000002619300000,0x0000002619400000) (1024K)]
  0x000001ec3d1e5140 JavaThread "Worker-3877: Initialize workspace"        [_thread_blocked, id=35976, stack(0x0000002618a00000,0x0000002618b00000) (1024K)]
  0x000001ec3d1e3d90 JavaThread "Timer-2112"                        [_thread_blocked, id=36084, stack(0x0000002619000000,0x0000002619100000) (1024K)]
  0x000001ec3d1e64f0 JavaThread "Timer-2113"                        [_thread_blocked, id=36096, stack(0x0000002619400000,0x0000002619500000) (1024K)]
  0x000001ec3d1e6b80 JavaThread "Timer-2114"                        [_thread_blocked, id=36112, stack(0x0000002619600000,0x0000002619700000) (1024K)]
  0x000001ec3d1e3700 JavaThread "Timer-2115"                        [_thread_blocked, id=36120, stack(0x0000002619500000,0x0000002619600000) (1024K)]
  0x000001ec3d1e85c0 JavaThread "Timer-2116"                        [_thread_blocked, id=36148, stack(0x0000002619700000,0x0000002619800000) (1024K)]
  0x000001ec3d1e9970 JavaThread "Timer-2117"                        [_thread_blocked, id=36304, stack(0x0000002619800000,0x0000002619900000) (1024K)]
  0x000001ec3d1e78a0 JavaThread "Timer-2118"                        [_thread_blocked, id=36284, stack(0x0000002619a00000,0x0000002619b00000) (1024K)]
  0x000001ec3d1e92e0 JavaThread "Timer-2119"                        [_thread_blocked, id=36308, stack(0x0000002619c00000,0x0000002619d00000) (1024K)]
  0x000001ec3d1e8c50 JavaThread "Worker-3899: Initialize workspace"        [_thread_blocked, id=36656, stack(0x0000002617e00000,0x0000002617f00000) (1024K)]
  0x000001ec3d1e7210 JavaThread "Timer-2120"                        [_thread_blocked, id=36604, stack(0x0000002619b00000,0x0000002619c00000) (1024K)]
  0x000001ec3d1e57d0 JavaThread "Timer-2121"                        [_thread_blocked, id=34400, stack(0x0000002619d00000,0x0000002619e00000) (1024K)]
  0x000001ec3d1e5e60 JavaThread "Timer-2122"                        [_thread_blocked, id=36432, stack(0x0000002619f00000,0x000000261a000000) (1024K)]
  0x000001ec3d1eb3b0 JavaThread "Timer-2123"                        [_thread_blocked, id=5868, stack(0x0000002619e00000,0x0000002619f00000) (1024K)]
  0x000001ec3d1ed480 JavaThread "Timer-2124"                        [_thread_blocked, id=27328, stack(0x000000261a100000,0x000000261a200000) (1024K)]
  0x000001ec3d1ea000 JavaThread "Timer-2125"                        [_thread_blocked, id=29088, stack(0x000000261a000000,0x000000261a100000) (1024K)]
  0x000001ec3d1edb10 JavaThread "Timer-2126"                        [_thread_blocked, id=31436, stack(0x000000261a300000,0x000000261a400000) (1024K)]
  0x000001ec3d1ee1a0 JavaThread "Timer-2127"                        [_thread_blocked, id=34804, stack(0x000000261a400000,0x000000261a500000) (1024K)]
  0x000001ec3d1e7f30 JavaThread "Worker-3917: Initialize workspace"        [_thread_blocked, id=35960, stack(0x0000002619900000,0x0000002619a00000) (1024K)]
  0x000001ec3d1ee830 JavaThread "Timer-2128"                        [_thread_blocked, id=36080, stack(0x000000261a500000,0x000000261a600000) (1024K)]
  0x000001ec3d1eeec0 JavaThread "Timer-2129"                        [_thread_blocked, id=36000, stack(0x000000261a600000,0x000000261a700000) (1024K)]
  0x000001ec3d1eba40 JavaThread "Timer-2130"                        [_thread_blocked, id=36088, stack(0x000000261a800000,0x000000261a900000) (1024K)]
  0x000001ec3d1ecdf0 JavaThread "Timer-2131"                        [_thread_blocked, id=36092, stack(0x000000261a700000,0x000000261a800000) (1024K)]
  0x000001ec3d1ef550 JavaThread "Timer-2132"                        [_thread_blocked, id=33892, stack(0x000000261aa00000,0x000000261ab00000) (1024K)]
  0x000001ec3d1ec0d0 JavaThread "Timer-2133"                        [_thread_blocked, id=36188, stack(0x000000261a900000,0x000000261aa00000) (1024K)]
  0x000001ec3d1efbe0 JavaThread "Timer-2134"                        [_thread_blocked, id=36140, stack(0x000000261ac00000,0x000000261ad00000) (1024K)]
  0x000001ec3d1f1cb0 JavaThread "Timer-2135"                        [_thread_blocked, id=36232, stack(0x000000261af00000,0x000000261b000000) (1024K)]
  0x000001ec3d1ead20 JavaThread "Worker-3939: Initialize workspace"        [_thread_blocked, id=36228, stack(0x000000261a200000,0x000000261a300000) (1024K)]
  0x000001ec3d1ec760 JavaThread "Timer-2136"                        [_thread_blocked, id=36608, stack(0x000000261ab00000,0x000000261ac00000) (1024K)]
  0x000001ec3d1f0f90 JavaThread "Timer-2137"                        [_thread_blocked, id=36636, stack(0x000000261ae00000,0x000000261af00000) (1024K)]
  0x000001ec3d1f2340 JavaThread "Timer-2138"                        [_thread_blocked, id=36628, stack(0x000000261b100000,0x000000261b200000) (1024K)]
  0x000001ec3d1f29d0 JavaThread "Timer-2139"                        [_thread_blocked, id=36632, stack(0x000000261b000000,0x000000261b100000) (1024K)]
  0x000001ec3d1f3060 JavaThread "Timer-2140"                        [_thread_blocked, id=36684, stack(0x000000261b300000,0x000000261b400000) (1024K)]
  0x000001ec3d1f36f0 JavaThread "Timer-2141"                        [_thread_blocked, id=36436, stack(0x000000261b200000,0x000000261b300000) (1024K)]
  0x000001ec3d1f3d80 JavaThread "Timer-2142"                        [_thread_blocked, id=6812, stack(0x000000261b500000,0x000000261b600000) (1024K)]
  0x000001ec3d1f0900 JavaThread "Timer-2143"                        [_thread_blocked, id=35936, stack(0x000000261b600000,0x000000261b700000) (1024K)]
  0x000001ec3d1f0270 JavaThread "Worker-3957: Initialize workspace"        [_thread_blocked, id=35956, stack(0x000000261ad00000,0x000000261ae00000) (1024K)]
  0x000001ec3d1f4aa0 JavaThread "Timer-2144"                        [_thread_blocked, id=13220, stack(0x000000261b400000,0x000000261b500000) (1024K)]
  0x000001ec3d1f57c0 JavaThread "Timer-2145"                        [_thread_blocked, id=26420, stack(0x000000261b800000,0x000000261b900000) (1024K)]
  0x000001ec3d1f7f20 JavaThread "Timer-2146"                        [_thread_blocked, id=21728, stack(0x000000261ba00000,0x000000261bb00000) (1024K)]
  0x000001ec3d1f5e50 JavaThread "Timer-2147"                        [_thread_blocked, id=36252, stack(0x000000261b900000,0x000000261ba00000) (1024K)]
  0x000001ec3d1f64e0 JavaThread "Timer-2148"                        [_thread_blocked, id=36176, stack(0x000000261bc00000,0x000000261bd00000) (1024K)]
  0x000001ec3d1f6b70 JavaThread "Timer-2149"                        [_thread_blocked, id=36464, stack(0x000000261bb00000,0x000000261bc00000) (1024K)]
  0x000001ec3d1f7890 JavaThread "Timer-2150"                        [_thread_blocked, id=36504, stack(0x000000261be00000,0x000000261bf00000) (1024K)]
  0x000001ec3d1f5130 JavaThread "Timer-2151"                        [_thread_blocked, id=36224, stack(0x000000261bf00000,0x000000261c000000) (1024K)]
  0x000001ec3d1f1620 JavaThread "Worker-3975: Initialize workspace"        [_thread_blocked, id=36072, stack(0x000000261bd00000,0x000000261be00000) (1024K)]
  0x000001ec3d1f85b0 JavaThread "Timer-2152"                        [_thread_blocked, id=35216, stack(0x000000261c000000,0x000000261c100000) (1024K)]
  0x000001ec3d1f8c40 JavaThread "Timer-2153"                        [_thread_blocked, id=36668, stack(0x000000261c100000,0x000000261c200000) (1024K)]
  0x000001ec3d1f9ff0 JavaThread "Timer-2154"                        [_thread_blocked, id=35272, stack(0x000000261c300000,0x000000261c400000) (1024K)]
  0x000001ec3d1f92d0 JavaThread "Timer-2155"                        [_thread_blocked, id=3736, stack(0x000000261c200000,0x000000261c300000) (1024K)]
  0x000001ec3d1fa680 JavaThread "Timer-2156"                        [_thread_blocked, id=36452, stack(0x000000261c500000,0x000000261c600000) (1024K)]
  0x000001ec3d1f7200 JavaThread "Timer-2157"                        [_thread_blocked, id=36672, stack(0x000000261c400000,0x000000261c500000) (1024K)]
  0x000001ec3d1fc0c0 JavaThread "Timer-2158"                        [_thread_blocked, id=7072, stack(0x000000261c700000,0x000000261c800000) (1024K)]
  0x000001ec3d1fba30 JavaThread "Timer-2159"                        [_thread_blocked, id=35884, stack(0x000000261c800000,0x000000261c900000) (1024K)]
  0x000001ec3d1f4410 JavaThread "Worker-3992: Initialize workspace"        [_thread_blocked, id=35964, stack(0x000000261b700000,0x000000261b800000) (1024K)]
  0x000001ec3d1fad10 JavaThread "Timer-2160"                        [_thread_blocked, id=24776, stack(0x000000261c900000,0x000000261ca00000) (1024K)]
  0x000001ec3d1fb3a0 JavaThread "Timer-2161"                        [_thread_blocked, id=34104, stack(0x000000261ca00000,0x000000261cb00000) (1024K)]
  0x000001ec3d1fcde0 JavaThread "Timer-2162"                        [_thread_blocked, id=36648, stack(0x000000261cc00000,0x000000261cd00000) (1024K)]
  0x000001ec3d1fc750 JavaThread "Timer-2163"                        [_thread_blocked, id=36564, stack(0x000000261cb00000,0x000000261cc00000) (1024K)]
  0x000001ec3d1ffbd0 JavaThread "Timer-2164"                        [_thread_blocked, id=34172, stack(0x000000261ce00000,0x000000261cf00000) (1024K)]
  0x000001ec3d1fe820 JavaThread "Timer-2165"                        [_thread_blocked, id=36472, stack(0x000000261cd00000,0x000000261ce00000) (1024K)]
  0x000001ec3d1ff540 JavaThread "Timer-2166"                        [_thread_blocked, id=28116, stack(0x000000261d000000,0x000000261d100000) (1024K)]
  0x000001ec3d1feeb0 JavaThread "Timer-2167"                        [_thread_blocked, id=36560, stack(0x000000261d200000,0x000000261d300000) (1024K)]
  0x000001ec3d1f9960 JavaThread "Worker-4012: Initialize workspace"        [_thread_blocked, id=13824, stack(0x000000261c600000,0x000000261c700000) (1024K)]
  0x000001ec3d200260 JavaThread "Timer-2168"                        [_thread_blocked, id=36848, stack(0x000000261d100000,0x000000261d200000) (1024K)]
  0x000001ec3d2008f0 JavaThread "Timer-2169"                        [_thread_blocked, id=36700, stack(0x000000261d300000,0x000000261d400000) (1024K)]
  0x000001ec3d200f80 JavaThread "Timer-2170"                        [_thread_blocked, id=36612, stack(0x000000261d400000,0x000000261d500000) (1024K)]
  0x000001ec3d1fdb00 JavaThread "Timer-2171"                        [_thread_blocked, id=36748, stack(0x000000261d500000,0x000000261d600000) (1024K)]
  0x000001ec3d201610 JavaThread "Timer-2172"                        [_thread_blocked, id=36736, stack(0x000000261d600000,0x000000261d700000) (1024K)]
  0x000001ec3d1fe190 JavaThread "Timer-2173"                        [_thread_blocked, id=36772, stack(0x000000261d700000,0x000000261d800000) (1024K)]
  0x000001ec3d205120 JavaThread "Timer-2174"                        [_thread_blocked, id=12900, stack(0x000000261d900000,0x000000261da00000) (1024K)]
  0x000001ec3d2036e0 JavaThread "Timer-2175"                        [_thread_blocked, id=32048, stack(0x000000261db00000,0x000000261dc00000) (1024K)]
  0x000001ec3d201ca0 JavaThread "Worker-4033: Initialize workspace"        [_thread_blocked, id=36076, stack(0x000000261d800000,0x000000261d900000) (1024K)]
  0x000001ec3d204400 JavaThread "Timer-2176"                        [_thread_blocked, id=36280, stack(0x000000261da00000,0x000000261db00000) (1024K)]
  0x000001ec3d2029c0 JavaThread "Timer-2177"                        [_thread_blocked, id=36260, stack(0x000000261dc00000,0x000000261dd00000) (1024K)]
  0x000001ec3d203d70 JavaThread "Timer-2178"                        [_thread_blocked, id=36312, stack(0x000000261de00000,0x000000261df00000) (1024K)]
  0x000001ec3d204a90 JavaThread "Timer-2179"                        [_thread_blocked, id=36212, stack(0x000000261dd00000,0x000000261de00000) (1024K)]
  0x000001ec3d2064d0 JavaThread "Timer-2180"                        [_thread_blocked, id=36192, stack(0x000000261e000000,0x000000261e100000) (1024K)]
  0x000001ec3d2057b0 JavaThread "Timer-2181"                        [_thread_blocked, id=36384, stack(0x000000261df00000,0x000000261e000000) (1024K)]
  0x000001ec3d205e40 JavaThread "Timer-2182"                        [_thread_blocked, id=36272, stack(0x000000261e200000,0x000000261e300000) (1024K)]
  0x000001ec3d207880 JavaThread "Timer-2183"                        [_thread_blocked, id=35872, stack(0x000000261e400000,0x000000261e500000) (1024K)]
  0x000001ec3d202330 JavaThread "Worker-4054: Initialize workspace"        [_thread_blocked, id=36512, stack(0x000000261cf00000,0x000000261d000000) (1024K)]
  0x000001ec3d207f10 JavaThread "Timer-2184"                        [_thread_blocked, id=35112, stack(0x000000261e300000,0x000000261e400000) (1024K)]
  0x000001ec3d2071f0 JavaThread "Timer-2185"                        [_thread_blocked, id=36048, stack(0x000000261e500000,0x000000261e600000) (1024K)]
  0x000001ec3d209950 JavaThread "Timer-2186"                        [_thread_blocked, id=35980, stack(0x000000261e700000,0x000000261e800000) (1024K)]
  0x000001ec3d2085a0 JavaThread "Timer-2187"                        [_thread_blocked, id=36020, stack(0x000000261e600000,0x000000261e700000) (1024K)]
  0x000001ec3d2092c0 JavaThread "Timer-2188"                        [_thread_blocked, id=36372, stack(0x000000261e900000,0x000000261ea00000) (1024K)]
  0x000001ec3d206b60 JavaThread "Timer-2189"                        [_thread_blocked, id=34948, stack(0x000000261e800000,0x000000261e900000) (1024K)]
  0x000001ec3d20c0b0 JavaThread "Timer-2190"                        [_thread_blocked, id=36360, stack(0x000000261eb00000,0x000000261ec00000) (1024K)]
  0x000001ec3d20ad00 JavaThread "Timer-2191"                        [_thread_blocked, id=36368, stack(0x000000261ee00000,0x000000261ef00000) (1024K)]
  0x000001ec3d1fd470 JavaThread "Worker-4074: Initialize workspace"        [_thread_blocked, id=35692, stack(0x0000002619200000,0x0000002619300000) (1024K)]
  0x000001ec3d20a670 JavaThread "Timer-2192"                        [_thread_blocked, id=36756, stack(0x000000261ec00000,0x000000261ed00000) (1024K)]
  0x000001ec3d20b390 JavaThread "Timer-2193"                        [_thread_blocked, id=24728, stack(0x000000261ed00000,0x000000261ee00000) (1024K)]
  0x000001ec3d20ba20 JavaThread "Timer-2194"                        [_thread_blocked, id=36852, stack(0x000000261ef00000,0x000000261f000000) (1024K)]
  0x000001ec3d208c30 JavaThread "Timer-2195"                        [_thread_blocked, id=36732, stack(0x000000261f000000,0x000000261f100000) (1024K)]
  0x000001ec3d20daf0 JavaThread "Timer-2196"                        [_thread_blocked, id=34636, stack(0x000000261f200000,0x000000261f300000) (1024K)]
  0x000001ec3d20cdd0 JavaThread "Timer-2197"                        [_thread_blocked, id=35016, stack(0x000000261f100000,0x000000261f200000) (1024K)]
  0x000001ec3d2108e0 JavaThread "Timer-2198"                        [_thread_blocked, id=24928, stack(0x000000261f400000,0x000000261f500000) (1024K)]
  0x000001ec3d20fbc0 JavaThread "Timer-2199"                        [_thread_blocked, id=35460, stack(0x000000261f500000,0x000000261f600000) (1024K)]
  0x000001ec3d20c740 JavaThread "Worker-4093: Initialize workspace"        [_thread_blocked, id=36216, stack(0x000000261ea00000,0x000000261eb00000) (1024K)]
  0x000001ec3d20d460 JavaThread "Timer-2200"                        [_thread_blocked, id=33888, stack(0x000000261f700000,0x000000261f800000) (1024K)]
  0x000001ec3d209fe0 JavaThread "Timer-2201"                        [_thread_blocked, id=36676, stack(0x000000261f300000,0x000000261f400000) (1024K)]
  0x000001ec3d210250 JavaThread "Timer-2202"                        [_thread_blocked, id=36644, stack(0x000000261f900000,0x000000261fa00000) (1024K)]
  0x000001ec3d210f70 JavaThread "Timer-2203"                        [_thread_blocked, id=35932, stack(0x000000261f800000,0x000000261f900000) (1024K)]
  0x000001ec3d20e810 JavaThread "Timer-2204"                        [_thread_blocked, id=36036, stack(0x000000261fb00000,0x000000261fc00000) (1024K)]
  0x000001ec3d211600 JavaThread "Timer-2205"                        [_thread_blocked, id=36108, stack(0x000000261fa00000,0x000000261fb00000) (1024K)]
  0x000001ec3d211c90 JavaThread "Timer-2206"                        [_thread_blocked, id=36496, stack(0x000000261fd00000,0x000000261fe00000) (1024K)]
  0x000001ec3d2143f0 JavaThread "Timer-2207"                        [_thread_blocked, id=36712, stack(0x000000261ff00000,0x0000002620000000) (1024K)]
  0x000001ec3d20e180 JavaThread "Worker-4115: Initialize workspace"        [_thread_blocked, id=36832, stack(0x000000261f600000,0x000000261f700000) (1024K)]
  0x000001ec3d20eea0 JavaThread "Timer-2208"                        [_thread_blocked, id=35484, stack(0x000000261fe00000,0x000000261ff00000) (1024K)]
  0x000001ec3d2129b0 JavaThread "Timer-2209"                        [_thread_blocked, id=28696, stack(0x0000002620000000,0x0000002620100000) (1024K)]
  0x000001ec3d20f530 JavaThread "Timer-2210"                        [_thread_blocked, id=7480, stack(0x0000002620200000,0x0000002620300000) (1024K)]
  0x000001ec3d2157a0 JavaThread "Timer-2211"                        [_thread_blocked, id=10428, stack(0x0000002620100000,0x0000002620200000) (1024K)]
  0x000001ec3d213040 JavaThread "Timer-2212"                        [_thread_blocked, id=25076, stack(0x0000002620400000,0x0000002620500000) (1024K)]
  0x000001ec3d214a80 JavaThread "Timer-2213"                        [_thread_blocked, id=36028, stack(0x0000002620300000,0x0000002620400000) (1024K)]
  0x000001ec3d216b50 JavaThread "Timer-2214"                        [_thread_blocked, id=24972, stack(0x0000002620600000,0x0000002620700000) (1024K)]
  0x000001ec3d2171e0 JavaThread "Timer-2215"                        [_thread_blocked, id=7124, stack(0x0000002620800000,0x0000002620900000) (1024K)]
  0x000001ec3d2136d0 JavaThread "Worker-4136: Initialize workspace"        [_thread_blocked, id=18300, stack(0x000000261fc00000,0x000000261fd00000) (1024K)]
  0x000001ec3d212320 JavaThread "Timer-2216"                        [_thread_blocked, id=10416, stack(0x0000002620700000,0x0000002620800000) (1024K)]
  0x000001ec3d213d60 JavaThread "Timer-2217"                        [_thread_blocked, id=36640, stack(0x0000002620900000,0x0000002620a00000) (1024K)]
  0x000001ec3d2164c0 JavaThread "Timer-2218"                        [_thread_blocked, id=18136, stack(0x0000002620b00000,0x0000002620c00000) (1024K)]
  0x000001ec3d215e30 JavaThread "Timer-2219"                        [_thread_blocked, id=35988, stack(0x0000002620a00000,0x0000002620b00000) (1024K)]
  0x000001ec3d219940 JavaThread "Timer-2220"                        [_thread_blocked, id=36032, stack(0x0000002620d00000,0x0000002620e00000) (1024K)]
  0x000001ec3d21acf0 JavaThread "Timer-2221"                        [_thread_blocked, id=36572, stack(0x0000002620c00000,0x0000002620d00000) (1024K)]
  0x000001ec3d2192b0 JavaThread "Timer-2222"                        [_thread_blocked, id=35040, stack(0x0000002620f00000,0x0000002621000000) (1024K)]
  0x000001ec3d21a660 JavaThread "Timer-2223"                        [_thread_blocked, id=1248, stack(0x0000002621000000,0x0000002621100000) (1024K)]
  0x000001ec3d215110 JavaThread "Worker-4155: Initialize workspace"        [_thread_blocked, id=36196, stack(0x0000002620500000,0x0000002620600000) (1024K)]
  0x000001ec3d219fd0 JavaThread "Timer-2224"                        [_thread_blocked, id=36220, stack(0x0000002621100000,0x0000002621200000) (1024K)]
  0x000001ec3d217870 JavaThread "Timer-2225"                        [_thread_blocked, id=36348, stack(0x0000002621200000,0x0000002621300000) (1024K)]
  0x000001ec3d21b380 JavaThread "Timer-2226"                        [_thread_blocked, id=35148, stack(0x0000002621600000,0x0000002621700000) (1024K)]
  0x000001ec3d217f00 JavaThread "Timer-2227"                        [_thread_blocked, id=35000, stack(0x0000002621300000,0x0000002621400000) (1024K)]
  0x000001ec3d218590 JavaThread "Timer-2228"                        [_thread_blocked, id=36596, stack(0x0000002621800000,0x0000002621900000) (1024K)]
  0x000001ec3d21dae0 JavaThread "Timer-2229"                        [_thread_blocked, id=36132, stack(0x0000002621700000,0x0000002621800000) (1024K)]
  0x000001ec3d21e170 JavaThread "Timer-2230"                        [_thread_blocked, id=36792, stack(0x0000002621a00000,0x0000002621b00000) (1024K)]
  0x000001ec3d21ba10 JavaThread "Timer-2231"                        [_thread_blocked, id=35924, stack(0x0000002621b00000,0x0000002621c00000) (1024K)]
  0x000001ec3d21c0a0 JavaThread "Worker-4172: Initialize workspace"        [_thread_blocked, id=35984, stack(0x0000002620e00000,0x0000002620f00000) (1024K)]
  0x000001ec3d21d450 JavaThread "Timer-2232"                        [_thread_blocked, id=20572, stack(0x0000002621c00000,0x0000002621d00000) (1024K)]
  0x000001ec3d21fbb0 JavaThread "Timer-2233"                        [_thread_blocked, id=36024, stack(0x0000002621d00000,0x0000002621e00000) (1024K)]
  0x000001ec3d21ee90 JavaThread "Timer-2234"                        [_thread_blocked, id=32080, stack(0x0000002621f00000,0x0000002622000000) (1024K)]
  0x000001ec3d21c730 JavaThread "Timer-2235"                        [_thread_blocked, id=24920, stack(0x0000002621e00000,0x0000002621f00000) (1024K)]
  0x000001ec3d21f520 JavaThread "Timer-2236"                        [_thread_blocked, id=36584, stack(0x0000002622100000,0x0000002622200000) (1024K)]
  0x000001ec3d21e800 JavaThread "Timer-2237"                        [_thread_blocked, id=34152, stack(0x0000002622000000,0x0000002622100000) (1024K)]
  0x000001ec3d21cdc0 JavaThread "Timer-2238"                        [_thread_blocked, id=24884, stack(0x0000002622300000,0x0000002622400000) (1024K)]
  0x000001ec3d220f60 JavaThread "Timer-2239"                        [_thread_blocked, id=35908, stack(0x0000002622400000,0x0000002622500000) (1024K)]
  0x000001ec3d218c20 JavaThread "Worker-4189: Initialize workspace"        [_thread_blocked, id=11912, stack(0x0000002621900000,0x0000002621a00000) (1024K)]
  0x000001ec3d2215f0 JavaThread "Timer-2240"                        [_thread_blocked, id=13028, stack(0x0000002622500000,0x0000002622600000) (1024K)]
  0x000001ec3d2208d0 JavaThread "Timer-2241"                        [_thread_blocked, id=36204, stack(0x0000002622600000,0x0000002622700000) (1024K)]
  0x000001ec3d2229a0 JavaThread "Timer-2242"                        [_thread_blocked, id=7936, stack(0x0000002622800000,0x0000002622900000) (1024K)]
  0x000001ec3d220240 JavaThread "Timer-2243"                        [_thread_blocked, id=36624, stack(0x0000002622700000,0x0000002622800000) (1024K)]
  0x000001ec3d221c80 JavaThread "Timer-2244"                        [_thread_blocked, id=10768, stack(0x0000002622a00000,0x0000002622b00000) (1024K)]
  0x000001ec476b5e30 JavaThread "Timer-2245"                        [_thread_blocked, id=36300, stack(0x0000002622900000,0x0000002622a00000) (1024K)]
  0x000001ec3d223030 JavaThread "Timer-2246"                        [_thread_blocked, id=16520, stack(0x0000002622c00000,0x0000002622d00000) (1024K)]
  0x000001ec3d1ea690 JavaThread "Timer-2247"                        [_thread_blocked, id=18876, stack(0x0000002622d00000,0x0000002622e00000) (1024K)]
  0x000001ec3d222310 JavaThread "Worker-4209: Initialize workspace"        [_thread_blocked, id=36380, stack(0x0000002622200000,0x0000002622300000) (1024K)]
  0x000001ec3d2236c0 JavaThread "Timer-2248"                        [_thread_blocked, id=35944, stack(0x0000002622e00000,0x0000002622f00000) (1024K)]
  0x000001ec3bfc1820 JavaThread "Timer-2249"                        [_thread_blocked, id=36776, stack(0x0000002622f00000,0x0000002623000000) (1024K)]
  0x000001ec3bfc1eb0 JavaThread "Timer-2250"                        [_thread_blocked, id=36568, stack(0x0000002623100000,0x0000002623200000) (1024K)]
  0x000001ec3bfc0470 JavaThread "Timer-2251"                        [_thread_blocked, id=6164, stack(0x0000002623000000,0x0000002623100000) (1024K)]
  0x000001ec3bfc2540 JavaThread "Timer-2252"                        [_thread_blocked, id=35848, stack(0x0000002623300000,0x0000002623400000) (1024K)]
  0x000001ec3bfc2bd0 JavaThread "Timer-2253"                        [_thread_blocked, id=36340, stack(0x0000002623200000,0x0000002623300000) (1024K)]
  0x000001ec3bfc1190 JavaThread "Timer-2254"                        [_thread_blocked, id=20580, stack(0x0000002623500000,0x0000002623600000) (1024K)]
  0x000001ec3bfc3f80 JavaThread "Timer-2255"                        [_thread_blocked, id=25756, stack(0x0000002623600000,0x0000002623700000) (1024K)]
  0x000001ec3bfc0b00 JavaThread "Worker-4226: Initialize workspace"        [_thread_blocked, id=9688, stack(0x0000002623400000,0x0000002623500000) (1024K)]
  0x000001ec3bfc4ca0 JavaThread "Timer-2256"                        [_thread_blocked, id=4240, stack(0x0000002623700000,0x0000002623800000) (1024K)]
  0x000001ec3bfc4610 JavaThread "Timer-2257"                        [_thread_blocked, id=18324, stack(0x0000002623800000,0x0000002623900000) (1024K)]
  0x000001ec3bfc38f0 JavaThread "Timer-2258"                        [_thread_blocked, id=14256, stack(0x0000002623a00000,0x0000002623b00000) (1024K)]
  0x000001ec3bfc66e0 JavaThread "Timer-2259"                        [_thread_blocked, id=35700, stack(0x0000002623900000,0x0000002623a00000) (1024K)]
  0x000001ec3bfc7400 JavaThread "Timer-2260"                        [_thread_blocked, id=36296, stack(0x0000002623c00000,0x0000002623d00000) (1024K)]
  0x000001ec3bfc7a90 JavaThread "Timer-2261"                        [_thread_blocked, id=1560, stack(0x0000002623b00000,0x0000002623c00000) (1024K)]
  0x000001ec3bfc5330 JavaThread "Timer-2262"                        [_thread_blocked, id=30068, stack(0x0000002623e00000,0x0000002623f00000) (1024K)]
  0x000001ec3bfc6050 JavaThread "Timer-2263"                        [_thread_blocked, id=35492, stack(0x0000002623f00000,0x0000002624000000) (1024K)]
  0x000001ec3bfc3260 JavaThread "Worker-4243: Initialize workspace"        [_thread_blocked, id=36552, stack(0x0000002622b00000,0x0000002622c00000) (1024K)]
  0x000001ec3bfc8120 JavaThread "Timer-2264"                        [_thread_blocked, id=36544, stack(0x0000002624000000,0x0000002624100000) (1024K)]
  0x000001ec3bfc9b60 JavaThread "Timer-2265"                        [_thread_blocked, id=36316, stack(0x0000002624100000,0x0000002624200000) (1024K)]
  0x000001ec3bfca1f0 JavaThread "Timer-2266"                        [_thread_blocked, id=29236, stack(0x0000002624400000,0x0000002624500000) (1024K)]
  0x000001ec3bfc87b0 JavaThread "Timer-2267"                        [_thread_blocked, id=36376, stack(0x0000002624200000,0x0000002624300000) (1024K)]
  0x000001ec3bfc6d70 JavaThread "Timer-2268"                        [_thread_blocked, id=22960, stack(0x0000002624500000,0x0000002624600000) (1024K)]
  0x000001ec3bfcbc30 JavaThread "Timer-2269"                        [_thread_blocked, id=3952, stack(0x0000002624300000,0x0000002624400000) (1024K)]
  0x000001ec3bfcaf10 JavaThread "Timer-2270"                        [_thread_blocked, id=36416, stack(0x0000002624700000,0x0000002624800000) (1024K)]
  0x000001ec3bfca880 JavaThread "Timer-2271"                        [_thread_blocked, id=5716, stack(0x0000002624900000,0x0000002624a00000) (1024K)]
  0x000001ec3bfc59c0 JavaThread "Worker-4264: Initialize workspace"        [_thread_blocked, id=36136, stack(0x0000002623d00000,0x0000002623e00000) (1024K)]
  0x000001ec3bfcc950 JavaThread "Timer-2272"                        [_thread_blocked, id=34124, stack(0x0000002624800000,0x0000002624900000) (1024K)]
  0x000001ec3bfcdd00 JavaThread "Timer-2273"                        [_thread_blocked, id=35996, stack(0x0000002624a00000,0x0000002624b00000) (1024K)]
  0x000001ec3bfc94d0 JavaThread "Timer-2274"                        [_thread_blocked, id=36500, stack(0x0000002624c00000,0x0000002624d00000) (1024K)]
  0x000001ec3bfccfe0 JavaThread "Timer-2275"                        [_thread_blocked, id=6900, stack(0x0000002624b00000,0x0000002624c00000) (1024K)]
  0x000001ec3bfce390 JavaThread "Timer-2276"                        [_thread_blocked, id=36400, stack(0x0000002624e00000,0x0000002624f00000) (1024K)]
  0x000001ec3bfcd670 JavaThread "Timer-2277"                        [_thread_blocked, id=35748, stack(0x0000002624d00000,0x0000002624e00000) (1024K)]
  0x000001ec3bfcb5a0 JavaThread "Timer-2278"                        [_thread_blocked, id=34396, stack(0x0000002625000000,0x0000002625100000) (1024K)]
  0x000001ec3bfd1ea0 JavaThread "Timer-2279"                        [_thread_blocked, id=34268, stack(0x0000002625100000,0x0000002625200000) (1024K)]
  0x000001ec3bfcea20 JavaThread "Worker-4282: Initialize workspace"        [_thread_blocked, id=36664, stack(0x0000002624f00000,0x0000002625000000) (1024K)]
  0x000001ec3bfd2530 JavaThread "Timer-2280"                        [_thread_blocked, id=25168, stack(0x0000002625200000,0x0000002625300000) (1024K)]
  0x000001ec3bfcfdd0 JavaThread "Timer-2281"                        [_thread_blocked, id=34992, stack(0x0000002625300000,0x0000002625400000) (1024K)]
  0x000001ec3bfcf740 JavaThread "Timer-2282"                        [_thread_blocked, id=24328, stack(0x0000002625500000,0x0000002625600000) (1024K)]
  0x000001ec3bfd0af0 JavaThread "Timer-2283"                        [_thread_blocked, id=36816, stack(0x0000002625400000,0x0000002625500000) (1024K)]
  0x000001ec3bfd1180 JavaThread "Timer-2284"                        [_thread_blocked, id=35904, stack(0x0000002625700000,0x0000002625800000) (1024K)]
  0x000001ec3bfd1810 JavaThread "Timer-2285"                        [_thread_blocked, id=33824, stack(0x0000002625600000,0x0000002625700000) (1024K)]
  0x000001ec3bfcf0b0 JavaThread "Timer-2286"                        [_thread_blocked, id=35464, stack(0x0000002625900000,0x0000002625a00000) (1024K)]
  0x000001ec3bfd38e0 JavaThread "Timer-2287"                        [_thread_blocked, id=36840, stack(0x0000002625b00000,0x0000002625c00000) (1024K)]
  0x000001ec3bfd2bc0 JavaThread "Worker-4304: Initialize workspace"        [_thread_blocked, id=36468, stack(0x0000002625800000,0x0000002625900000) (1024K)]
  0x000001ec3bfd3250 JavaThread "Timer-2288"                        [_thread_blocked, id=35888, stack(0x0000002625a00000,0x0000002625b00000) (1024K)]
  0x000001ec3bfd0460 JavaThread "Timer-2289"                        [_thread_blocked, id=35448, stack(0x0000002625c00000,0x0000002625d00000) (1024K)]
  0x000001ec3bfd3f70 JavaThread "Timer-2290"                        [_thread_blocked, id=22236, stack(0x0000002625e00000,0x0000002625f00000) (1024K)]
  0x000001ec3bfd7a80 JavaThread "Timer-2291"                        [_thread_blocked, id=23264, stack(0x0000002625d00000,0x0000002625e00000) (1024K)]
  0x000001ec3bfd59b0 JavaThread "Timer-2292"                        [_thread_blocked, id=36752, stack(0x0000002626000000,0x0000002626100000) (1024K)]
  0x000001ec3bfd66d0 JavaThread "Timer-2293"                        [_thread_blocked, id=35288, stack(0x0000002625f00000,0x0000002626000000) (1024K)]
  0x000001ec3bfd8110 JavaThread "Timer-2294"                        [_thread_blocked, id=36056, stack(0x0000002626200000,0x0000002626300000) (1024K)]
  0x000001ec3bfd6d60 JavaThread "Timer-2295"                        [_thread_blocked, id=15068, stack(0x0000002626400000,0x0000002626500000) (1024K)]
  0x000001ec3bfd73f0 JavaThread "Worker-4327: Initialize workspace"        [_thread_blocked, id=20092, stack(0x0000002624600000,0x0000002624700000) (1024K)]
  0x000001ec3bfd4600 JavaThread "Timer-2296"                        [_thread_blocked, id=34288, stack(0x0000002626100000,0x0000002626200000) (1024K)]
  0x000001ec3bfd4c90 JavaThread "Timer-2297"                        [_thread_blocked, id=23412, stack(0x0000002626300000,0x0000002626400000) (1024K)]
  0x000001ec3bfd87a0 JavaThread "Timer-2298"                        [_thread_blocked, id=36244, stack(0x0000002626600000,0x0000002626700000) (1024K)]
  0x000001ec3bfd5320 JavaThread "Timer-2299"                        [_thread_blocked, id=13292, stack(0x0000002626500000,0x0000002626600000) (1024K)]
  0x000001ec3bfd94c0 JavaThread "Timer-2300"                        [_thread_blocked, id=36180, stack(0x0000002626800000,0x0000002626900000) (1024K)]
  0x000001ec3bfd8e30 JavaThread "Timer-2301"                        [_thread_blocked, id=36940, stack(0x0000002626700000,0x0000002626800000) (1024K)]
  0x000001ec3bfd6040 JavaThread "Timer-2302"                        [_thread_blocked, id=36948, stack(0x0000002626a00000,0x0000002626b00000) (1024K)]
  0x000001ec3bfda1e0 JavaThread "Timer-2303"                        [_thread_blocked, id=36964, stack(0x0000002626b00000,0x0000002626c00000) (1024K)]
  0x000001ec3bfc8e40 JavaThread "Worker-4345: Initialize workspace"        [_thread_blocked, id=37104, stack(0x000000261e100000,0x000000261e200000) (1024K)]
  0x000001ec3bfdaf00 JavaThread "Timer-2304"                        [_thread_blocked, id=37140, stack(0x0000002626c00000,0x0000002626d00000) (1024K)]
  0x000001ec3bfda870 JavaThread "Timer-2305"                        [_thread_blocked, id=37152, stack(0x0000002626d00000,0x0000002626e00000) (1024K)]
  0x000001ec3bfdcfd0 JavaThread "Timer-2306"                        [_thread_blocked, id=37160, stack(0x0000002626f00000,0x0000002627000000) (1024K)]
  0x000001ec3bfdc940 JavaThread "Timer-2307"                        [_thread_blocked, id=37168, stack(0x0000002626e00000,0x0000002626f00000) (1024K)]
  0x000001ec3bfdd660 JavaThread "Timer-2308"                        [_thread_blocked, id=37176, stack(0x0000002627100000,0x0000002627200000) (1024K)]
  0x000001ec3bfdea10 JavaThread "Timer-2309"                        [_thread_blocked, id=37424, stack(0x0000002627000000,0x0000002627100000) (1024K)]
  0x000001ec3bfdb590 JavaThread "Timer-2310"                        [_thread_blocked, id=37432, stack(0x0000002627300000,0x0000002627400000) (1024K)]
  0x000001ec3bfde380 JavaThread "Timer-2311"                        [_thread_blocked, id=37448, stack(0x0000002627400000,0x0000002627500000) (1024K)]
  0x000001ec3bfd9b50 JavaThread "Worker-4364: Initialize workspace"        [_thread_blocked, id=37588, stack(0x0000002626900000,0x0000002626a00000) (1024K)]
  0x000001ec3bfdf0a0 JavaThread "Timer-2312"                        [_thread_blocked, id=37620, stack(0x0000002627500000,0x0000002627600000) (1024K)]
  0x000001ec3bfdbc20 JavaThread "Timer-2313"                        [_thread_blocked, id=37632, stack(0x0000002627600000,0x0000002627700000) (1024K)]
  0x000001ec3bfdc2b0 JavaThread "Timer-2314"                        [_thread_blocked, id=37640, stack(0x0000002627800000,0x0000002627900000) (1024K)]
  0x000001ec3bfe1800 JavaThread "Timer-2315"                        [_thread_blocked, id=37648, stack(0x0000002627700000,0x0000002627800000) (1024K)]
  0x000001ec3bfdfdc0 JavaThread "Timer-2316"                        [_thread_blocked, id=37656, stack(0x0000002627a00000,0x0000002627b00000) (1024K)]
  0x000001ec3bfe2bb0 JavaThread "Timer-2317"                        [_thread_blocked, id=35532, stack(0x0000002627900000,0x0000002627a00000) (1024K)]
  0x000001ec3bfe1170 JavaThread "Timer-2318"                        [_thread_blocked, id=20800, stack(0x0000002627e00000,0x0000002627f00000) (1024K)]
  0x000001ec3bfe0450 JavaThread "Timer-2319"                        [_thread_blocked, id=35824, stack(0x0000002627f00000,0x0000002628000000) (1024K)]
  0x000001ec3bfddcf0 JavaThread "Worker-4386: Initialize workspace"        [_thread_blocked, id=14844, stack(0x0000002627200000,0x0000002627300000) (1024K)]
  0x000001ec3bfe2520 JavaThread "Timer-2320"                        [_thread_blocked, id=37008, stack(0x0000002628000000,0x0000002628100000) (1024K)]
  0x000001ec3bfdf730 JavaThread "Timer-2321"                        [_thread_blocked, id=37056, stack(0x0000002628100000,0x0000002628200000) (1024K)]
  0x000001ec3bfe38d0 JavaThread "Timer-2322"                        [_thread_blocked, id=37024, stack(0x0000002628300000,0x0000002628400000) (1024K)]
  0x000001ec3bfe66c0 JavaThread "Timer-2323"                        [_thread_blocked, id=36956, stack(0x0000002628200000,0x0000002628300000) (1024K)]
  0x000001ec3bfe4c80 JavaThread "Timer-2324"                        [_thread_blocked, id=36968, stack(0x0000002628500000,0x0000002628600000) (1024K)]
  0x000001ec3bfe3240 JavaThread "Timer-2325"                        [_thread_blocked, id=30612, stack(0x0000002628400000,0x0000002628500000) (1024K)]
  0x000001ec3bfe45f0 JavaThread "Timer-2326"                        [_thread_blocked, id=37068, stack(0x0000002628700000,0x0000002628800000) (1024K)]
  0x000001ec3bfe6030 JavaThread "Timer-2327"                        [_thread_blocked, id=37212, stack(0x0000002628800000,0x0000002628900000) (1024K)]
  0x000001ec3bfe1e90 JavaThread "Worker-4405: Initialize workspace"        [_thread_blocked, id=37436, stack(0x0000002627b00000,0x0000002627c00000) (1024K)]
  0x000001ec3bfe0ae0 JavaThread "Timer-2328"                        [_thread_blocked, id=34128, stack(0x0000002628900000,0x0000002628a00000) (1024K)]
  0x000001ec3bfa7ab0 JavaThread "Timer-2329"                        [_thread_blocked, id=37292, stack(0x0000002628b00000,0x0000002628c00000) (1024K)]
  0x000001ec3bfe59a0 JavaThread "Timer-2330"                        [_thread_blocked, id=37188, stack(0x0000002628a00000,0x0000002628b00000) (1024K)]
  0x000001ec3bfa8e60 JavaThread "Timer-2331"                        [_thread_blocked, id=37492, stack(0x0000002628c00000,0x0000002628d00000) (1024K)]
  0x000001ec3bfa8140 JavaThread "Timer-2332"                        [_thread_blocked, id=37496, stack(0x0000002628e00000,0x0000002628f00000) (1024K)]
  0x000001ec3bfa87d0 JavaThread "Timer-2333"                        [_thread_blocked, id=33940, stack(0x0000002628d00000,0x0000002628e00000) (1024K)]
  0x000001ec3bfa6070 JavaThread "Timer-2334"                        [_thread_blocked, id=37864, stack(0x0000002629000000,0x0000002629100000) (1024K)]
  0x000001ec3bfa9b80 JavaThread "Timer-2335"                        [_thread_blocked, id=37860, stack(0x0000002629100000,0x0000002629200000) (1024K)]
  0x000001ec3bfe3f60 JavaThread "Worker-4427: Initialize workspace"        [_thread_blocked, id=35900, stack(0x0000002628600000,0x0000002628700000) (1024K)]
  0x000001ec3bfa94f0 JavaThread "Timer-2336"                        [_thread_blocked, id=36892, stack(0x0000002628f00000,0x0000002629000000) (1024K)]
  0x000001ec3bfaa210 JavaThread "Timer-2337"                        [_thread_blocked, id=36916, stack(0x0000002629300000,0x0000002629400000) (1024K)]
  0x000001ec3bfaa8a0 JavaThread "Timer-2338"                        [_thread_blocked, id=35788, stack(0x0000002629500000,0x0000002629600000) (1024K)]
  0x000001ec3bfa7420 JavaThread "Timer-2339"                        [_thread_blocked, id=36884, stack(0x0000002629400000,0x0000002629500000) (1024K)]
  0x000001ec3bfae3b0 JavaThread "Timer-2340"                        [_thread_blocked, id=34500, stack(0x0000002629700000,0x0000002629800000) (1024K)]
  0x000001ec3bfac970 JavaThread "Timer-2341"                        [_thread_blocked, id=37156, stack(0x0000002629600000,0x0000002629700000) (1024K)]
  0x000001ec3bfabc50 JavaThread "Timer-2342"                        [_thread_blocked, id=37308, stack(0x0000002629900000,0x0000002629a00000) (1024K)]
  0x000001ec3bfad690 JavaThread "Timer-2343"                        [_thread_blocked, id=36876, stack(0x0000002629a00000,0x0000002629b00000) (1024K)]
  0x000001ec3bfa6d90 JavaThread "Worker-4444: Initialize workspace"        [_thread_blocked, id=37376, stack(0x0000002629200000,0x0000002629300000) (1024K)]
  0x000001ec3bfaaf30 JavaThread "Timer-2344"                        [_thread_blocked, id=34644, stack(0x0000002629b00000,0x0000002629c00000) (1024K)]
  0x000001ec3bfadd20 JavaThread "Timer-2345"                        [_thread_blocked, id=35724, stack(0x0000002629c00000,0x0000002629d00000) (1024K)]
  0x000001ec3bfab5c0 JavaThread "Timer-2346"                        [_thread_blocked, id=37444, stack(0x0000002629e00000,0x0000002629f00000) (1024K)]
  0x000001ec3bfaea40 JavaThread "Timer-2347"                        [_thread_blocked, id=35500, stack(0x0000002629d00000,0x0000002629e00000) (1024K)]
  0x000001ec3bfaf760 JavaThread "Timer-2348"                        [_thread_blocked, id=37180, stack(0x000000262a000000,0x000000262a100000) (1024K)]
  0x000001ec3bfaf0d0 JavaThread "Timer-2349"                        [_thread_blocked, id=37636, stack(0x0000002629f00000,0x000000262a000000) (1024K)]
  0x000001ec3bfb0480 JavaThread "Timer-2350"                        [_thread_blocked, id=37736, stack(0x000000262a200000,0x000000262a300000) (1024K)]
  0x000001ec3bfb11a0 JavaThread "Timer-2351"                        [_thread_blocked, id=37540, stack(0x000000262a300000,0x000000262a400000) (1024K)]
  0x000001ec3bfad000 JavaThread "Worker-4463: Initialize workspace"        [_thread_blocked, id=37788, stack(0x0000002629800000,0x0000002629900000) (1024K)]
  0x000001ec3bfb2be0 JavaThread "Timer-2352"                        [_thread_blocked, id=34200, stack(0x000000262a400000,0x000000262a500000) (1024K)]
  0x000001ec3bfb1830 JavaThread "Timer-2353"                        [_thread_blocked, id=36900, stack(0x000000262a500000,0x000000262a600000) (1024K)]
  0x000001ec3bfb0b10 JavaThread "Timer-2354"                        [_thread_blocked, id=36932, stack(0x000000262a600000,0x000000262a700000) (1024K)]
  0x000001ec3bfb1ec0 JavaThread "Timer-2355"                        [_thread_blocked, id=34996, stack(0x000000262a700000,0x000000262a800000) (1024K)]
  0x000001ec3bfb3270 JavaThread "Timer-2356"                        [_thread_blocked, id=19240, stack(0x000000262a900000,0x000000262aa00000) (1024K)]
  0x000001ec3bfafdf0 JavaThread "Timer-2357"                        [_thread_blocked, id=36524, stack(0x000000262a800000,0x000000262a900000) (1024K)]
  0x000001ec3bfb4cb0 JavaThread "Timer-2358"                        [_thread_blocked, id=16804, stack(0x000000262ab00000,0x000000262ac00000) (1024K)]
  0x000001ec3bfb3f90 JavaThread "Timer-2359"                        [_thread_blocked, id=37088, stack(0x000000262ad00000,0x000000262ae00000) (1024K)]
  0x000001ec3bfac2e0 JavaThread "Worker-4485: Initialize workspace"        [_thread_blocked, id=37204, stack(0x000000262a100000,0x000000262a200000) (1024K)]
  0x000001ec3bfb5340 JavaThread "Timer-2360"                        [_thread_blocked, id=37848, stack(0x000000262ac00000,0x000000262ad00000) (1024K)]
  0x000001ec3bfb2550 JavaThread "Timer-2361"                        [_thread_blocked, id=37644, stack(0x000000262ae00000,0x000000262af00000) (1024K)]
  0x000001ec3bfb6060 JavaThread "Timer-2362"                        [_thread_blocked, id=37716, stack(0x000000262b000000,0x000000262b100000) (1024K)]
  0x000001ec3bfb59d0 JavaThread "Timer-2363"                        [_thread_blocked, id=35552, stack(0x000000262af00000,0x000000262b000000) (1024K)]
  0x000001ec3bfb7aa0 JavaThread "Timer-2364"                        [_thread_blocked, id=37508, stack(0x000000262b200000,0x000000262b300000) (1024K)]
  0x000001ec3bfb3900 JavaThread "Timer-2365"                        [_thread_blocked, id=37808, stack(0x000000262b100000,0x000000262b200000) (1024K)]
  0x000001ec3bfb8130 JavaThread "Timer-2366"                        [_thread_blocked, id=37812, stack(0x000000262b400000,0x000000262b500000) (1024K)]
  0x000001ec3bfb8e50 JavaThread "Timer-2367"                        [_thread_blocked, id=36796, stack(0x000000262b600000,0x000000262b700000) (1024K)]
  0x000001ec3bfb66f0 JavaThread "Worker-4508: Initialize workspace"        [_thread_blocked, id=37112, stack(0x000000262aa00000,0x000000262ab00000) (1024K)]
  0x000001ec3bfb4620 JavaThread "Timer-2368"                        [_thread_blocked, id=34668, stack(0x000000262b500000,0x000000262b600000) (1024K)]
  0x000001ec3bfba200 JavaThread "Timer-2369"                        [_thread_blocked, id=34856, stack(0x000000262b700000,0x000000262b800000) (1024K)]
  0x000001ec3bfb9b70 JavaThread "Timer-2370"                        [_thread_blocked, id=24044, stack(0x000000262b900000,0x000000262ba00000) (1024K)]
  0x000001ec3bfb87c0 JavaThread "Timer-2371"                        [_thread_blocked, id=37560, stack(0x000000262b800000,0x000000262b900000) (1024K)]
  0x000001ec3bfb6d80 JavaThread "Timer-2372"                        [_thread_blocked, id=24648, stack(0x000000262bb00000,0x000000262bc00000) (1024K)]
  0x000001ec3bfbaf20 JavaThread "Timer-2373"                        [_thread_blocked, id=37208, stack(0x000000262ba00000,0x000000262bb00000) (1024K)]
  0x000001ec3bfbb5b0 JavaThread "Timer-2374"                        [_thread_blocked, id=35236, stack(0x000000262bd00000,0x000000262be00000) (1024K)]
  0x000001ec3bfba890 JavaThread "Timer-2375"                        [_thread_blocked, id=37276, stack(0x000000262bf00000,0x000000262c000000) (1024K)]
  0x000001ec3bfbcff0 JavaThread "Timer-2376"                        [_thread_blocked, id=37612, stack(0x000000262be00000,0x000000262bf00000) (1024K)]
  0x000001ec3bfbc960 JavaThread "Timer-2377"                        [_thread_blocked, id=37136, stack(0x000000262c000000,0x000000262c100000) (1024K)]
  0x000001ec3bfbea30 JavaThread "Timer-2378"                        [_thread_blocked, id=37556, stack(0x000000262c200000,0x000000262c300000) (1024K)]
  0x000001ec3bfbf0c0 JavaThread "Timer-2379"                        [_thread_blocked, id=37468, stack(0x000000262c100000,0x000000262c200000) (1024K)]
  0x000001ec3bfbe3a0 JavaThread "Timer-2380"                        [_thread_blocked, id=37464, stack(0x000000262c400000,0x000000262c500000) (1024K)]
  0x000001ec3bfbbc40 JavaThread "Timer-2381"                        [_thread_blocked, id=37784, stack(0x000000262c300000,0x000000262c400000) (1024K)]
  0x000001ec3bfbc2d0 JavaThread "Timer-2382"                        [_thread_blocked, id=37868, stack(0x000000262c600000,0x000000262c700000) (1024K)]
  0x000001ec3bfbf750 JavaThread "Timer-2383"                        [_thread_blocked, id=37856, stack(0x000000262c700000,0x000000262c800000) (1024K)]
  0x000001ec3bfb7410 JavaThread "Worker-4541: Initialize workspace"        [_thread_blocked, id=35844, stack(0x000000262bc00000,0x000000262bd00000) (1024K)]
  0x000001ec3bfbfde0 JavaThread "Timer-2384"                        [_thread_blocked, id=36692, stack(0x000000262c800000,0x000000262c900000) (1024K)]
  0x000001ec3bfbdd10 JavaThread "Timer-2385"                        [_thread_blocked, id=37516, stack(0x000000262c900000,0x000000262ca00000) (1024K)]
  0x000001ec3bfe5310 JavaThread "Timer-2386"                        [_thread_blocked, id=37660, stack(0x000000262cb00000,0x000000262cc00000) (1024K)]
  0x000001ec3bfcc2c0 JavaThread "Timer-2387"                        [_thread_blocked, id=37472, stack(0x000000262ca00000,0x000000262cb00000) (1024K)]
  0x000001ec38bc7d00 JavaThread "Timer-2388"                        [_thread_blocked, id=37192, stack(0x000000262cd00000,0x000000262ce00000) (1024K)]
  0x000001ec3d203050 JavaThread "Timer-2389"                        [_thread_blocked, id=37388, stack(0x000000262cc00000,0x000000262cd00000) (1024K)]
  0x000001ec46c18430 JavaThread "Timer-2390"                        [_thread_blocked, id=36888, stack(0x000000262cf00000,0x000000262d000000) (1024K)]
  0x000001ec46c1b220 JavaThread "Timer-2391"                        [_thread_blocked, id=37028, stack(0x000000262d100000,0x000000262d200000) (1024K)]
  0x000001ec46c19e70 JavaThread "Worker-4561: Initialize workspace"        [_thread_blocked, id=35020, stack(0x000000262c500000,0x000000262c600000) (1024K)]
  0x000001ec46c1ab90 JavaThread "Timer-2392"                        [_thread_blocked, id=37100, stack(0x000000262d000000,0x000000262d100000) (1024K)]
  0x000001ec46c1a500 JavaThread "Timer-2393"                        [_thread_blocked, id=37476, stack(0x000000262d200000,0x000000262d300000) (1024K)]
  0x000001ec46c17da0 JavaThread "Timer-2394"                        [_thread_blocked, id=37372, stack(0x000000262d300000,0x000000262d400000) (1024K)]
  0x000001ec46c1b8b0 JavaThread "Timer-2395"                        [_thread_blocked, id=37228, stack(0x000000262d400000,0x000000262d500000) (1024K)]
  0x000001ec46c1bf40 JavaThread "Timer-2396"                        [_thread_blocked, id=34232, stack(0x000000262d600000,0x000000262d700000) (1024K)]
  0x000001ec46c18ac0 JavaThread "Timer-2397"                        [_thread_blocked, id=35328, stack(0x000000262d500000,0x000000262d600000) (1024K)]
  0x000001ec46c1e010 JavaThread "Timer-2398"                        [_thread_blocked, id=15576, stack(0x000000262d800000,0x000000262d900000) (1024K)]
  0x000001ec46c1ed30 JavaThread "Timer-2399"                        [_thread_blocked, id=19780, stack(0x000000262da00000,0x000000262db00000) (1024K)]
  0x000001ec46c19150 JavaThread "Worker-4584: Initialize workspace"        [_thread_blocked, id=26704, stack(0x000000262ce00000,0x000000262cf00000) (1024K)]
  0x000001ec46c1e6a0 JavaThread "Timer-2400"                        [_thread_blocked, id=36704, stack(0x00000025b9600000,0x00000025b9700000) (1024K)]
  0x000001ec46c1f3c0 JavaThread "Timer-2401"                        [_thread_blocked, id=37356, stack(0x000000262d900000,0x000000262da00000) (1024K)]
  0x000001ec46c1d980 JavaThread "Timer-2402"                        [_thread_blocked, id=37004, stack(0x000000262dd00000,0x000000262de00000) (1024K)]
  0x000001ec46c1d2f0 JavaThread "Timer-2403"                        [_thread_blocked, id=34476, stack(0x000000262db00000,0x000000262dc00000) (1024K)]
  0x000001ec46c21b20 JavaThread "Timer-2404"                        [_thread_blocked, id=22808, stack(0x000000262df00000,0x000000262e000000) (1024K)]
  0x000001ec46c1fa50 JavaThread "Timer-2405"                        [_thread_blocked, id=36996, stack(0x000000262de00000,0x000000262df00000) (1024K)]
  0x000001ec46c200e0 JavaThread "Timer-2406"                        [_thread_blocked, id=36944, stack(0x000000262e100000,0x000000262e200000) (1024K)]
  0x000001ec46c221b0 JavaThread "Timer-2407"                        [_thread_blocked, id=37616, stack(0x000000262e200000,0x000000262e300000) (1024K)]
  0x000001ec46c1cc60 JavaThread "Worker-4603: Initialize workspace"        [_thread_blocked, id=37184, stack(0x000000262dc00000,0x000000262dd00000) (1024K)]
  0x000001ec46c22840 JavaThread "Timer-2408"                        [_thread_blocked, id=1220, stack(0x000000262e300000,0x000000262e400000) (1024K)]
  0x000001ec46c22ed0 JavaThread "Timer-2409"                        [_thread_blocked, id=18084, stack(0x000000262e400000,0x000000262e500000) (1024K)]
  0x000001ec46c23560 JavaThread "Timer-2410"                        [_thread_blocked, id=3724, stack(0x000000262e600000,0x000000262e700000) (1024K)]
  0x000001ec46c20770 JavaThread "Timer-2411"                        [_thread_blocked, id=37800, stack(0x000000262e500000,0x000000262e600000) (1024K)]
  0x000001ec46c21490 JavaThread "Timer-2412"                        [_thread_blocked, id=37584, stack(0x000000262e800000,0x000000262e900000) (1024K)]
  0x000001ec46c20e00 JavaThread "Timer-2413"                        [_thread_blocked, id=37752, stack(0x000000262e700000,0x000000262e800000) (1024K)]
  0x000001ec46c26350 JavaThread "Timer-2414"                        [_thread_blocked, id=19844, stack(0x000000262ea00000,0x000000262eb00000) (1024K)]
  0x000001ec46c269e0 JavaThread "Timer-2415"                        [_thread_blocked, id=31092, stack(0x000000262eb00000,0x000000262ec00000) (1024K)]
  0x000001ec46c1c5d0 JavaThread "Worker-4619: Initialize workspace"        [_thread_blocked, id=9792, stack(0x000000262e000000,0x000000262e100000) (1024K)]
  0x000001ec46c27700 JavaThread "Timer-2416"                        [_thread_blocked, id=37236, stack(0x000000262ec00000,0x000000262ed00000) (1024K)]
  0x000001ec46c24280 JavaThread "Timer-2417"                        [_thread_blocked, id=37288, stack(0x000000262ed00000,0x000000262ee00000) (1024K)]
  0x000001ec46c24910 JavaThread "Timer-2418"                        [_thread_blocked, id=34420, stack(0x000000262ef00000,0x000000262f000000) (1024K)]
  0x000001ec46c27d90 JavaThread "Timer-2419"                        [_thread_blocked, id=23216, stack(0x000000262ee00000,0x000000262ef00000) (1024K)]
  0x000001ec46c24fa0 JavaThread "Timer-2420"                        [_thread_blocked, id=13336, stack(0x000000262f100000,0x000000262f200000) (1024K)]
  0x000001ec46c25cc0 JavaThread "Timer-2421"                        [_thread_blocked, id=37336, stack(0x000000262f000000,0x000000262f100000) (1024K)]
  0x000001ec46c28ab0 JavaThread "Timer-2422"                        [_thread_blocked, id=37020, stack(0x000000262f300000,0x000000262f400000) (1024K)]
  0x000001ec46c25630 JavaThread "Timer-2423"                        [_thread_blocked, id=37224, stack(0x000000262f400000,0x000000262f500000) (1024K)]
  0x000001ec46c23bf0 JavaThread "Worker-4636: Initialize workspace"        [_thread_blocked, id=36984, stack(0x000000262e900000,0x000000262ea00000) (1024K)]
  0x000001ec46c297d0 JavaThread "Timer-2424"                        [_thread_blocked, id=37272, stack(0x000000262f500000,0x000000262f600000) (1024K)]
  0x000001ec46c2ab80 JavaThread "Timer-2425"                        [_thread_blocked, id=37880, stack(0x000000262f600000,0x000000262f700000) (1024K)]
  0x000001ec46c2a4f0 JavaThread "Timer-2426"                        [_thread_blocked, id=36688, stack(0x000000262f800000,0x000000262f900000) (1024K)]
  0x000001ec46c28420 JavaThread "Timer-2427"                        [_thread_blocked, id=31308, stack(0x000000262f700000,0x000000262f800000) (1024K)]
  0x000001ec46c2b8a0 JavaThread "Timer-2428"                        [_thread_blocked, id=36044, stack(0x000000262fa00000,0x000000262fb00000) (1024K)]
  0x000001ec46c2bf30 JavaThread "Timer-2429"                        [_thread_blocked, id=36760, stack(0x000000262f900000,0x000000262fa00000) (1024K)]
  0x000001ec46c2b210 JavaThread "Timer-2430"                        [_thread_blocked, id=3224, stack(0x000000262fb00000,0x000000262fc00000) (1024K)]
  0x000001ec46c2cc50 JavaThread "Timer-2431"                        [_thread_blocked, id=33232, stack(0x000000262fe00000,0x000000262ff00000) (1024K)]
  0x000001ec46c2c5c0 JavaThread "Worker-4657: Initialize workspace"        [_thread_blocked, id=24968, stack(0x000000262f200000,0x000000262f300000) (1024K)]
  0x000001ec46c2d2e0 JavaThread "Timer-2432"                        [_thread_blocked, id=37572, stack(0x000000262fd00000,0x000000262fe00000) (1024K)]
  0x000001ec46c29e60 JavaThread "Timer-2433"                        [_thread_blocked, id=30548, stack(0x000000262ff00000,0x0000002630000000) (1024K)]
  0x000001ec46c2e690 JavaThread "Timer-2434"                        [_thread_blocked, id=14788, stack(0x0000002630100000,0x0000002630200000) (1024K)]
  0x000001ec46c2ed20 JavaThread "Timer-2435"                        [_thread_blocked, id=37544, stack(0x0000002630000000,0x0000002630100000) (1024K)]
  0x000001ec46c30df0 JavaThread "Timer-2436"                        [_thread_blocked, id=36184, stack(0x0000002630300000,0x0000002630400000) (1024K)]
  0x000001ec46c2f3b0 JavaThread "Timer-2437"                        [_thread_blocked, id=30572, stack(0x0000002630200000,0x0000002630300000) (1024K)]
  0x000001ec46c300d0 JavaThread "Timer-2438"                        [_thread_blocked, id=36344, stack(0x0000002630500000,0x0000002630600000) (1024K)]
  0x000001ec46c30760 JavaThread "Timer-2439"                        [_thread_blocked, id=36488, stack(0x0000002630600000,0x0000002630700000) (1024K)]
  0x000001ec46c197e0 JavaThread "Worker-4679: Initialize workspace"        [_thread_blocked, id=36988, stack(0x000000262d700000,0x000000262d800000) (1024K)]
  0x000001ec46c31480 JavaThread "Timer-2440"                        [_thread_blocked, id=37792, stack(0x0000002630400000,0x0000002630500000) (1024K)]
  0x000001ec46c2e000 JavaThread "Timer-2441"                        [_thread_blocked, id=36780, stack(0x0000002630800000,0x0000002630900000) (1024K)]
  0x000001ec46c2fa40 JavaThread "Timer-2442"                        [_thread_blocked, id=35656, stack(0x0000002630a00000,0x0000002630b00000) (1024K)]
  0x000001ec46c31b10 JavaThread "Timer-2443"                        [_thread_blocked, id=37596, stack(0x0000002630900000,0x0000002630a00000) (1024K)]
  0x000001ec46c34270 JavaThread "Timer-2444"                        [_thread_blocked, id=37672, stack(0x0000002630c00000,0x0000002630d00000) (1024K)]
  0x000001ec46c34f90 JavaThread "Timer-2445"                        [_thread_blocked, id=36744, stack(0x0000002630b00000,0x0000002630c00000) (1024K)]
  0x000001ec46c35620 JavaThread "Timer-2446"                        [_thread_blocked, id=36240, stack(0x0000002630e00000,0x0000002630f00000) (1024K)]
  0x000001ec46c35cb0 JavaThread "Timer-2447"                        [_thread_blocked, id=37676, stack(0x0000002630f00000,0x0000002631000000) (1024K)]
  0x000001ec46c2d970 JavaThread "Worker-4697: Initialize workspace"        [_thread_blocked, id=20472, stack(0x0000002630700000,0x0000002630800000) (1024K)]
  0x000001ec46c33550 JavaThread "Timer-2448"                        [_thread_blocked, id=36052, stack(0x0000002631000000,0x0000002631100000) (1024K)]
  0x000001ec46c33be0 JavaThread "Timer-2449"                        [_thread_blocked, id=10904, stack(0x0000002631100000,0x0000002631200000) (1024K)]
  0x000001ec46c321a0 JavaThread "Timer-2450"                        [_thread_blocked, id=36820, stack(0x0000002631300000,0x0000002631400000) (1024K)]
  0x000001ec46c32830 JavaThread "Timer-2451"                        [_thread_blocked, id=35952, stack(0x0000002631200000,0x0000002631300000) (1024K)]
  0x000001ec46c376f0 JavaThread "Timer-2452"                        [_thread_blocked, id=8572, stack(0x0000002631500000,0x0000002631600000) (1024K)]
  0x000001ec46c36340 JavaThread "Timer-2453"                        [_thread_blocked, id=37256, stack(0x0000002631400000,0x0000002631500000) (1024K)]
  0x000001ec46c37d80 JavaThread "Timer-2454"                        [_thread_blocked, id=26372, stack(0x0000002631900000,0x0000002631a00000) (1024K)]
  0x000001ec46c37060 JavaThread "Timer-2455"                        [_thread_blocked, id=37132, stack(0x0000002631a00000,0x0000002631b00000) (1024K)]
  0x000001ec46c39130 JavaThread "Worker-4714: Initialize workspace"        [_thread_blocked, id=37692, stack(0x0000002631b00000,0x0000002631c00000) (1024K)]
  0x000001ec46c34900 JavaThread "Timer-2456"                        [_thread_blocked, id=35284, stack(0x0000002631800000,0x0000002631900000) (1024K)]
  0x000001ec46c38aa0 JavaThread "Timer-2457"                        [_thread_blocked, id=37084, stack(0x0000002631c00000,0x0000002631d00000) (1024K)]
  0x000001ec46c38410 JavaThread "Timer-2458"                        [_thread_blocked, id=35928, stack(0x0000002631e00000,0x0000002631f00000) (1024K)]
  0x000001ec46c3ab70 JavaThread "Timer-2459"                        [_thread_blocked, id=37412, stack(0x0000002631d00000,0x0000002631e00000) (1024K)]
  0x000001ec46c3b200 JavaThread "Timer-2460"                        [_thread_blocked, id=35220, stack(0x0000002632000000,0x0000002632100000) (1024K)]
  0x000001ec46c3bf20 JavaThread "Timer-2461"                        [_thread_blocked, id=35780, stack(0x0000002631f00000,0x0000002632000000) (1024K)]
  0x000001ec46c3c5b0 JavaThread "Timer-2462"                        [_thread_blocked, id=18512, stack(0x0000002632200000,0x0000002632300000) (1024K)]
  0x000001ec46c397c0 JavaThread "Timer-2463"                        [_thread_blocked, id=34384, stack(0x0000002632400000,0x0000002632500000) (1024K)]
  0x000001ec46c39e50 JavaThread "Worker-4735: Initialize workspace"        [_thread_blocked, id=36408, stack(0x0000002630d00000,0x0000002630e00000) (1024K)]
  0x000001ec46c3b890 JavaThread "Timer-2464"                        [_thread_blocked, id=3352, stack(0x0000002632300000,0x0000002632400000) (1024K)]
  0x000001ec46c3cc40 JavaThread "Timer-2465"                        [_thread_blocked, id=37824, stack(0x0000002632500000,0x0000002632600000) (1024K)]
  0x000001ec46c3d2d0 JavaThread "Timer-2466"                        [_thread_blocked, id=36444, stack(0x0000002632700000,0x0000002632800000) (1024K)]
  0x000001ec46c3d960 JavaThread "Timer-2467"                        [_thread_blocked, id=35444, stack(0x0000002632600000,0x0000002632700000) (1024K)]
  0x000001ec46c3fa30 JavaThread "Timer-2468"                        [_thread_blocked, id=37092, stack(0x0000002632900000,0x0000002632a00000) (1024K)]
  0x000001ec46c3a4e0 JavaThread "Timer-2469"                        [_thread_blocked, id=37416, stack(0x0000002632800000,0x0000002632900000) (1024K)]
  0x000001ec46c400c0 JavaThread "Timer-2470"                        [_thread_blocked, id=37108, stack(0x0000002632b00000,0x0000002632c00000) (1024K)]
  0x000001ec46c3dff0 JavaThread "Timer-2471"                        [_thread_blocked, id=25300, stack(0x0000002632c00000,0x0000002632d00000) (1024K)]
  0x000001ec46c369d0 JavaThread "Worker-4752: Initialize workspace"        [_thread_blocked, id=10292, stack(0x0000002632100000,0x0000002632200000) (1024K)]
  0x000001ec46c40750 JavaThread "Timer-2472"                        [_thread_blocked, id=36824, stack(0x0000002632a00000,0x0000002632b00000) (1024K)]
  0x000001ec46c40de0 JavaThread "Timer-2473"                        [_thread_blocked, id=37832, stack(0x0000002632e00000,0x0000002632f00000) (1024K)]
  0x000001ec46c41b00 JavaThread "Timer-2474"                        [_thread_blocked, id=37440, stack(0x0000002633000000,0x0000002633100000) (1024K)]
  0x000001ec46c3e680 JavaThread "Timer-2475"                        [_thread_blocked, id=36844, stack(0x0000002632f00000,0x0000002633000000) (1024K)]
  0x000001ec46c3ed10 JavaThread "Timer-2476"                        [_thread_blocked, id=37036, stack(0x0000002633200000,0x0000002633300000) (1024K)]
  0x000001ec46c42190 JavaThread "Timer-2477"                        [_thread_blocked, id=36716, stack(0x0000002633100000,0x0000002633200000) (1024K)]
  0x000001ec46c42820 JavaThread "Timer-2478"                        [_thread_blocked, id=36936, stack(0x0000002633400000,0x0000002633500000) (1024K)]
  0x000001ec46c43bd0 JavaThread "Timer-2479"                        [_thread_blocked, id=37700, stack(0x0000002633500000,0x0000002633600000) (1024K)]
  0x000001ec46c3f3a0 JavaThread "Worker-4772: Initialize workspace"        [_thread_blocked, id=36976, stack(0x0000002633300000,0x0000002633400000) (1024K)]
  0x000001ec46c45610 JavaThread "Timer-2480"                        [_thread_blocked, id=37664, stack(0x0000002633600000,0x0000002633700000) (1024K)]
  0x000001ec46c44260 JavaThread "Timer-2481"                        [_thread_blocked, id=3740, stack(0x0000002633700000,0x0000002633800000) (1024K)]
  0x000001ec46c448f0 JavaThread "Timer-2482"                        [_thread_blocked, id=36992, stack(0x0000002633900000,0x0000002633a00000) (1024K)]
  0x000001ec46c44f80 JavaThread "Timer-2483"                        [_thread_blocked, id=15252, stack(0x0000002633800000,0x0000002633900000) (1024K)]
  0x000001ec46c45ca0 JavaThread "Timer-2484"                        [_thread_blocked, id=31328, stack(0x0000002633b00000,0x0000002633c00000) (1024K)]
  0x000001ec46c46330 JavaThread "Timer-2485"                        [_thread_blocked, id=37712, stack(0x0000002633a00000,0x0000002633b00000) (1024K)]
  0x000001ec46c43540 JavaThread "Timer-2486"                        [_thread_blocked, id=37680, stack(0x0000002633d00000,0x0000002633e00000) (1024K)]
  0x000001ec46c48a90 JavaThread "Timer-2487"                        [_thread_blocked, id=35440, stack(0x0000002633e00000,0x0000002633f00000) (1024K)]
  0x000001ec46c41470 JavaThread "Worker-4790: Initialize workspace"        [_thread_blocked, id=29544, stack(0x0000002632d00000,0x0000002632e00000) (1024K)]
  0x000001ec46c42eb0 JavaThread "Timer-2488"                        [_thread_blocked, id=37300, stack(0x0000002633c00000,0x0000002633d00000) (1024K)]
  0x000001ec46c469c0 JavaThread "Timer-2489"                        [_thread_blocked, id=36768, stack(0x0000002634000000,0x0000002634100000) (1024K)]
  0x000001ec46c476e0 JavaThread "Timer-2490"                        [_thread_blocked, id=37400, stack(0x0000002634200000,0x0000002634300000) (1024K)]
  0x000001ec46c49120 JavaThread "Timer-2491"                        [_thread_blocked, id=25140, stack(0x0000002634100000,0x0000002634200000) (1024K)]
  0x000001ec46c49e40 JavaThread "Timer-2492"                        [_thread_blocked, id=31984, stack(0x0000002634400000,0x0000002634500000) (1024K)]
  0x000001ec46c48400 JavaThread "Timer-2493"                        [_thread_blocked, id=34880, stack(0x0000002634300000,0x0000002634400000) (1024K)]
  0x000001ec46c4a4d0 JavaThread "Timer-2494"                        [_thread_blocked, id=34492, stack(0x0000002634600000,0x0000002634700000) (1024K)]
  0x000001ec46c47050 JavaThread "Timer-2495"                        [_thread_blocked, id=34412, stack(0x0000002634700000,0x0000002634800000) (1024K)]
  0x000001ec46c4ab60 JavaThread "Worker-4808: Initialize workspace"        [_thread_blocked, id=37780, stack(0x0000002633f00000,0x0000002634000000) (1024K)]
  0x000001ec46c47d70 JavaThread "Timer-2496"                        [_thread_blocked, id=37040, stack(0x0000002634900000,0x0000002634a00000) (1024K)]
  0x000001ec46c4b880 JavaThread "Timer-2497"                        [_thread_blocked, id=37804, stack(0x0000002634500000,0x0000002634600000) (1024K)]
  0x000001ec46c497b0 JavaThread "Timer-2498"                        [_thread_blocked, id=20464, stack(0x0000002634b00000,0x0000002634c00000) (1024K)]
  0x000001ec46c4bf10 JavaThread "Timer-2499"                        [_thread_blocked, id=34876, stack(0x0000002634a00000,0x0000002634b00000) (1024K)]
  0x000001ec46c4d950 JavaThread "Timer-2500"                        [_thread_blocked, id=36868, stack(0x0000002634d00000,0x0000002634e00000) (1024K)]
  0x000001ec46c4e670 JavaThread "Timer-2501"                        [_thread_blocked, id=29336, stack(0x0000002634c00000,0x0000002634d00000) (1024K)]
  0x000001ec46c4c5a0 JavaThread "Timer-2502"                        [_thread_blocked, id=37252, stack(0x0000002634f00000,0x0000002635000000) (1024K)]
  0x000001ec46c500b0 JavaThread "Timer-2503"                        [_thread_blocked, id=36972, stack(0x0000002635200000,0x0000002635300000) (1024K)]
  0x000001ec46c4b1f0 JavaThread "Worker-4830: Initialize workspace"        [_thread_blocked, id=37768, stack(0x0000002634800000,0x0000002634900000) (1024K)]
  0x000001ec46c4fa20 JavaThread "Timer-2504"                        [_thread_blocked, id=15372, stack(0x0000002635000000,0x0000002635100000) (1024K)]
  0x000001ec46c4f390 JavaThread "Timer-2505"                        [_thread_blocked, id=31652, stack(0x0000002635100000,0x0000002635200000) (1024K)]
  0x000001ec46c4cc30 JavaThread "Timer-2506"                        [_thread_blocked, id=12968, stack(0x0000002635300000,0x0000002635400000) (1024K)]
  0x000001ec46c4dfe0 JavaThread "Timer-2507"                        [_thread_blocked, id=37216, stack(0x0000002635400000,0x0000002635500000) (1024K)]
  0x000001ec46c52180 JavaThread "Timer-2508"                        [_thread_blocked, id=34132, stack(0x0000002635600000,0x0000002635700000) (1024K)]
  0x000001ec46c50740 JavaThread "Timer-2509"                        [_thread_blocked, id=37628, stack(0x0000002635500000,0x0000002635600000) (1024K)]
  0x000001ec46c51af0 JavaThread "Timer-2510"                        [_thread_blocked, id=36764, stack(0x0000002635800000,0x0000002635900000) (1024K)]
  0x000001ec46c52810 JavaThread "Timer-2511"                        [_thread_blocked, id=14624, stack(0x0000002635a00000,0x0000002635b00000) (1024K)]
  0x000001ec46c50dd0 JavaThread "Worker-4850: Initialize workspace"        [_thread_blocked, id=35048, stack(0x0000002634e00000,0x0000002634f00000) (1024K)]
  0x000001ec46c4ed00 JavaThread "Timer-2512"                        [_thread_blocked, id=37196, stack(0x0000002635900000,0x0000002635a00000) (1024K)]
  0x000001ec46c55c90 JavaThread "Timer-2513"                        [_thread_blocked, id=33368, stack(0x0000002635b00000,0x0000002635c00000) (1024K)]
  0x000001ec46c55600 JavaThread "Timer-2514"                        [_thread_blocked, id=37016, stack(0x0000002635d00000,0x0000002635e00000) (1024K)]
  0x000001ec46c54f70 JavaThread "Timer-2515"                        [_thread_blocked, id=1096, stack(0x0000002635c00000,0x0000002635d00000) (1024K)]
  0x000001ec46c53bc0 JavaThread "Timer-2516"                        [_thread_blocked, id=33820, stack(0x0000002635f00000,0x0000002636000000) (1024K)]
  0x000001ec46c548e0 JavaThread "Timer-2517"                        [_thread_blocked, id=37532, stack(0x0000002635e00000,0x0000002635f00000) (1024K)]
  0x000001ec46c52ea0 JavaThread "Timer-2518"                        [_thread_blocked, id=28900, stack(0x0000002636100000,0x0000002636200000) (1024K)]
  0x000001ec46c56320 JavaThread "Timer-2519"                        [_thread_blocked, id=16456, stack(0x0000002636200000,0x0000002636300000) (1024K)]
  0x000001ec46c54250 JavaThread "Worker-4870: Initialize workspace"        [_thread_blocked, id=36536, stack(0x0000002635700000,0x0000002635800000) (1024K)]
  0x000001ec46c569b0 JavaThread "Timer-2520"                        [_thread_blocked, id=20792, stack(0x0000002636000000,0x0000002636100000) (1024K)]
  0x000001ec46c53530 JavaThread "Timer-2521"                        [_thread_blocked, id=34812, stack(0x0000002636400000,0x0000002636500000) (1024K)]
  0x000001ec46c57040 JavaThread "Timer-2522"                        [_thread_blocked, id=34704, stack(0x00000025be100000,0x00000025be200000) (1024K)]
  0x000001ec46c576d0 JavaThread "Timer-2523"                        [_thread_blocked, id=36156, stack(0x0000002636500000,0x0000002636600000) (1024K)]
  0x000001ec46c32ec0 JavaThread "Timer-2524"                        [_thread_blocked, id=32816, stack(0x0000002636700000,0x0000002636800000) (1024K)]
  0x000001ec37e8caa0 JavaThread "Timer-2525"                        [_thread_blocked, id=30896, stack(0x0000002636600000,0x0000002636700000) (1024K)]
  0x000001ec3bfbd680 JavaThread "Timer-2526"                        [_thread_blocked, id=31500, stack(0x0000002636900000,0x0000002636a00000) (1024K)]
  0x000001ec46c29140 JavaThread "Timer-2527"                        [_thread_blocked, id=36208, stack(0x0000002636a00000,0x0000002636b00000) (1024K)]
  0x000001ec476b9940 JavaThread "Worker-4892: Initialize workspace"        [_thread_blocked, id=34472, stack(0x0000002636800000,0x0000002636900000) (1024K)]
  0x000001ec3bfa6700 JavaThread "Timer-2528"                        [_thread_blocked, id=34648, stack(0x0000002636b00000,0x0000002636c00000) (1024K)]
  0x000001ec4712c7d0 JavaThread "Timer-2529"                        [_thread_blocked, id=33748, stack(0x0000002636c00000,0x0000002636d00000) (1024K)]
  0x000001ec4712b420 JavaThread "Timer-2530"                        [_thread_blocked, id=36128, stack(0x0000002636e00000,0x0000002636f00000) (1024K)]
  0x000001ec4712ce60 JavaThread "Timer-2531"                        [_thread_blocked, id=37884, stack(0x0000002636d00000,0x0000002636e00000) (1024K)]
  0x000001ec4712d4f0 JavaThread "Timer-2532"                        [_thread_blocked, id=36784, stack(0x0000002637000000,0x0000002637100000) (1024K)]
  0x000001ec4712a070 JavaThread "Timer-2533"                        [_thread_blocked, id=35880, stack(0x0000002636f00000,0x0000002637000000) (1024K)]
  0x000001ec4712db80 JavaThread "Timer-2534"                        [_thread_blocked, id=36800, stack(0x0000002637100000,0x0000002637200000) (1024K)]
  0x000001ec4712bab0 JavaThread "Timer-2535"                        [_thread_blocked, id=35860, stack(0x0000002637400000,0x0000002637500000) (1024K)]
  0x000001ec4712c140 JavaThread "Worker-4914: Initialize workspace"        [_thread_blocked, id=36620, stack(0x000000262fc00000,0x000000262fd00000) (1024K)]
  0x000001ec4712ad90 JavaThread "Timer-2536"                        [_thread_blocked, id=37776, stack(0x0000002637300000,0x0000002637400000) (1024K)]
  0x000001ec47130970 JavaThread "Timer-2537"                        [_thread_blocked, id=35376, stack(0x0000002637500000,0x0000002637600000) (1024K)]
  0x000001ec4712e8a0 JavaThread "Timer-2538"                        [_thread_blocked, id=36728, stack(0x0000002637700000,0x0000002637800000) (1024K)]
  0x000001ec471302e0 JavaThread "Timer-2539"                        [_thread_blocked, id=17524, stack(0x0000002637600000,0x0000002637700000) (1024K)]
  0x000001ec471323b0 JavaThread "Timer-2540"                        [_thread_blocked, id=36064, stack(0x0000002637900000,0x0000002637a00000) (1024K)]
  0x000001ec47131000 JavaThread "Timer-2541"                        [_thread_blocked, id=37984, stack(0x0000002637800000,0x0000002637900000) (1024K)]
  0x000001ec4712ef30 JavaThread "Timer-2542"                        [_thread_blocked, id=37992, stack(0x0000002637b00000,0x0000002637c00000) (1024K)]
  0x000001ec47131d20 JavaThread "Timer-2543"                        [_thread_blocked, id=38016, stack(0x0000002637d00000,0x0000002637e00000) (1024K)]
  0x000001ec4712e210 JavaThread "Worker-4934: Initialize workspace"        [_thread_blocked, id=38156, stack(0x0000002637a00000,0x0000002637b00000) (1024K)]
  0x000001ec4712f5c0 JavaThread "Timer-2544"                        [_thread_blocked, id=38200, stack(0x0000002637c00000,0x0000002637d00000) (1024K)]
  0x000001ec471330d0 JavaThread "Timer-2545"                        [_thread_blocked, id=38212, stack(0x0000002637e00000,0x0000002637f00000) (1024K)]
  0x000001ec47132a40 JavaThread "Timer-2546"                        [_thread_blocked, id=38220, stack(0x0000002638000000,0x0000002638100000) (1024K)]
  0x000001ec4712fc50 JavaThread "Timer-2547"                        [_thread_blocked, id=38224, stack(0x0000002637f00000,0x0000002638000000) (1024K)]
  0x000001ec47133df0 JavaThread "Timer-2548"                        [_thread_blocked, id=38232, stack(0x0000002638200000,0x0000002638300000) (1024K)]
  0x000001ec47135830 JavaThread "Timer-2549"                        [_thread_blocked, id=38488, stack(0x0000002638100000,0x0000002638200000) (1024K)]
  0x000001ec47134b10 JavaThread "Timer-2550"                        [_thread_blocked, id=38496, stack(0x0000002638400000,0x0000002638500000) (1024K)]
  0x000001ec47136550 JavaThread "Timer-2551"                        [_thread_blocked, id=38512, stack(0x0000002638500000,0x0000002638600000) (1024K)]
  0x000001ec47134480 JavaThread "Worker-4952: Initialize workspace"        [_thread_blocked, id=38640, stack(0x0000002637200000,0x0000002637300000) (1024K)]
  0x000001ec471351a0 JavaThread "Timer-2552"                        [_thread_blocked, id=38672, stack(0x0000002638300000,0x0000002638400000) (1024K)]
  0x000001ec47135ec0 JavaThread "Timer-2553"                        [_thread_blocked, id=38684, stack(0x0000002638700000,0x0000002638800000) (1024K)]
  0x000001ec47133760 JavaThread "Timer-2554"                        [_thread_blocked, id=38692, stack(0x0000002638900000,0x0000002638a00000) (1024K)]
  0x000001ec47138cb0 JavaThread "Timer-2555"                        [_thread_blocked, id=38696, stack(0x0000002638800000,0x0000002638900000) (1024K)]
  0x000001ec47137f90 JavaThread "Timer-2556"                        [_thread_blocked, id=38704, stack(0x0000002638b00000,0x0000002638c00000) (1024K)]
  0x000001ec471399d0 JavaThread "Timer-2557"                        [_thread_blocked, id=34320, stack(0x0000002638a00000,0x0000002638b00000) (1024K)]
  0x000001ec47137900 JavaThread "Timer-2558"                        [_thread_blocked, id=35600, stack(0x0000002638d00000,0x0000002638e00000) (1024K)]
  0x000001ec47138620 JavaThread "Timer-2559"                        [_thread_blocked, id=3296, stack(0x0000002638e00000,0x0000002638f00000) (1024K)]
  0x000001ec4713a060 JavaThread "Worker-4970: Initialize workspace"        [_thread_blocked, id=38008, stack(0x0000002638c00000,0x0000002638d00000) (1024K)]
  0x000001ec47136be0 JavaThread "Timer-2560"                        [_thread_blocked, id=38072, stack(0x0000002638f00000,0x0000002639000000) (1024K)]
  0x000001ec47139340 JavaThread "Timer-2561"                        [_thread_blocked, id=38068, stack(0x0000002639000000,0x0000002639100000) (1024K)]
  0x000001ec4713ce50 JavaThread "Timer-2562"                        [_thread_blocked, id=38124, stack(0x0000002639200000,0x0000002639300000) (1024K)]
  0x000001ec4713a6f0 JavaThread "Timer-2563"                        [_thread_blocked, id=38128, stack(0x0000002639100000,0x0000002639200000) (1024K)]
  0x000001ec4713d4e0 JavaThread "Timer-2564"                        [_thread_blocked, id=38132, stack(0x0000002639400000,0x0000002639500000) (1024K)]
  0x000001ec47137270 JavaThread "Timer-2565"                        [_thread_blocked, id=37240, stack(0x0000002639300000,0x0000002639400000) (1024K)]
  0x000001ec4713e890 JavaThread "Timer-2566"                        [_thread_blocked, id=37144, stack(0x0000002639600000,0x0000002639700000) (1024K)]
  0x000001ec4713e200 JavaThread "Timer-2567"                        [_thread_blocked, id=38360, stack(0x0000002639700000,0x0000002639800000) (1024K)]
  0x000001ec47131690 JavaThread "Worker-4986: Initialize workspace"        [_thread_blocked, id=38436, stack(0x0000002638600000,0x0000002638700000) (1024K)]
  0x000001ec4713ad80 JavaThread "Timer-2568"                        [_thread_blocked, id=38492, stack(0x0000002639500000,0x0000002639600000) (1024K)]
  0x000001ec4713b410 JavaThread "Timer-2569"                        [_thread_blocked, id=38468, stack(0x0000002639900000,0x0000002639a00000) (1024K)]
  0x000001ec4713baa0 JavaThread "Timer-2570"                        [_thread_blocked, id=38440, stack(0x0000002639b00000,0x0000002639c00000) (1024K)]
  0x000001ec4713db70 JavaThread "Timer-2571"                        [_thread_blocked, id=38560, stack(0x0000002639a00000,0x0000002639b00000) (1024K)]
  0x000001ec4713ef20 JavaThread "Timer-2572"                        [_thread_blocked, id=38544, stack(0x0000002639d00000,0x0000002639e00000) (1024K)]
  0x000001ec4713f5b0 JavaThread "Timer-2573"                        [_thread_blocked, id=34820, stack(0x0000002639c00000,0x0000002639d00000) (1024K)]
  0x000001ec4713fc40 JavaThread "Timer-2574"                        [_thread_blocked, id=38816, stack(0x0000002639f00000,0x000000263a000000) (1024K)]
  0x000001ec47140960 JavaThread "Timer-2575"                        [_thread_blocked, id=38752, stack(0x000000263a000000,0x000000263a100000) (1024K)]
  0x000001ec4713c130 JavaThread "Worker-5008: Initialize workspace"        [_thread_blocked, id=37260, stack(0x0000002639800000,0x0000002639900000) (1024K)]
  0x000001ec47140ff0 JavaThread "Timer-2576"                        [_thread_blocked, id=32620, stack(0x000000263a100000,0x000000263a200000) (1024K)]
  0x000001ec471423a0 JavaThread "Timer-2577"                        [_thread_blocked, id=22868, stack(0x000000263a200000,0x000000263a300000) (1024K)]
  0x000001ec471402d0 JavaThread "Timer-2578"                        [_thread_blocked, id=37564, stack(0x000000263a300000,0x000000263a400000) (1024K)]
  0x000001ec47141680 JavaThread "Timer-2579"                        [_thread_blocked, id=36356, stack(0x0000002627c00000,0x0000002627d00000) (1024K)]
  0x000001ec47141d10 JavaThread "Timer-2580"                        [_thread_blocked, id=27120, stack(0x000000263a400000,0x000000263a500000) (1024K)]
  0x000001ec47143750 JavaThread "Timer-2581"                        [_thread_blocked, id=33924, stack(0x0000002627d00000,0x0000002627e00000) (1024K)]
  0x000001ec47143de0 JavaThread "Timer-2582"                        [_thread_blocked, id=16056, stack(0x000000263a600000,0x000000263a700000) (1024K)]
  0x000001ec471430c0 JavaThread "Timer-2583"                        [_thread_blocked, id=38144, stack(0x000000263a700000,0x000000263a800000) (1024K)]
  0x000001ec47142a30 JavaThread "Worker-5027: Initialize workspace"        [_thread_blocked, id=38288, stack(0x000000263a500000,0x000000263a600000) (1024K)]
  0x000001ec471478f0 JavaThread "Timer-2584"                        [_thread_blocked, id=17092, stack(0x000000263a800000,0x000000263a900000) (1024K)]
  0x000001ec47145eb0 JavaThread "Timer-2585"                        [_thread_blocked, id=15136, stack(0x000000263a900000,0x000000263aa00000) (1024K)]
  0x000001ec47147f80 JavaThread "Timer-2586"                        [_thread_blocked, id=16924, stack(0x000000263ab00000,0x000000263ac00000) (1024K)]
  0x000001ec47145190 JavaThread "Timer-2587"                        [_thread_blocked, id=38260, stack(0x000000263aa00000,0x000000263ab00000) (1024K)]
  0x000001ec47147260 JavaThread "Timer-2588"                        [_thread_blocked, id=38432, stack(0x000000263ad00000,0x000000263ae00000) (1024K)]
  0x000001ec47145820 JavaThread "Timer-2589"                        [_thread_blocked, id=19736, stack(0x000000263ac00000,0x000000263ad00000) (1024K)]
  0x000001ec47144b00 JavaThread "Timer-2590"                        [_thread_blocked, id=38656, stack(0x000000263af00000,0x000000263b000000) (1024K)]
  0x000001ec471499c0 JavaThread "Timer-2591"                        [_thread_blocked, id=6796, stack(0x000000263b000000,0x000000263b100000) (1024K)]
  0x000001ec4713c7c0 JavaThread "Worker-5045: Initialize workspace"        [_thread_blocked, id=37988, stack(0x0000002639e00000,0x0000002639f00000) (1024K)]
  0x000001ec47148ca0 JavaThread "Timer-2592"                        [_thread_blocked, id=20912, stack(0x000000263b300000,0x000000263b400000) (1024K)]
  0x000001ec47146bd0 JavaThread "Timer-2593"                        [_thread_blocked, id=37972, stack(0x000000263ae00000,0x000000263af00000) (1024K)]
  0x000001ec47144470 JavaThread "Timer-2594"                        [_thread_blocked, id=38716, stack(0x000000263b400000,0x000000263b500000) (1024K)]
  0x000001ec47149330 JavaThread "Timer-2595"                        [_thread_blocked, id=30480, stack(0x000000263b100000,0x000000263b200000) (1024K)]
  0x000001ec47146540 JavaThread "Timer-2596"                        [_thread_blocked, id=37044, stack(0x000000263b600000,0x000000263b700000) (1024K)]
  0x000001ec4714c7b0 JavaThread "Timer-2597"                        [_thread_blocked, id=38660, stack(0x000000263b500000,0x000000263b600000) (1024K)]
  0x000001ec4714ba90 JavaThread "Timer-2598"                        [_thread_blocked, id=38036, stack(0x000000263b800000,0x000000263b900000) (1024K)]
  0x000001ec4714a050 JavaThread "Timer-2599"                        [_thread_blocked, id=38140, stack(0x000000263bb00000,0x000000263bc00000) (1024K)]
  0x000001ec4714ce40 JavaThread "Worker-5065: Initialize workspace"        [_thread_blocked, id=38304, stack(0x000000263b700000,0x000000263b800000) (1024K)]
  0x000001ec4714ad70 JavaThread "Timer-2600"                        [_thread_blocked, id=37708, stack(0x000000263b200000,0x000000263b300000) (1024K)]
  0x000001ec47148610 JavaThread "Timer-2601"                        [_thread_blocked, id=37940, stack(0x000000263ba00000,0x000000263bb00000) (1024K)]
  0x000001ec4714d4d0 JavaThread "Timer-2602"                        [_thread_blocked, id=38104, stack(0x000000263bc00000,0x000000263bd00000) (1024K)]
  0x000001ec4714c120 JavaThread "Timer-2603"                        [_thread_blocked, id=38284, stack(0x000000263bd00000,0x000000263be00000) (1024K)]
  0x000001ec4714e1f0 JavaThread "Timer-2604"                        [_thread_blocked, id=12096, stack(0x000000263bf00000,0x000000263c000000) (1024K)]
  0x000001ec4714fc30 JavaThread "Timer-2605"                        [_thread_blocked, id=38504, stack(0x000000263be00000,0x000000263bf00000) (1024K)]
  0x000001ec4714db60 JavaThread "Timer-2606"                        [_thread_blocked, id=38760, stack(0x000000263c100000,0x000000263c200000) (1024K)]
  0x000001ec47151d00 JavaThread "Timer-2607"                        [_thread_blocked, id=38584, stack(0x000000263c200000,0x000000263c300000) (1024K)]
  0x000001ec4714e880 JavaThread "Worker-5087: Initialize workspace"        [_thread_blocked, id=38476, stack(0x000000263b900000,0x000000263ba00000) (1024K)]
  0x000001ec4714a6e0 JavaThread "Timer-2608"                        [_thread_blocked, id=15480, stack(0x000000263c000000,0x000000263c100000) (1024K)]
  0x000001ec471502c0 JavaThread "Timer-2609"                        [_thread_blocked, id=36256, stack(0x000000263c400000,0x000000263c500000) (1024K)]
  0x000001ec47152390 JavaThread "Timer-2610"                        [_thread_blocked, id=37840, stack(0x000000263c700000,0x000000263c800000) (1024K)]
  0x000001ec4714ef10 JavaThread "Timer-2611"                        [_thread_blocked, id=37852, stack(0x000000263c500000,0x000000263c600000) (1024K)]
  0x000001ec47151670 JavaThread "Timer-2612"                        [_thread_blocked, id=37796, stack(0x000000263c800000,0x000000263c900000) (1024K)]
  0x000001ec47153dd0 JavaThread "Timer-2613"                        [_thread_blocked, id=38300, stack(0x000000263c600000,0x000000263c700000) (1024K)]
  0x000001ec47150fe0 JavaThread "Timer-2614"                        [_thread_blocked, id=38328, stack(0x000000263ca00000,0x000000263cb00000) (1024K)]
  0x000001ec471530b0 JavaThread "Timer-2615"                        [_thread_blocked, id=38268, stack(0x000000263cb00000,0x000000263cc00000) (1024K)]
  0x000001ec47152a20 JavaThread "Worker-5108: Initialize workspace"        [_thread_blocked, id=6480, stack(0x000000263c900000,0x000000263ca00000) (1024K)]
  0x000001ec47155180 JavaThread "Timer-2616"                        [_thread_blocked, id=26320, stack(0x000000263ce00000,0x000000263cf00000) (1024K)]
  0x000001ec4714f5a0 JavaThread "Timer-2617"                        [_thread_blocked, id=37652, stack(0x000000263c300000,0x000000263c400000) (1024K)]
  0x000001ec47153740 JavaThread "Timer-2618"                        [_thread_blocked, id=13156, stack(0x000000263cf00000,0x000000263d000000) (1024K)]
  0x000001ec47150950 JavaThread "Timer-2619"                        [_thread_blocked, id=35868, stack(0x000000263cd00000,0x000000263ce00000) (1024K)]
  0x000001ec47154af0 JavaThread "Timer-2620"                        [_thread_blocked, id=22884, stack(0x000000263d100000,0x000000263d200000) (1024K)]
  0x000001ec47155810 JavaThread "Timer-2621"                        [_thread_blocked, id=37684, stack(0x000000263d000000,0x000000263d100000) (1024K)]
  0x000001ec47155ea0 JavaThread "Timer-2622"                        [_thread_blocked, id=31020, stack(0x000000263d300000,0x000000263d400000) (1024K)]
  0x000001ec47156530 JavaThread "Timer-2623"                        [_thread_blocked, id=38452, stack(0x000000263d400000,0x000000263d500000) (1024K)]
  0x000001ec4714b400 JavaThread "Worker-5126: Initialize workspace"        [_thread_blocked, id=25188, stack(0x0000002636300000,0x0000002636400000) (1024K)]
  0x000001ec47158600 JavaThread "Timer-2624"                        [_thread_blocked, id=37668, stack(0x000000263d200000,0x000000263d300000) (1024K)]
  0x000001ec471578e0 JavaThread "Timer-2625"                        [_thread_blocked, id=38848, stack(0x000000263d600000,0x000000263d700000) (1024K)]
  0x000001ec471599b0 JavaThread "Timer-2626"                        [_thread_blocked, id=38632, stack(0x000000263d800000,0x000000263d900000) (1024K)]
  0x000001ec47157f70 JavaThread "Timer-2627"                        [_thread_blocked, id=38808, stack(0x000000263d700000,0x000000263d800000) (1024K)]
  0x000001ec4715a6d0 JavaThread "Timer-2628"                        [_thread_blocked, id=38736, stack(0x000000263da00000,0x000000263db00000) (1024K)]
  0x000001ec47159320 JavaThread "Timer-2629"                        [_thread_blocked, id=37980, stack(0x000000263d900000,0x000000263da00000) (1024K)]
  0x000001ec4715a040 JavaThread "Timer-2630"                        [_thread_blocked, id=38172, stack(0x000000263dc00000,0x000000263dd00000) (1024K)]
  0x000001ec47156bc0 JavaThread "Timer-2631"                        [_thread_blocked, id=37220, stack(0x000000263dd00000,0x000000263de00000) (1024K)]
  0x000001ec47158c90 JavaThread "Worker-5145: Initialize workspace"        [_thread_blocked, id=38532, stack(0x000000263d500000,0x000000263d600000) (1024K)]
  0x000001ec47157250 JavaThread "Timer-2632"                        [_thread_blocked, id=36720, stack(0x000000263db00000,0x000000263dc00000) (1024K)]
  0x000001ec4715ce30 JavaThread "Timer-2633"                        [_thread_blocked, id=35972, stack(0x000000263df00000,0x000000263e000000) (1024K)]
  0x000001ec4715d4c0 JavaThread "Timer-2634"                        [_thread_blocked, id=38120, stack(0x000000263e200000,0x000000263e300000) (1024K)]
  0x000001ec47154460 JavaThread "Timer-2635"                        [_thread_blocked, id=37836, stack(0x000000263cc00000,0x000000263cd00000) (1024K)]
  0x000001ec4715ba80 JavaThread "Timer-2636"                        [_thread_blocked, id=38664, stack(0x000000263e100000,0x000000263e200000) (1024K)]
  0x000001ec4715e1e0 JavaThread "Timer-2637"                        [_thread_blocked, id=38864, stack(0x000000263e300000,0x000000263e400000) (1024K)]
  0x000001ec4715ad60 JavaThread "Timer-2638"                        [_thread_blocked, id=37996, stack(0x000000263e400000,0x000000263e500000) (1024K)]
  0x000001ec4715b3f0 JavaThread "Timer-2639"                        [_thread_blocked, id=38244, stack(0x000000263e600000,0x000000263e700000) (1024K)]
  0x000001ec4715c7a0 JavaThread "Worker-5168: Initialize workspace"        [_thread_blocked, id=38472, stack(0x000000263de00000,0x000000263df00000) (1024K)]
  0x000001ec47160fd0 JavaThread "Timer-2640"                        [_thread_blocked, id=9868, stack(0x000000263e700000,0x000000263e800000) (1024K)]
  0x000001ec47161660 JavaThread "Timer-2641"                        [_thread_blocked, id=38088, stack(0x000000263e800000,0x000000263e900000) (1024K)]
  0x000001ec47162380 JavaThread "Timer-2642"                        [_thread_blocked, id=21348, stack(0x000000263ea00000,0x000000263eb00000) (1024K)]
  0x000001ec47160940 JavaThread "Timer-2643"                        [_thread_blocked, id=36004, stack(0x000000263e900000,0x000000263ea00000) (1024K)]
  0x000001ec4715fc20 JavaThread "Timer-2644"                        [_thread_blocked, id=38484, stack(0x000000263ec00000,0x000000263ed00000) (1024K)]
  0x000001ec4715ef00 JavaThread "Timer-2645"                        [_thread_blocked, id=35680, stack(0x000000263eb00000,0x000000263ec00000) (1024K)]
  0x000001ec47161cf0 JavaThread "Timer-2646"                        [_thread_blocked, id=36516, stack(0x000000263ee00000,0x000000263ef00000) (1024K)]
  0x000001ec4715f590 JavaThread "Timer-2647"                        [_thread_blocked, id=38080, stack(0x000000263ef00000,0x000000263f000000) (1024K)]
  0x000001ec4715db50 JavaThread "Worker-5184: Initialize workspace"        [_thread_blocked, id=24892, stack(0x000000263e500000,0x000000263e600000) (1024K)]
  0x000001ec471630a0 JavaThread "Timer-2648"                        [_thread_blocked, id=38164, stack(0x000000263f100000,0x000000263f200000) (1024K)]
  0x000001ec47163730 JavaThread "Timer-2649"                        [_thread_blocked, id=37080, stack(0x000000263f200000,0x000000263f300000) (1024K)]
  0x000001ec47165170 JavaThread "Timer-2650"                        [_thread_blocked, id=34892, stack(0x000000263f000000,0x000000263f100000) (1024K)]
  0x000001ec47162a10 JavaThread "Timer-2651"                        [_thread_blocked, id=37944, stack(0x000000263f300000,0x000000263f400000) (1024K)]
  0x000001ec471602b0 JavaThread "Timer-2652"                        [_thread_blocked, id=13548, stack(0x000000263f400000,0x000000263f500000) (1024K)]
  0x000001ec47163dc0 JavaThread "Timer-2653"                        [_thread_blocked, id=37360, stack(0x000000263f500000,0x000000263f600000) (1024K)]
  0x000001ec47166bb0 JavaThread "Timer-2654"                        [_thread_blocked, id=38796, stack(0x000000263f700000,0x000000263f800000) (1024K)]
  0x000001ec47164ae0 JavaThread "Timer-2655"                        [_thread_blocked, id=38740, stack(0x000000263f900000,0x000000263fa00000) (1024K)]
  0x000001ec4715e870 JavaThread "Worker-5207: Initialize workspace"        [_thread_blocked, id=5436, stack(0x000000263e000000,0x000000263e100000) (1024K)]
  0x000001ec47164450 JavaThread "Timer-2656"                        [_thread_blocked, id=38688, stack(0x000000263f800000,0x000000263f900000) (1024K)]
  0x000001ec471685f0 JavaThread "Timer-2657"                        [_thread_blocked, id=38772, stack(0x000000263fa00000,0x000000263fb00000) (1024K)]
  0x000001ec47168c80 JavaThread "Timer-2658"                        [_thread_blocked, id=28968, stack(0x000000263fc00000,0x000000263fd00000) (1024K)]
  0x000001ec47167f60 JavaThread "Timer-2659"                        [_thread_blocked, id=38840, stack(0x000000263fb00000,0x000000263fc00000) (1024K)]
  0x000001ec47169310 JavaThread "Timer-2660"                        [_thread_blocked, id=3284, stack(0x000000263fe00000,0x000000263ff00000) (1024K)]
  0x000001ec47165e90 JavaThread "Timer-2661"                        [_thread_blocked, id=38272, stack(0x000000263fd00000,0x000000263fe00000) (1024K)]
  0x000001ec471699a0 JavaThread "Timer-2662"                        [_thread_blocked, id=37896, stack(0x0000002640000000,0x0000002640100000) (1024K)]
  0x000001ec47166520 JavaThread "Timer-2663"                        [_thread_blocked, id=13644, stack(0x0000002640100000,0x0000002640200000) (1024K)]
  0x000001ec4716a030 JavaThread "Worker-5224: Initialize workspace"        [_thread_blocked, id=24976, stack(0x000000263f600000,0x000000263f700000) (1024K)]
  0x000001ec4716a6c0 JavaThread "Timer-2664"                        [_thread_blocked, id=36520, stack(0x0000002640200000,0x0000002640300000) (1024K)]
  0x000001ec4712a700 JavaThread "Timer-2665"                        [_thread_blocked, id=38580, stack(0x0000002640300000,0x0000002640400000) (1024K)]
  0x000001ec471678d0 JavaThread "Timer-2666"                        [_thread_blocked, id=38316, stack(0x0000002640500000,0x0000002640600000) (1024K)]
  0x000001ec4715c110 JavaThread "Timer-2667"                        [_thread_blocked, id=25368, stack(0x0000002640400000,0x0000002640500000) (1024K)]
  0x000001ec46c51460 JavaThread "Timer-2668"                        [_thread_blocked, id=21724, stack(0x0000002640700000,0x0000002640800000) (1024K)]
  0x000001ec46c4d2c0 JavaThread "Timer-2669"                        [_thread_blocked, id=34776, stack(0x0000002640600000,0x0000002640700000) (1024K)]
  0x000001ec48052ce0 JavaThread "Timer-2670"                        [_thread_blocked, id=38784, stack(0x0000002640900000,0x0000002640a00000) (1024K)]
  0x000001ec48051930 JavaThread "Timer-2671"                        [_thread_blocked, id=10484, stack(0x0000002640a00000,0x0000002640b00000) (1024K)]
  0x000001ec48051fc0 JavaThread "Worker-5242: Initialize workspace"        [_thread_blocked, id=33868, stack(0x000000263ff00000,0x0000002640000000) (1024K)]
  0x000001ec4804f860 JavaThread "Timer-2672"                        [_thread_blocked, id=34164, stack(0x0000002640b00000,0x0000002640c00000) (1024K)]
  0x000001ec48053370 JavaThread "Timer-2673"                        [_thread_blocked, id=29124, stack(0x0000002640c00000,0x0000002640d00000) (1024K)]
  0x000001ec48052650 JavaThread "Timer-2674"                        [_thread_blocked, id=38228, stack(0x0000002640e00000,0x0000002640f00000) (1024K)]
  0x000001ec480512a0 JavaThread "Timer-2675"                        [_thread_blocked, id=37404, stack(0x0000002640d00000,0x0000002640e00000) (1024K)]
  0x000001ec48053a00 JavaThread "Timer-2676"                        [_thread_blocked, id=10304, stack(0x0000002641000000,0x0000002641100000) (1024K)]
  0x000001ec48054090 JavaThread "Timer-2677"                        [_thread_blocked, id=38676, stack(0x0000002640f00000,0x0000002641000000) (1024K)]
  0x000001ec48055440 JavaThread "Timer-2678"                        [_thread_blocked, id=37488, stack(0x0000002641200000,0x0000002641300000) (1024K)]
  0x000001ec48056e80 JavaThread "Timer-2679"                        [_thread_blocked, id=38176, stack(0x0000002641300000,0x0000002641400000) (1024K)]
  0x000001ec48050580 JavaThread "Worker-5259: Initialize workspace"        [_thread_blocked, id=37732, stack(0x0000002640800000,0x0000002640900000) (1024K)]
  0x000001ec48057510 JavaThread "Timer-2680"                        [_thread_blocked, id=38236, stack(0x0000002641400000,0x0000002641500000) (1024K)]
  0x000001ec48054720 JavaThread "Timer-2681"                        [_thread_blocked, id=38204, stack(0x0000002641800000,0x0000002641900000) (1024K)]
  0x000001ec48058230 JavaThread "Timer-2682"                        [_thread_blocked, id=24800, stack(0x0000002641500000,0x0000002641600000) (1024K)]
  0x000001ec480567f0 JavaThread "Timer-2683"                        [_thread_blocked, id=14116, stack(0x0000002641900000,0x0000002641a00000) (1024K)]
  0x000001ec48054db0 JavaThread "Timer-2684"                        [_thread_blocked, id=35036, stack(0x0000002641b00000,0x0000002641c00000) (1024K)]
  0x000001ec48057ba0 JavaThread "Timer-2685"                        [_thread_blocked, id=38624, stack(0x0000002641a00000,0x0000002641b00000) (1024K)]
  0x000001ec480588c0 JavaThread "Timer-2686"                        [_thread_blocked, id=38368, stack(0x0000002641c00000,0x0000002641d00000) (1024K)]
  0x000001ec48055ad0 JavaThread "Timer-2687"                        [_thread_blocked, id=38592, stack(0x0000002641e00000,0x0000002641f00000) (1024K)]
  0x000001ec48056160 JavaThread "Worker-5279: Initialize workspace"        [_thread_blocked, id=36960, stack(0x0000002642000000,0x0000002642100000) (1024K)]
  0x000001ec48050c10 JavaThread "Timer-2688"                        [_thread_blocked, id=37120, stack(0x0000002641100000,0x0000002641200000) (1024K)]
  0x000001ec48059c70 JavaThread "Timer-2689"                        [_thread_blocked, id=23996, stack(0x0000002641d00000,0x0000002641e00000) (1024K)]
  0x000001ec4805a300 JavaThread "Timer-2690"                        [_thread_blocked, id=35732, stack(0x0000002642200000,0x0000002642300000) (1024K)]
  0x000001ec480595e0 JavaThread "Timer-2691"                        [_thread_blocked, id=36724, stack(0x0000002642100000,0x0000002642200000) (1024K)]
  0x000001ec4801b6f0 JavaThread "Timer-2692"                        [_thread_blocked, id=13000, stack(0x0000002642300000,0x0000002642400000) (1024K)]
  0x000001ec4801bd80 JavaThread "Timer-2693"                        [_thread_blocked, id=34380, stack(0x0000002642400000,0x0000002642500000) (1024K)]
  0x000001ec4801caa0 JavaThread "Timer-2694"                        [_thread_blocked, id=38724, stack(0x0000002642600000,0x0000002642700000) (1024K)]
  0x000001ec4801d7c0 JavaThread "Timer-2695"                        [_thread_blocked, id=38480, stack(0x0000002642800000,0x0000002642900000) (1024K)]
  0x000001ec4804fef0 JavaThread "Worker-5301: Initialize workspace"        [_thread_blocked, id=4780, stack(0x000000263ed00000,0x000000263ee00000) (1024K)]
  0x000001ec4801c410 JavaThread "Timer-2696"                        [_thread_blocked, id=37408, stack(0x0000002642700000,0x0000002642800000) (1024K)]
  0x000001ec4801b060 JavaThread "Timer-2697"                        [_thread_blocked, id=36812, stack(0x0000002642900000,0x0000002642a00000) (1024K)]
  0x000001ec48020c40 JavaThread "Timer-2698"                        [_thread_blocked, id=36440, stack(0x0000002642b00000,0x0000002642c00000) (1024K)]
  0x000001ec4801eb70 JavaThread "Timer-2699"                        [_thread_blocked, id=35512, stack(0x0000002642a00000,0x0000002642b00000) (1024K)]
  0x000001ec4801e4e0 JavaThread "Timer-2700"                        [_thread_blocked, id=35544, stack(0x0000002642d00000,0x0000002642e00000) (1024K)]
  0x000001ec480212d0 JavaThread "Timer-2701"                        [_thread_blocked, id=36556, stack(0x0000002642c00000,0x0000002642d00000) (1024K)]
  0x000001ec4801de50 JavaThread "Timer-2702"                        [_thread_blocked, id=27360, stack(0x0000002642f00000,0x0000002643000000) (1024K)]
  0x000001ec48022680 JavaThread "Timer-2703"                        [_thread_blocked, id=37268, stack(0x0000002643000000,0x0000002643100000) (1024K)]
  0x000001ec480205b0 JavaThread "Worker-5317: Initialize workspace"        [_thread_blocked, id=38648, stack(0x0000002642e00000,0x0000002642f00000) (1024K)]
  0x000001ec4801d130 JavaThread "Timer-2704"                        [_thread_blocked, id=29392, stack(0x0000002642500000,0x0000002642600000) (1024K)]
  0x000001ec4801f200 JavaThread "Timer-2705"                        [_thread_blocked, id=37124, stack(0x0000002643200000,0x0000002643300000) (1024K)]
  0x000001ec480233a0 JavaThread "Timer-2706"                        [_thread_blocked, id=26940, stack(0x0000002643400000,0x0000002643500000) (1024K)]
  0x000001ec48024de0 JavaThread "Timer-2707"                        [_thread_blocked, id=38116, stack(0x0000002643300000,0x0000002643400000) (1024K)]
  0x000001ec48021960 JavaThread "Timer-2708"                        [_thread_blocked, id=38136, stack(0x0000002643500000,0x0000002643600000) (1024K)]
  0x000001ec48021ff0 JavaThread "Timer-2709"                        [_thread_blocked, id=37892, stack(0x0000002643600000,0x0000002643700000) (1024K)]
  0x000001ec48022d10 JavaThread "Timer-2710"                        [_thread_blocked, id=23820, stack(0x0000002643800000,0x0000002643900000) (1024K)]
  0x000001ec48025b00 JavaThread "Timer-2711"                        [_thread_blocked, id=7284, stack(0x0000002643a00000,0x0000002643b00000) (1024K)]
  0x000001ec48025470 JavaThread "Worker-5341: Initialize workspace"        [_thread_blocked, id=29672, stack(0x0000002643700000,0x0000002643800000) (1024K)]
  0x000001ec48026190 JavaThread "Timer-2712"                        [_thread_blocked, id=38524, stack(0x0000002643b00000,0x0000002643c00000) (1024K)]
  0x000001ec4801f890 JavaThread "Timer-2713"                        [_thread_blocked, id=11940, stack(0x0000002641f00000,0x0000002642000000) (1024K)]
  0x000001ec48026820 JavaThread "Timer-2714"                        [_thread_blocked, id=21384, stack(0x0000002643d00000,0x0000002643e00000) (1024K)]
  0x000001ec48024750 JavaThread "Timer-2715"                        [_thread_blocked, id=30992, stack(0x0000002643c00000,0x0000002643d00000) (1024K)]
  0x000001ec48023a30 JavaThread "Timer-2716"                        [_thread_blocked, id=34224, stack(0x0000002643f00000,0x0000002644000000) (1024K)]
  0x000001ec48028260 JavaThread "Timer-2717"                        [_thread_blocked, id=36896, stack(0x0000002643e00000,0x0000002643f00000) (1024K)]
  0x000001ec48026eb0 JavaThread "Timer-2718"                        [_thread_blocked, id=37148, stack(0x0000002644100000,0x0000002644200000) (1024K)]
  0x000001ec48029610 JavaThread "Timer-2719"                        [_thread_blocked, id=38392, stack(0x0000002644300000,0x0000002644400000) (1024K)]
  0x000001ec48029ca0 JavaThread "Worker-5362: Initialize workspace"        [_thread_blocked, id=38540, stack(0x0000002644000000,0x0000002644100000) (1024K)]
  0x000001ec480240c0 JavaThread "Timer-2720"                        [_thread_blocked, id=38888, stack(0x0000002644200000,0x0000002644300000) (1024K)]
  0x000001ec480288f0 JavaThread "Timer-2721"                        [_thread_blocked, id=38616, stack(0x0000002644400000,0x0000002644500000) (1024K)]
  0x000001ec4802bd70 JavaThread "Timer-2722"                        [_thread_blocked, id=38880, stack(0x0000002644600000,0x0000002644700000) (1024K)]
  0x000001ec4802a330 JavaThread "Timer-2723"                        [_thread_blocked, id=37452, stack(0x0000002644500000,0x0000002644600000) (1024K)]
  0x000001ec4802b050 JavaThread "Timer-2724"                        [_thread_blocked, id=35520, stack(0x0000002644800000,0x0000002644900000) (1024K)]
  0x000001ec48027bd0 JavaThread "Timer-2725"                        [_thread_blocked, id=38940, stack(0x00000025be400000,0x00000025be500000) (1024K)]
  0x000001ec4802b6e0 JavaThread "Timer-2726"                        [_thread_blocked, id=38948, stack(0x0000002644900000,0x0000002644a00000) (1024K)]
  0x000001ec4802c400 JavaThread "Timer-2727"                        [_thread_blocked, id=38960, stack(0x0000002644a00000,0x0000002644b00000) (1024K)]
  0x000001ec48028f80 JavaThread "Worker-5382: Initialize workspace"        [_thread_blocked, id=39164, stack(0x0000002643900000,0x0000002643a00000) (1024K)]
  0x000001ec48027540 JavaThread "Timer-2728"                        [_thread_blocked, id=39224, stack(0x0000002644b00000,0x0000002644c00000) (1024K)]
  0x000001ec4802f1f0 JavaThread "Timer-2729"                        [_thread_blocked, id=39236, stack(0x0000002644d00000,0x0000002644e00000) (1024K)]
  0x000001ec4802d120 JavaThread "Timer-2730"                        [_thread_blocked, id=39244, stack(0x0000002644f00000,0x0000002645000000) (1024K)]
  0x000001ec4802f880 JavaThread "Timer-2731"                        [_thread_blocked, id=39248, stack(0x0000002644c00000,0x0000002644d00000) (1024K)]
  0x000001ec4802e4d0 JavaThread "Timer-2732"                        [_thread_blocked, id=39256, stack(0x0000002645000000,0x0000002645100000) (1024K)]
  0x000001ec4802ff10 JavaThread "Timer-2733"                        [_thread_blocked, id=39508, stack(0x0000002645100000,0x0000002645200000) (1024K)]
  0x000001ec4802eb60 JavaThread "Timer-2734"                        [_thread_blocked, id=39516, stack(0x0000002645200000,0x0000002645300000) (1024K)]
  0x000001ec480305a0 JavaThread "Timer-2735"                        [_thread_blocked, id=39528, stack(0x0000002645300000,0x0000002645400000) (1024K)]
  0x000001ec4802d7b0 JavaThread "Worker-5402: Initialize workspace"        [_thread_blocked, id=39680, stack(0x0000002644700000,0x0000002644800000) (1024K)]
  0x000001ec4802ca90 JavaThread "Timer-2736"                        [_thread_blocked, id=39724, stack(0x0000002644e00000,0x0000002644f00000) (1024K)]
  0x000001ec4802a9c0 JavaThread "Timer-2737"                        [_thread_blocked, id=39736, stack(0x0000002645500000,0x0000002645600000) (1024K)]
  0x000001ec48032670 JavaThread "Timer-2738"                        [_thread_blocked, id=39744, stack(0x0000002645600000,0x0000002645700000) (1024K)]
  0x000001ec480340b0 JavaThread "Timer-2739"                        [_thread_blocked, id=39748, stack(0x0000002645700000,0x0000002645800000) (1024K)]
  0x000001ec480312c0 JavaThread "Timer-2740"                        [_thread_blocked, id=39756, stack(0x0000002645900000,0x0000002645a00000) (1024K)]
  0x000001ec48030c30 JavaThread "Timer-2741"                        [_thread_blocked, id=37060, stack(0x0000002645800000,0x0000002645900000) (1024K)]
  0x000001ec48032d00 JavaThread "Timer-2742"                        [_thread_blocked, id=36328, stack(0x0000002645b00000,0x0000002645c00000) (1024K)]
  0x000001ec48033390 JavaThread "Timer-2743"                        [_thread_blocked, id=4716, stack(0x0000002645c00000,0x0000002645d00000) (1024K)]
  0x000001ec4802de40 JavaThread "Worker-5420: Initialize workspace"        [_thread_blocked, id=39032, stack(0x0000002645400000,0x0000002645500000) (1024K)]
  0x000001ec48033a20 JavaThread "Timer-2744"                        [_thread_blocked, id=39048, stack(0x0000002645d00000,0x0000002645e00000) (1024K)]
  0x000001ec48034740 JavaThread "Timer-2745"                        [_thread_blocked, id=39064, stack(0x0000002645e00000,0x0000002645f00000) (1024K)]
  0x000001ec48031950 JavaThread "Timer-2746"                        [_thread_blocked, id=39076, stack(0x0000002645f00000,0x0000002646000000) (1024K)]
  0x000001ec48031fe0 JavaThread "Timer-2747"                        [_thread_blocked, id=39004, stack(0x0000002646000000,0x0000002646100000) (1024K)]
  0x000001ec48037bc0 JavaThread "Timer-2748"                        [_thread_blocked, id=38996, stack(0x0000002646200000,0x0000002646300000) (1024K)]
  0x000001ec48038250 JavaThread "Timer-2749"                        [_thread_blocked, id=39436, stack(0x0000002646100000,0x0000002646200000) (1024K)]
  0x000001ec48035460 JavaThread "Timer-2750"                        [_thread_blocked, id=39392, stack(0x0000002646400000,0x0000002646500000) (1024K)]
  0x000001ec48036810 JavaThread "Timer-2751"                        [_thread_blocked, id=39428, stack(0x0000002646600000,0x0000002646700000) (1024K)]
  0x000001ec4801ff20 JavaThread "Worker-5442: Initialize workspace"        [_thread_blocked, id=39384, stack(0x0000002643100000,0x0000002643200000) (1024K)]
  0x000001ec48034dd0 JavaThread "Timer-2752"                        [_thread_blocked, id=39540, stack(0x0000002646300000,0x0000002646400000) (1024K)]
  0x000001ec48038f70 JavaThread "Timer-2753"                        [_thread_blocked, id=39580, stack(0x0000002646700000,0x0000002646800000) (1024K)]
  0x000001ec48036ea0 JavaThread "Timer-2754"                        [_thread_blocked, id=39652, stack(0x0000002646900000,0x0000002646a00000) (1024K)]
  0x000001ec48035af0 JavaThread "Timer-2755"                        [_thread_blocked, id=39568, stack(0x0000002646800000,0x0000002646900000) (1024K)]
  0x000001ec48039c90 JavaThread "Timer-2756"                        [_thread_blocked, id=39624, stack(0x0000002646b00000,0x0000002646c00000) (1024K)]
  0x000001ec480388e0 JavaThread "Timer-2757"                        [_thread_blocked, id=37600, stack(0x0000002646a00000,0x0000002646b00000) (1024K)]
  0x000001ec4803a9b0 JavaThread "Timer-2758"                        [_thread_blocked, id=39796, stack(0x0000002646d00000,0x0000002646e00000) (1024K)]
  0x000001ec4803b040 JavaThread "Timer-2759"                        [_thread_blocked, id=39836, stack(0x0000002646e00000,0x0000002646f00000) (1024K)]
  0x000001ec48039600 JavaThread "Worker-5461: Initialize workspace"        [_thread_blocked, id=19560, stack(0x0000002645a00000,0x0000002645b00000) (1024K)]
  0x000001ec4803de30 JavaThread "Timer-2760"                        [_thread_blocked, id=26992, stack(0x0000002647000000,0x0000002647100000) (1024K)]
  0x000001ec4803d110 JavaThread "Timer-2761"                        [_thread_blocked, id=38932, stack(0x0000002647100000,0x0000002647200000) (1024K)]
  0x000001ec48037530 JavaThread "Timer-2762"                        [_thread_blocked, id=37696, stack(0x0000002646500000,0x0000002646600000) (1024K)]
  0x000001ec4803e4c0 JavaThread "Timer-2763"                        [_thread_blocked, id=38956, stack(0x0000002647200000,0x0000002647300000) (1024K)]
  0x000001ec4803ca80 JavaThread "Timer-2764"                        [_thread_blocked, id=28732, stack(0x0000002647400000,0x0000002647500000) (1024K)]
  0x000001ec4803bd60 JavaThread "Timer-2765"                        [_thread_blocked, id=39140, stack(0x0000002647300000,0x0000002647400000) (1024K)]
  0x000001ec4803d7a0 JavaThread "Timer-2766"                        [_thread_blocked, id=39168, stack(0x0000002647600000,0x0000002647700000) (1024K)]
  0x000001ec4803c3f0 JavaThread "Timer-2767"                        [_thread_blocked, id=39092, stack(0x0000002647700000,0x0000002647800000) (1024K)]
  0x000001ec4803a320 JavaThread "Worker-5483: Initialize workspace"        [_thread_blocked, id=39252, stack(0x0000002646f00000,0x0000002647000000) (1024K)]
  0x000001ec4803b6d0 JavaThread "Timer-2768"                        [_thread_blocked, id=39404, stack(0x0000002647800000,0x0000002647900000) (1024K)]
  0x000001ec48042660 JavaThread "Timer-2769"                        [_thread_blocked, id=39060, stack(0x0000002647900000,0x0000002647a00000) (1024K)]
  0x000001ec48040c20 JavaThread "Timer-2770"                        [_thread_blocked, id=39504, stack(0x0000002647b00000,0x0000002647c00000) (1024K)]
  0x000001ec48040590 JavaThread "Timer-2771"                        [_thread_blocked, id=39464, stack(0x0000002647a00000,0x0000002647b00000) (1024K)]
  0x000001ec4803ff00 JavaThread "Timer-2772"                        [_thread_blocked, id=38756, stack(0x0000002647d00000,0x0000002647e00000) (1024K)]
  0x000001ec4803f1e0 JavaThread "Timer-2773"                        [_thread_blocked, id=39824, stack(0x0000002647c00000,0x0000002647d00000) (1024K)]
  0x000001ec48041940 JavaThread "Timer-2774"                        [_thread_blocked, id=38252, stack(0x0000002647f00000,0x0000002648000000) (1024K)]
  0x000001ec48041fd0 JavaThread "Timer-2775"                        [_thread_blocked, id=39880, stack(0x0000002647e00000,0x0000002647f00000) (1024K)]
  0x000001ec480412b0 JavaThread "Worker-5503: Initialize workspace"        [_thread_blocked, id=38984, stack(0x00000025bba00000,0x00000025bbb00000) (1024K)]
  0x000001ec4803eb50 JavaThread "Timer-2776"                        [_thread_blocked, id=6928, stack(0x0000002647500000,0x0000002647600000) (1024K)]
  0x000001ec48044730 JavaThread "Timer-2777"                        [_thread_blocked, id=28340, stack(0x0000002648000000,0x0000002648100000) (1024K)]
  0x000001ec48046170 JavaThread "Timer-2778"                        [_thread_blocked, id=39156, stack(0x0000002648300000,0x0000002648400000) (1024K)]
  0x000001ec48045450 JavaThread "Timer-2779"                        [_thread_blocked, id=33600, stack(0x0000002648200000,0x0000002648300000) (1024K)]
  0x000001ec48044dc0 JavaThread "Timer-2780"                        [_thread_blocked, id=39452, stack(0x0000002648500000,0x0000002648600000) (1024K)]
  0x000001ec48042cf0 JavaThread "Timer-2781"                        [_thread_blocked, id=37728, stack(0x0000002648400000,0x0000002648500000) (1024K)]
  0x000001ec48045ae0 JavaThread "Timer-2782"                        [_thread_blocked, id=37820, stack(0x0000002648700000,0x0000002648800000) (1024K)]
  0x000001ec48046e90 JavaThread "Timer-2783"                        [_thread_blocked, id=39176, stack(0x0000002648900000,0x0000002648a00000) (1024K)]
  0x000001ec48036180 JavaThread "Worker-5526: Initialize workspace"        [_thread_blocked, id=39732, stack(0x0000002646c00000,0x0000002646d00000) (1024K)]
  0x000001ec48043a10 JavaThread "Timer-2784"                        [_thread_blocked, id=39600, stack(0x0000002648800000,0x0000002648900000) (1024K)]
  0x000001ec48043380 JavaThread "Timer-2785"                        [_thread_blocked, id=39700, stack(0x0000002648a00000,0x0000002648b00000) (1024K)]
  0x000001ec48047520 JavaThread "Timer-2786"                        [_thread_blocked, id=39728, stack(0x0000002648b00000,0x0000002648c00000) (1024K)]
  0x000001ec480440a0 JavaThread "Timer-2787"                        [_thread_blocked, id=39104, stack(0x0000002648c00000,0x0000002648d00000) (1024K)]
  0x000001ec4804a310 JavaThread "Timer-2788"                        [_thread_blocked, id=39268, stack(0x0000002648e00000,0x0000002648f00000) (1024K)]
  0x000001ec48048240 JavaThread "Timer-2789"                        [_thread_blocked, id=39892, stack(0x0000002648d00000,0x0000002648e00000) (1024K)]
  0x000001ec48049c80 JavaThread "Timer-2790"                        [_thread_blocked, id=39752, stack(0x0000002649000000,0x0000002649100000) (1024K)]
  0x000001ec480488d0 JavaThread "Timer-2791"                        [_thread_blocked, id=39896, stack(0x0000002649200000,0x0000002649300000) (1024K)]
  0x000001ec48047bb0 JavaThread "Worker-5548: Initialize workspace"        [_thread_blocked, id=34468, stack(0x0000002648600000,0x0000002648700000) (1024K)]
  0x000001ec480495f0 JavaThread "Timer-2792"                        [_thread_blocked, id=38568, stack(0x0000002649400000,0x0000002649500000) (1024K)]
  0x000001ec4803f870 JavaThread "Timer-2793"                        [_thread_blocked, id=35992, stack(0x0000002648100000,0x0000002648200000) (1024K)]
  0x000001ec48046800 JavaThread "Timer-2794"                        [_thread_blocked, id=39044, stack(0x0000002649500000,0x0000002649600000) (1024K)]
  0x000001ec4804b6c0 JavaThread "Timer-2795"                        [_thread_blocked, id=39172, stack(0x0000002649300000,0x0000002649400000) (1024K)]
  0x000001ec4804ca70 JavaThread "Timer-2796"                        [_thread_blocked, id=1492, stack(0x0000002649700000,0x0000002649800000) (1024K)]
  0x000001ec4804d100 JavaThread "Timer-2797"                        [_thread_blocked, id=34432, stack(0x0000002649600000,0x0000002649700000) (1024K)]
  0x000001ec4804de20 JavaThread "Timer-2798"                        [_thread_blocked, id=39188, stack(0x0000002649900000,0x0000002649a00000) (1024K)]
  0x000001ec4804a9a0 JavaThread "Timer-2799"                        [_thread_blocked, id=39284, stack(0x0000002649b00000,0x0000002649c00000) (1024K)]
  0x000001ec4804e4b0 JavaThread "Worker-5569: Initialize workspace"        [_thread_blocked, id=34732, stack(0x0000002649d00000,0x0000002649e00000) (1024K)]
  0x000001ec48048f60 JavaThread "Timer-2800"                        [_thread_blocked, id=39564, stack(0x0000002649a00000,0x0000002649b00000) (1024K)]
  0x000001ec4804d790 JavaThread "Timer-2801"                        [_thread_blocked, id=39028, stack(0x0000002649c00000,0x0000002649d00000) (1024K)]
  0x000001ec4804eb40 JavaThread "Timer-2802"                        [_thread_blocked, id=39460, stack(0x0000002649100000,0x0000002649200000) (1024K)]
  0x000001ec4804f1d0 JavaThread "Timer-2803"                        [_thread_blocked, id=39360, stack(0x0000002649e00000,0x0000002649f00000) (1024K)]
  0x000001ec48058f50 JavaThread "Timer-2804"                        [_thread_blocked, id=39440, stack(0x000000264a000000,0x000000264a100000) (1024K)]
  0x000001ec47165800 JavaThread "Timer-2805"                        [_thread_blocked, id=39812, stack(0x0000002649f00000,0x000000264a000000) (1024K)]
  0x000001ec37e8b6f0 JavaThread "Timer-2806"                        [_thread_blocked, id=39560, stack(0x000000264a200000,0x000000264a300000) (1024K)]
  0x000001ec38bc62c0 JavaThread "Timer-2807"                        [_thread_blocked, id=38976, stack(0x000000264a300000,0x000000264a400000) (1024K)]
  0x000001ec4804b030 JavaThread "Worker-5587: Initialize workspace"        [_thread_blocked, id=34740, stack(0x0000002648f00000,0x0000002649000000) (1024K)]
  0x000001ec47c3f430 JavaThread "Timer-2808"                        [_thread_blocked, id=39008, stack(0x000000264a500000,0x000000264a600000) (1024K)]
  0x000001ec47c40e70 JavaThread "Timer-2809"                        [_thread_blocked, id=39828, stack(0x000000264a600000,0x000000264a700000) (1024K)]
  0x000001ec47c41500 JavaThread "Timer-2810"                        [_thread_blocked, id=35524, stack(0x000000264a800000,0x000000264a900000) (1024K)]
  0x000001ec47c3e080 JavaThread "Timer-2811"                        [_thread_blocked, id=38356, stack(0x0000002649800000,0x0000002649900000) (1024K)]
  0x000001ec47c41b90 JavaThread "Timer-2812"                        [_thread_blocked, id=38700, stack(0x000000264a700000,0x000000264a800000) (1024K)]
  0x000001ec47c40150 JavaThread "Timer-2813"                        [_thread_blocked, id=39656, stack(0x000000264a900000,0x000000264aa00000) (1024K)]
  0x000001ec47c3eda0 JavaThread "Timer-2814"                        [_thread_blocked, id=39320, stack(0x000000264aa00000,0x000000264ab00000) (1024K)]
  0x000001ec47c3e710 JavaThread "Timer-2815"                        [_thread_blocked, id=39532, stack(0x000000264ad00000,0x000000264ae00000) (1024K)]
  0x000001ec47c42220 JavaThread "Worker-5609: Initialize workspace"        [_thread_blocked, id=35676, stack(0x000000264a100000,0x000000264a200000) (1024K)]
  0x000001ec47c42f40 JavaThread "Timer-2816"                        [_thread_blocked, id=38868, stack(0x000000264ac00000,0x000000264ad00000) (1024K)]
  0x000001ec47c3fac0 JavaThread "Timer-2817"                        [_thread_blocked, id=39792, stack(0x000000264ae00000,0x000000264af00000) (1024K)]
  0x000001ec47c45d30 JavaThread "Timer-2818"                        [_thread_blocked, id=39628, stack(0x000000264af00000,0x000000264b000000) (1024K)]
  0x000001ec47c45010 JavaThread "Timer-2819"                        [_thread_blocked, id=38636, stack(0x000000264b000000,0x000000264b100000) (1024K)]
  0x000001ec47c463c0 JavaThread "Timer-2820"                        [_thread_blocked, id=39576, stack(0x000000264b200000,0x000000264b300000) (1024K)]
  0x000001ec47c456a0 JavaThread "Timer-2821"                        [_thread_blocked, id=39100, stack(0x000000264b100000,0x000000264b200000) (1024K)]
  0x000001ec47c435d0 JavaThread "Timer-2822"                        [_thread_blocked, id=38180, stack(0x000000264b400000,0x000000264b500000) (1024K)]
  0x000001ec47c47770 JavaThread "Timer-2823"                        [_thread_blocked, id=38148, stack(0x000000264b500000,0x000000264b600000) (1024K)]
  0x000001ec47c43c60 JavaThread "Worker-5631: Initialize workspace"        [_thread_blocked, id=39184, stack(0x000000264ab00000,0x000000264ac00000) (1024K)]
  0x000001ec47c428b0 JavaThread "Timer-2824"                        [_thread_blocked, id=10072, stack(0x000000264b600000,0x000000264b700000) (1024K)]
  0x000001ec47c44980 JavaThread "Timer-2825"                        [_thread_blocked, id=38576, stack(0x000000264b700000,0x000000264b800000) (1024K)]
  0x000001ec47c48490 JavaThread "Timer-2826"                        [_thread_blocked, id=39708, stack(0x000000264b900000,0x000000264ba00000) (1024K)]
  0x000001ec47c491b0 JavaThread "Timer-2827"                        [_thread_blocked, id=39332, stack(0x000000264b800000,0x000000264b900000) (1024K)]
  0x000001ec47c49840 JavaThread "Timer-2828"                        [_thread_blocked, id=36924, stack(0x000000264bb00000,0x000000264bc00000) (1024K)]
  0x000001ec47c49ed0 JavaThread "Timer-2829"                        [_thread_blocked, id=39572, stack(0x000000264ba00000,0x000000264bb00000) (1024K)]
  0x000001ec47c48b20 JavaThread "Timer-2830"                        [_thread_blocked, id=39596, stack(0x000000264bd00000,0x000000264be00000) (1024K)]
  0x000001ec47c470e0 JavaThread "Timer-2831"                        [_thread_blocked, id=39588, stack(0x000000264be00000,0x000000264bf00000) (1024K)]
  0x000001ec47c46a50 JavaThread "Worker-5648: Initialize workspace"        [_thread_blocked, id=39840, stack(0x000000264b300000,0x000000264b400000) (1024K)]
  0x000001ec47c4a560 JavaThread "Timer-2832"                        [_thread_blocked, id=39012, stack(0x000000264c000000,0x000000264c100000) (1024K)]
  0x000001ec47c4abf0 JavaThread "Timer-2833"                        [_thread_blocked, id=37536, stack(0x000000264bf00000,0x000000264c000000) (1024K)]
  0x000001ec47c47e00 JavaThread "Timer-2834"                        [_thread_blocked, id=37000, stack(0x000000264c200000,0x000000264c300000) (1024K)]
  0x000001ec47c4d9e0 JavaThread "Timer-2835"                        [_thread_blocked, id=39852, stack(0x000000264c100000,0x000000264c200000) (1024K)]
  0x000001ec47c4d350 JavaThread "Timer-2836"                        [_thread_blocked, id=19572, stack(0x000000264c400000,0x000000264c500000) (1024K)]
  0x000001ec47c4b280 JavaThread "Timer-2837"                        [_thread_blocked, id=10592, stack(0x000000264c300000,0x000000264c400000) (1024K)]
  0x000001ec47c4b910 JavaThread "Timer-2838"                        [_thread_blocked, id=39024, stack(0x000000264c600000,0x000000264c700000) (1024K)]
  0x000001ec47c4ccc0 JavaThread "Timer-2839"                        [_thread_blocked, id=38628, stack(0x000000264c700000,0x000000264c800000) (1024K)]
  0x000001ec47c4bfa0 JavaThread "Worker-5664: Initialize workspace"        [_thread_blocked, id=36040, stack(0x000000264c800000,0x000000264c900000) (1024K)]
  0x000001ec47c442f0 JavaThread "Timer-2840"                        [_thread_blocked, id=39912, stack(0x000000264bc00000,0x000000264bd00000) (1024K)]
  0x000001ec47c4fab0 JavaThread "Timer-2841"                        [_thread_blocked, id=39552, stack(0x000000264c500000,0x000000264c600000) (1024K)]
  0x000001ec47c4ed90 JavaThread "Timer-2842"                        [_thread_blocked, id=39776, stack(0x000000264cb00000,0x000000264cc00000) (1024K)]
  0x000001ec47c4e070 JavaThread "Timer-2843"                        [_thread_blocked, id=39932, stack(0x000000264ca00000,0x000000264cb00000) (1024K)]
  0x000001ec47c4c630 JavaThread "Timer-2844"                        [_thread_blocked, id=37604, stack(0x000000264cd00000,0x000000264ce00000) (1024K)]
  0x000001ec47c50140 JavaThread "Timer-2845"                        [_thread_blocked, id=39716, stack(0x000000264cc00000,0x000000264cd00000) (1024K)]
  0x000001ec47c50e60 JavaThread "Timer-2846"                        [_thread_blocked, id=36980, stack(0x000000264cf00000,0x000000264d000000) (1024K)]
  0x000001ec47c514f0 JavaThread "Timer-2847"                        [_thread_blocked, id=39548, stack(0x000000264d000000,0x000000264d100000) (1024K)]
  0x000001ec47c4f420 JavaThread "Worker-5684: Initialize workspace"        [_thread_blocked, id=39644, stack(0x000000264ce00000,0x000000264cf00000) (1024K)]
  0x000001ec47c51b80 JavaThread "Timer-2848"                        [_thread_blocked, id=39820, stack(0x000000264d100000,0x000000264d200000) (1024K)]
  0x000001ec47c55690 JavaThread "Timer-2849"                        [_thread_blocked, id=38448, stack(0x000000264d200000,0x000000264d300000) (1024K)]
  0x000001ec47c4e700 JavaThread "Timer-2850"                        [_thread_blocked, id=39876, stack(0x000000264d500000,0x000000264d600000) (1024K)]
  0x000001ec47c53c50 JavaThread "Timer-2851"                        [_thread_blocked, id=39456, stack(0x000000264d300000,0x000000264d400000) (1024K)]
  0x000001ec47c542e0 JavaThread "Timer-2852"                        [_thread_blocked, id=34552, stack(0x000000264d400000,0x000000264d500000) (1024K)]
  0x000001ec47c52f30 JavaThread "Timer-2853"                        [_thread_blocked, id=36324, stack(0x000000264d600000,0x000000264d700000) (1024K)]
  0x000001ec47c52210 JavaThread "Timer-2854"                        [_thread_blocked, id=39228, stack(0x000000264d800000,0x000000264d900000) (1024K)]
  0x000001ec47c535c0 JavaThread "Timer-2855"                        [_thread_blocked, id=39304, stack(0x000000264d900000,0x000000264da00000) (1024K)]
  0x000001ec47c407e0 JavaThread "Worker-5703: Initialize workspace"        [_thread_blocked, id=36060, stack(0x000000264a400000,0x000000264a500000) (1024K)]
  0x000001ec47c55d20 JavaThread "Timer-2856"                        [_thread_blocked, id=37512, stack(0x000000264db00000,0x000000264dc00000) (1024K)]
  0x000001ec47c54970 JavaThread "Timer-2857"                        [_thread_blocked, id=8228, stack(0x000000264d700000,0x000000264d800000) (1024K)]
  0x000001ec47c57df0 JavaThread "Timer-2858"                        [_thread_blocked, id=34652, stack(0x000000264dd00000,0x000000264de00000) (1024K)]
  0x000001ec47c528a0 JavaThread "Timer-2859"                        [_thread_blocked, id=30892, stack(0x000000264dc00000,0x000000264dd00000) (1024K)]
  0x000001ec47c56a40 JavaThread "Timer-2860"                        [_thread_blocked, id=39260, stack(0x000000264df00000,0x000000264e000000) (1024K)]
  0x000001ec47c563b0 JavaThread "Timer-2861"                        [_thread_blocked, id=39740, stack(0x000000264de00000,0x000000264df00000) (1024K)]
  0x000001ec47c57760 JavaThread "Timer-2862"                        [_thread_blocked, id=39536, stack(0x000000264e100000,0x000000264e200000) (1024K)]
  0x000001ec47c58480 JavaThread "Timer-2863"                        [_thread_blocked, id=39704, stack(0x000000264e200000,0x000000264e300000) (1024K)]
  0x000001ec47c570d0 JavaThread "Worker-5725: Initialize workspace"        [_thread_blocked, id=39308, stack(0x000000264da00000,0x000000264db00000) (1024K)]
  0x000001ec47c58b10 JavaThread "Timer-2864"                        [_thread_blocked, id=33552, stack(0x000000264c900000,0x000000264ca00000) (1024K)]
  0x000001ec47c5c620 JavaThread "Timer-2865"                        [_thread_blocked, id=38048, stack(0x000000264e300000,0x000000264e400000) (1024K)]
  0x000001ec47c591a0 JavaThread "Timer-2866"                        [_thread_blocked, id=38372, stack(0x000000264e500000,0x000000264e600000) (1024K)]
  0x000001ec47c5b270 JavaThread "Timer-2867"                        [_thread_blocked, id=38012, stack(0x000000264e400000,0x000000264e500000) (1024K)]
  0x000001ec47c5ccb0 JavaThread "Timer-2868"                        [_thread_blocked, id=38564, stack(0x000000264e800000,0x000000264e900000) (1024K)]
  0x000001ec47c59830 JavaThread "Timer-2869"                        [_thread_blocked, id=30444, stack(0x000000264e700000,0x000000264e800000) (1024K)]
  0x000001ec47c5d340 JavaThread "Timer-2870"                        [_thread_blocked, id=34192, stack(0x000000264ea00000,0x000000264eb00000) (1024K)]
  0x000001ec47c5b900 JavaThread "Timer-2871"                        [_thread_blocked, id=39408, stack(0x000000264eb00000,0x000000264ec00000) (1024K)]
  0x000001ec47c59ec0 JavaThread "Worker-5749: Initialize workspace"        [_thread_blocked, id=12828, stack(0x000000264e900000,0x000000264ea00000) (1024K)]
  0x000001ec47c5a550 JavaThread "Timer-2872"                        [_thread_blocked, id=39908, stack(0x000000264ed00000,0x000000264ee00000) (1024K)]
  0x000001ec47c5abe0 JavaThread "Timer-2873"                        [_thread_blocked, id=35080, stack(0x000000264ee00000,0x000000264ef00000) (1024K)]
  0x000001ec47c5e060 JavaThread "Timer-2874"                        [_thread_blocked, id=38820, stack(0x000000264e600000,0x000000264e700000) (1024K)]
  0x000001ec47c5f410 JavaThread "Timer-2875"                        [_thread_blocked, id=37244, stack(0x000000264ef00000,0x000000264f000000) (1024K)]
  0x000001ec47c5bf90 JavaThread "Timer-2876"                        [_thread_blocked, id=37072, stack(0x000000264f000000,0x000000264f100000) (1024K)]
  0x000001ec47c60130 JavaThread "Timer-2877"                        [_thread_blocked, id=37956, stack(0x000000264f100000,0x000000264f200000) (1024K)]
  0x000001ec47c5ed80 JavaThread "Timer-2878"                        [_thread_blocked, id=39220, stack(0x000000264f300000,0x000000264f400000) (1024K)]
  0x000001ec47c5e6f0 JavaThread "Timer-2879"                        [_thread_blocked, id=34936, stack(0x000000264f400000,0x000000264f500000) (1024K)]
  0x000001ec47c62f20 JavaThread "Worker-5770: Initialize workspace"        [_thread_blocked, id=38240, stack(0x000000264e000000,0x000000264e100000) (1024K)]
  0x000001ec47c5d9d0 JavaThread "Timer-2880"                        [_thread_blocked, id=34828, stack(0x000000264f500000,0x000000264f600000) (1024K)]
  0x000001ec47c62890 JavaThread "Timer-2881"                        [_thread_blocked, id=39180, stack(0x000000264f600000,0x000000264f700000) (1024K)]
  0x000001ec47c61b70 JavaThread "Timer-2882"                        [_thread_blocked, id=29572, stack(0x000000264f700000,0x000000264f800000) (1024K)]
  0x000001ec47c614e0 JavaThread "Timer-2883"                        [_thread_blocked, id=37304, stack(0x000000264f800000,0x000000264f900000) (1024K)]
  0x000001ec47c62200 JavaThread "Timer-2884"                        [_thread_blocked, id=32408, stack(0x000000264fa00000,0x000000264fb00000) (1024K)]
  0x000001ec47c5faa0 JavaThread "Timer-2885"                        [_thread_blocked, id=38308, stack(0x000000264f900000,0x000000264fa00000) (1024K)]
  0x000001ec47c635b0 JavaThread "Timer-2886"                        [_thread_blocked, id=39432, stack(0x000000264fc00000,0x000000264fd00000) (1024K)]
  0x000001ec47c64ff0 JavaThread "Timer-2887"                        [_thread_blocked, id=39648, stack(0x000000264fd00000,0x000000264fe00000) (1024K)]
  0x000001ec47c60e50 JavaThread "Worker-5791: Initialize workspace"        [_thread_blocked, id=39604, stack(0x000000264f200000,0x000000264f300000) (1024K)]
  0x000001ec47c67750 JavaThread "Timer-2888"                        [_thread_blocked, id=39684, stack(0x000000264fe00000,0x000000264ff00000) (1024K)]
  0x000001ec47c65680 JavaThread "Timer-2889"                        [_thread_blocked, id=38916, stack(0x000000264ff00000,0x0000002650000000) (1024K)]
  0x000001ec47c64960 JavaThread "Timer-2890"                        [_thread_blocked, id=37392, stack(0x0000002650100000,0x0000002650200000) (1024K)]
  0x000001ec47c65d10 JavaThread "Timer-2891"                        [_thread_blocked, id=38216, stack(0x0000002650000000,0x0000002650100000) (1024K)]
  0x000001ec47c642d0 JavaThread "Timer-2892"                        [_thread_blocked, id=39760, stack(0x0000002650300000,0x0000002650400000) (1024K)]
  0x000001ec47c69190 JavaThread "Timer-2893"                        [_thread_blocked, id=36908, stack(0x0000002650200000,0x0000002650300000) (1024K)]
  0x000001ec47c68470 JavaThread "Timer-2894"                        [_thread_blocked, id=37420, stack(0x0000002650500000,0x0000002650600000) (1024K)]
  0x000001ec47c69820 JavaThread "Timer-2895"                        [_thread_blocked, id=34844, stack(0x0000002650600000,0x0000002650700000) (1024K)]
  0x000001ec47c663a0 JavaThread "Worker-5809: Initialize workspace"        [_thread_blocked, id=39584, stack(0x0000002650400000,0x0000002650500000) (1024K)]
  0x000001ec47c68b00 JavaThread "Timer-2896"                        [_thread_blocked, id=38856, stack(0x0000002650700000,0x0000002650800000) (1024K)]
  0x000001ec47c69eb0 JavaThread "Timer-2897"                        [_thread_blocked, id=38572, stack(0x0000002650800000,0x0000002650900000) (1024K)]
  0x000001ec47c67de0 JavaThread "Timer-2898"                        [_thread_blocked, id=36460, stack(0x0000002650a00000,0x0000002650b00000) (1024K)]
  0x000001ec47c670c0 JavaThread "Timer-2899"                        [_thread_blocked, id=39920, stack(0x0000002650900000,0x0000002650a00000) (1024K)]
  0x000001ec47c6cca0 JavaThread "Timer-2900"                        [_thread_blocked, id=38076, stack(0x0000002650c00000,0x0000002650d00000) (1024K)]
  0x000001ec47c66a30 JavaThread "Timer-2901"                        [_thread_blocked, id=30816, stack(0x0000002650b00000,0x0000002650c00000) (1024K)]
  0x000001ec47c6abd0 JavaThread "Timer-2902"                        [_thread_blocked, id=37232, stack(0x0000002650e00000,0x0000002650f00000) (1024K)]
  0x000001ec47c6bf80 JavaThread "Timer-2903"                        [_thread_blocked, id=39420, stack(0x0000002651000000,0x0000002651100000) (1024K)]
  0x000001ec47c607c0 JavaThread "Worker-5830: Initialize workspace"        [_thread_blocked, id=20256, stack(0x000000264fb00000,0x000000264fc00000) (1024K)]
  0x000001ec47c6d330 JavaThread "Timer-2904"                        [_thread_blocked, id=34012, stack(0x0000002650f00000,0x0000002651000000) (1024K)]
  0x000001ec47c6a540 JavaThread "Timer-2905"                        [_thread_blocked, id=38644, stack(0x0000002651100000,0x0000002651200000) (1024K)]
  0x000001ec47c6d9c0 JavaThread "Timer-2906"                        [_thread_blocked, id=38924, stack(0x0000002651300000,0x0000002651400000) (1024K)]
  0x000001ec47c6e6e0 JavaThread "Timer-2907"                        [_thread_blocked, id=39400, stack(0x0000002651200000,0x0000002651300000) (1024K)]
  0x000001ec47c6b8f0 JavaThread "Timer-2908"                        [_thread_blocked, id=39324, stack(0x0000002651500000,0x0000002651600000) (1024K)]
  0x000001ec47c6ed70 JavaThread "Timer-2909"                        [_thread_blocked, id=31584, stack(0x00000025bde00000,0x00000025bdf00000) (1024K)]
  0x000001ec47c6f400 JavaThread "Timer-2910"                        [_thread_blocked, id=6092, stack(0x0000002651400000,0x0000002651500000) (1024K)]
  0x000001ec47c6c610 JavaThread "Timer-2911"                        [_thread_blocked, id=37916, stack(0x0000002651a00000,0x0000002651b00000) (1024K)]
  0x000001ec47c63c40 JavaThread "Worker-5850: Initialize workspace"        [_thread_blocked, id=38312, stack(0x000000264ec00000,0x000000264ed00000) (1024K)]
  0x000001ec47c6e050 JavaThread "Timer-2912"                        [_thread_blocked, id=36424, stack(0x0000002651600000,0x0000002651700000) (1024K)]
  0x000001ec47c707b0 JavaThread "Timer-2913"                        [_thread_blocked, id=34588, stack(0x0000002651b00000,0x0000002651c00000) (1024K)]
  0x000001ec47c71b60 JavaThread "Timer-2914"                        [_thread_blocked, id=38852, stack(0x0000002651d00000,0x0000002651e00000) (1024K)]
  0x000001ec47c6fa90 JavaThread "Timer-2915"                        [_thread_blocked, id=38168, stack(0x0000002651c00000,0x0000002651d00000) (1024K)]
  0x000001ec47c70e40 JavaThread "Timer-2916"                        [_thread_blocked, id=37568, stack(0x0000002651f00000,0x0000002652000000) (1024K)]
  0x000001ec47c721f0 JavaThread "Timer-2917"                        [_thread_blocked, id=39844, stack(0x0000002651e00000,0x0000002651f00000) (1024K)]
  0x000001ec47c735a0 JavaThread "Timer-2918"                        [_thread_blocked, id=38828, stack(0x0000002652100000,0x0000002652200000) (1024K)]
  0x000001ec47c74950 JavaThread "Timer-2919"                        [_thread_blocked, id=34360, stack(0x0000002652200000,0x0000002652300000) (1024K)]
  0x000001ec47c70120 JavaThread "Worker-5868: Initialize workspace"        [_thread_blocked, id=37528, stack(0x0000002651700000,0x0000002651800000) (1024K)]
  0x000001ec47c714d0 JavaThread "Timer-2920"                        [_thread_blocked, id=39484, stack(0x0000002652000000,0x0000002652100000) (1024K)]
  0x000001ec47c742c0 JavaThread "Timer-2921"                        [_thread_blocked, id=39348, stack(0x0000002652400000,0x0000002652500000) (1024K)]
  0x000001ec47c75d00 JavaThread "Timer-2922"                        [_thread_blocked, id=37740, stack(0x0000002652600000,0x0000002652700000) (1024K)]
  0x000001ec47c76390 JavaThread "Timer-2923"                        [_thread_blocked, id=34872, stack(0x0000002652500000,0x0000002652600000) (1024K)]
  0x000001ec47c74fe0 JavaThread "Timer-2924"                        [_thread_blocked, id=37076, stack(0x0000002652800000,0x0000002652900000) (1024K)]
  0x000001ec47c75670 JavaThread "Timer-2925"                        [_thread_blocked, id=38348, stack(0x0000002652700000,0x0000002652800000) (1024K)]
  0x000001ec47c76a20 JavaThread "Timer-2926"                        [_thread_blocked, id=38152, stack(0x0000002652a00000,0x0000002652b00000) (1024K)]
  0x000001ec47c72f10 JavaThread "Timer-2927"                        [_thread_blocked, id=38972, stack(0x0000002652b00000,0x0000002652c00000) (1024K)]
  0x000001ec47c7a530 JavaThread "Worker-5887: Initialize workspace"        [_thread_blocked, id=37480, stack(0x0000002652e00000,0x0000002652f00000) (1024K)]
  0x000001ec47c73c30 JavaThread "Timer-2928"                        [_thread_blocked, id=39072, stack(0x0000002652900000,0x0000002652a00000) (1024K)]
  0x000001ec47c79810 JavaThread "Timer-2929"                        [_thread_blocked, id=35372, stack(0x0000002652300000,0x0000002652400000) (1024K)]
  0x000001ec47c770b0 JavaThread "Timer-2930"                        [_thread_blocked, id=38832, stack(0x0000002652f00000,0x0000002653000000) (1024K)]
  0x000001ec47c79ea0 JavaThread "Timer-2931"                        [_thread_blocked, id=20728, stack(0x0000002652c00000,0x0000002652d00000) (1024K)]
  0x000001ec47c78af0 JavaThread "Timer-2932"                        [_thread_blocked, id=39200, stack(0x0000002653100000,0x0000002653200000) (1024K)]
  0x000001ec47c78460 JavaThread "Timer-2933"                        [_thread_blocked, id=37920, stack(0x0000002653000000,0x0000002653100000) (1024K)]
  0x000001ec47c77dd0 JavaThread "Timer-2934"                        [_thread_blocked, id=35712, stack(0x0000002653300000,0x0000002653400000) (1024K)]
  0x000001ec47c77740 JavaThread "Timer-2935"                        [_thread_blocked, id=37964, stack(0x0000002653400000,0x0000002653500000) (1024K)]
  0x000001ec47c7abc0 JavaThread "Worker-5912: Initialize workspace"        [_thread_blocked, id=38668, stack(0x0000002652d00000,0x0000002652e00000) (1024K)]
  0x000001ec47c79180 JavaThread "Timer-2936"                        [_thread_blocked, id=11236, stack(0x0000002653200000,0x0000002653300000) (1024K)]
  0x000001ec47c7d9b0 JavaThread "Timer-2937"                        [_thread_blocked, id=36012, stack(0x0000002653600000,0x0000002653700000) (1024K)]
  0x000001ec47c7bf70 JavaThread "Timer-2938"                        [_thread_blocked, id=38536, stack(0x0000002653800000,0x0000002653900000) (1024K)]
  0x000001ec47c7c600 JavaThread "Timer-2939"                        [_thread_blocked, id=37164, stack(0x0000002653700000,0x0000002653800000) (1024K)]
  0x000001ec47c7e6d0 JavaThread "Timer-2940"                        [_thread_blocked, id=38588, stack(0x0000002653a00000,0x0000002653b00000) (1024K)]
  0x000001ec47c7b250 JavaThread "Timer-2941"                        [_thread_blocked, id=37460, stack(0x0000002653900000,0x0000002653a00000) (1024K)]
  0x000001ec47c7d320 JavaThread "Timer-2942"                        [_thread_blocked, id=37764, stack(0x0000002653c00000,0x0000002653d00000) (1024K)]
  0x000001ec4804bd50 JavaThread "Timer-2943"                        [_thread_blocked, id=29856, stack(0x0000002653b00000,0x0000002653c00000) (1024K)]
  0x000001ec47c72880 JavaThread "Worker-5933: Initialize workspace"        [_thread_blocked, id=39344, stack(0x0000002650d00000,0x0000002650e00000) (1024K)]
  0x000001ec47c7cc90 JavaThread "Timer-2944"                        [_thread_blocked, id=23504, stack(0x0000002653e00000,0x0000002653f00000) (1024K)]
  0x000001ec47c507d0 JavaThread "Timer-2945"                        [_thread_blocked, id=38044, stack(0x0000002653f00000,0x0000002654000000) (1024K)]
  0x000001ec47c55000 JavaThread "Timer-2946"                        [_thread_blocked, id=39052, stack(0x0000002654100000,0x0000002654200000) (1024K)]
  0x000001ec47c6b260 JavaThread "Timer-2947"                        [_thread_blocked, id=33800, stack(0x0000002654000000,0x0000002654100000) (1024K)]
  0x000001ec47167240 JavaThread "Timer-2948"                        [_thread_blocked, id=17164, stack(0x0000002654300000,0x0000002654400000) (1024K)]
  0x000001ec4804c3e0 JavaThread "Timer-2949"                        [_thread_blocked, id=36540, stack(0x0000002654200000,0x0000002654300000) (1024K)]
  0x000001ec37e88f90 JavaThread "Timer-2950"                        [_thread_blocked, id=36576, stack(0x0000002654500000,0x0000002654600000) (1024K)]
  0x000001ec48395ed0 JavaThread "Timer-2951"                        [_thread_blocked, id=39424, stack(0x0000002654800000,0x0000002654900000) (1024K)]
  0x000001ec48395840 JavaThread "Worker-5955: Initialize workspace"        [_thread_blocked, id=39520, stack(0x0000002654400000,0x0000002654500000) (1024K)]
  0x000001ec483923c0 JavaThread "Worker-5961: Initialize workspace"        [_thread_blocked, id=39640, stack(0x0000002653d00000,0x0000002653e00000) (1024K)]
  0x000001ec48392a50 JavaThread "Timer-2952"                        [_thread_blocked, id=33864, stack(0x0000002654600000,0x0000002654700000) (1024K)]
  0x000001ec48396560 JavaThread "Timer-2953"                        [_thread_blocked, id=34004, stack(0x0000002654700000,0x0000002654800000) (1024K)]
  0x000001ec48396bf0 JavaThread "Timer-2954"                        [_thread_blocked, id=38620, stack(0x0000002654a00000,0x0000002654b00000) (1024K)]
  0x000001ec48393e00 JavaThread "Timer-2955"                        [_thread_blocked, id=10088, stack(0x0000002654900000,0x0000002654a00000) (1024K)]
  0x000001ec48394490 JavaThread "Timer-2956"                        [_thread_blocked, id=36740, stack(0x0000002654c00000,0x0000002654d00000) (1024K)]
  0x000001ec48394b20 JavaThread "Timer-2957"                        [_thread_blocked, id=37396, stack(0x0000002654b00000,0x0000002654c00000) (1024K)]
  0x000001ec48393770 JavaThread "Timer-2958"                        [_thread_blocked, id=35176, stack(0x0000002654e00000,0x0000002654f00000) (1024K)]
  0x000001ec48398630 JavaThread "Timer-2959"                        [_thread_blocked, id=39556, stack(0x0000002654f00000,0x0000002655000000) (1024K)]
  0x000001ec48397280 JavaThread "Timer-2960"                        [_thread_blocked, id=36928, stack(0x0000002655100000,0x0000002655200000) (1024K)]
  0x000001ec4839a070 JavaThread "Timer-2961"                        [_thread_blocked, id=37756, stack(0x0000002655200000,0x0000002655300000) (1024K)]
  0x000001ec48397910 JavaThread "Timer-2962"                        [_thread_blocked, id=39636, stack(0x0000002655400000,0x0000002655500000) (1024K)]
  0x000001ec4839a700 JavaThread "Timer-2963"                        [_thread_blocked, id=39676, stack(0x0000002655500000,0x0000002655600000) (1024K)]
  0x000001ec48397fa0 JavaThread "Timer-2964"                        [_thread_blocked, id=38352, stack(0x0000002654d00000,0x0000002654e00000) (1024K)]
  0x000001ec483951b0 JavaThread "Timer-2965"                        [_thread_blocked, id=40180, stack(0x0000002655300000,0x0000002655400000) (1024K)]
  0x000001ec4839b420 JavaThread "Timer-2966"                        [_thread_blocked, id=40188, stack(0x0000002655700000,0x0000002655800000) (1024K)]
  0x000001ec4839ad90 JavaThread "Timer-2967"                        [_thread_blocked, id=40200, stack(0x0000002655800000,0x0000002655900000) (1024K)]
  0x000001ec4839c140 JavaThread "Worker-5996: Initialize workspace"        [_thread_blocked, id=40440, stack(0x0000002655900000,0x0000002655a00000) (1024K)]
  0x000001ec483999e0 JavaThread "Timer-2968"                        [_thread_blocked, id=40552, stack(0x0000002655a00000,0x0000002655b00000) (1024K)]
  0x000001ec4839ce60 JavaThread "Timer-2969"                        [_thread_blocked, id=40568, stack(0x0000002655b00000,0x0000002655c00000) (1024K)]
  0x000001ec48398cc0 JavaThread "Timer-2970"                        [_thread_blocked, id=40580, stack(0x0000002655600000,0x0000002655700000) (1024K)]
  0x000001ec4839c7d0 JavaThread "Timer-2971"                        [_thread_blocked, id=40584, stack(0x0000002655c00000,0x0000002655d00000) (1024K)]
  0x000001ec483a0970 JavaThread "Timer-2972"                        [_thread_blocked, id=40592, stack(0x0000002655e00000,0x0000002655f00000) (1024K)]
  0x000001ec48399350 JavaThread "Timer-2973"                        [_thread_blocked, id=40908, stack(0x0000002655d00000,0x0000002655e00000) (1024K)]
  0x000001ec4839ef30 JavaThread "Timer-2974"                        [_thread_blocked, id=40916, stack(0x0000002656000000,0x0000002656100000) (1024K)]
  0x000001ec4839d4f0 JavaThread "Timer-2975"                        [_thread_blocked, id=36480, stack(0x0000002656100000,0x0000002656200000) (1024K)]
  0x000001ec483930e0 JavaThread "Worker-6017: Initialize workspace"        [_thread_blocked, id=40096, stack(0x0000002653500000,0x0000002653600000) (1024K)]
  0x000001ec4839fc50 JavaThread "Timer-2976"                        [_thread_blocked, id=40192, stack(0x0000002655f00000,0x0000002656000000) (1024K)]
  0x000001ec4839e8a0 JavaThread "Timer-2977"                        [_thread_blocked, id=36236, stack(0x0000002656400000,0x0000002656500000) (1024K)]
  0x000001ec483a02e0 JavaThread "Timer-2978"                        [_thread_blocked, id=18964, stack(0x0000002656500000,0x0000002656600000) (1024K)]
  0x000001ec483a1000 JavaThread "Timer-2979"                        [_thread_blocked, id=40208, stack(0x0000002656200000,0x0000002656300000) (1024K)]
  0x000001ec483a1690 JavaThread "Timer-2980"                        [_thread_blocked, id=40428, stack(0x0000002656700000,0x0000002656800000) (1024K)]
  0x000001ec4839db80 JavaThread "Timer-2981"                        [_thread_blocked, id=40876, stack(0x0000002656600000,0x0000002656700000) (1024K)]
  0x000001ec483a51a0 JavaThread "Timer-2982"                        [_thread_blocked, id=40868, stack(0x0000002656900000,0x0000002656a00000) (1024K)]
  0x000001ec483a5830 JavaThread "Timer-2983"                        [_thread_blocked, id=40680, stack(0x0000002656c00000,0x0000002656d00000) (1024K)]
  0x000001ec4839e210 JavaThread "Worker-6034: Initialize workspace"        [_thread_blocked, id=37428, stack(0x0000002655000000,0x0000002655100000) (1024K)]
  0x000001ec483a2a40 JavaThread "Timer-2984"                        [_thread_blocked, id=6744, stack(0x0000002656800000,0x0000002656900000) (1024K)]
  0x000001ec483a1d20 JavaThread "Timer-2985"                        [_thread_blocked, id=16360, stack(0x0000002656b00000,0x0000002656c00000) (1024K)]
  0x000001ec4839f5c0 JavaThread "Timer-2986"                        [_thread_blocked, id=25312, stack(0x0000002656e00000,0x0000002656f00000) (1024K)]
  0x000001ec483a6550 JavaThread "Timer-2987"                        [_thread_blocked, id=732, stack(0x0000002656d00000,0x0000002656e00000) (1024K)]
  0x000001ec483a4b10 JavaThread "Timer-2988"                        [_thread_blocked, id=38944, stack(0x0000002657000000,0x0000002657100000) (1024K)]
  0x000001ec483a30d0 JavaThread "Timer-2989"                        [_thread_blocked, id=40380, stack(0x0000002656f00000,0x0000002657000000) (1024K)]
  0x000001ec483a5ec0 JavaThread "Timer-2990"                        [_thread_blocked, id=40300, stack(0x0000002657200000,0x0000002657300000) (1024K)]
  0x000001ec483a3760 JavaThread "Timer-2991"                        [_thread_blocked, id=40572, stack(0x0000002657300000,0x0000002657400000) (1024K)]
  0x000001ec483a23b0 JavaThread "Worker-6051: Initialize workspace"        [_thread_blocked, id=40492, stack(0x0000002657400000,0x0000002657500000) (1024K)]
  0x000001ec483a6be0 JavaThread "Timer-2992"                        [_thread_blocked, id=40388, stack(0x0000002656a00000,0x0000002656b00000) (1024K)]
  0x000001ec483a7270 JavaThread "Timer-2993"                        [_thread_blocked, id=40664, stack(0x0000002657100000,0x0000002657200000) (1024K)]
  0x000001ec483a7900 JavaThread "Timer-2994"                        [_thread_blocked, id=40668, stack(0x0000002657700000,0x0000002657800000) (1024K)]
  0x000001ec483a3df0 JavaThread "Timer-2995"                        [_thread_blocked, id=39664, stack(0x0000002657600000,0x0000002657700000) (1024K)]
  0x000001ec483aa6f0 JavaThread "Timer-2996"                        [_thread_blocked, id=40684, stack(0x0000002657900000,0x0000002657a00000) (1024K)]
  0x000001ec483a4480 JavaThread "Timer-2997"                        [_thread_blocked, id=27080, stack(0x0000002657800000,0x0000002657900000) (1024K)]
  0x000001ec483ab410 JavaThread "Timer-2998"                        [_thread_blocked, id=40132, stack(0x0000002657b00000,0x0000002657c00000) (1024K)]
  0x000001ec483ac130 JavaThread "Timer-2999"                        [_thread_blocked, id=39592, stack(0x0000002657d00000,0x0000002657e00000) (1024K)]
  0x000001ec483a7f90 JavaThread "Worker-6073: Initialize workspace"        [_thread_blocked, id=33948, stack(0x0000002657c00000,0x0000002657d00000) (1024K)]
  0x000001ec483aa060 JavaThread "Timer-3000"                        [_thread_blocked, id=12000, stack(0x0000002658100000,0x0000002658200000) (1024K)]
  0x000001ec483ace50 JavaThread "Timer-3001"                        [_thread_blocked, id=40224, stack(0x0000002658300000,0x0000002658400000) (1024K)]
  0x000001ec483ad4e0 JavaThread "Timer-3002"                        [_thread_blocked, id=40304, stack(0x0000002658000000,0x0000002658100000) (1024K)]
  0x000001ec4839bab0 JavaThread "Timer-3003"                        [_thread_blocked, id=40764, stack(0x0000002656300000,0x0000002656400000) (1024K)]
  0x000001ec483abaa0 JavaThread "Timer-3004"                        [_thread_blocked, id=40436, stack(0x0000002657a00000,0x0000002657b00000) (1024K)]
  0x000001ec483a99d0 JavaThread "Timer-3005"                        [_thread_blocked, id=40524, stack(0x0000002657500000,0x0000002657600000) (1024K)]
  0x000001ec483aad80 JavaThread "Timer-3006"                        [_thread_blocked, id=40892, stack(0x0000002658400000,0x0000002658500000) (1024K)]
  0x000001ec483adb70 JavaThread "Timer-3007"                        [_thread_blocked, id=40852, stack(0x0000002658500000,0x0000002658600000) (1024K)]
  0x000001ec483a8620 JavaThread "Worker-6091: Initialize workspace"        [_thread_blocked, id=37904, stack(0x0000002657f00000,0x0000002658000000) (1024K)]
  0x000001ec483afc40 JavaThread "Compiler Source File Reader" daemon [_thread_blocked, id=40008, stack(0x0000002658200000,0x0000002658300000) (1024K)]
  0x000001ec483af5b0 JavaThread "Timer-3008"                        [_thread_blocked, id=36320, stack(0x0000002658800000,0x0000002658900000) (1024K)]
  0x000001ec483aef20 JavaThread "Timer-3009"                        [_thread_blocked, id=40864, stack(0x0000002658700000,0x0000002658800000) (1024K)]
  0x000001ec483ac7c0 JavaThread "Timer-3010"                        [_thread_blocked, id=40344, stack(0x0000002658a00000,0x0000002658b00000) (1024K)]
  0x000001ec483b0960 JavaThread "Timer-3011"                        [_thread_blocked, id=40424, stack(0x0000002658b00000,0x0000002658c00000) (1024K)]
  0x000001ec483b1d10 JavaThread "Timer-3012"                        [_thread_blocked, id=40316, stack(0x0000002658d00000,0x0000002658e00000) (1024K)]
  0x000001ec483b02d0 JavaThread "Timer-3013"                        [_thread_blocked, id=40464, stack(0x0000002658c00000,0x0000002658d00000) (1024K)]
  0x000001ec483b3de0 JavaThread "Timer-3014"                        [_thread_blocked, id=40848, stack(0x0000002658f00000,0x0000002659000000) (1024K)]
  0x000001ec483b0ff0 JavaThread "Timer-3015"                        [_thread_blocked, id=39364, stack(0x0000002659100000,0x0000002659200000) (1024K)]
  0x000001ec483ae890 JavaThread "Worker-6113: Initialize workspace"        [_thread_blocked, id=40296, stack(0x0000002658e00000,0x0000002658f00000) (1024K)]
  0x000001ec483a9340 JavaThread "Timer-3016"                        [_thread_blocked, id=38900, stack(0x0000002659200000,0x0000002659300000) (1024K)]
  0x000001ec483b1680 JavaThread "Timer-3017"                        [_thread_blocked, id=35332, stack(0x0000002659500000,0x0000002659600000) (1024K)]
  0x000001ec483b4b00 JavaThread "Timer-3018"                        [_thread_blocked, id=40884, stack(0x0000002659700000,0x0000002659800000) (1024K)]
  0x000001ec483b4470 JavaThread "Timer-3019"                        [_thread_blocked, id=40608, stack(0x0000002659400000,0x0000002659500000) (1024K)]
  0x000001ec483b5190 JavaThread "Timer-3020"                        [_thread_blocked, id=40396, stack(0x0000002659800000,0x0000002659900000) (1024K)]
  0x000001ec483b5820 JavaThread "Timer-3021"                        [_thread_blocked, id=40076, stack(0x0000002659600000,0x0000002659700000) (1024K)]
  0x000001ec483b2a30 JavaThread "Timer-3022"                        [_thread_blocked, id=34308, stack(0x0000002659a00000,0x0000002659b00000) (1024K)]
  0x000001ec483b6bd0 JavaThread "Timer-3023"                        [_thread_blocked, id=39940, stack(0x0000002659d00000,0x0000002659e00000) (1024K)]
  0x000001ec48386570 JavaThread "PatternSearchJob-worker-12" daemon [_thread_blocked, id=40004, stack(0x000000265bd00000,0x000000265be00000) (1024K)]
  0x000001ec48383780 JavaThread "PatternSearchJob-worker-13" daemon [_thread_blocked, id=40484, stack(0x000000265be00000,0x000000265bf00000) (1024K)]
  0x000001ec499ac450 JavaThread "Connection worker"                 [_thread_blocked, id=40904, stack(0x0000002657e00000,0x0000002657f00000) (1024K)]
  0x000001ec499aebb0 JavaThread "Connection worker"                 [_thread_blocked, id=40012, stack(0x0000002658900000,0x0000002658a00000) (1024K)]
  0x000001ec499ab730 JavaThread "Connection worker"                 [_thread_blocked, id=40792, stack(0x0000002659900000,0x0000002659a00000) (1024K)]
  0x000001ec499ad170 JavaThread "Connection worker"                 [_thread_blocked, id=38024, stack(0x0000002659b00000,0x0000002659c00000) (1024K)]
  0x000001ec499af240 JavaThread "Connection worker"                 [_thread_blocked, id=34808, stack(0x0000002659c00000,0x0000002659d00000) (1024K)]
  0x000001ec499ade90 JavaThread "Connection worker"                 [_thread_blocked, id=40408, stack(0x0000002659f00000,0x000000265a000000) (1024K)]
  0x000001ec499abdc0 JavaThread "Connection worker"                 [_thread_blocked, id=40176, stack(0x000000265a000000,0x000000265a100000) (1024K)]
  0x000001ec499b26c0 JavaThread "Connection worker"                 [_thread_blocked, id=40136, stack(0x000000265a100000,0x000000265a200000) (1024K)]
  0x000001ec499aff60 JavaThread "Connection worker"                 [_thread_blocked, id=40460, stack(0x000000265a200000,0x000000265a300000) (1024K)]
  0x000001ec499b19a0 JavaThread "Connection worker"                 [_thread_blocked, id=40392, stack(0x000000265a300000,0x000000265a400000) (1024K)]
  0x000001ec499b05f0 JavaThread "Connection worker"                 [_thread_blocked, id=40556, stack(0x000000265a400000,0x000000265a500000) (1024K)]
  0x000001ec499b0c80 JavaThread "Connection worker"                 [_thread_blocked, id=40384, stack(0x000000265a500000,0x000000265a600000) (1024K)]
  0x000001ec499b2d50 JavaThread "Connection worker"                 [_thread_blocked, id=37348, stack(0x000000265a700000,0x000000265a800000) (1024K)]
  0x000001ec499af8d0 JavaThread "Connection worker"                 [_thread_blocked, id=38872, stack(0x000000265a800000,0x000000265a900000) (1024K)]
  0x000001ec499b6860 JavaThread "Connection worker"                 [_thread_blocked, id=40512, stack(0x000000265ab00000,0x000000265ac00000) (1024K)]
  0x000001ec499b61d0 JavaThread "Connection worker"                 [_thread_blocked, id=39928, stack(0x000000265ac00000,0x000000265ad00000) (1024K)]
  0x000001ec499b4100 JavaThread "Connection worker"                 [_thread_blocked, id=15172, stack(0x000000265ae00000,0x000000265af00000) (1024K)]
  0x000001ec499b7c10 JavaThread "Connection worker"                 [_thread_blocked, id=40040, stack(0x000000265af00000,0x000000265b000000) (1024K)]
  0x000001ec499b6ef0 JavaThread "Connection worker"                 [_thread_blocked, id=40840, stack(0x000000265b000000,0x000000265b100000) (1024K)]
  0x000001ec499b4e20 JavaThread "Connection worker"                 [_thread_blocked, id=40708, stack(0x000000265b100000,0x000000265b200000) (1024K)]
  0x000001ec499b7580 JavaThread "Connection worker"                 [_thread_blocked, id=6372, stack(0x000000265b200000,0x000000265b300000) (1024K)]
  0x000001ec499b4790 JavaThread "Connection worker"                 [_thread_blocked, id=40452, stack(0x000000265b300000,0x000000265b400000) (1024K)]
  0x000001ec499b5b40 JavaThread "Connection worker"                 [_thread_blocked, id=40148, stack(0x000000265b400000,0x000000265b500000) (1024K)]
  0x000001ec499baa00 JavaThread "pool-760-thread-1"                 [_thread_blocked, id=40272, stack(0x000000265b700000,0x000000265b800000) (1024K)]
  0x000001ec499b82a0 JavaThread "Connection worker"                 [_thread_blocked, id=28272, stack(0x000000265b800000,0x000000265b900000) (1024K)]
  0x000001ec499bbdb0 JavaThread "Connection worker"                 [_thread_blocked, id=40768, stack(0x000000265bb00000,0x000000265bc00000) (1024K)]
  0x000001ec499ba370 JavaThread "pool-762-thread-1"                 [_thread_blocked, id=40268, stack(0x000000265bf00000,0x000000265c000000) (1024K)]
  0x000001ec499b8fc0 JavaThread "pool-761-thread-1"                 [_thread_blocked, id=38376, stack(0x000000265c000000,0x000000265c100000) (1024K)]
  0x000001ec499bcad0 JavaThread "pool-763-thread-1"                 [_thread_blocked, id=38920, stack(0x000000265c100000,0x000000265c200000) (1024K)]
  0x000001ec499b9650 JavaThread "Connection worker"                 [_thread_blocked, id=39144, stack(0x000000265c200000,0x000000265c300000) (1024K)]
  0x000001ec499bd160 JavaThread "Connection worker"                 [_thread_blocked, id=4944, stack(0x000000265c300000,0x000000265c400000) (1024K)]
  0x000001ec499c05e0 JavaThread "Connection worker"                 [_thread_blocked, id=39944, stack(0x000000265c400000,0x000000265c500000) (1024K)]
  0x000001ec499bf230 JavaThread "Connection worker"                 [_thread_blocked, id=23192, stack(0x000000265c500000,0x000000265c600000) (1024K)]
  0x000001ec499beba0 JavaThread "Connection worker"                 [_thread_blocked, id=9700, stack(0x000000265c700000,0x000000265c800000) (1024K)]
  0x000001ec499c0c70 JavaThread "Connection worker"                 [_thread_blocked, id=40348, stack(0x000000265c800000,0x000000265c900000) (1024K)]
  0x000001ec499bde80 JavaThread "Connection worker"                 [_thread_blocked, id=40648, stack(0x000000265c900000,0x000000265ca00000) (1024K)]
  0x000001ec499bf8c0 JavaThread "Connection worker"                 [_thread_blocked, id=38256, stack(0x000000265cb00000,0x000000265cc00000) (1024K)]
  0x000001ec499bd7f0 JavaThread "Connection worker"                 [_thread_blocked, id=40264, stack(0x000000265cc00000,0x000000265cd00000) (1024K)]
  0x000001ec499c1990 JavaThread "Connection worker"                 [_thread_blocked, id=39488, stack(0x000000265cd00000,0x000000265ce00000) (1024K)]
  0x000001ec499c1300 JavaThread "Connection worker"                 [_thread_blocked, id=40476, stack(0x000000265ce00000,0x000000265cf00000) (1024K)]
  0x000001ec499be510 JavaThread "pool-792-thread-1"                 [_thread_blocked, id=40628, stack(0x000000265cf00000,0x000000265d000000) (1024K)]
  0x000001ec499c54a0 JavaThread "Connection worker"                 [_thread_blocked, id=40880, stack(0x000000265d200000,0x000000265d300000) (1024K)]
  0x000001ec499c4780 JavaThread "pool-766-thread-1"                 [_thread_blocked, id=40560, stack(0x000000265d500000,0x000000265d600000) (1024K)]
  0x000001ec499c2020 JavaThread "Connection worker"                 [_thread_blocked, id=40056, stack(0x000000265d600000,0x000000265d700000) (1024K)]
  0x000001ec499c33d0 JavaThread "Connection worker"                 [_thread_blocked, id=37052, stack(0x000000265d800000,0x000000265d900000) (1024K)]
  0x000001ec499c8290 JavaThread "pool-783-thread-1"                 [_thread_blocked, id=40564, stack(0x000000265d900000,0x000000265da00000) (1024K)]
  0x000001ec499c61c0 JavaThread "pool-778-thread-1"                 [_thread_blocked, id=40692, stack(0x000000265dc00000,0x000000265dd00000) (1024K)]
  0x000001ec499c7c00 JavaThread "pool-777-thread-1"                 [_thread_blocked, id=38060, stack(0x000000265dd00000,0x000000265de00000) (1024K)]
  0x000001ec499c6ee0 JavaThread "pool-769-thread-1"                 [_thread_blocked, id=40028, stack(0x000000265df00000,0x000000265e000000) (1024K)]
  0x000001ec499c5b30 JavaThread "Connection worker"                 [_thread_blocked, id=39992, stack(0x000000265e000000,0x000000265e100000) (1024K)]
  0x000001ec499c9640 JavaThread "pool-768-thread-1"                 [_thread_blocked, id=38408, stack(0x000000265e100000,0x000000265e200000) (1024K)]
  0x000001ec499c9cd0 JavaThread "pool-765-thread-1"                 [_thread_blocked, id=37592, stack(0x000000265e200000,0x000000265e300000) (1024K)]
  0x000001ec499c6850 JavaThread "pool-764-thread-1"                 [_thread_blocked, id=40824, stack(0x000000265e300000,0x000000265e400000) (1024K)]
  0x000001ec499cd150 JavaThread "Connection worker"                 [_thread_blocked, id=27856, stack(0x000000265e600000,0x000000265e700000) (1024K)]
  0x000001ec499cc430 JavaThread "Connection worker"                 [_thread_blocked, id=39924, stack(0x000000265e700000,0x000000265e800000) (1024K)]
  0x000001ec499cd7e0 JavaThread "pool-791-thread-1"                 [_thread_blocked, id=3100, stack(0x000000265e800000,0x000000265e900000) (1024K)]
  0x000001ec499ca360 JavaThread "Connection worker"                 [_thread_blocked, id=39860, stack(0x000000265ea00000,0x000000265eb00000) (1024K)]
  0x000001ec499cde70 JavaThread "Connection worker"                 [_thread_blocked, id=39904, stack(0x000000265eb00000,0x000000265ec00000) (1024K)]
  0x000001ec499ceb90 JavaThread "Connection worker"                 [_thread_blocked, id=37872, stack(0x000000265ee00000,0x000000265ef00000) (1024K)]
  0x000001ec499cb710 JavaThread "Connection worker"                 [_thread_blocked, id=14836, stack(0x000000265ef00000,0x000000265f000000) (1024K)]
  0x000001ec499d12f0 JavaThread "Connection worker"                 [_thread_blocked, id=21920, stack(0x000000265f000000,0x000000265f100000) (1024K)]
  0x000001ec499cf8b0 JavaThread "Connection worker"                 [_thread_blocked, id=38928, stack(0x000000265f100000,0x000000265f200000) (1024K)]
  0x000001ec499d0c60 JavaThread "Connection worker"                 [_thread_blocked, id=38896, stack(0x000000265f200000,0x000000265f300000) (1024K)]
  0x000001ec499d1980 JavaThread "Connection worker"                 [_thread_blocked, id=29456, stack(0x000000265f300000,0x000000265f400000) (1024K)]
  0x000001ec499d26a0 JavaThread "Connection worker"                 [_thread_blocked, id=9836, stack(0x000000265f500000,0x000000265f600000) (1024K)]
  0x000001ec499cf220 JavaThread "Connection worker"                 [_thread_blocked, id=40604, stack(0x000000265f600000,0x000000265f700000) (1024K)]
  0x000001ec499cff40 JavaThread "Connection worker"                 [_thread_blocked, id=38184, stack(0x000000265f800000,0x000000265f900000) (1024K)]
  0x000001ec499d05d0 JavaThread "Connection worker"                 [_thread_blocked, id=40956, stack(0x000000265fb00000,0x000000265fc00000) (1024K)]
  0x000001ec499d6840 JavaThread "Connection worker"                 [_thread_blocked, id=40116, stack(0x000000265fc00000,0x000000265fd00000) (1024K)]
  0x000001ec499d7560 JavaThread "Connection worker"                 [_thread_blocked, id=40052, stack(0x000000265ff00000,0x0000002660000000) (1024K)]
  0x000001ec499d4e00 JavaThread "Connection worker"                 [_thread_blocked, id=36912, stack(0x0000002660100000,0x0000002660200000) (1024K)]
  0x000001ec499d6ed0 JavaThread "pool-775-thread-1"                 [_thread_blocked, id=38824, stack(0x0000002660200000,0x0000002660300000) (1024K)]
  0x000001ec499d4770 JavaThread "pool-774-thread-1"                 [_thread_blocked, id=40520, stack(0x0000002660300000,0x0000002660400000) (1024K)]
  0x000001ec499d8280 JavaThread "pool-773-thread-1"                 [_thread_blocked, id=37924, stack(0x0000002660400000,0x0000002660500000) (1024K)]
  0x000001ec499d8910 JavaThread "pool-772-thread-1"                 [_thread_blocked, id=38004, stack(0x0000002660500000,0x0000002660600000) (1024K)]
  0x000001ec499d8fa0 JavaThread "Connection worker"                 [_thread_blocked, id=40480, stack(0x0000002660700000,0x0000002660800000) (1024K)]
  0x000001ec499d5b20 JavaThread "Connection worker"                 [_thread_blocked, id=40528, stack(0x0000002660800000,0x0000002660900000) (1024K)]
  0x000001ec499da350 JavaThread "pool-770-thread-1"                 [_thread_blocked, id=40120, stack(0x0000002660a00000,0x0000002660b00000) (1024K)]
  0x000001ec499d9630 JavaThread "Connection worker"                 [_thread_blocked, id=40036, stack(0x0000002660b00000,0x0000002660c00000) (1024K)]
  0x000001ec499d9cc0 JavaThread "Connection worker"                 [_thread_blocked, id=35104, stack(0x0000002660f00000,0x0000002661000000) (1024K)]
  0x000001ec499dd7d0 JavaThread "pool-793-thread-1"                 [_thread_blocked, id=39544, stack(0x0000002661000000,0x0000002661100000) (1024K)]
  0x000001ec499dde60 JavaThread "Connection worker"                 [_thread_blocked, id=39988, stack(0x0000002661100000,0x0000002661200000) (1024K)]
  0x000001ec499da9e0 JavaThread "pool-787-thread-1"                 [_thread_blocked, id=40092, stack(0x0000002661300000,0x0000002661400000) (1024K)]
  0x000001ec499deb80 JavaThread "Connection worker"                 [_thread_blocked, id=38336, stack(0x0000002661400000,0x0000002661500000) (1024K)]
  0x000001ec499de4f0 JavaThread "Connection worker"                 [_thread_blocked, id=38276, stack(0x0000002661500000,0x0000002661600000) (1024K)]
  0x000001ec499db700 JavaThread "pool-786-thread-1"                 [_thread_blocked, id=34852, stack(0x0000002661600000,0x0000002661700000) (1024K)]
  0x000001ec499df8a0 JavaThread "pool-785-thread-1"                 [_thread_blocked, id=38344, stack(0x0000002661700000,0x0000002661800000) (1024K)]
  0x000001ec499df210 JavaThread "Connection worker"                 [_thread_blocked, id=40100, stack(0x0000002661800000,0x0000002661900000) (1024K)]
  0x000001ec499e1970 JavaThread "Connection worker"                 [_thread_blocked, id=40940, stack(0x0000002661c00000,0x0000002661d00000) (1024K)]
  0x000001ec499e2000 JavaThread "Connection worker"                 [_thread_blocked, id=39160, stack(0x0000002661d00000,0x0000002661e00000) (1024K)]
  0x000001ec499e12e0 JavaThread "pool-781-thread-1"                 [_thread_blocked, id=30828, stack(0x0000002662000000,0x0000002662100000) (1024K)]
  0x000001ec499e2690 JavaThread "pool-780-thread-1"                 [_thread_blocked, id=39292, stack(0x0000002662100000,0x0000002662200000) (1024K)]
  0x000001ec499e3a40 JavaThread "pool-779-thread-1"                 [_thread_blocked, id=37380, stack(0x0000002662200000,0x0000002662300000) (1024K)]
  0x000001ec499e2d20 JavaThread "Connection worker"                 [_thread_blocked, id=36952, stack(0x0000002662400000,0x0000002662500000) (1024K)]
  0x000001ec499e0c50 JavaThread "Connection worker"                 [_thread_blocked, id=38248, stack(0x0000002662500000,0x0000002662600000) (1024K)]
  0x000001ec499e5b10 JavaThread "Connection worker"                 [_thread_blocked, id=40544, stack(0x0000002662600000,0x0000002662700000) (1024K)]
  0x000001ec499e4df0 JavaThread "Connection worker"                 [_thread_blocked, id=38500, stack(0x0000002662700000,0x0000002662800000) (1024K)]
  0x000001ec499e6ec0 JavaThread "Connection worker"                 [_thread_blocked, id=39996, stack(0x0000002662900000,0x0000002662a00000) (1024K)]
  0x000001ec499e7550 JavaThread "Connection worker"                 [_thread_blocked, id=40632, stack(0x0000002662a00000,0x0000002662b00000) (1024K)]
  0x000001ec499e7be0 JavaThread "Connection worker"                 [_thread_blocked, id=40928, stack(0x0000002662c00000,0x0000002662d00000) (1024K)]
  0x000001ec499e5480 JavaThread "Connection worker"                 [_thread_blocked, id=40016, stack(0x0000002662d00000,0x0000002662e00000) (1024K)]
  0x000001ec499e4760 JavaThread "Connection worker"                 [_thread_blocked, id=39984, stack(0x0000002662e00000,0x0000002662f00000) (1024K)]
  0x000001ec499ea9d0 JavaThread "Connection worker"                 [_thread_blocked, id=38000, stack(0x0000002663100000,0x0000002663200000) (1024K)]
  0x000001ec499ea340 JavaThread "Connection worker"                 [_thread_blocked, id=38720, stack(0x0000002663200000,0x0000002663300000) (1024K)]
  0x000001ec499eb6f0 JavaThread "Connection worker"                 [_thread_blocked, id=39960, stack(0x0000002663400000,0x0000002663500000) (1024K)]
  0x000001ec499e9620 JavaThread "Connection worker"                 [_thread_blocked, id=38904, stack(0x0000002663700000,0x0000002663800000) (1024K)]
  0x000001ec4837adb0 JavaThread "Connection worker"                 [_thread_blocked, id=37500, stack(0x0000002663a00000,0x0000002663b00000) (1024K)]
  0x000001ec48378650 JavaThread "Connection worker"                 [_thread_blocked, id=19604, stack(0x0000002663b00000,0x0000002663c00000) (1024K)]
  0x000001ec4837bad0 JavaThread "Connection worker"                 [_thread_blocked, id=39864, stack(0x0000002663c00000,0x0000002663d00000) (1024K)]
  0x000001ec48378ce0 JavaThread "Connection worker"                 [_thread_blocked, id=39280, stack(0x0000002663e00000,0x0000002663f00000) (1024K)]
  0x000001ec4837c7f0 JavaThread "pool-795-thread-1"                 [_thread_blocked, id=37344, stack(0x0000002663f00000,0x0000002664000000) (1024K)]
  0x000001ec48379370 JavaThread "Connection worker"                 [_thread_blocked, id=38520, stack(0x0000002664000000,0x0000002664100000) (1024K)]
  0x000001ec4837b440 JavaThread "pool-796-thread-1"                 [_thread_blocked, id=37704, stack(0x0000002664100000,0x0000002664200000) (1024K)]
  0x000001ec4837ce80 JavaThread "Connection worker"                 [_thread_blocked, id=40220, stack(0x0000002664200000,0x0000002664300000) (1024K)]
  0x000001ec48379a00 JavaThread "Connection worker"                 [_thread_blocked, id=6924, stack(0x0000002664300000,0x0000002664400000) (1024K)]
  0x000001ec4837a090 JavaThread "Connection worker"                 [_thread_blocked, id=36268, stack(0x0000002664400000,0x0000002664500000) (1024K)]
  0x000001ec4837ef50 JavaThread "Connection worker"                 [_thread_blocked, id=39616, stack(0x0000002664500000,0x0000002664600000) (1024K)]
  0x000001ec4837f5e0 JavaThread "Connection worker"                 [_thread_blocked, id=40676, stack(0x0000002664700000,0x0000002664800000) (1024K)]
  0x000001ec4837d510 JavaThread "pool-797-thread-1"                 [_thread_blocked, id=36016, stack(0x0000002664800000,0x0000002664900000) (1024K)]
  0x000001ec4837dba0 JavaThread "Connection worker"                 [_thread_blocked, id=40024, stack(0x0000002664900000,0x0000002664a00000) (1024K)]
  0x000001ec48380300 JavaThread "Connection worker"                 [_thread_blocked, id=40872, stack(0x0000002664c00000,0x0000002664d00000) (1024K)]
  0x000001ec4837fc70 JavaThread "Connection worker"                 [_thread_blocked, id=35344, stack(0x0000002664d00000,0x0000002664e00000) (1024K)]
  0x000001ec48381020 JavaThread "Connection worker"                 [_thread_blocked, id=16592, stack(0x0000002664e00000,0x0000002664f00000) (1024K)]
  0x000001ec4837e230 JavaThread "Connection worker"                 [_thread_blocked, id=6064, stack(0x0000002664f00000,0x0000002665000000) (1024K)]
  0x000001ec483830f0 JavaThread "Connection worker"                 [_thread_blocked, id=36172, stack(0x0000002665000000,0x0000002665100000) (1024K)]
  0x000001ec48381d40 JavaThread "Connection worker"                 [_thread_blocked, id=39336, stack(0x0000002665200000,0x0000002665300000) (1024K)]
  0x000001ec48385850 JavaThread "Connection worker"                 [_thread_blocked, id=20568, stack(0x0000002665600000,0x0000002665700000) (1024K)]
  0x000001ec48382a60 JavaThread "Connection worker"                 [_thread_blocked, id=36428, stack(0x0000002665900000,0x0000002665a00000) (1024K)]
  0x000001ec48388640 JavaThread "Connection worker"                 [_thread_blocked, id=39968, stack(0x0000002665a00000,0x0000002665b00000) (1024K)]
  0x000001ec48387fb0 JavaThread "Connection worker"                 [_thread_blocked, id=39036, stack(0x0000002665b00000,0x0000002665c00000) (1024K)]
  0x000001ec48387290 JavaThread "Connection worker"                 [_thread_blocked, id=40672, stack(0x0000002665e00000,0x0000002665f00000) (1024K)]
  0x000001ec48389360 JavaThread "Connection worker"                 [_thread_blocked, id=39300, stack(0x0000002665f00000,0x0000002666000000) (1024K)]
  0x000001ec483899f0 JavaThread "Connection worker"                 [_thread_blocked, id=40356, stack(0x0000002666000000,0x0000002666100000) (1024K)]
  0x000001ec4838a080 JavaThread "Connection worker"                 [_thread_blocked, id=36396, stack(0x0000002666200000,0x0000002666300000) (1024K)]
  0x000001ec48386c00 JavaThread "pool-799-thread-1"                 [_thread_blocked, id=38416, stack(0x0000002666300000,0x0000002666400000) (1024K)]
  0x000001ec4838c150 JavaThread "Connection worker"                 [_thread_blocked, id=40920, stack(0x0000002666400000,0x0000002666500000) (1024K)]
  0x000001ec4838d500 JavaThread "Connection worker"                 [_thread_blocked, id=38776, stack(0x0000002666500000,0x0000002666600000) (1024K)]
  0x000001ec4838ada0 JavaThread "Connection worker"                 [_thread_blocked, id=39136, stack(0x0000002666600000,0x0000002666700000) (1024K)]
  0x000001ec4838c7e0 JavaThread "Connection worker"                 [_thread_blocked, id=40644, stack(0x0000002666700000,0x0000002666800000) (1024K)]
  0x000001ec4838b430 JavaThread "Connection worker"                 [_thread_blocked, id=25592, stack(0x0000002666900000,0x0000002666a00000) (1024K)]
  0x000001ec4838ce70 JavaThread "Connection worker"                 [_thread_blocked, id=40152, stack(0x0000002666a00000,0x0000002666b00000) (1024K)]
  0x000001ec483902f0 JavaThread "Connection worker"                 [_thread_blocked, id=40292, stack(0x0000002666d00000,0x0000002666e00000) (1024K)]
  0x000001ec48391010 JavaThread "Connection worker"                 [_thread_blocked, id=39784, stack(0x0000002666f00000,0x0000002667000000) (1024K)]
  0x000001ec48390980 JavaThread "Connection worker"                 [_thread_blocked, id=37548, stack(0x0000002667000000,0x0000002667100000) (1024K)]
  0x000001ec4838e8b0 JavaThread "pool-801-thread-1"                 [_thread_blocked, id=40064, stack(0x0000002667200000,0x0000002667300000) (1024K)]
  0x000001ec4838e220 JavaThread "pool-802-thread-1"                 [_thread_blocked, id=38456, stack(0x0000002667300000,0x0000002667400000) (1024K)]
  0x000001ec4838f5d0 JavaThread "Connection worker"                 [_thread_blocked, id=40160, stack(0x0000002667400000,0x0000002667500000) (1024K)]
  0x000001ec48391d30 JavaThread "Connection worker"                 [_thread_blocked, id=25000, stack(0x0000002667600000,0x0000002667700000) (1024K)]
  0x000001ec483a8cb0 JavaThread "pool-804-thread-1"                 [_thread_blocked, id=39444, stack(0x0000002667700000,0x0000002667800000) (1024K)]
  0x000001ec483b30c0 JavaThread "Connection worker"                 [_thread_blocked, id=36476, stack(0x0000002667b00000,0x0000002667c00000) (1024K)]
  0x000001ec483b7260 JavaThread "Connection worker"                 [_thread_blocked, id=38380, stack(0x0000002667c00000,0x0000002667d00000) (1024K)]
  0x000001ec47c7e040 JavaThread "Connection worker"                 [_thread_blocked, id=38292, stack(0x0000002667e00000,0x0000002667f00000) (1024K)]
  0x000001ec47c7b8e0 JavaThread "Connection worker"                 [_thread_blocked, id=40360, stack(0x0000002667f00000,0x0000002668000000) (1024K)]
  0x000001ec3b4dc390 JavaThread "pool-807-thread-1"                 [_thread_blocked, id=39096, stack(0x0000002668000000,0x0000002668100000) (1024K)]
  0x000001ec47a17080 JavaThread "pool-806-thread-1"                 [_thread_blocked, id=32744, stack(0x0000002668100000,0x0000002668200000) (1024K)]
  0x000001ec47a18430 JavaThread "pool-809-thread-1"                 [_thread_blocked, id=40596, stack(0x0000002668300000,0x0000002668400000) (1024K)]
  0x000001ec47a19150 JavaThread "pool-810-thread-1"                 [_thread_blocked, id=40468, stack(0x0000002668400000,0x0000002668500000) (1024K)]
  0x000001ec47a17710 JavaThread "Connection worker"                 [_thread_blocked, id=40352, stack(0x0000002668500000,0x0000002668600000) (1024K)]
  0x000001ec47a18ac0 JavaThread "Connection worker"                 [_thread_blocked, id=38744, stack(0x0000002668600000,0x0000002668700000) (1024K)]
  0x000001ec47a17da0 JavaThread "Connection worker"                 [_thread_blocked, id=40204, stack(0x0000002668700000,0x0000002668800000) (1024K)]
  0x000001ec47a197e0 JavaThread "Connection worker"                 [_thread_blocked, id=40404, stack(0x0000002668900000,0x0000002668a00000) (1024K)]
  0x000001ec47a16360 JavaThread "pool-812-thread-1"                 [_thread_blocked, id=40232, stack(0x0000002668a00000,0x0000002668b00000) (1024K)]
  0x000001ec47a1ab90 JavaThread "Connection worker"                 [_thread_blocked, id=40500, stack(0x0000002668b00000,0x0000002668c00000) (1024K)]
  0x000001ec47a1b220 JavaThread "Connection worker"                 [_thread_blocked, id=40860, stack(0x0000002668c00000,0x0000002668d00000) (1024K)]
  0x000001ec47a19e70 JavaThread "Connection worker"                 [_thread_blocked, id=11352, stack(0x0000002668d00000,0x0000002668e00000) (1024K)]
  0x000001ec47a1d2f0 JavaThread "Connection worker"                 [_thread_blocked, id=31304, stack(0x0000002668e00000,0x0000002668f00000) (1024K)]
  0x000001ec47a1b8b0 JavaThread "Connection worker"                 [_thread_blocked, id=14660, stack(0x0000002669000000,0x0000002669100000) (1024K)]
  0x000001ec47a1cc60 JavaThread "Connection worker"                 [_thread_blocked, id=29372, stack(0x0000002669100000,0x0000002669200000) (1024K)]
  0x000001ec47a1d980 JavaThread "Connection worker"                 [_thread_blocked, id=32932, stack(0x0000002669200000,0x0000002669300000) (1024K)]
  0x000001ec47a1a500 JavaThread "Connection worker"                 [_thread_blocked, id=21040, stack(0x0000002669400000,0x0000002669500000) (1024K)]
  0x000001ec47a20770 JavaThread "pool-813-thread-1"                 [_thread_blocked, id=1092, stack(0x0000002669600000,0x0000002669700000) (1024K)]
  0x000001ec47a1fa50 JavaThread "Connection worker"                 [_thread_blocked, id=9676, stack(0x0000002669800000,0x0000002669900000) (1024K)]
  0x000001ec47a1e010 JavaThread "pool-815-thread-1"                 [_thread_blocked, id=35896, stack(0x0000002669900000,0x0000002669a00000) (1024K)]
  0x000001ec47a21490 JavaThread "Connection worker"                 [_thread_blocked, id=37064, stack(0x0000002669a00000,0x0000002669b00000) (1024K)]
  0x000001ec47a21b20 JavaThread "Connection worker"                 [_thread_blocked, id=38596, stack(0x0000002669d00000,0x0000002669e00000) (1024K)]
  0x000001ec47a1e6a0 JavaThread "Connection worker"                 [_thread_blocked, id=39356, stack(0x0000002669e00000,0x0000002669f00000) (1024K)]
  0x000001ec47a22ed0 JavaThread "Connection worker"                 [_thread_blocked, id=39112, stack(0x0000002669f00000,0x000000266a000000) (1024K)]
  0x000001ec47a23560 JavaThread "Connection worker"                 [_thread_blocked, id=29204, stack(0x000000266a000000,0x000000266a100000) (1024K)]
  0x000001ec47a22840 JavaThread "pool-816-thread-1"                 [_thread_blocked, id=24180, stack(0x000000266a200000,0x000000266a300000) (1024K)]
  0x000001ec47a24280 JavaThread "pool-817-thread-1"                 [_thread_blocked, id=23432, stack(0x000000266a300000,0x000000266a400000) (1024K)]
  0x000001ec47a24910 JavaThread "Connection worker"                 [_thread_blocked, id=25680, stack(0x000000266a400000,0x000000266a500000) (1024K)]
  0x000001ec47a24fa0 JavaThread "Connection worker"                 [_thread_blocked, id=28108, stack(0x000000266a500000,0x000000266a600000) (1024K)]
  0x000001ec47a25630 JavaThread "pool-818-thread-1"                 [_thread_blocked, id=30620, stack(0x000000266a600000,0x000000266a700000) (1024K)]
  0x000001ec47a221b0 JavaThread "pool-819-thread-1"                 [_thread_blocked, id=28908, stack(0x000000266a700000,0x000000266a800000) (1024K)]
  0x000001ec47a28420 JavaThread "Connection worker"                 [_thread_blocked, id=14940, stack(0x000000266a900000,0x000000266aa00000) (1024K)]
  0x000001ec47a29140 JavaThread "Connection worker"                 [_thread_blocked, id=24932, stack(0x000000266ab00000,0x000000266ac00000) (1024K)]
  0x000001ec47a25cc0 JavaThread "Connection worker"                 [_thread_blocked, id=3292, stack(0x000000266ac00000,0x000000266ad00000) (1024K)]
  0x000001ec47a297d0 JavaThread "Connection worker"                 [_thread_blocked, id=13984, stack(0x000000266ad00000,0x000000266ae00000) (1024K)]
  0x000001ec47a26350 JavaThread "Connection worker"                 [_thread_blocked, id=33412, stack(0x000000266ae00000,0x000000266af00000) (1024K)]
  0x000001ec47a29e60 JavaThread "Connection worker"                 [_thread_blocked, id=35348, stack(0x000000266af00000,0x000000266b000000) (1024K)]
  0x000001ec47a2a4f0 JavaThread "pool-824-thread-1"                 [_thread_blocked, id=35056, stack(0x000000266b200000,0x000000266b300000) (1024K)]
  0x000001ec47a2ab80 JavaThread "pool-825-thread-1"                 [_thread_blocked, id=36856, stack(0x000000266b300000,0x000000266b400000) (1024K)]
  0x000001ec47a2d970 JavaThread "pool-829-thread-1"                 [_thread_blocked, id=35968, stack(0x000000266b700000,0x000000266b800000) (1024K)]
  0x000001ec47a2ed20 JavaThread "pool-830-thread-1"                 [_thread_blocked, id=38548, stack(0x000000266b800000,0x000000266b900000) (1024K)]
  0x000001ec47a2b8a0 JavaThread "pool-831-thread-1"                 [_thread_blocked, id=16088, stack(0x000000266b900000,0x000000266ba00000) (1024K)]
  0x000001ec47a2cc50 JavaThread "pool-832-thread-1"                 [_thread_blocked, id=39040, stack(0x000000266ba00000,0x000000266bb00000) (1024K)]
  0x000001ec47a2e000 JavaThread "pool-834-thread-1"                 [_thread_blocked, id=36808, stack(0x000000266bc00000,0x000000266bd00000) (1024K)]
  0x000001ec47a2e690 JavaThread "pool-835-thread-1"                 [_thread_blocked, id=2096, stack(0x000000266bd00000,0x000000266be00000) (1024K)]
  0x000001ec47a2f3b0 JavaThread "pool-836-thread-1"                 [_thread_blocked, id=11652, stack(0x000000266be00000,0x000000266bf00000) (1024K)]
  0x000001ec47a2c5c0 JavaThread "pool-838-thread-1"                 [_thread_blocked, id=32800, stack(0x000000266c000000,0x000000266c100000) (1024K)]
  0x000001ec47a33550 JavaThread "pool-840-thread-1"                 [_thread_blocked, id=15236, stack(0x000000265ca00000,0x000000265cb00000) (1024K)]
  0x000001ec47a32ec0 JavaThread "pool-841-thread-1"                 [_thread_blocked, id=14416, stack(0x000000266c200000,0x000000266c300000) (1024K)]
  0x000001ec47a33be0 JavaThread "Connection worker"                 [_thread_blocked, id=26380, stack(0x000000266c400000,0x000000266c500000) (1024K)]
  0x000001ec47a34270 JavaThread "pool-844-thread-1"                 [_thread_blocked, id=23536, stack(0x000000266c600000,0x000000266c700000) (1024K)]
  0x000001ec47a34900 JavaThread "pool-845-thread-1"                 [_thread_blocked, id=21420, stack(0x000000266c700000,0x000000266c800000) (1024K)]
  0x000001ec47a31b10 JavaThread "pool-847-thread-1"                 [_thread_blocked, id=39368, stack(0x000000266c900000,0x000000266ca00000) (1024K)]
  0x000001ec47a34f90 JavaThread "pool-848-thread-1"                 [_thread_blocked, id=14468, stack(0x0000002659300000,0x0000002659400000) (1024K)]
  0x000001ec47a35620 JavaThread "Connection worker"                 [_thread_blocked, id=23664, stack(0x000000266ca00000,0x000000266cb00000) (1024K)]
  0x000001ec47a321a0 JavaThread "pool-850-thread-1"                 [_thread_blocked, id=38028, stack(0x000000266cb00000,0x000000266cc00000) (1024K)]
  0x000001ec47a36340 JavaThread "pool-849-thread-1"                 [_thread_blocked, id=40488, stack(0x000000266cc00000,0x000000266cd00000) (1024K)]
  0x000001ec47a37d80 JavaThread "pool-851-thread-1"                 [_thread_blocked, id=24080, stack(0x000000266cd00000,0x000000266ce00000) (1024K)]
  0x000001ec47a37060 JavaThread "pool-852-thread-1"                 [_thread_blocked, id=10268, stack(0x000000266ce00000,0x000000266cf00000) (1024K)]
  0x000001ec47a369d0 JavaThread "pool-853-thread-1"                 [_thread_blocked, id=32116, stack(0x000000265b500000,0x000000265b600000) (1024K)]
  0x000001ec47a39130 JavaThread "pool-857-thread-1"                 [_thread_blocked, id=26344, stack(0x000000266d200000,0x000000266d300000) (1024K)]
  0x000001ec47a397c0 JavaThread "pool-858-thread-1"                 [_thread_blocked, id=14028, stack(0x000000266d300000,0x000000266d400000) (1024K)]
  0x000001ec47a376f0 JavaThread "pool-861-thread-1"                 [_thread_blocked, id=37816, stack(0x000000266d600000,0x000000266d700000) (1024K)]
  0x000001ec47a3b200 JavaThread "pool-863-thread-1"                 [_thread_blocked, id=40640, stack(0x000000266d800000,0x000000266d900000) (1024K)]
  0x000001ec47a3b890 JavaThread "pool-864-thread-1"                 [_thread_blocked, id=22164, stack(0x000000266d900000,0x000000266da00000) (1024K)]
  0x000001ec47a3ab70 JavaThread "pool-865-thread-1"                 [_thread_blocked, id=27472, stack(0x000000266db00000,0x000000266dc00000) (1024K)]
  0x000001ec47a3d2d0 JavaThread "pool-866-thread-1"                 [_thread_blocked, id=36276, stack(0x000000266dc00000,0x000000266dd00000) (1024K)]
  0x000001ec47a3cc40 JavaThread "pool-867-thread-1"                 [_thread_blocked, id=39412, stack(0x000000266dd00000,0x000000266de00000) (1024K)]
  0x000001ec47a3d960 JavaThread "pool-868-thread-1"                 [_thread_blocked, id=37296, stack(0x000000266de00000,0x000000266df00000) (1024K)]
  0x000001ec47a3e680 JavaThread "pool-869-thread-1"                 [_thread_blocked, id=35892, stack(0x000000266df00000,0x000000266e000000) (1024K)]
  0x000001ec47a3ed10 JavaThread "pool-870-thread-1"                 [_thread_blocked, id=23292, stack(0x000000266e000000,0x000000266e100000) (1024K)]
  0x000001ec47a3f3a0 JavaThread "pool-871-thread-1"                 [_thread_blocked, id=40536, stack(0x000000266e100000,0x000000266e200000) (1024K)]
  0x000001ec47a3bf20 JavaThread "pool-872-thread-1"                 [_thread_blocked, id=40716, stack(0x000000266e200000,0x000000266e300000) (1024K)]
  0x000001ec47a41b00 JavaThread "pool-873-thread-1"                 [_thread_blocked, id=41004, stack(0x000000266e300000,0x000000266e400000) (1024K)]
  0x000001ec47a42eb0 JavaThread "pool-876-thread-1"                 [_thread_blocked, id=41032, stack(0x000000266e600000,0x000000266e700000) (1024K)]
  0x000001ec47a40de0 JavaThread "pool-878-thread-1"                 [_thread_blocked, id=41280, stack(0x000000266e800000,0x000000266e900000) (1024K)]
  0x000001ec47a42190 JavaThread "pool-879-thread-1"                 [_thread_blocked, id=41284, stack(0x000000266e900000,0x000000266ea00000) (1024K)]
  0x000001ec47a41470 JavaThread "pool-880-thread-1"                 [_thread_blocked, id=41288, stack(0x000000266ea00000,0x000000266eb00000) (1024K)]
  0x000001ec47a42820 JavaThread "pool-881-thread-1"                 [_thread_blocked, id=41292, stack(0x000000266eb00000,0x000000266ec00000) (1024K)]
  0x000001ec47a400c0 JavaThread "pool-882-thread-1"                 [_thread_blocked, id=41296, stack(0x000000266ec00000,0x000000266ed00000) (1024K)]
  0x000001ec47a469c0 JavaThread "pool-883-thread-1"                 [_thread_blocked, id=41300, stack(0x000000266ed00000,0x000000266ee00000) (1024K)]
  0x000001ec47a448f0 JavaThread "pool-884-thread-1"                 [_thread_blocked, id=41308, stack(0x000000266ee00000,0x000000266ef00000) (1024K)]
  0x000001ec47a44f80 JavaThread "pool-885-thread-1"                 [_thread_blocked, id=41336, stack(0x000000266ef00000,0x000000266f000000) (1024K)]
  0x000001ec47a46330 JavaThread "pool-886-thread-1"                 [_thread_blocked, id=41344, stack(0x000000266f000000,0x000000266f100000) (1024K)]
  0x000001ec47a44260 JavaThread "pool-887-thread-1"                 [_thread_blocked, id=41372, stack(0x000000266f100000,0x000000266f200000) (1024K)]
  0x000001ec47a47050 JavaThread "Connection worker"                 [_thread_blocked, id=41440, stack(0x000000266f400000,0x000000266f500000) (1024K)]
  0x000001ec47a47d70 JavaThread "pool-891-thread-1"                 [_thread_blocked, id=41488, stack(0x000000266f600000,0x000000266f700000) (1024K)]
  0x000001ec47a48a90 JavaThread "pool-893-thread-1"                 [_thread_blocked, id=41544, stack(0x000000266f800000,0x000000266f900000) (1024K)]
  0x000001ec47a49120 JavaThread "pool-896-thread-1"                 [_thread_blocked, id=41580, stack(0x000000266fb00000,0x000000266fc00000) (1024K)]
  0x000001ec47a49e40 JavaThread "pool-897-thread-1"                 [_thread_blocked, id=41584, stack(0x000000266fc00000,0x000000266fd00000) (1024K)]
  0x000001ec47a4b1f0 JavaThread "pool-900-thread-1"                 [_thread_blocked, id=41616, stack(0x000000266fe00000,0x000000266ff00000) (1024K)]
  0x000001ec47a4bf10 JavaThread "pool-899-thread-1"                 [_thread_blocked, id=41624, stack(0x0000002670000000,0x0000002670100000) (1024K)]
  0x000001ec47a4a4d0 JavaThread "pool-903-thread-1"                 [_thread_blocked, id=41632, stack(0x0000002670200000,0x0000002670300000) (1024K)]
  0x000001ec47a4ab60 JavaThread "pool-904-thread-1"                 [_thread_blocked, id=41636, stack(0x0000002670300000,0x0000002670400000) (1024K)]
  0x000001ec47a4e670 JavaThread "pool-905-thread-1"                 [_thread_blocked, id=41660, stack(0x0000002670400000,0x0000002670500000) (1024K)]
  0x000001ec47a4f390 JavaThread "Connection worker"                 [_thread_blocked, id=41672, stack(0x0000002670600000,0x0000002670700000) (1024K)]
  0x000001ec47a4fa20 JavaThread "Connection worker"                 [_thread_blocked, id=41676, stack(0x0000002670700000,0x0000002670800000) (1024K)]
  0x000001ec47a500b0 JavaThread "pool-907-thread-1"                 [_thread_blocked, id=41680, stack(0x0000002670800000,0x0000002670900000) (1024K)]
  0x000001ec47a4ed00 JavaThread "pool-908-thread-1"                 [_thread_blocked, id=41692, stack(0x0000002670b00000,0x0000002670c00000) (1024K)]
  0x000001ec47a51af0 JavaThread "pool-911-thread-1"                 [_thread_blocked, id=41712, stack(0x0000002670e00000,0x0000002670f00000) (1024K)]
  0x000001ec47a52810 JavaThread "pool-916-thread-1"                 [_thread_blocked, id=41732, stack(0x0000002671300000,0x0000002671400000) (1024K)]
  0x000001ec47a53bc0 JavaThread "pool-917-thread-1"                 [_thread_blocked, id=41736, stack(0x0000002671400000,0x0000002671500000) (1024K)]
  0x000001ec47a50dd0 JavaThread "pool-918-thread-1"                 [_thread_blocked, id=41740, stack(0x0000002671500000,0x0000002671600000) (1024K)]
  0x000001ec47a548e0 JavaThread "pool-919-thread-1"                 [_thread_blocked, id=41744, stack(0x0000002671600000,0x0000002671700000) (1024K)]
  0x000001ec47a51460 JavaThread "pool-920-thread-1"                 [_thread_blocked, id=41756, stack(0x0000002671700000,0x0000002671800000) (1024K)]
  0x000001ec47a54f70 JavaThread "Connection worker"                 [_thread_blocked, id=41768, stack(0x0000002671800000,0x0000002671900000) (1024K)]
  0x000001ec499acae0 JavaThread "pool-921-thread-1"                 [_thread_blocked, id=41776, stack(0x0000002671a00000,0x0000002671b00000) (1024K)]
  0x000001ec499b9ce0 JavaThread "pool-922-thread-1"                 [_thread_blocked, id=41780, stack(0x0000002671b00000,0x0000002671c00000) (1024K)]
  0x000001ec4a2532e0 JavaThread "pool-923-thread-1"                 [_thread_blocked, id=41784, stack(0x0000002671e00000,0x0000002671f00000) (1024K)]
  0x000001ec4a256df0 JavaThread "pool-924-thread-1"                 [_thread_blocked, id=41788, stack(0x0000002671f00000,0x0000002672000000) (1024K)]
  0x000001ec4a254000 JavaThread "pool-926-thread-1"                 [_thread_blocked, id=41796, stack(0x0000002672100000,0x0000002672200000) (1024K)]
  0x000001ec4a253970 JavaThread "pool-927-thread-1"                 [_thread_blocked, id=41800, stack(0x0000002672200000,0x0000002672300000) (1024K)]
  0x000001ec4a2553b0 JavaThread "pool-928-thread-1"                 [_thread_blocked, id=41804, stack(0x0000002672300000,0x0000002672400000) (1024K)]
  0x000001ec4a257480 JavaThread "pool-929-thread-1"                 [_thread_blocked, id=41808, stack(0x0000002672400000,0x0000002672500000) (1024K)]
  0x000001ec4a255a40 JavaThread "pool-930-thread-1"                 [_thread_blocked, id=41812, stack(0x0000002672500000,0x0000002672600000) (1024K)]
  0x000001ec4a257b10 JavaThread "pool-932-thread-1"                 [_thread_blocked, id=41856, stack(0x0000002672600000,0x0000002672700000) (1024K)]
  0x000001ec4a2581a0 JavaThread "pool-933-thread-1"                 [_thread_blocked, id=41864, stack(0x0000002672800000,0x0000002672900000) (1024K)]
  0x000001ec4a258830 JavaThread "pool-934-thread-1"                 [_thread_blocked, id=41868, stack(0x0000002672900000,0x0000002672a00000) (1024K)]
  0x000001ec4a258ec0 JavaThread "pool-935-thread-1"                 [_thread_blocked, id=41872, stack(0x0000002672a00000,0x0000002672b00000) (1024K)]
  0x000001ec4a259550 JavaThread "pool-936-thread-1"                 [_thread_blocked, id=41876, stack(0x0000002672b00000,0x0000002672c00000) (1024K)]
  0x000001ec4a2560d0 JavaThread "pool-937-thread-1"                 [_thread_blocked, id=41892, stack(0x0000002672c00000,0x0000002672d00000) (1024K)]
  0x000001ec4a259be0 JavaThread "pool-938-thread-1"                 [_thread_blocked, id=41896, stack(0x0000002672d00000,0x0000002672e00000) (1024K)]
  0x000001ec4a25c9d0 JavaThread "pool-941-thread-1"                 [_thread_blocked, id=41908, stack(0x0000002673000000,0x0000002673100000) (1024K)]
  0x000001ec4a25d6f0 JavaThread "pool-942-thread-1"                 [_thread_blocked, id=41912, stack(0x0000002673100000,0x0000002673200000) (1024K)]
  0x000001ec4a25af90 JavaThread "pool-945-thread-1"                 [_thread_blocked, id=41924, stack(0x0000002673400000,0x0000002673500000) (1024K)]
  0x000001ec4a25a270 JavaThread "pool-946-thread-1"                 [_thread_blocked, id=41928, stack(0x0000002673500000,0x0000002673600000) (1024K)]
  0x000001ec4a25dd80 JavaThread "pool-947-thread-1"                 [_thread_blocked, id=41932, stack(0x0000002673600000,0x0000002673700000) (1024K)]
  0x000001ec4a25eaa0 JavaThread "pool-949-thread-1"                 [_thread_blocked, id=41108, stack(0x0000002673800000,0x0000002673900000) (1024K)]
  0x000001ec4a25f130 JavaThread "pool-951-thread-1"                 [_thread_blocked, id=41080, stack(0x0000002673a00000,0x0000002673b00000) (1024K)]
  0x000001ec4a2625b0 JavaThread "pool-953-thread-1"                 [_thread_blocked, id=41048, stack(0x0000002673c00000,0x0000002673d00000) (1024K)]
  0x000001ec4a25f7c0 JavaThread "pool-954-thread-1"                 [_thread_blocked, id=41088, stack(0x0000002673d00000,0x0000002673e00000) (1024K)]
  0x000001ec4a260b70 JavaThread "pool-955-thread-1"                 [_thread_blocked, id=41092, stack(0x0000002673e00000,0x0000002673f00000) (1024K)]
  0x000001ec4a25fe50 JavaThread "pool-956-thread-1"                 [_thread_blocked, id=41064, stack(0x0000002673f00000,0x0000002674000000) (1024K)]
  0x000001ec4a261200 JavaThread "Connection worker"                 [_thread_blocked, id=40972, stack(0x0000002674100000,0x0000002674200000) (1024K)]
  0x000001ec4a261890 JavaThread "pool-958-thread-1"                 [_thread_blocked, id=40968, stack(0x0000002674300000,0x0000002674400000) (1024K)]
  0x000001ec4a263ff0 JavaThread "pool-959-thread-1"                 [_thread_blocked, id=41084, stack(0x0000002674400000,0x0000002674500000) (1024K)]
  0x000001ec4a263960 JavaThread "pool-960-thread-1"                 [_thread_blocked, id=41332, stack(0x0000002674500000,0x0000002674600000) (1024K)]
  0x000001ec4a262c40 JavaThread "pool-961-thread-1"                 [_thread_blocked, id=41132, stack(0x0000002674600000,0x0000002674700000) (1024K)]
  0x000001ec4a264680 JavaThread "pool-962-thread-1"                 [_thread_blocked, id=41320, stack(0x0000002670a00000,0x0000002670b00000) (1024K)]
  0x000001ec4a264d10 JavaThread "Connection worker"                 [_thread_blocked, id=41112, stack(0x0000002674700000,0x0000002674800000) (1024K)]
  0x000001ec4a261f20 JavaThread "pool-963-thread-1"                 [_thread_blocked, id=41236, stack(0x0000002674900000,0x0000002674a00000) (1024K)]
  0x000001ec4a267b00 JavaThread "Connection worker"                 [_thread_blocked, id=41224, stack(0x0000002674a00000,0x0000002674b00000) (1024K)]
  0x000001ec4a268eb0 JavaThread "pool-964-thread-1"                 [_thread_blocked, id=39340, stack(0x0000002674b00000,0x0000002674c00000) (1024K)]
  0x000001ec4a265a30 JavaThread "pool-965-thread-1"                 [_thread_blocked, id=4280, stack(0x0000002674c00000,0x0000002674d00000) (1024K)]
  0x000001ec4a266750 JavaThread "pool-966-thread-1"                 [_thread_blocked, id=41076, stack(0x0000002674d00000,0x0000002674e00000) (1024K)]
  0x000001ec4a268190 JavaThread "pool-967-thread-1"                 [_thread_blocked, id=41140, stack(0x0000002674e00000,0x0000002674f00000) (1024K)]
  0x000001ec4a268820 JavaThread "pool-968-thread-1"                 [_thread_blocked, id=16860, stack(0x0000002674f00000,0x0000002675000000) (1024K)]
  0x000001ec4a267470 JavaThread "pool-969-thread-1"                 [_thread_blocked, id=33164, stack(0x0000002675000000,0x0000002675100000) (1024K)]
  0x000001ec4a269540 JavaThread "pool-970-thread-1"                 [_thread_blocked, id=41060, stack(0x0000002675100000,0x0000002675200000) (1024K)]
  0x000001ec4a266de0 JavaThread "pool-971-thread-1"                 [_thread_blocked, id=41040, stack(0x0000002675200000,0x0000002675300000) (1024K)]
  0x000001ec4a26c9c0 JavaThread "Connection worker"                 [_thread_blocked, id=22864, stack(0x0000002675400000,0x0000002675500000) (1024K)]
  0x000001ec4a26af80 JavaThread "pool-974-thread-1"                 [_thread_blocked, id=40576, stack(0x0000002675600000,0x0000002675700000) (1024K)]
  0x000001ec4a26a8f0 JavaThread "pool-975-thread-1"                 [_thread_blocked, id=40900, stack(0x0000002675700000,0x0000002675800000) (1024K)]
  0x000001ec4a269bd0 JavaThread "pool-976-thread-1"                 [_thread_blocked, id=41340, stack(0x0000002675800000,0x0000002675900000) (1024K)]
  0x000001ec4a26bca0 JavaThread "pool-978-thread-1"                 [_thread_blocked, id=41316, stack(0x0000002675a00000,0x0000002675b00000) (1024K)]
  0x000001ec4a26f7b0 JavaThread "pool-981-thread-1"                 [_thread_blocked, id=41100, stack(0x0000002675d00000,0x0000002675e00000) (1024K)]
  0x000001ec4a2704d0 JavaThread "pool-982-thread-1"                 [_thread_blocked, id=40712, stack(0x0000002660900000,0x0000002660a00000) (1024K)]
  0x000001ec4a26ea90 JavaThread "pool-984-thread-1"                 [_thread_blocked, id=41240, stack(0x0000002675f00000,0x0000002676000000) (1024K)]
  0x000001ec4a26f120 JavaThread "Connection worker"                 [_thread_blocked, id=41484, stack(0x0000002676000000,0x0000002676100000) (1024K)]
  0x000001ec4a26dd70 JavaThread "Connection worker"                 [_thread_blocked, id=41472, stack(0x0000002676100000,0x0000002676200000) (1024K)]
  0x000001ec4a26d6e0 JavaThread "pool-985-thread-1"                 [_thread_blocked, id=41104, stack(0x0000002676200000,0x0000002676300000) (1024K)]
  0x000001ec4a2711f0 JavaThread "pool-986-thread-1"                 [_thread_blocked, id=41452, stack(0x0000002676300000,0x0000002676400000) (1024K)]
  0x000001ec4a271880 JavaThread "Connection worker"                 [_thread_blocked, id=41600, stack(0x0000002676400000,0x0000002676500000) (1024K)]
  0x000001ec4a26e400 JavaThread "Connection worker"                 [_thread_blocked, id=41496, stack(0x0000002676500000,0x0000002676600000) (1024K)]
  0x000001ec4a273fe0 JavaThread "Connection worker"                 [_thread_blocked, id=41512, stack(0x0000002676600000,0x0000002676700000) (1024K)]
  0x000001ec4a272c30 JavaThread "pool-987-thread-1"                 [_thread_blocked, id=41568, stack(0x0000002676700000,0x0000002676800000) (1024K)]
  0x000001ec4a271f10 JavaThread "pool-988-thread-1"                 [_thread_blocked, id=40992, stack(0x0000002676800000,0x0000002676900000) (1024K)]
  0x000001ec4a275a20 JavaThread "pool-989-thread-1"                 [_thread_blocked, id=41436, stack(0x0000002676900000,0x0000002676a00000) (1024K)]
  0x000001ec4a274d00 JavaThread "Connection worker"                 [_thread_blocked, id=41688, stack(0x0000002676a00000,0x0000002676b00000) (1024K)]
  0x000001ec4a2725a0 JavaThread "Connection worker"                 [_thread_blocked, id=41704, stack(0x0000002676b00000,0x0000002676c00000) (1024K)]
  0x000001ec4a2760b0 JavaThread "Connection worker"                 [_thread_blocked, id=39916, stack(0x0000002676c00000,0x0000002676d00000) (1024K)]
  0x000001ec4a276740 JavaThread "pool-990-thread-1"                 [_thread_blocked, id=41760, stack(0x0000002676d00000,0x0000002676e00000) (1024K)]
  0x000001ec4a2732c0 JavaThread "pool-991-thread-1"                 [_thread_blocked, id=39372, stack(0x0000002676e00000,0x0000002676f00000) (1024K)]
  0x000001ec4a276dd0 JavaThread "pool-992-thread-1"                 [_thread_blocked, id=41176, stack(0x0000002676f00000,0x0000002677000000) (1024K)]
  0x000001ec4a273950 JavaThread "Connection worker"                 [_thread_blocked, id=41948, stack(0x0000002677000000,0x0000002677100000) (1024K)]
  0x000001ec4a275390 JavaThread "pool-993-thread-1"                 [_thread_blocked, id=41560, stack(0x0000002677100000,0x0000002677200000) (1024K)]
  0x000001ec4a277460 JavaThread "Connection worker"                 [_thread_blocked, id=41524, stack(0x0000002677200000,0x0000002677300000) (1024K)]
  0x000001ec4a277af0 JavaThread "Connection worker"                 [_thread_blocked, id=41956, stack(0x0000002677500000,0x0000002677600000) (1024K)]
  0x000001ec4a239c00 JavaThread "Connection worker"                 [_thread_blocked, id=39276, stack(0x0000002677600000,0x0000002677700000) (1024K)]
  0x000001ec4a239570 JavaThread "Connection worker"                 [_thread_blocked, id=41384, stack(0x0000002677700000,0x0000002677800000) (1024K)]
  0x000001ec4a23a290 JavaThread "pool-996-thread-1"                 [_thread_blocked, id=41816, stack(0x0000002677800000,0x0000002677900000) (1024K)]
  0x000001ec4a23afb0 JavaThread "pool-997-thread-1"                 [_thread_blocked, id=41348, stack(0x0000002677900000,0x0000002677a00000) (1024K)]
  0x000001ec4a23b640 JavaThread "pool-998-thread-1"                 [_thread_blocked, id=41968, stack(0x0000002677a00000,0x0000002677b00000) (1024K)]
  0x000001ec4a25bcb0 JavaThread "Connection worker"                 [_thread_blocked, id=41000, stack(0x000000266a100000,0x000000266a200000) (1024K)]
  0x000001ec4a23bcd0 JavaThread "Connection worker"                 [_thread_blocked, id=41168, stack(0x0000002666c00000,0x0000002666d00000) (1024K)]
  0x000001ec4a23a920 JavaThread "Connection worker"                 [_thread_blocked, id=25588, stack(0x0000002667500000,0x0000002667600000) (1024K)]
  0x000001ec4a23c360 JavaThread "Connection worker"                 [_thread_blocked, id=40720, stack(0x0000002673b00000,0x0000002673c00000) (1024K)]
  0x000001ec4a238ee0 JavaThread "Connection worker"                 [_thread_blocked, id=41840, stack(0x0000002677b00000,0x0000002677c00000) (1024K)]
  0x000001ec4a23f7e0 JavaThread "pool-999-thread-1"                 [_thread_blocked, id=41700, stack(0x0000002677c00000,0x0000002677d00000) (1024K)]
  0x000001ec4a23eac0 JavaThread "pool-1000-thread-1"                [_thread_blocked, id=41884, stack(0x0000002677d00000,0x0000002677e00000) (1024K)]
  0x000001ec4a23fe70 JavaThread "pool-1001-thread-1"                [_thread_blocked, id=17424, stack(0x0000002677f00000,0x0000002678000000) (1024K)]
  0x000001ec4a23f150 JavaThread "Connection worker"                 [_thread_blocked, id=38444, stack(0x0000002678100000,0x0000002678200000) (1024K)]
  0x000001ec4a23d080 JavaThread "Connection worker"                 [_thread_blocked, id=41152, stack(0x000000266ff00000,0x0000002670000000) (1024K)]
  0x000001ec4a240b90 JavaThread "Connection worker"                 [_thread_blocked, id=40984, stack(0x0000002678000000,0x0000002678100000) (1024K)]
  0x000001ec4a240500 JavaThread "pool-1002-thread-1"                [_thread_blocked, id=41352, stack(0x0000002678300000,0x0000002678400000) (1024K)]
  0x000001ec4a241220 JavaThread "pool-1003-thread-1"                [_thread_blocked, id=16004, stack(0x0000002678400000,0x0000002678500000) (1024K)]
  0x000001ec4a241f40 JavaThread "Connection worker"                 [_thread_blocked, id=41556, stack(0x0000002678900000,0x0000002678a00000) (1024K)]
  0x000001ec4a243980 JavaThread "Connection worker"                 [_thread_blocked, id=41180, stack(0x0000002678a00000,0x0000002678b00000) (1024K)]
  0x000001ec4a2425d0 JavaThread "Connection worker"                 [_thread_blocked, id=34656, stack(0x0000002678d00000,0x0000002678e00000) (1024K)]
  0x000001ec4a2460e0 JavaThread "Connection worker"                 [_thread_blocked, id=41072, stack(0x0000002678f00000,0x0000002679000000) (1024K)]
  0x000001ec4a242c60 JavaThread "pool-1006-thread-1"                [_thread_blocked, id=11120, stack(0x0000002679000000,0x0000002679100000) (1024K)]
  0x000001ec4a246770 JavaThread "pool-1007-thread-1"                [_thread_blocked, id=41844, stack(0x0000002679100000,0x0000002679200000) (1024K)]
  0x000001ec4a247490 JavaThread "Connection worker"                 [_thread_blocked, id=41220, stack(0x0000002679300000,0x0000002679400000) (1024K)]
  0x000001ec4a244010 JavaThread "Connection worker"                 [_thread_blocked, id=35356, stack(0x0000002679400000,0x0000002679500000) (1024K)]
  0x000001ec4a24a280 JavaThread "pool-1008-thread-1"                [_thread_blocked, id=2712, stack(0x0000002679500000,0x0000002679600000) (1024K)]
  0x000001ec4a248ed0 JavaThread "pool-1010-thread-1"                [_thread_blocked, id=33448, stack(0x0000002679800000,0x0000002679900000) (1024K)]
  0x000001ec4a24a910 JavaThread "pool-1011-thread-1"                [_thread_blocked, id=41172, stack(0x0000002679a00000,0x0000002679b00000) (1024K)]
  0x000001ec4a24c9e0 JavaThread "pool-1013-thread-1"                [_thread_blocked, id=41324, stack(0x000000267a100000,0x000000267a200000) (1024K)]
  0x000001ec4a2481b0 JavaThread "Connection worker"                 [_thread_blocked, id=36508, stack(0x0000002679e00000,0x0000002679f00000) (1024K)]
  0x000001ec4a24c350 JavaThread "pool-1016-thread-1"                [_thread_blocked, id=19116, stack(0x000000267a500000,0x000000267a600000) (1024K)]
  0x000001ec4a24f7d0 JavaThread "Connection worker"                 [_thread_blocked, id=29968, stack(0x000000267a600000,0x000000267a700000) (1024K)]
  0x000001ec4a24fe60 JavaThread "Connection worker"                 [_thread_blocked, id=14464, stack(0x000000267a800000,0x000000267a900000) (1024K)]
  0x000001ec4a251f30 JavaThread "Connection worker"                 [_thread_blocked, id=11404, stack(0x000000267ab00000,0x000000267ac00000) (1024K)]
  0x000001ec4a2525c0 JavaThread "Connection worker"                 [_thread_blocked, id=15748, stack(0x000000267ac00000,0x000000267ad00000) (1024K)]
  0x000001ec4a252c50 JavaThread "pool-1017-thread-1"                [_thread_blocked, id=40124, stack(0x000000266b100000,0x000000266b200000) (1024K)]
  0x000001ec4a251210 JavaThread "Connection worker"                 [_thread_blocked, id=27412, stack(0x000000267ad00000,0x000000267ae00000) (1024K)]
  0x000001ec4a2518a0 JavaThread "pool-1018-thread-1"                [_thread_blocked, id=39668, stack(0x000000267ae00000,0x000000267af00000) (1024K)]
  0x000001ec4a250b80 JavaThread "pool-1019-thread-1"                [_thread_blocked, id=23588, stack(0x000000267a900000,0x000000267aa00000) (1024K)]
  0x000001ec499b1310 JavaThread "Connection worker"                 [_thread_blocked, id=41608, stack(0x000000267af00000,0x000000267b000000) (1024K)]
  0x000001ec499c4e10 JavaThread "Connection worker"                 [_thread_blocked, id=41620, stack(0x000000267b000000,0x000000267b100000) (1024K)]
  0x000001ec499cb080 JavaThread "pool-1020-thread-1"                [_thread_blocked, id=39232, stack(0x000000267b100000,0x000000267b200000) (1024K)]
  0x000001ec499dcab0 JavaThread "pool-1021-thread-1"                [_thread_blocked, id=40240, stack(0x000000267b200000,0x000000267b300000) (1024K)]
  0x000001ec4838a710 JavaThread "pool-1022-thread-1"                [_thread_blocked, id=41828, stack(0x000000267b300000,0x000000267b400000) (1024K)]
  0x000001ec483916a0 JavaThread "pool-1023-thread-1"                [_thread_blocked, id=34988, stack(0x000000267b400000,0x000000267b500000) (1024K)]
  0x000001ec483b78f0 JavaThread "Connection worker"                 [_thread_blocked, id=41412, stack(0x000000267b500000,0x000000267b600000) (1024K)]
  0x000001ec47a23bf0 JavaThread "Connection worker"                 [_thread_blocked, id=35280, stack(0x000000267b600000,0x000000267b700000) (1024K)]
  0x000001ec47a27070 JavaThread "Connection worker"                 [_thread_blocked, id=41020, stack(0x000000267b700000,0x000000267b800000) (1024K)]
  0x000001ec47a4d950 JavaThread "Connection worker"                 [_thread_blocked, id=41056, stack(0x000000267b800000,0x000000267b900000) (1024K)]
  0x000001ec4a564aa0 JavaThread "Connection worker"                 [_thread_blocked, id=41936, stack(0x000000267b900000,0x000000267ba00000) (1024K)]
  0x000001ec4a5636f0 JavaThread "Connection worker"                 [_thread_blocked, id=31920, stack(0x000000267ba00000,0x000000267bb00000) (1024K)]
  0x000001ec4a563d80 JavaThread "pool-1024-thread-1"                [_thread_blocked, id=9644, stack(0x000000267bc00000,0x000000267bd00000) (1024K)]
  0x000001ec4a567200 JavaThread "pool-1025-thread-1"                [_thread_blocked, id=30284, stack(0x000000267bd00000,0x000000267be00000) (1024K)]
  0x000001ec4a567890 JavaThread "pool-1026-thread-1"                [_thread_blocked, id=21908, stack(0x000000267be00000,0x000000267bf00000) (1024K)]
  0x000001ec4a5657c0 JavaThread "pool-1027-thread-1"                [_thread_blocked, id=30328, stack(0x000000267bf00000,0x000000267c000000) (1024K)]
  0x000001ec4a564410 JavaThread "pool-1028-thread-1"                [_thread_blocked, id=25160, stack(0x000000267c000000,0x000000267c100000) (1024K)]
  0x000001ec4a568c40 JavaThread "pool-1029-thread-1"                [_thread_blocked, id=40728, stack(0x000000267c100000,0x000000267c200000) (1024K)]
  0x000001ec4a5664e0 JavaThread "Connection worker"                 [_thread_blocked, id=17240, stack(0x000000267c400000,0x000000267c500000) (1024K)]
  0x000001ec4a566b70 JavaThread "Connection worker"                 [_thread_blocked, id=31400, stack(0x000000267c500000,0x000000267c600000) (1024K)]
  0x000001ec4a56ad10 JavaThread "Connection worker"                 [_thread_blocked, id=42040, stack(0x000000267ca00000,0x000000267cb00000) (1024K)]
  0x000001ec4a56b3a0 JavaThread "Connection worker"                 [_thread_blocked, id=42044, stack(0x000000267cb00000,0x000000267cc00000) (1024K)]
  0x000001ec4a567f20 JavaThread "pool-1032-thread-1"                [_thread_blocked, id=42052, stack(0x000000267cc00000,0x000000267cd00000) (1024K)]
  0x000001ec4a56eeb0 JavaThread "pool-1031-thread-1"                [_thread_blocked, id=42056, stack(0x000000267cd00000,0x000000267ce00000) (1024K)]
  0x000001ec4a56d470 JavaThread "Connection worker"                 [_thread_blocked, id=42072, stack(0x000000267cf00000,0x000000267d000000) (1024K)]
  0x000001ec4a56db00 JavaThread "Connection worker"                 [_thread_blocked, id=42128, stack(0x000000267d000000,0x000000267d100000) (1024K)]
  0x000001ec4a56cde0 JavaThread "Connection worker"                 [_thread_blocked, id=42140, stack(0x000000267d200000,0x000000267d300000) (1024K)]
  0x000001ec4a56ba30 JavaThread "Connection worker"                 [_thread_blocked, id=42156, stack(0x000000267d300000,0x000000267d400000) (1024K)]
  0x000001ec4a56c750 JavaThread "Connection worker"                 [_thread_blocked, id=42192, stack(0x000000267d400000,0x000000267d500000) (1024K)]
  0x000001ec4a56c0c0 JavaThread "pool-1034-thread-1"                [_thread_blocked, id=42204, stack(0x000000267d600000,0x000000267d700000) (1024K)]
  0x000001ec4a571610 JavaThread "pool-1035-thread-1"                [_thread_blocked, id=42208, stack(0x000000267d700000,0x000000267d800000) (1024K)]
  0x000001ec4a56fbd0 JavaThread "pool-1036-thread-1"                [_thread_blocked, id=42212, stack(0x000000267d800000,0x000000267d900000) (1024K)]
  0x000001ec4a5708f0 JavaThread "Connection worker"                 [_thread_blocked, id=42216, stack(0x000000267d900000,0x000000267da00000) (1024K)]
  0x000001ec4a573050 JavaThread "pool-1037-thread-1"                [_thread_blocked, id=42324, stack(0x000000267da00000,0x000000267db00000) (1024K)]
  0x000001ec4a570f80 JavaThread "pool-1038-thread-1"                [_thread_blocked, id=42332, stack(0x000000267db00000,0x000000267dc00000) (1024K)]
  0x000001ec4a5729c0 JavaThread "pool-1039-thread-1"                [_thread_blocked, id=42336, stack(0x000000267dc00000,0x000000267dd00000) (1024K)]
  0x000001ec4a571ca0 JavaThread "pool-1040-thread-1"                [_thread_blocked, id=42340, stack(0x000000267dd00000,0x000000267de00000) (1024K)]
  0x000001ec4a5736e0 JavaThread "pool-1042-thread-1"                [_thread_blocked, id=42360, stack(0x000000267df00000,0x000000267e000000) (1024K)]
  0x000001ec4a574a90 JavaThread "Connection worker"                 [_thread_blocked, id=42592, stack(0x0000002666800000,0x0000002666900000) (1024K)]
  0x000001ec4a577f10 JavaThread "Connection worker"                 [_thread_blocked, id=42860, stack(0x0000002673700000,0x0000002673800000) (1024K)]
  0x000001ec4a578c30 JavaThread "Connection worker"                 [_thread_blocked, id=42880, stack(0x000000267e300000,0x000000267e400000) (1024K)]
  0x000001ec4a5785a0 JavaThread "pool-1043-thread-1"                [_thread_blocked, id=42900, stack(0x000000267e500000,0x000000267e600000) (1024K)]
  0x000001ec4a5757b0 JavaThread "Connection worker"                 [_thread_blocked, id=42916, stack(0x000000267e700000,0x000000267e800000) (1024K)]
  0x000001ec4a576b60 JavaThread "pool-1044-thread-1"                [_thread_blocked, id=42928, stack(0x000000267e800000,0x000000267e900000) (1024K)]
  0x000001ec4a5792c0 JavaThread "Connection worker"                 [_thread_blocked, id=43104, stack(0x000000267ea00000,0x000000267eb00000) (1024K)]
  0x000001ec4a575e40 JavaThread "Connection worker"                 [_thread_blocked, id=43108, stack(0x000000267eb00000,0x000000267ec00000) (1024K)]
  0x000001ec4a5764d0 JavaThread "pool-1045-thread-1"                [_thread_blocked, id=43116, stack(0x000000267ed00000,0x000000267ee00000) (1024K)]
  0x000001ec4a57c740 JavaThread "pool-1047-thread-1"                [_thread_blocked, id=43196, stack(0x000000267ef00000,0x000000267f000000) (1024K)]
  0x000001ec4a57d460 JavaThread "pool-1049-thread-1"                [_thread_blocked, id=43224, stack(0x000000267f300000,0x000000267f400000) (1024K)]
  0x000001ec4a580f70 JavaThread "Connection worker"                 [_thread_blocked, id=43756, stack(0x000000267fa00000,0x000000267fb00000) (1024K)]
  0x000001ec4a57daf0 JavaThread "Connection worker"                 [_thread_blocked, id=43760, stack(0x000000267fc00000,0x000000267fd00000) (1024K)]
  0x000001ec4a57fbc0 JavaThread "pool-1051-thread-1"                [_thread_blocked, id=43772, stack(0x000000267fd00000,0x000000267fe00000) (1024K)]
  0x000001ec4a581600 JavaThread "Connection worker"                 [_thread_blocked, id=43848, stack(0x000000267fe00000,0x000000267ff00000) (1024K)]
  0x000001ec4a57e180 JavaThread "Connection worker"                 [_thread_blocked, id=43856, stack(0x000000267ff00000,0x0000002680000000) (1024K)]
  0x000001ec4a582320 JavaThread "Connection worker"                 [_thread_blocked, id=43860, stack(0x0000002680000000,0x0000002680100000) (1024K)]
  0x000001ec4a57eea0 JavaThread "Connection worker"                 [_thread_blocked, id=43868, stack(0x0000002680100000,0x0000002680200000) (1024K)]
  0x000001ec4a583d60 JavaThread "pool-1052-thread-1"                [_thread_blocked, id=43056, stack(0x0000002679600000,0x0000002679700000) (1024K)]
  0x000001ec4a583040 JavaThread "Connection worker"                 [_thread_blocked, id=43176, stack(0x0000002679d00000,0x0000002679e00000) (1024K)]
  0x000001ec4a5843f0 JavaThread "pool-1053-thread-1"                [_thread_blocked, id=16160, stack(0x0000002679f00000,0x000000267a000000) (1024K)]
  0x000001ec4a584a80 JavaThread "pool-1054-thread-1"                [_thread_blocked, id=38792, stack(0x000000267a200000,0x000000267a300000) (1024K)]
  0x000001ec4a585110 JavaThread "pool-1055-thread-1"                [_thread_blocked, id=42108, stack(0x000000267a700000,0x000000267a800000) (1024K)]
  0x000001ec4a581c90 JavaThread "pool-1056-thread-1"                [_thread_blocked, id=25432, stack(0x000000267aa00000,0x000000267ab00000) (1024K)]
  0x000001ec4a5857a0 JavaThread "pool-1057-thread-1"                [_thread_blocked, id=42232, stack(0x0000002680400000,0x0000002680500000) (1024K)]
  0x000001ec4a588590 JavaThread "Connection worker"                 [_thread_blocked, id=43764, stack(0x0000002680600000,0x0000002680700000) (1024K)]
  0x000001ec4a588c20 JavaThread "pool-1059-thread-1"                [_thread_blocked, id=43884, stack(0x0000002678b00000,0x0000002678c00000) (1024K)]
  0x000001ec4a5871e0 JavaThread "Connection worker"                 [_thread_blocked, id=41420, stack(0x0000002678e00000,0x0000002678f00000) (1024K)]
  0x000001ec4a5892b0 JavaThread "pool-1060-thread-1"                [_thread_blocked, id=32128, stack(0x0000002680700000,0x0000002680800000) (1024K)]
  0x000001ec4a589940 JavaThread "Connection worker"                 [_thread_blocked, id=43448, stack(0x00000025be300000,0x00000025be400000) (1024K)]
  0x000001ec4a589fd0 JavaThread "Connection worker"                 [_thread_blocked, id=43752, stack(0x0000002680900000,0x0000002680a00000) (1024K)]
  0x000001ec4a586b50 JavaThread "Connection worker"                 [_thread_blocked, id=42116, stack(0x0000002680a00000,0x0000002680b00000) (1024K)]
  0x000001ec4a58b380 JavaThread "pool-1061-thread-1"                [_thread_blocked, id=41312, stack(0x0000002680b00000,0x0000002680c00000) (1024K)]
  0x000001ec4a58cdc0 JavaThread "pool-1062-thread-1"                [_thread_blocked, id=43744, stack(0x0000002680c00000,0x0000002680d00000) (1024K)]
  0x000001ec4a58c730 JavaThread "Connection worker"                 [_thread_blocked, id=44036, stack(0x0000002680d00000,0x0000002680e00000) (1024K)]
  0x000001ec4a58dae0 JavaThread "Connection worker"                 [_thread_blocked, id=44152, stack(0x0000002680f00000,0x0000002681000000) (1024K)]
  0x000001ec4a58a660 JavaThread "Connection worker"                 [_thread_blocked, id=44156, stack(0x0000002681000000,0x0000002681100000) (1024K)]
  0x000001ec4a58e170 JavaThread "Connection worker"                 [_thread_blocked, id=44160, stack(0x0000002681100000,0x0000002681200000) (1024K)]
  0x000001ec4a58fbb0 JavaThread "Connection worker"                 [_thread_blocked, id=44172, stack(0x0000002681300000,0x0000002681400000) (1024K)]
  0x000001ec4a5908d0 JavaThread "Connection worker"                 [_thread_blocked, id=44176, stack(0x0000002681400000,0x0000002681500000) (1024K)]
  0x000001ec4a590240 JavaThread "Connection worker"                 [_thread_blocked, id=44180, stack(0x0000002681500000,0x0000002681600000) (1024K)]
  0x000001ec4a58ee90 JavaThread "Connection worker"                 [_thread_blocked, id=44184, stack(0x0000002681600000,0x0000002681700000) (1024K)]
  0x000001ec4a58e800 JavaThread "Connection worker"                 [_thread_blocked, id=44188, stack(0x0000002681700000,0x0000002681800000) (1024K)]
  0x000001ec4a5915f0 JavaThread "Connection worker"                 [_thread_blocked, id=44196, stack(0x0000002681900000,0x0000002681a00000) (1024K)]
  0x000001ec4a593d50 JavaThread "Connection worker"                 [_thread_blocked, id=44200, stack(0x0000002681a00000,0x0000002681b00000) (1024K)]
  0x000001ec4a593030 JavaThread "Connection worker"                 [_thread_blocked, id=44220, stack(0x0000002681b00000,0x0000002681c00000) (1024K)]
  0x000001ec4a5943e0 JavaThread "Connection worker"                 [_thread_blocked, id=44228, stack(0x0000002681f00000,0x0000002682000000) (1024K)]
  0x000001ec4a590f60 JavaThread "pool-1064-thread-1"                [_thread_blocked, id=44232, stack(0x0000002682000000,0x0000002682100000) (1024K)]
  0x000001ec4a592310 JavaThread "pool-1065-thread-1"                [_thread_blocked, id=44236, stack(0x0000002682100000,0x0000002682200000) (1024K)]
  0x000001ec4a594a70 JavaThread "pool-1066-thread-1"                [_thread_blocked, id=44240, stack(0x0000002682200000,0x0000002682300000) (1024K)]
  0x000001ec4a595100 JavaThread "pool-1067-thread-1"                [_thread_blocked, id=44244, stack(0x0000002682300000,0x0000002682400000) (1024K)]
  0x000001ec4a591c80 JavaThread "pool-1068-thread-1"                [_thread_blocked, id=44268, stack(0x0000002682400000,0x0000002682500000) (1024K)]
  0x000001ec4a5929a0 JavaThread "pool-1069-thread-1"                [_thread_blocked, id=44300, stack(0x0000002682700000,0x0000002682800000) (1024K)]
  0x000001ec4a5971d0 JavaThread "Connection worker"                 [_thread_blocked, id=44312, stack(0x0000002682800000,0x0000002682900000) (1024K)]
  0x000001ec4a596b40 JavaThread "pool-1070-thread-1"                [_thread_blocked, id=44368, stack(0x0000002682900000,0x0000002682a00000) (1024K)]
  0x000001ec4a595790 JavaThread "Connection worker"                 [_thread_blocked, id=44404, stack(0x000000267c700000,0x000000267c800000) (1024K)]
  0x000001ec4a5992a0 JavaThread "Connection worker"                 [_thread_blocked, id=44468, stack(0x000000267e400000,0x000000267e500000) (1024K)]
  0x000001ec4a598580 JavaThread "pool-1071-thread-1"                [_thread_blocked, id=44472, stack(0x0000002682500000,0x0000002682600000) (1024K)]
  0x000001ec4a599930 JavaThread "pool-1072-thread-1"                [_thread_blocked, id=44476, stack(0x0000002682d00000,0x0000002682e00000) (1024K)]
  0x000001ec4a599fc0 JavaThread "Connection worker"                 [_thread_blocked, id=44480, stack(0x0000002682e00000,0x0000002682f00000) (1024K)]
  0x000001ec4a59a650 JavaThread "pool-1073-thread-1"                [_thread_blocked, id=44508, stack(0x0000002682f00000,0x0000002683000000) (1024K)]
  0x000001ec4a59b370 JavaThread "Connection worker"                 [_thread_blocked, id=44544, stack(0x0000002683100000,0x0000002683200000) (1024K)]
  0x000001ec4a597ef0 JavaThread "Connection worker"                 [_thread_blocked, id=44548, stack(0x0000002683200000,0x0000002683300000) (1024K)]
  0x000001ec4a59c720 JavaThread "Connection worker"                 [_thread_blocked, id=44660, stack(0x0000002683600000,0x0000002683700000) (1024K)]
  0x000001ec4a59f510 JavaThread "pool-1075-thread-1"                [_thread_blocked, id=44688, stack(0x0000002683500000,0x0000002683600000) (1024K)]
  0x000001ec4a59d440 JavaThread "pool-1077-thread-1"                [_thread_blocked, id=44732, stack(0x0000002683a00000,0x0000002683b00000) (1024K)]
  0x000001ec4a59dad0 JavaThread "pool-1078-thread-1"                [_thread_blocked, id=44744, stack(0x0000002683b00000,0x0000002683c00000) (1024K)]
  0x000001ec4a59c090 JavaThread "pool-1079-thread-1"                [_thread_blocked, id=44748, stack(0x0000002683c00000,0x0000002683d00000) (1024K)]
  0x000001ec4a5a0f50 JavaThread "Connection worker"                 [_thread_blocked, id=44796, stack(0x0000002683d00000,0x0000002683e00000) (1024K)]
  0x000001ec4a5a3020 JavaThread "Connection worker"                 [_thread_blocked, id=44800, stack(0x0000002683e00000,0x0000002683f00000) (1024K)]
  0x000001ec4a59fba0 JavaThread "Connection worker"                 [_thread_blocked, id=44816, stack(0x0000002683f00000,0x0000002684000000) (1024K)]
  0x000001ec4a5a15e0 JavaThread "Connection worker"                 [_thread_blocked, id=44820, stack(0x0000002684000000,0x0000002684100000) (1024K)]
  0x000001ec4a5a08c0 JavaThread "Connection worker"                 [_thread_blocked, id=44840, stack(0x0000002684100000,0x0000002684200000) (1024K)]
  0x000001ec4a5a0230 JavaThread "Connection worker"                 [_thread_blocked, id=44844, stack(0x0000002684200000,0x0000002684300000) (1024K)]
  0x000001ec4a569ff0 JavaThread "Connection worker"                 [_thread_in_native, id=44900, stack(0x000000267c900000,0x000000267ca00000) (1024K)]
  0x000001ec4a56a680 JavaThread "Connection worker"                 [_thread_blocked, id=44936, stack(0x000000267e600000,0x000000267e700000) (1024K)]
  0x000001ec4a5a2990 JavaThread "pool-1081-thread-1"                [_thread_blocked, id=14820, stack(0x0000002684700000,0x0000002684800000) (1024K)]
  0x000001ec4a5a36b0 JavaThread "pool-1082-thread-1"                [_thread_blocked, id=12352, stack(0x0000002684800000,0x0000002684900000) (1024K)]
  0x000001ec4a23c9f0 JavaThread "pool-1083-thread-1"                [_thread_blocked, id=22952, stack(0x0000002684a00000,0x0000002684b00000) (1024K)]
  0x000001ec4a2453c0 JavaThread "Connection worker"                 [_thread_blocked, id=11488, stack(0x0000002684c00000,0x0000002684d00000) (1024K)]
  0x000001ec4a245a50 JavaThread "Connection worker"                 [_thread_blocked, id=43072, stack(0x0000002684d00000,0x0000002684e00000) (1024K)]
  0x000001ec4a249bf0 JavaThread "pool-1084-thread-1"                [_thread_blocked, id=32972, stack(0x0000002685000000,0x0000002685100000) (1024K)]
  0x000001ec4a24e420 JavaThread "pool-1086-thread-1"                [_thread_blocked, id=5136, stack(0x0000002685200000,0x0000002685300000) (1024K)]
  0x000001ec4a24dd90 JavaThread "Connection worker"                 [_thread_blocked, id=5704, stack(0x0000002685300000,0x0000002685400000) (1024K)]
  0x000001ec4a24f140 JavaThread "Connection worker"                 [_thread_blocked, id=27016, stack(0x0000002685400000,0x0000002685500000) (1024K)]
  0x000001ec4a25e410 JavaThread "pool-1087-thread-1"                [_thread_blocked, id=1236, stack(0x0000002685500000,0x0000002685600000) (1024K)]
  0x000001ec4838bac0 JavaThread "pool-1088-thread-1"                [_thread_blocked, id=18396, stack(0x0000002685600000,0x0000002685700000) (1024K)]
  0x000001ec37e8d130 JavaThread "Connection worker"                 [_thread_blocked, id=43244, stack(0x0000002685700000,0x0000002685800000) (1024K)]
  0x000001ec4a1bee00 JavaThread "pool-1089-thread-1"                [_thread_blocked, id=43864, stack(0x0000002685800000,0x0000002685900000) (1024K)]
  0x000001ec4a1c01b0 JavaThread "pool-1090-thread-1"                [_thread_blocked, id=38680, stack(0x0000002685900000,0x0000002685a00000) (1024K)]
  0x000001ec4a1c0ed0 JavaThread "Connection worker"                 [_thread_blocked, id=44448, stack(0x0000002685a00000,0x0000002685b00000) (1024K)]
  0x000001ec4a1bf490 JavaThread "Connection worker"                 [_thread_blocked, id=44208, stack(0x0000002685b00000,0x0000002685c00000) (1024K)]
  0x000001ec4a1c0840 JavaThread "Connection worker"                 [_thread_blocked, id=42448, stack(0x0000002685c00000,0x0000002685d00000) (1024K)]
  0x000001ec4a1c1560 JavaThread "Connection worker"                 [_thread_blocked, id=44484, stack(0x0000002685d00000,0x0000002685e00000) (1024K)]
  0x000001ec4a1c1bf0 JavaThread "Connection worker"                 [_thread_blocked, id=44488, stack(0x0000002685e00000,0x0000002685f00000) (1024K)]
  0x000001ec4a1c2fa0 JavaThread "pool-1092-thread-1"                [_thread_blocked, id=44096, stack(0x0000002686200000,0x0000002686300000) (1024K)]
  0x000001ec4a1bfb20 JavaThread "Connection worker"                 [_thread_blocked, id=39972, stack(0x000000267c300000,0x000000267c400000) (1024K)]
  0x000001ec4a1c5700 JavaThread "pool-1093-thread-1"                [_thread_blocked, id=7356, stack(0x000000267c600000,0x000000267c700000) (1024K)]
  0x000001ec4a1c6420 JavaThread "pool-1094-thread-1"                [_thread_blocked, id=2060, stack(0x000000267c800000,0x000000267c900000) (1024K)]
  0x000001ec4a1c3630 JavaThread "pool-1095-thread-1"                [_thread_blocked, id=23524, stack(0x000000267e200000,0x000000267e300000) (1024K)]
  0x000001ec4a1c6ab0 JavaThread "pool-1096-thread-1"                [_thread_blocked, id=2088, stack(0x0000002686300000,0x0000002686400000) (1024K)]
  0x000001ec4a1c7140 JavaThread "pool-1097-thread-1"                [_thread_blocked, id=32856, stack(0x0000002686400000,0x0000002686500000) (1024K)]
  0x000001ec4a1c49e0 JavaThread "Connection worker"                 [_thread_blocked, id=19720, stack(0x0000002686700000,0x0000002686800000) (1024K)]
  0x000001ec4a1c7e60 JavaThread "Connection worker"                 [_thread_blocked, id=40196, stack(0x0000002686900000,0x0000002686a00000) (1024K)]
  0x000001ec4a1c5d90 JavaThread "pool-1100-thread-1"                [_thread_blocked, id=39816, stack(0x0000002686a00000,0x0000002686b00000) (1024K)]
  0x000001ec4a1c5070 JavaThread "Connection worker"                 [_thread_blocked, id=41668, stack(0x0000002686b00000,0x0000002686c00000) (1024K)]
  0x000001ec4a1c9f30 JavaThread "Connection worker"                 [_thread_blocked, id=42120, stack(0x0000002686f00000,0x0000002687000000) (1024K)]
  0x000001ec4a1cc690 JavaThread "Connection worker"                 [_thread_blocked, id=42488, stack(0x0000002687200000,0x0000002687300000) (1024K)]
  0x000001ec4a1ca5c0 JavaThread "Connection worker"                 [_thread_blocked, id=43776, stack(0x0000002687300000,0x0000002687400000) (1024K)]
  0x000001ec4a1c98a0 JavaThread "Connection worker"                 [_thread_blocked, id=43088, stack(0x0000002687600000,0x0000002687700000) (1024K)]
  0x000001ec4a1ccd20 JavaThread "pool-1104-thread-1"                [_thread_blocked, id=39396, stack(0x0000002678c00000,0x0000002678d00000) (1024K)]
  0x000001ec4a1cd3b0 JavaThread "pool-1105-thread-1"                [_thread_blocked, id=34928, stack(0x000000267e000000,0x000000267e100000) (1024K)]
  0x000001ec4a1ce0d0 JavaThread "pool-1107-thread-1"                [_thread_blocked, id=3868, stack(0x000000267f200000,0x000000267f300000) (1024K)]
  0x000001ec4a1cc000 JavaThread "pool-1108-thread-1"                [_thread_blocked, id=43788, stack(0x000000267f400000,0x000000267f500000) (1024K)]
  0x000001ec4a1cfb10 JavaThread "Connection worker"                 [_thread_blocked, id=40964, stack(0x000000267f500000,0x000000267f600000) (1024K)]
  0x000001ec4a1cf480 JavaThread "Connection worker"                 [_thread_blocked, id=40532, stack(0x0000002664600000,0x0000002664700000) (1024K)]
  0x000001ec4a1ce760 JavaThread "pool-1114-thread-1"                [_thread_blocked, id=10348, stack(0x000000267f700000,0x000000267f800000) (1024K)]
  0x000001ec4a1d2270 JavaThread "pool-1113-thread-1"                [_thread_blocked, id=16256, stack(0x000000267f800000,0x000000267f900000) (1024K)]
  0x000001ec4a1d0ec0 JavaThread "pool-1112-thread-1"                [_thread_blocked, id=18496, stack(0x0000002680500000,0x0000002680600000) (1024K)]
  0x000001ec4a1d1550 JavaThread "pool-1110-thread-1"                [_thread_blocked, id=18704, stack(0x0000002682a00000,0x0000002682b00000) (1024K)]
  0x000001ec4a1d1be0 JavaThread "pool-1111-thread-1"                [_thread_blocked, id=19940, stack(0x0000002687400000,0x0000002687500000) (1024K)]
  0x000001ec4a1d4340 JavaThread "pool-1115-thread-1"                [_thread_blocked, id=15648, stack(0x0000002687900000,0x0000002687a00000) (1024K)]
  0x000001ec4a1d5060 JavaThread "pool-1118-thread-1"                [_thread_blocked, id=4880, stack(0x0000002687a00000,0x0000002687b00000) (1024K)]
  0x000001ec4a1d49d0 JavaThread "pool-1120-thread-1"                [_thread_blocked, id=42392, stack(0x0000002687d00000,0x0000002687e00000) (1024K)]
  0x000001ec4a1d3620 JavaThread "pool-1121-thread-1"                [_thread_blocked, id=44456, stack(0x0000002687e00000,0x0000002687f00000) (1024K)]
  0x000001ec4a1d56f0 JavaThread "pool-1122-thread-1"                [_thread_blocked, id=43220, stack(0x0000002687f00000,0x0000002688000000) (1024K)]
  0x000001ec4a1d5d80 JavaThread "pool-1123-thread-1"                [_thread_blocked, id=41216, stack(0x0000002688000000,0x0000002688100000) (1024K)]
  0x000001ec4a1d7e50 JavaThread "pool-1124-thread-1"                [_thread_blocked, id=41208, stack(0x0000002688200000,0x0000002688300000) (1024K)]
  0x000001ec4a1d6aa0 JavaThread "pool-1126-thread-1"                [_thread_blocked, id=44976, stack(0x0000002688400000,0x0000002688500000) (1024K)]
  0x000001ec4a1d77c0 JavaThread "pool-1127-thread-1"                [_thread_blocked, id=43332, stack(0x0000002688500000,0x0000002688600000) (1024K)]
  0x000001ec4a1d7130 JavaThread "Connection worker"                 [_thread_blocked, id=30028, stack(0x0000002688700000,0x0000002688800000) (1024K)]
  0x000001ec4a1d9f20 JavaThread "Connection worker"                 [_thread_blocked, id=3772, stack(0x0000002688a00000,0x0000002688b00000) (1024K)]
  0x000001ec4a1da5b0 JavaThread "pool-1128-thread-1"                [_thread_blocked, id=28144, stack(0x0000002688e00000,0x0000002688f00000) (1024K)]
  0x000001ec4a1dcd10 JavaThread "pool-1130-thread-1"                [_thread_blocked, id=22856, stack(0x0000002689100000,0x0000002689200000) (1024K)]
  0x000001ec4a1e1540 JavaThread "Connection worker"                 [_thread_blocked, id=45164, stack(0x0000002689b00000,0x0000002689c00000) (1024K)]
  0x000001ec4a1e0190 JavaThread "pool-1134-thread-1"                [_thread_blocked, id=45180, stack(0x0000002689900000,0x0000002689a00000) (1024K)]
  0x000001ec4a1c4350 JavaThread "Connection worker"                 [_thread_blocked, id=30664, stack(0x000000267f900000,0x000000267fa00000) (1024K)]
  0x000001ec4a1db2d0 JavaThread "Connection worker"                 [_thread_blocked, id=46412, stack(0x000000267e900000,0x000000267ea00000) (1024K)]
  0x000001ec4a1dfb00 JavaThread "Connection worker"                 [_thread_in_native, id=46720, stack(0x0000002665d00000,0x0000002665e00000) (1024K)]
  0x000001ec4a1ac020 JavaThread "Connection worker"                 [_thread_blocked, id=46972, stack(0x000000267f000000,0x000000267f100000) (1024K)]
  0x000001ec4a1e2260 JavaThread "Connection worker"                 [_thread_blocked, id=39868, stack(0x000000265ed00000,0x000000265ee00000) (1024K)]
  0x000001ec4a1a5090 JavaThread "Connection worker"                 [_thread_blocked, id=40184, stack(0x000000265a900000,0x000000265aa00000) (1024K)]
  0x000001ec4a1e0820 JavaThread "Connection worker"                 [_thread_blocked, id=32772, stack(0x000000265b600000,0x000000265b700000) (1024K)]
  0x000001ec4a1dede0 JavaThread "Connection worker"                 [_thread_blocked, id=47776, stack(0x000000265db00000,0x000000265dc00000) (1024K)]
  0x000001ec4a1a5db0 JavaThread "Connection worker"                 [_thread_blocked, id=14964, stack(0x0000002661900000,0x0000002661a00000) (1024K)]
  0x000001ec4a1df470 JavaThread "Connection worker"                 [_thread_blocked, id=41888, stack(0x0000002662800000,0x0000002662900000) (1024K)]
  0x000001ec4a1a5720 JavaThread "Connection worker"                 [_thread_blocked, id=40216, stack(0x0000002662f00000,0x0000002663000000) (1024K)]
  0x000001ec4a1a77f0 JavaThread "Connection worker"                 [_thread_blocked, id=43468, stack(0x000000265d400000,0x000000265d500000) (1024K)]
  0x000001ec4a1a6440 JavaThread "Connection worker"                 [_thread_blocked, id=46216, stack(0x000000266b000000,0x000000266b100000) (1024K)]
  0x000001ec4a1a4a00 JavaThread "Connection worker"                 [_thread_blocked, id=45156, stack(0x0000002659e00000,0x0000002659f00000) (1024K)]
  0x000001ec4a1ab300 JavaThread "Connection worker"                 [_thread_blocked, id=48516, stack(0x0000002661200000,0x0000002661300000) (1024K)]
  0x000001ec4a1ab990 JavaThread "Connection worker"                 [_thread_blocked, id=4284, stack(0x0000002659000000,0x0000002659100000) (1024K)]
  0x000001ec4a1a8ba0 JavaThread "Connection worker"                 [_thread_blocked, id=46092, stack(0x000000266c300000,0x000000266c400000) (1024K)]
  0x000001ec4a1a9230 JavaThread "Connection worker"                 [_thread_blocked, id=8268, stack(0x0000002663000000,0x0000002663100000) (1024K)]
  0x000001ec4a1aac70 JavaThread "Connection worker"                 [_thread_in_native, id=46232, stack(0x0000002667800000,0x0000002667900000) (1024K)]
  0x000001ec4a1a9f50 JavaThread "Connection worker"                 [_thread_in_native, id=46096, stack(0x0000002668800000,0x0000002668900000) (1024K)]
  0x000001ec4a1aee10 JavaThread "Connection worker"                 [_thread_in_native, id=45828, stack(0x000000267ee00000,0x000000267ef00000) (1024K)]
  0x000001ec4a1c77d0 JavaThread "Connection worker"                 [_thread_blocked, id=47668, stack(0x0000002663800000,0x0000002663900000) (1024K)]
  0x000001ec4a1cac50 JavaThread "Connection worker"                 [_thread_blocked, id=42200, stack(0x000000266aa00000,0x000000266ab00000) (1024K)]
  0x000001ec4a1c8b80 JavaThread "Connection worker"                 [_thread_blocked, id=45136, stack(0x000000266b400000,0x000000266b500000) (1024K)]
  0x000001ec4a1c84f0 JavaThread "Connection worker"                 [_thread_blocked, id=44668, stack(0x0000002677e00000,0x0000002677f00000) (1024K)]
  0x000001ec4a1d2900 JavaThread "Connection worker"                 [_thread_blocked, id=46536, stack(0x000000265da00000,0x000000265db00000) (1024K)]
  0x000001ec4a1dbff0 JavaThread "Connection worker"                 [_thread_blocked, id=41396, stack(0x0000002679700000,0x0000002679800000) (1024K)]
  0x000001ec4a1e1bd0 JavaThread "Connection worker"                 [_thread_blocked, id=2572, stack(0x0000002662b00000,0x0000002662c00000) (1024K)]
  0x000001ec4a1e4330 JavaThread "Connection worker"                 [_thread_blocked, id=31424, stack(0x0000002663900000,0x0000002663a00000) (1024K)]
  0x000001ec4a1e3610 JavaThread "Connection worker"                 [_thread_blocked, id=19172, stack(0x0000002665c00000,0x0000002665d00000) (1024K)]
  0x000001ec4a1e2f80 JavaThread "Connection worker"                 [_thread_blocked, id=3872, stack(0x0000002660000000,0x0000002660100000) (1024K)]
  0x000001ec4a1e3ca0 JavaThread "Connection worker"                 [_thread_blocked, id=46316, stack(0x000000266f200000,0x000000266f300000) (1024K)]
  0x000001ec4a1be770 JavaThread "Connection worker"                 [_thread_blocked, id=44636, stack(0x0000002672700000,0x0000002672800000) (1024K)]
  0x000001ec4a1c2910 JavaThread "Connection worker"                 [_thread_blocked, id=47808, stack(0x0000002678800000,0x0000002678900000) (1024K)]
  0x000001ec4a1cedf0 JavaThread "Connection worker"                 [_thread_blocked, id=46980, stack(0x0000002679900000,0x0000002679a00000) (1024K)]
  0x000001ec4a1af4a0 JavaThread "Connection worker"                 [_thread_blocked, id=44520, stack(0x0000002680e00000,0x0000002680f00000) (1024K)]
  0x000001ec4a1ada60 JavaThread "Connection worker"                 [_thread_blocked, id=30760, stack(0x0000002679c00000,0x0000002679d00000) (1024K)]
  0x000001ec4a1a6ad0 JavaThread "Connection worker"                 [_thread_blocked, id=49136, stack(0x0000002658600000,0x0000002658700000) (1024K)]
  0x000001ec4a1cda40 JavaThread "Connection worker"                 [_thread_blocked, id=14368, stack(0x0000002665300000,0x0000002665400000) (1024K)]
  0x000001ec4a1d9890 JavaThread "Connection worker"                 [_thread_blocked, id=48156, stack(0x0000002669c00000,0x0000002669d00000) (1024K)]
  0x000001ec4a1d8b70 JavaThread "Connection worker"                 [_thread_blocked, id=45608, stack(0x000000266d400000,0x000000266d500000) (1024K)]
  0x000001ec4a1dc680 JavaThread "Connection worker"                 [_thread_blocked, id=45008, stack(0x000000266bb00000,0x000000266bc00000) (1024K)]
  0x000001ec4a1dac40 JavaThread "Connection worker"                 [_thread_blocked, id=46916, stack(0x0000002673200000,0x0000002673300000) (1024K)]
  0x000001ec4a1de750 JavaThread "Connection worker"                 [_thread_blocked, id=44064, stack(0x000000267f600000,0x000000267f700000) (1024K)]
  0x000001ec4a1b2290 JavaThread "Connection worker"                 [_thread_blocked, id=48928, stack(0x0000002675900000,0x0000002675a00000) (1024K)]
  0x000001ec4a1afb30 JavaThread "Connection worker"                 [_thread_blocked, id=43636, stack(0x0000002684500000,0x0000002684600000) (1024K)]
  0x000001ec4a1b77e0 JavaThread "Connection worker"                 [_thread_blocked, id=39692, stack(0x0000002671100000,0x0000002671200000) (1024K)]
  0x000001ec4a1b6430 JavaThread "Connection worker"                 [_thread_blocked, id=44652, stack(0x0000002660600000,0x0000002660700000) (1024K)]
  0x000001ec4a1bac60 JavaThread "Connection worker"                 [_thread_blocked, id=1480, stack(0x000000265e500000,0x000000265e600000) (1024K)]
  0x000001ec4a1bb980 JavaThread "Connection worker"                 [_thread_blocked, id=43132, stack(0x000000267d100000,0x000000267d200000) (1024K)]
  0x000001ec4a1bd3c0 JavaThread "Connection worker"                 [_thread_blocked, id=45932, stack(0x00000025bb300000,0x00000025bb400000) (1024K)]
  0x000001ec4a1de0c0 JavaThread "Connection worker"                 [_thread_blocked, id=45832, stack(0x0000002663500000,0x0000002663600000) (1024K)]
  0x000001ec4a5692d0 JavaThread "Connection worker"                 [_thread_blocked, id=45912, stack(0x000000265c600000,0x000000265c700000) (1024K)]
  0x000001ec4a565e50 JavaThread "Connection worker"                 [_thread_blocked, id=48896, stack(0x0000002664b00000,0x0000002664c00000) (1024K)]
  0x000001ec4a569960 JavaThread "Connection worker"                 [_thread_blocked, id=48664, stack(0x0000002665100000,0x0000002665200000) (1024K)]
  0x000001ec4a570260 JavaThread "Connection worker"                 [_thread_blocked, id=47804, stack(0x0000002667900000,0x0000002667a00000) (1024K)]
  0x000001ec4a56e190 JavaThread "Connection worker"                 [_thread_blocked, id=46476, stack(0x0000002669300000,0x0000002669400000) (1024K)]
  0x000001ec4a575120 JavaThread "Connection worker"                 [_thread_blocked, id=44568, stack(0x0000002675300000,0x0000002675400000) (1024K)]
  0x000001ec4a5771f0 JavaThread "Connection worker"                 [_thread_blocked, id=33272, stack(0x0000002669b00000,0x0000002669c00000) (1024K)]
  0x000001ec4a57a670 JavaThread "Connection worker"                 [_thread_blocked, id=4380, stack(0x0000002666b00000,0x0000002666c00000) (1024K)]
  0x000001ec4a577880 JavaThread "Connection worker"                 [_thread_blocked, id=39196, stack(0x0000002668f00000,0x0000002669000000) (1024K)]
  0x000001ec4a5685b0 JavaThread "Connection worker"                 [_thread_blocked, id=46616, stack(0x0000002672e00000,0x0000002672f00000) (1024K)]
  0x000001ec4a57e810 JavaThread "Connection worker"                 [_thread_blocked, id=7696, stack(0x000000265e900000,0x000000265ea00000) (1024K)]
  0x000001ec4a580250 JavaThread "Connection worker"                 [_thread_blocked, id=44284, stack(0x000000265bc00000,0x000000265bd00000) (1024K)]
  0x000001ec4a572330 JavaThread "Connection worker"                 [_thread_blocked, id=26248, stack(0x000000265f900000,0x000000265fa00000) (1024K)]
  0x000001ec4a5829b0 JavaThread "Connection worker"                 [_thread_blocked, id=48564, stack(0x0000002663300000,0x0000002663400000) (1024K)]
  0x000001ec4a57f530 JavaThread "Connection worker"                 [_thread_blocked, id=46320, stack(0x0000002663600000,0x0000002663700000) (1024K)]
  0x000001ec4a5836d0 JavaThread "Connection worker"                 [_thread_blocked, id=45896, stack(0x0000002664a00000,0x0000002664b00000) (1024K)]
  0x000001ec4a5864c0 JavaThread "Connection worker"                 [_thread_blocked, id=42268, stack(0x0000002667a00000,0x0000002667b00000) (1024K)]
  0x000001ec4a587870 JavaThread "Connection worker"                 [_thread_blocked, id=45592, stack(0x0000002666e00000,0x0000002666f00000) (1024K)]
  0x000001ec4a585e30 JavaThread "Connection worker"                 [_thread_blocked, id=47500, stack(0x000000265d300000,0x000000265d400000) (1024K)]
  0x000001ec4a57c0b0 JavaThread "Connection worker"                 [_thread_blocked, id=44552, stack(0x0000002665800000,0x0000002665900000) (1024K)]
  0x000001ec4a574400 JavaThread "Connection worker"                 [_thread_blocked, id=43532, stack(0x0000002666100000,0x0000002666200000) (1024K)]
  0x000001ec4a57cdd0 JavaThread "Connection worker"                 [_thread_blocked, id=42696, stack(0x000000265f400000,0x000000265f500000) (1024K)]
  0x000001ec4a56e820 JavaThread "Connection worker"                 [_thread_blocked, id=43508, stack(0x0000002669700000,0x0000002669800000) (1024K)]
  0x000001ec4a57ad00 JavaThread "Connection worker"                 [_thread_blocked, id=49380, stack(0x000000265fe00000,0x000000265ff00000) (1024K)]
  0x000001ec4a58f520 JavaThread "Connection worker"                 [_thread_blocked, id=49400, stack(0x0000002660c00000,0x0000002660d00000) (1024K)]
  0x000001ec4a595e20 JavaThread "Connection worker"                 [_thread_blocked, id=49436, stack(0x0000002665500000,0x0000002665600000) (1024K)]
  0x000001ec4a597860 JavaThread "Connection worker"                 [_thread_blocked, id=49864, stack(0x000000265f700000,0x000000265f800000) (1024K)]
  0x000001ec4a598c10 JavaThread "Connection worker"                 [_thread_blocked, id=49880, stack(0x000000265e400000,0x000000265e500000) (1024K)]
  0x000001ec4a59cdb0 JavaThread "Connection worker"                 [_thread_blocked, id=49892, stack(0x000000265ad00000,0x000000265ae00000) (1024K)]
  0x000001ec4a59e160 JavaThread "Connection worker"                 [_thread_blocked, id=49896, stack(0x000000265de00000,0x000000265df00000) (1024K)]
  0x000001ec4a59ee80 JavaThread "Connection worker"                 [_thread_blocked, id=49900, stack(0x0000002661e00000,0x0000002661f00000) (1024K)]
  0x000001ec4a5a1c70 JavaThread "Connection worker"                 [_thread_blocked, id=49904, stack(0x0000002662300000,0x0000002662400000) (1024K)]
  0x000001ec4a5a2300 JavaThread "Connection worker"                 [_thread_blocked, id=49924, stack(0x000000265ec00000,0x000000265ed00000) (1024K)]
  0x000001ec4a1d9200 JavaThread "Connection worker"                 [_thread_blocked, id=49936, stack(0x0000002665700000,0x0000002665800000) (1024K)]
  0x000001ec4a1dd3a0 JavaThread "Connection worker"                 [_thread_blocked, id=49956, stack(0x000000265d100000,0x000000265d200000) (1024K)]
  0x000001ec4a1e28f0 JavaThread "Connection worker"                 [_thread_blocked, id=46508, stack(0x000000265b900000,0x000000265ba00000) (1024K)]
  0x000001ec4a1e0eb0 JavaThread "Connection worker"                 [_thread_blocked, id=14360, stack(0x000000265ba00000,0x000000265bb00000) (1024K)]
  0x000001ec4a1db960 JavaThread "Connection worker"                 [_thread_blocked, id=49216, stack(0x000000265d000000,0x000000265d100000) (1024K)]
  0x000001ec4a1a7160 JavaThread "Connection worker"                 [_thread_blocked, id=29844, stack(0x0000002663d00000,0x0000002663e00000) (1024K)]
  0x000001ec4a1ac6b0 JavaThread "Exec process"                      [_thread_in_native, id=40952, stack(0x0000002668200000,0x0000002668300000) (1024K)]
  0x000001ec4a1b01c0 JavaThread "Exec process Thread 2"             [_thread_blocked, id=35852, stack(0x0000002669500000,0x0000002669600000) (1024K)]
  0x000001ec4a1acd40 JavaThread "Exec process"                      [_thread_in_native, id=41996, stack(0x000000266b500000,0x000000266b600000) (1024K)]
  0x000001ec4a1b0850 JavaThread "Exec process Thread 2"             [_thread_blocked, id=49300, stack(0x000000266bf00000,0x000000266c000000) (1024K)]
  0x000001ec4a1ae780 JavaThread "Connection worker"                 [_thread_blocked, id=49496, stack(0x000000266b600000,0x000000266b700000) (1024K)]
  0x000001ec4a1a4370 JavaThread "Connection worker"                 [_thread_blocked, id=49780, stack(0x000000265d700000,0x000000265d800000) (1024K)]
  0x000001ec4a1a7e80 JavaThread "Exec process"                      [_thread_in_native, id=39632, stack(0x000000265fa00000,0x000000265fb00000) (1024K)]
  0x000001ec4a1aa5e0 JavaThread "Exec process Thread 2"             [_thread_blocked, id=40924, stack(0x0000002660e00000,0x0000002660f00000) (1024K)]
  0x000001ec4a1c2280 JavaThread "Connection worker"                 [_thread_blocked, id=49796, stack(0x0000002660d00000,0x0000002660e00000) (1024K)]
  0x000001ec4a1c3cc0 JavaThread "Connection worker"                 [_thread_blocked, id=28488, stack(0x0000002667d00000,0x0000002667e00000) (1024K)]
  0x000001ec4a1c9210 JavaThread "Exec process"                      [_thread_in_native, id=27712, stack(0x000000266c100000,0x000000266c200000) (1024K)]
  0x000001ec4a1d3cb0 JavaThread "Exec process Thread 2"             [_thread_blocked, id=48308, stack(0x000000266c800000,0x000000266c900000) (1024K)]
  0x000001ec4a1d0830 JavaThread "Exec process"                      [_thread_in_native, id=50172, stack(0x000000266cf00000,0x000000266d000000) (1024K)]
  0x000001ec4a1a98c0 JavaThread "Exec process Thread 2"             [_thread_blocked, id=40172, stack(0x000000265aa00000,0x000000265ab00000) (1024K)]
  0x000001ec4a1ae0f0 JavaThread "Connection worker"                 [_thread_blocked, id=49820, stack(0x000000265fd00000,0x000000265fe00000) (1024K)]
Total: 4083

Other Threads:
  0x000001ebc1002a10 VMThread "VM Thread"                           [id=26716, stack(0x00000025b8a00000,0x00000025b8b00000) (1024K)]
  0x000001ebc0a8ca00 WatcherThread "VM Periodic Task Thread"        [id=10844, stack(0x00000025b8900000,0x00000025b8a00000) (1024K)]
  0x000001ebc0f854e0 WorkerThread "GC Thread#0"                     [id=15232, stack(0x00000025b8800000,0x00000025b8900000) (1024K)]
  0x000001ec3637e150 WorkerThread "GC Thread#1"                     [id=20204, stack(0x00000025b9700000,0x00000025b9800000) (1024K)]
  0x000001ec36383dc0 WorkerThread "GC Thread#2"                     [id=29656, stack(0x00000025b9800000,0x00000025b9900000) (1024K)]
  0x000001ec36384170 WorkerThread "GC Thread#3"                     [id=25152, stack(0x00000025b9900000,0x00000025b9a00000) (1024K)]
  0x000001ec36384520 WorkerThread "GC Thread#4"                     [id=29808, stack(0x00000025b9a00000,0x00000025b9b00000) (1024K)]
  0x000001ec363848d0 WorkerThread "GC Thread#5"                     [id=23556, stack(0x00000025b9b00000,0x00000025b9c00000) (1024K)]
  0x000001ec36384c80 WorkerThread "GC Thread#6"                     [id=9912, stack(0x00000025b9c00000,0x00000025b9d00000) (1024K)]
  0x000001ec36a71860 WorkerThread "GC Thread#7"                     [id=32888, stack(0x00000025b9e00000,0x00000025b9f00000) (1024K)]
  0x000001ec36bb6bd0 WorkerThread "GC Thread#8"                     [id=22220, stack(0x00000025ba200000,0x00000025ba300000) (1024K)]
  0x000001ec36ac51e0 WorkerThread "GC Thread#9"                     [id=17984, stack(0x00000025ba300000,0x00000025ba400000) (1024K)]
Total: 12

Threads with active compile tasks:
C2 CompilerThread0   922053 23998       4       org.eclipse.jdt.internal.compiler.parser.Parser::consumeRule (7843 bytes)
Total: 1

VM state: not at safepoint (normal execution)

VM Mutex/Monitor currently owned by a thread: None

OutOfMemory and StackOverflow Exception counts:
OutOfMemoryError java_heap_errors=1
LinkageErrors=179

Heap address: 0x0000000600000000, size: 8192 MB, Compressed Oops mode: Zero based, Oop shift amount: 3

CDS archive(s) mapped at: [0x000001ebeb000000-0x000001ebebc90000-0x000001ebeff10000), size 82903040, SharedBaseAddress: 0x000001ebeb000000, ArchiveRelocationMode: 1.
Compressed class space mapped at: 0x000001ebf0000000-0x000001ec30000000, reserved size: 1073741824
Narrow klass base: 0x000001ebeb000000, Narrow klass shift: 0, Narrow klass range: 0x100000000

GC Precious Log:
 CardTable entry size: 512
 CPUs: 12 total, 12 available
 Memory: 15690M
 Large Page Support: Disabled
 NUMA Support: Disabled
 Compressed Oops: Enabled (Zero based)
 Alignments: Space 512K, Generation 512K, Heap 2M
 Heap Min Capacity: 100M
 Heap Initial Capacity: 100M
 Heap Max Capacity: 8G
 Pre-touch: Disabled
 Parallel Workers: 10

Heap:
 PSYoungGen      total 1042432K, used 304429K [0x0000000755580000, 0x00000007aea00000, 0x0000000800000000)
  eden space 1031168K, 28% used [0x0000000755580000,0x00000007673ce2b0,0x0000000794480000)
  from space 11264K, 99% used [0x00000007acf00000,0x00000007ad9fd200,0x00000007ada00000)
  to   space 13312K, 0% used [0x00000007add00000,0x00000007add00000,0x00000007aea00000)
 ParOldGen       total 5592576K, used 255024K [0x0000000600000000, 0x0000000755580000, 0x0000000755580000)
  object space 5592576K, 4% used [0x0000000600000000,0x000000060f90c0f8,0x0000000755580000)
 Metaspace       used 49137K, committed 50688K, reserved 1114112K
  class space    used 5374K, committed 6208K, reserved 1048576K

Card table byte_map: [0x000001ebd8410000,0x000001ebd9420000] _byte_map_base: 0x000001ebd5410000

Marking Bits: (ParMarkBitMap*) 0x00007ffc8777fea0
 Begin Bits: [0x000001ebd9ed0000, 0x000001ebe1ed0000)
 End Bits:   [0x000001ebe1ed0000, 0x000001ebe9ed0000)

Polling page: 0x000001ebbeed0000

Metaspace:

Usage:
  Non-class:     42.74 MB used.
      Class:      5.25 MB used.
       Both:     47.99 MB used.

Virtual space:
  Non-class space:       64.00 MB reserved,      43.44 MB ( 68%) committed,  1 nodes.
      Class space:        1.00 GB reserved,       6.06 MB ( <1%) committed,  1 nodes.
             Both:        1.06 GB reserved,      49.50 MB (  5%) committed. 

Chunk freelists:
   Non-Class:  4.25 MB
       Class:  9.83 MB
        Both:  14.08 MB

MaxMetaspaceSize: unlimited
CompressedClassSpaceSize: 1.00 GB
Initial GC threshold: 21.00 MB
Current GC threshold: 81.19 MB
CDS: on
 - commit_granule_bytes: 65536.
 - commit_granule_words: 8192.
 - virtual_space_node_default_size: 8388608.
 - enlarge_chunks_in_place: 1.
 - use_allocation_guard: 0.


Internal statistics:

num_allocs_failed_limit: 6.
num_arena_births: 2570.
num_arena_deaths: 756.
num_vsnodes_births: 2.
num_vsnodes_deaths: 0.
num_space_committed: 792.
num_space_uncommitted: 0.
num_chunks_returned_to_freelist: 994.
num_chunks_taken_from_freelist: 5542.
num_chunk_merges: 349.
num_chunk_splits: 3185.
num_chunks_enlarged: 1679.
num_inconsistent_stats: 0.

CodeHeap 'non-profiled nmethods': size=120000Kb used=23063Kb max_used=23063Kb free=96936Kb
 bounds [0x000001ebd0ee0000, 0x000001ebd2570000, 0x000001ebd8410000]
CodeHeap 'profiled nmethods': size=120000Kb used=30472Kb max_used=30472Kb free=89527Kb
 bounds [0x000001ebc9410000, 0x000001ebcb1e0000, 0x000001ebd0940000]
CodeHeap 'non-nmethods': size=5760Kb used=1458Kb max_used=1535Kb free=4301Kb
 bounds [0x000001ebd0940000, 0x000001ebd0bb0000, 0x000001ebd0ee0000]
 total_blobs=16525 nmethods=15751 adapters=679
 compilation: enabled
              stopped_count=0, restarted_count=0
 full_count=0

Compilation events (20 events):
Event: 920.811 Thread 0x000001ec3102a390 24029       3       lombok.core.LombokNode::gatherAndRemoveChildren (89 bytes)
Event: 920.812 Thread 0x000001ec3102a390 nmethod 24029 0x000001ebcb1d2e10 code [0x000001ebcb1d3080, 0x000001ebcb1d3cb8]
Event: 920.812 Thread 0x000001ec3102a390 24027       3       lombok.eclipse.Eclipse::poss (33 bytes)
Event: 920.812 Thread 0x000001ec3102a390 nmethod 24027 0x000001ebcb1d4110 code [0x000001ebcb1d42c0, 0x000001ebcb1d44a8]
Event: 920.812 Thread 0x000001ec3102a390 24028       1       org.eclipse.jdt.internal.compiler.ASTVisitor::visit (2 bytes)
Event: 920.812 Thread 0x000001ec3102a390 nmethod 24028 0x000001ebd2565290 code [0x000001ebd2565420, 0x000001ebd25654e8]
Event: 920.813 Thread 0x000001ec3102a390 24031       3       lombok.eclipse.EclipseASTAdapter::visitType (1 bytes)
Event: 920.814 Thread 0x000001ec3102a390 nmethod 24031 0x000001ebca1ab510 code [0x000001ebca1ab6a0, 0x000001ebca1ab7a8]
Event: 920.816 Thread 0x000001ec3102a390 24033       3       org.eclipse.jdt.internal.core.CompilationUnitStructureRequestor::resolveDuplicates (151 bytes)
Event: 920.818 Thread 0x000001ec3102a390 nmethod 24033 0x000001ebcb1d4590 code [0x000001ebcb1d48c0, 0x000001ebcb1d6118]
Event: 920.818 Thread 0x000001ec3102a390 24035       3       org.eclipse.jface.text.Line::<init> (24 bytes)
Event: 920.818 Thread 0x000001ec3102a390 nmethod 24035 0x000001ebcb1d6810 code [0x000001ebcb1d69c0, 0x000001ebcb1d6b58]
Event: 920.818 Thread 0x000001ec3102a390 24034       3       org.eclipse.jface.text.AbstractLineTracker$1::nextDelimiterInfo (10 bytes)
Event: 920.818 Thread 0x000001ec3102a390 nmethod 24034 0x000001ebcb1d6c10 code [0x000001ebcb1d6dc0, 0x000001ebcb1d6f20]
Event: 921.719 Thread 0x000001ec3102a390 24036       1       org.gradle.process.internal.DefaultExecHandle::isDaemon (5 bytes)
Event: 921.719 Thread 0x000001ec3102a390 nmethod 24036 0x000001ebd2565590 code [0x000001ebd2565720, 0x000001ebd25657f0]
Event: 921.719 Thread 0x000001ec3102a390 24037       1       org.gradle.process.internal.DefaultClientExecHandleBuilderFactory::access$000 (5 bytes)
Event: 921.719 Thread 0x000001ec3102a390 nmethod 24037 0x000001ebd2565890 code [0x000001ebd2565a20, 0x000001ebd2565ad0]
Event: 921.719 Thread 0x000001ec3102a390 24038       1       org.gradle.internal.concurrent.DefaultExecutorFactory::access$000 (5 bytes)
Event: 921.719 Thread 0x000001ec3102a390 nmethod 24038 0x000001ebd2565b90 code [0x000001ebd2565d20, 0x000001ebd2565dd0]

GC Heap History (20 events):
Event: 825.385 GC heap before
{Heap before GC invocations=53440 (full 231):
 PSYoungGen      total 1422336K, used 1420190K [0x0000000755580000, 0x00000007afd80000, 0x0000000800000000)
  eden space 1394176K, 100% used [0x0000000755580000,0x00000007aa700000,0x00000007aa700000)
  from space 28160K, 92% used [0x00000007aa700000,0x00000007ac067bb0,0x00000007ac280000)
  to   space 26624K, 0% used [0x00000007ae380000,0x00000007ae380000,0x00000007afd80000)
 ParOldGen       total 5592576K, used 215590K [0x0000000600000000, 0x0000000755580000, 0x0000000755580000)
  object space 5592576K, 3% used [0x0000000600000000,0x000000060d289b18,0x0000000755580000)
 Metaspace       used 48516K, committed 50240K, reserved 1114112K
  class space    used 5296K, committed 6208K, reserved 1048576K
}
Event: 825.400 GC heap after
{Heap after GC invocations=53440 (full 231):
 PSYoungGen      total 1456640K, used 26046K [0x0000000755580000, 0x00000007afe80000, 0x0000000800000000)
  eden space 1430016K, 0% used [0x0000000755580000,0x0000000755580000,0x00000007aca00000)
  from space 26624K, 97% used [0x00000007ae380000,0x00000007afcefb28,0x00000007afd80000)
  to   space 26112K, 0% used [0x00000007aca00000,0x00000007aca00000,0x00000007ae380000)
 ParOldGen       total 5592576K, used 215590K [0x0000000600000000, 0x0000000755580000, 0x0000000755580000)
  object space 5592576K, 3% used [0x0000000600000000,0x000000060d289b18,0x0000000755580000)
 Metaspace       used 48516K, committed 50240K, reserved 1114112K
  class space    used 5296K, committed 6208K, reserved 1048576K
}
Event: 825.808 GC heap before
{Heap before GC invocations=53441 (full 231):
 PSYoungGen      total 1456640K, used 1456062K [0x0000000755580000, 0x00000007afe80000, 0x0000000800000000)
  eden space 1430016K, 100% used [0x0000000755580000,0x00000007aca00000,0x00000007aca00000)
  from space 26624K, 97% used [0x00000007ae380000,0x00000007afcefb28,0x00000007afd80000)
  to   space 26112K, 0% used [0x00000007aca00000,0x00000007aca00000,0x00000007ae380000)
 ParOldGen       total 5592576K, used 215590K [0x0000000600000000, 0x0000000755580000, 0x0000000755580000)
  object space 5592576K, 3% used [0x0000000600000000,0x000000060d289b18,0x0000000755580000)
 Metaspace       used 48517K, committed 50240K, reserved 1114112K
  class space    used 5296K, committed 6208K, reserved 1048576K
}
Event: 825.821 GC heap after
{Heap after GC invocations=53441 (full 231):
 PSYoungGen      total 1456128K, used 26087K [0x0000000755580000, 0x00000007b2200000, 0x0000000800000000)
  eden space 1430016K, 0% used [0x0000000755580000,0x0000000755580000,0x00000007aca00000)
  from space 26112K, 99% used [0x00000007aca00000,0x00000007ae379c70,0x00000007ae380000)
  to   space 26624K, 0% used [0x00000007b0800000,0x00000007b0800000,0x00000007b2200000)
 ParOldGen       total 5592576K, used 215942K [0x0000000600000000, 0x0000000755580000, 0x0000000755580000)
  object space 5592576K, 3% used [0x0000000600000000,0x000000060d2e1b18,0x0000000755580000)
 Metaspace       used 48517K, committed 50240K, reserved 1114112K
  class space    used 5296K, committed 6208K, reserved 1048576K
}
Event: 826.158 GC heap before
{Heap before GC invocations=53442 (full 231):
 PSYoungGen      total 1456128K, used 1456103K [0x0000000755580000, 0x00000007b2200000, 0x0000000800000000)
  eden space 1430016K, 100% used [0x0000000755580000,0x00000007aca00000,0x00000007aca00000)
  from space 26112K, 99% used [0x00000007aca00000,0x00000007ae379c70,0x00000007ae380000)
  to   space 26624K, 0% used [0x00000007b0800000,0x00000007b0800000,0x00000007b2200000)
 ParOldGen       total 5592576K, used 215942K [0x0000000600000000, 0x0000000755580000, 0x0000000755580000)
  object space 5592576K, 3% used [0x0000000600000000,0x000000060d2e1b18,0x0000000755580000)
 Metaspace       used 48517K, committed 50240K, reserved 1114112K
  class space    used 5296K, committed 6208K, reserved 1048576K
}
Event: 826.173 GC heap after
{Heap after GC invocations=53442 (full 231):
 PSYoungGen      total 1489920K, used 26616K [0x0000000755580000, 0x00000007b2a80000, 0x0000000800000000)
  eden space 1463296K, 0% used [0x0000000755580000,0x0000000755580000,0x00000007aea80000)
  from space 26624K, 99% used [0x00000007b0800000,0x00000007b21fe0a0,0x00000007b2200000)
  to   space 30208K, 0% used [0x00000007aea80000,0x00000007aea80000,0x00000007b0800000)
 ParOldGen       total 5592576K, used 218582K [0x0000000600000000, 0x0000000755580000, 0x0000000755580000)
  object space 5592576K, 3% used [0x0000000600000000,0x000000060d575b18,0x0000000755580000)
 Metaspace       used 48517K, committed 50240K, reserved 1114112K
  class space    used 5296K, committed 6208K, reserved 1048576K
}
Event: 826.706 GC heap before
{Heap before GC invocations=53443 (full 231):
 PSYoungGen      total 1489920K, used 1489912K [0x0000000755580000, 0x00000007b2a80000, 0x0000000800000000)
  eden space 1463296K, 100% used [0x0000000755580000,0x00000007aea80000,0x00000007aea80000)
  from space 26624K, 99% used [0x00000007b0800000,0x00000007b21fe0a0,0x00000007b2200000)
  to   space 30208K, 0% used [0x00000007aea80000,0x00000007aea80000,0x00000007b0800000)
 ParOldGen       total 5592576K, used 218582K [0x0000000600000000, 0x0000000755580000, 0x0000000755580000)
  object space 5592576K, 3% used [0x0000000600000000,0x000000060d575b18,0x0000000755580000)
 Metaspace       used 48557K, committed 50304K, reserved 1114112K
  class space    used 5304K, committed 6208K, reserved 1048576K
}
Event: 826.722 GC heap after
{Heap after GC invocations=53443 (full 231):
 PSYoungGen      total 1416192K, used 24165K [0x0000000755580000, 0x00000007b0880000, 0x0000000800000000)
  eden space 1391616K, 0% used [0x0000000755580000,0x0000000755580000,0x00000007aa480000)
  from space 24576K, 98% used [0x00000007aea80000,0x00000007b02197f8,0x00000007b0280000)
  to   space 6144K, 0% used [0x00000007b0280000,0x00000007b0280000,0x00000007b0880000)
 ParOldGen       total 5592576K, used 220614K [0x0000000600000000, 0x0000000755580000, 0x0000000755580000)
  object space 5592576K, 3% used [0x0000000600000000,0x000000060d771b18,0x0000000755580000)
 Metaspace       used 48557K, committed 50304K, reserved 1114112K
  class space    used 5304K, committed 6208K, reserved 1048576K
}
Event: 827.049 GC heap before
{Heap before GC invocations=53444 (full 231):
 PSYoungGen      total 1416192K, used 1415781K [0x0000000755580000, 0x00000007b0880000, 0x0000000800000000)
  eden space 1391616K, 100% used [0x0000000755580000,0x00000007aa480000,0x00000007aa480000)
  from space 24576K, 98% used [0x00000007aea80000,0x00000007b02197f8,0x00000007b0280000)
  to   space 6144K, 0% used [0x00000007b0280000,0x00000007b0280000,0x00000007b0880000)
 ParOldGen       total 5592576K, used 220614K [0x0000000600000000, 0x0000000755580000, 0x0000000755580000)
  object space 5592576K, 3% used [0x0000000600000000,0x000000060d771b18,0x0000000755580000)
 Metaspace       used 48576K, committed 50304K, reserved 1114112K
  class space    used 5304K, committed 6208K, reserved 1048576K
}
Event: 827.063 GC heap after
{Heap after GC invocations=53444 (full 231):
 PSYoungGen      total 1329664K, used 6139K [0x0000000755580000, 0x00000007b0880000, 0x0000000800000000)
  eden space 1323520K, 0% used [0x0000000755580000,0x0000000755580000,0x00000007a6200000)
  from space 6144K, 99% used [0x00000007b0280000,0x00000007b087eef8,0x00000007b0880000)
  to   space 30720K, 0% used [0x00000007acc80000,0x00000007acc80000,0x00000007aea80000)
 ParOldGen       total 5592576K, used 243815K [0x0000000600000000, 0x0000000755580000, 0x0000000755580000)
  object space 5592576K, 4% used [0x0000000600000000,0x000000060ee19d38,0x0000000755580000)
 Metaspace       used 48576K, committed 50304K, reserved 1114112K
  class space    used 5304K, committed 6208K, reserved 1048576K
}
Event: 827.448 GC heap before
{Heap before GC invocations=53445 (full 231):
 PSYoungGen      total 1329664K, used 1329659K [0x0000000755580000, 0x00000007b0880000, 0x0000000800000000)
  eden space 1323520K, 100% used [0x0000000755580000,0x00000007a6200000,0x00000007a6200000)
  from space 6144K, 99% used [0x00000007b0280000,0x00000007b087eef8,0x00000007b0880000)
  to   space 30720K, 0% used [0x00000007acc80000,0x00000007acc80000,0x00000007aea80000)
 ParOldGen       total 5592576K, used 243815K [0x0000000600000000, 0x0000000755580000, 0x0000000755580000)
  object space 5592576K, 4% used [0x0000000600000000,0x000000060ee19d38,0x0000000755580000)
 Metaspace       used 48585K, committed 50304K, reserved 1114112K
  class space    used 5304K, committed 6208K, reserved 1048576K
}
Event: 827.459 GC heap after
{Heap after GC invocations=53445 (full 231):
 PSYoungGen      total 1289728K, used 15725K [0x0000000755580000, 0x00000007b0300000, 0x0000000800000000)
  eden space 1259008K, 0% used [0x0000000755580000,0x0000000755580000,0x00000007a2300000)
  from space 30720K, 51% used [0x00000007acc80000,0x00000007adbdb7e0,0x00000007aea80000)
  to   space 20992K, 0% used [0x00000007aee80000,0x00000007aee80000,0x00000007b0300000)
 ParOldGen       total 5592576K, used 244423K [0x0000000600000000, 0x0000000755580000, 0x0000000755580000)
  object space 5592576K, 4% used [0x0000000600000000,0x000000060eeb1d38,0x0000000755580000)
 Metaspace       used 48585K, committed 50304K, reserved 1114112K
  class space    used 5304K, committed 6208K, reserved 1048576K
}
Event: 827.854 GC heap before
{Heap before GC invocations=53446 (full 231):
 PSYoungGen      total 1289728K, used 1274733K [0x0000000755580000, 0x00000007b0300000, 0x0000000800000000)
  eden space 1259008K, 100% used [0x0000000755580000,0x00000007a2300000,0x00000007a2300000)
  from space 30720K, 51% used [0x00000007acc80000,0x00000007adbdb7e0,0x00000007aea80000)
  to   space 20992K, 0% used [0x00000007aee80000,0x00000007aee80000,0x00000007b0300000)
 ParOldGen       total 5592576K, used 244423K [0x0000000600000000, 0x0000000755580000, 0x0000000755580000)
  object space 5592576K, 4% used [0x0000000600000000,0x000000060eeb1d38,0x0000000755580000)
 Metaspace       used 48590K, committed 50304K, reserved 1114112K
  class space    used 5304K, committed 6208K, reserved 1048576K
}
Event: 827.865 GC heap after
{Heap after GC invocations=53446 (full 231):
 PSYoungGen      total 1216000K, used 18131K [0x0000000755580000, 0x00000007b0080000, 0x0000000800000000)
  eden space 1197568K, 0% used [0x0000000755580000,0x0000000755580000,0x000000079e700000)
  from space 18432K, 98% used [0x00000007aee80000,0x00000007b0034fe8,0x00000007b0080000)
  to   space 18944K, 0% used [0x00000007adb80000,0x00000007adb80000,0x00000007aee00000)
 ParOldGen       total 5592576K, used 244431K [0x0000000600000000, 0x0000000755580000, 0x0000000755580000)
  object space 5592576K, 4% used [0x0000000600000000,0x000000060eeb3d38,0x0000000755580000)
 Metaspace       used 48590K, committed 50304K, reserved 1114112K
  class space    used 5304K, committed 6208K, reserved 1048576K
}
Event: 829.002 GC heap before
{Heap before GC invocations=53447 (full 231):
 PSYoungGen      total 1216000K, used 1215699K [0x0000000755580000, 0x00000007b0080000, 0x0000000800000000)
  eden space 1197568K, 100% used [0x0000000755580000,0x000000079e700000,0x000000079e700000)
  from space 18432K, 98% used [0x00000007aee80000,0x00000007b0034fe8,0x00000007b0080000)
  to   space 18944K, 0% used [0x00000007adb80000,0x00000007adb80000,0x00000007aee00000)
 ParOldGen       total 5592576K, used 244431K [0x0000000600000000, 0x0000000755580000, 0x0000000755580000)
  object space 5592576K, 4% used [0x0000000600000000,0x000000060eeb3d38,0x0000000755580000)
 Metaspace       used 48593K, committed 50304K, reserved 1114112K
  class space    used 5304K, committed 6208K, reserved 1048576K
}
Event: 829.019 GC heap after
{Heap after GC invocations=53447 (full 231):
 PSYoungGen      total 1153536K, used 14025K [0x0000000755580000, 0x00000007aef00000, 0x0000000800000000)
  eden space 1139200K, 0% used [0x0000000755580000,0x0000000755580000,0x000000079ae00000)
  from space 14336K, 97% used [0x00000007adb80000,0x00000007ae9325f8,0x00000007ae980000)
  to   space 5632K, 0% used [0x00000007ae980000,0x00000007ae980000,0x00000007aef00000)
 ParOldGen       total 5592576K, used 244431K [0x0000000600000000, 0x0000000755580000, 0x0000000755580000)
  object space 5592576K, 4% used [0x0000000600000000,0x000000060eeb3d38,0x0000000755580000)
 Metaspace       used 48593K, committed 50304K, reserved 1114112K
  class space    used 5304K, committed 6208K, reserved 1048576K
}
Event: 835.653 GC heap before
{Heap before GC invocations=53448 (full 231):
 PSYoungGen      total 1153536K, used 1153225K [0x0000000755580000, 0x00000007aef00000, 0x0000000800000000)
  eden space 1139200K, 100% used [0x0000000755580000,0x000000079ae00000,0x000000079ae00000)
  from space 14336K, 97% used [0x00000007adb80000,0x00000007ae9325f8,0x00000007ae980000)
  to   space 5632K, 0% used [0x00000007ae980000,0x00000007ae980000,0x00000007aef00000)
 ParOldGen       total 5592576K, used 244431K [0x0000000600000000, 0x0000000755580000, 0x0000000755580000)
  object space 5592576K, 4% used [0x0000000600000000,0x000000060eeb3d38,0x0000000755580000)
 Metaspace       used 48601K, committed 50304K, reserved 1114112K
  class space    used 5304K, committed 6208K, reserved 1048576K
}
Event: 835.669 GC heap after
{Heap after GC invocations=53448 (full 231):
 PSYoungGen      total 1089536K, used 5621K [0x0000000755580000, 0x00000007aef00000, 0x0000000800000000)
  eden space 1083904K, 0% used [0x0000000755580000,0x0000000755580000,0x0000000797800000)
  from space 5632K, 99% used [0x00000007ae980000,0x00000007aeefd538,0x00000007aef00000)
  to   space 16384K, 0% used [0x00000007acf00000,0x00000007acf00000,0x00000007adf00000)
 ParOldGen       total 5592576K, used 254448K [0x0000000600000000, 0x0000000755580000, 0x0000000755580000)
  object space 5592576K, 4% used [0x0000000600000000,0x000000060f87c0f8,0x0000000755580000)
 Metaspace       used 48601K, committed 50304K, reserved 1114112K
  class space    used 5304K, committed 6208K, reserved 1048576K
}
Event: 846.049 GC heap before
{Heap before GC invocations=53449 (full 231):
 PSYoungGen      total 1089536K, used 1089525K [0x0000000755580000, 0x00000007aef00000, 0x0000000800000000)
  eden space 1083904K, 100% used [0x0000000755580000,0x0000000797800000,0x0000000797800000)
  from space 5632K, 99% used [0x00000007ae980000,0x00000007aeefd538,0x00000007aef00000)
  to   space 16384K, 0% used [0x00000007acf00000,0x00000007acf00000,0x00000007adf00000)
 ParOldGen       total 5592576K, used 254448K [0x0000000600000000, 0x0000000755580000, 0x0000000755580000)
  object space 5592576K, 4% used [0x0000000600000000,0x000000060f87c0f8,0x0000000755580000)
 Metaspace       used 48664K, committed 50368K, reserved 1114112K
  class space    used 5307K, committed 6208K, reserved 1048576K
}
Event: 846.060 GC heap after
{Heap after GC invocations=53449 (full 231):
 PSYoungGen      total 1042432K, used 11252K [0x0000000755580000, 0x00000007aea00000, 0x0000000800000000)
  eden space 1031168K, 0% used [0x0000000755580000,0x0000000755580000,0x0000000794480000)
  from space 11264K, 99% used [0x00000007acf00000,0x00000007ad9fd200,0x00000007ada00000)
  to   space 13312K, 0% used [0x00000007add00000,0x00000007add00000,0x00000007aea00000)
 ParOldGen       total 5592576K, used 255024K [0x0000000600000000, 0x0000000755580000, 0x0000000755580000)
  object space 5592576K, 4% used [0x0000000600000000,0x000000060f90c0f8,0x0000000755580000)
 Metaspace       used 48664K, committed 50368K, reserved 1114112K
  class space    used 5307K, committed 6208K, reserved 1048576K
}

Dll operation events (16 events):
Event: 0.013 Loaded shared library D:\javar\bin\java.dll
Event: 0.165 Loaded shared library D:\javar\bin\jsvml.dll
Event: 0.260 Loaded shared library D:\javar\bin\zip.dll
Event: 0.264 Loaded shared library D:\javar\bin\instrument.dll
Event: 0.270 Loaded shared library D:\javar\bin\net.dll
Event: 0.273 Loaded shared library D:\javar\bin\nio.dll
Event: 0.277 Loaded shared library D:\javar\bin\zip.dll
Event: 0.307 Loaded shared library D:\javar\bin\jimage.dll
Event: 0.388 Loaded shared library D:\javar\bin\verify.dll
Event: 1.884 Loaded shared library C:\Users\hieun\AppData\Roaming\Code\User\globalStorage\redhat.java\1.56.2026081408\config_win\org.eclipse.equinox.launcher\org.eclipse.equinox.launcher.win32.win32.x86_64_1.3.100.v20260804-1928\eclipse_11924.dll
Event: 5.429 Loaded shared library C:\Users\hieun\AppData\Local\Temp\jna-99275037\jna14517362396465841863.dll
Event: 70.870 Loaded shared library C:\Users\hieun\.gradle\native\660c5614fbf4a5f2a75b1949f50a0caf5cd603558e7d8a26e50b933a0cfb79d1\windows-amd64\native-platform.dll
Event: 71.461 Loaded shared library D:\javar\bin\management.dll
Event: 71.465 Loaded shared library D:\javar\bin\management_ext.dll
Event: 74.376 Loaded shared library D:\javar\bin\extnet.dll
Event: 80.088 Loaded shared library D:\javar\bin\sunmscapi.dll

Deoptimization events (20 events):
Event: 920.790 Thread 0x000001ec46ebb1f0 Uncommon trap: trap_request=0xffffffde fr.pc=0x000001ebd2560bb0 relative=0x0000000000000c10
Event: 920.790 Thread 0x000001ec46ebb1f0 Uncommon trap: reason=class_check action=maybe_recompile pc=0x000001ebd2560bb0 method=org.eclipse.jdt.internal.core.JavaModelCache.putInfo(Lorg/eclipse/jdt/core/IJavaElement;Lorg/eclipse/jdt/internal/compiler/env/IElementInfo;)V @ 153 c2
Event: 920.790 Thread 0x000001ec46ebb1f0 DEOPT PACKING pc=0x000001ebd2560bb0 sp=0x000000258dffeca0
Event: 920.790 Thread 0x000001ec46ebb1f0 DEOPT UNPACKING pc=0x000001ebd0993aa2 sp=0x000000258dffec50 mode 2
Event: 920.808 Thread 0x000001ec4838b430 Uncommon trap: trap_request=0xffffffbe fr.pc=0x000001ebd251c6e4 relative=0x0000000000001064
Event: 920.808 Thread 0x000001ec4838b430 Uncommon trap: reason=profile_predicate action=maybe_recompile pc=0x000001ebd251c6e4 method=java.util.TimSort.gallopRight(Ljava/lang/Object;[Ljava/lang/Object;IIILjava/util/Comparator;)I @ 263 c2
Event: 920.808 Thread 0x000001ec4838b430 DEOPT PACKING pc=0x000001ebd251c6e4 sp=0x00000026669fe310
Event: 920.808 Thread 0x000001ec4838b430 DEOPT UNPACKING pc=0x000001ebd0993aa2 sp=0x00000026669fe2a8 mode 2
Event: 920.816 Thread 0x000001ec3bfb94e0 Uncommon trap: trap_request=0xffffffde fr.pc=0x000001ebd2560bb0 relative=0x0000000000000c10
Event: 920.816 Thread 0x000001ec3bfb94e0 Uncommon trap: reason=class_check action=maybe_recompile pc=0x000001ebd2560bb0 method=org.eclipse.jdt.internal.core.JavaModelCache.putInfo(Lorg/eclipse/jdt/core/IJavaElement;Lorg/eclipse/jdt/internal/compiler/env/IElementInfo;)V @ 153 c2
Event: 920.816 Thread 0x000001ec3bfb94e0 DEOPT PACKING pc=0x000001ebd2560bb0 sp=0x000000262b3fec30
Event: 920.816 Thread 0x000001ec3bfb94e0 DEOPT UNPACKING pc=0x000001ebd0993aa2 sp=0x000000262b3febe0 mode 2
Event: 921.012 Thread 0x000001ec46eadff0 Uncommon trap: trap_request=0xffffff45 fr.pc=0x000001ebd21b85e4 relative=0x0000000000000ea4
Event: 921.012 Thread 0x000001ec46eadff0 Uncommon trap: reason=unstable_if action=reinterpret pc=0x000001ebd21b85e4 method=org.gradle.tooling.internal.consumer.BlockingResultHandler.getResult()Ljava/lang/Object; @ 23 c2
Event: 921.012 Thread 0x000001ec46eadff0 DEOPT PACKING pc=0x000001ebd21b85e4 sp=0x000000258b5fecc0
Event: 921.012 Thread 0x000001ec46eadff0 DEOPT UNPACKING pc=0x000001ebd0993aa2 sp=0x000000258b5fec20 mode 2
Event: 921.720 Thread 0x000001ec3ad40b10 Uncommon trap: trap_request=0xffffff45 fr.pc=0x000001ebd2156150 relative=0x00000000000005d0
Event: 921.720 Thread 0x000001ec3ad40b10 Uncommon trap: reason=unstable_if action=reinterpret pc=0x000001ebd2156150 method=org.gradle.tooling.internal.consumer.BlockingResultHandler.getResult()Ljava/lang/Object; @ 23 c2
Event: 921.720 Thread 0x000001ec3ad40b10 DEOPT PACKING pc=0x000001ebd2156150 sp=0x00000025d0cfedb0
Event: 921.720 Thread 0x000001ec3ad40b10 DEOPT UNPACKING pc=0x000001ebd0993aa2 sp=0x00000025d0cfed60 mode 2

Classes loaded (20 events):
Event: 103.058 Loading class java/lang/invoke/MethodHandleImpl$CountingWrapper$1
Event: 103.058 Loading class java/lang/invoke/MethodHandleImpl$CountingWrapper$1 done
Event: 113.936 Loading class jdk/internal/module/IllegalAccessLogger
Event: 113.936 Loading class jdk/internal/module/IllegalAccessLogger done
Event: 114.335 Loading class jdk/internal/module/IllegalAccessLogger
Event: 114.335 Loading class jdk/internal/module/IllegalAccessLogger done
Event: 132.067 Loading class java/lang/StackStreamFactory$CallerClassFinder
Event: 132.067 Loading class java/lang/StackStreamFactory$CallerClassFinder done
Event: 132.067 Loading class java/lang/StackStreamFactory$CallerClassFinder$ClassBuffer
Event: 132.067 Loading class java/lang/StackStreamFactory$CallerClassFinder$ClassBuffer done
Event: 666.994 Loading class com/sun/org/apache/xerces/internal/xni/grammars/XMLGrammarPool
Event: 666.994 Loading class com/sun/org/apache/xerces/internal/xni/grammars/XMLGrammarPool done
Event: 808.337 Loading class jdk/internal/module/IllegalAccessLogger
Event: 808.337 Loading class jdk/internal/module/IllegalAccessLogger done
Event: 813.291 Loading class com/sun/org/apache/xml/internal/serializer/ToUnknownStream
Event: 813.292 Loading class com/sun/org/apache/xml/internal/serializer/ToUnknownStream done
Event: 823.694 Loading class java/util/LinkedList$LLSpliterator
Event: 823.694 Loading class java/util/LinkedList$LLSpliterator done
Event: 836.318 Loading class java/net/DatagramPacket
Event: 836.319 Loading class java/net/DatagramPacket done

Classes unloaded (20 events):
Event: 807.673 Thread 0x000001ebc1002a10 Unloading class 0x000001ebf000f800 'java/lang/invoke/LambdaForm$MH+0x000001ebf000f800'
Event: 807.673 Thread 0x000001ebc1002a10 Unloading class 0x000001ebf000f400 'java/lang/invoke/LambdaForm$MH+0x000001ebf000f400'
Event: 807.673 Thread 0x000001ebc1002a10 Unloading class 0x000001ebf000e800 'java/lang/invoke/LambdaForm$MH+0x000001ebf000e800'
Event: 807.673 Thread 0x000001ebc1002a10 Unloading class 0x000001ebf000c800 'java/lang/invoke/LambdaForm$MH+0x000001ebf000c800'
Event: 807.673 Thread 0x000001ebc1002a10 Unloading class 0x000001ebf000c000 'java/lang/invoke/LambdaForm$MH+0x000001ebf000c000'
Event: 807.673 Thread 0x000001ebc1002a10 Unloading class 0x000001ebf0007c00 'java/lang/invoke/LambdaForm$MH+0x000001ebf0007c00'
Event: 807.673 Thread 0x000001ebc1002a10 Unloading class 0x000001ebf0007800 'java/lang/invoke/LambdaForm$MH+0x000001ebf0007800'
Event: 807.673 Thread 0x000001ebc1002a10 Unloading class 0x000001ebf0007400 'java/lang/invoke/LambdaForm$MH+0x000001ebf0007400'
Event: 807.673 Thread 0x000001ebc1002a10 Unloading class 0x000001ebf0007000 'java/lang/invoke/LambdaForm$MH+0x000001ebf0007000'
Event: 807.673 Thread 0x000001ebc1002a10 Unloading class 0x000001ebf0004c00 'java/lang/invoke/LambdaForm$MH+0x000001ebf0004c00'
Event: 807.673 Thread 0x000001ebc1002a10 Unloading class 0x000001ebf0004800 'java/lang/invoke/LambdaForm$MH+0x000001ebf0004800'
Event: 807.673 Thread 0x000001ebc1002a10 Unloading class 0x000001ebf0004400 'java/lang/invoke/LambdaForm$MH+0x000001ebf0004400'
Event: 807.673 Thread 0x000001ebc1002a10 Unloading class 0x000001ebf0004000 'java/lang/invoke/LambdaForm$MH+0x000001ebf0004000'
Event: 807.673 Thread 0x000001ebc1002a10 Unloading class 0x000001ebf0003c00 'java/lang/invoke/LambdaForm$MH+0x000001ebf0003c00'
Event: 807.673 Thread 0x000001ebc1002a10 Unloading class 0x000001ebf0003800 'java/lang/invoke/LambdaForm$MH+0x000001ebf0003800'
Event: 807.673 Thread 0x000001ebc1002a10 Unloading class 0x000001ebf0003400 'java/lang/invoke/LambdaForm$MH+0x000001ebf0003400'
Event: 807.673 Thread 0x000001ebc1002a10 Unloading class 0x000001ebf0001c00 'java/lang/invoke/LambdaForm$MH+0x000001ebf0001c00'
Event: 807.673 Thread 0x000001ebc1002a10 Unloading class 0x000001ebf0001800 'java/lang/invoke/LambdaForm$MH+0x000001ebf0001800'
Event: 807.673 Thread 0x000001ebc1002a10 Unloading class 0x000001ebf0001000 'java/lang/invoke/LambdaForm$MH+0x000001ebf0001000'
Event: 807.673 Thread 0x000001ebc1002a10 Unloading class 0x000001ebf0000400 'java/lang/invoke/LambdaForm$MH+0x000001ebf0000400'

Classes redefined (0 events):
No events

Internal exceptions (20 events):
Event: 920.783 Thread 0x000001ec3bfb94e0 Exception <a 'java/io/IOException'{0x0000000766cac170}> (0x0000000766cac170) 
thrown [s\open\src\hotspot\share\prims\jni.cpp, line 520]
Event: 920.783 Thread 0x000001ec3bfb94e0 Exception <a 'java/io/IOException'{0x0000000766cac488}> (0x0000000766cac488) 
thrown [s\open\src\hotspot\share\prims\jni.cpp, line 520]
Event: 920.783 Thread 0x000001ec3bfb94e0 Exception <a 'java/io/IOException'{0x0000000766cac7a0}> (0x0000000766cac7a0) 
thrown [s\open\src\hotspot\share\prims\jni.cpp, line 520]
Event: 920.789 Thread 0x000001ec3bfb94e0 Exception <a 'java/lang/NullPointerException'{0x0000000766cf8188}> (0x0000000766cf8188) 
thrown [s\open\src\hotspot\share\interpreter\linkResolver.cpp, line 1372]
Event: 920.789 Thread 0x000001ec46ebb1f0 Exception <a 'java/lang/NullPointerException'{0x0000000766d0a9d8}> (0x0000000766d0a9d8) 
thrown [s\open\src\hotspot\share\interpreter\linkResolver.cpp, line 1372]
Event: 920.789 Thread 0x000001ec3bfb94e0 Exception <a 'java/lang/NullPointerException'{0x0000000766cf8698}> (0x0000000766cf8698) 
thrown [s\open\src\hotspot\share\interpreter\linkResolver.cpp, line 1372]
Event: 920.789 Thread 0x000001ec46ebb1f0 Exception <a 'java/lang/NullPointerException'{0x0000000766d0aee8}> (0x0000000766d0aee8) 
thrown [s\open\src\hotspot\share\interpreter\linkResolver.cpp, line 1372]
Event: 920.792 Thread 0x000001ec3bfb94e0 Exception <a 'java/io/IOException'{0x0000000766d183e0}> (0x0000000766d183e0) 
thrown [s\open\src\hotspot\share\prims\jni.cpp, line 520]
Event: 920.792 Thread 0x000001ec3bfb94e0 Exception <a 'java/io/IOException'{0x0000000766d186f8}> (0x0000000766d186f8) 
thrown [s\open\src\hotspot\share\prims\jni.cpp, line 520]
Event: 920.792 Thread 0x000001ec3bfb94e0 Exception <a 'java/io/IOException'{0x0000000766d18a10}> (0x0000000766d18a10) 
thrown [s\open\src\hotspot\share\prims\jni.cpp, line 520]
Event: 920.793 Thread 0x000001ec46ebb1f0 Exception <a 'java/io/IOException'{0x0000000766d278b0}> (0x0000000766d278b0) 
thrown [s\open\src\hotspot\share\prims\jni.cpp, line 520]
Event: 920.794 Thread 0x000001ec46ebb1f0 Exception <a 'java/io/IOException'{0x0000000766d27bc8}> (0x0000000766d27bc8) 
thrown [s\open\src\hotspot\share\prims\jni.cpp, line 520]
Event: 920.794 Thread 0x000001ec46ebb1f0 Exception <a 'java/io/IOException'{0x0000000766d27ee0}> (0x0000000766d27ee0) 
thrown [s\open\src\hotspot\share\prims\jni.cpp, line 520]
Event: 920.817 Thread 0x000001ec3bfb94e0 Exception <a 'java/io/IOException'{0x000000076701fb68}> (0x000000076701fb68) 
thrown [s\open\src\hotspot\share\prims\jni.cpp, line 520]
Event: 920.817 Thread 0x000001ec3bfb94e0 Exception <a 'java/io/IOException'{0x000000076701fe80}> (0x000000076701fe80) 
thrown [s\open\src\hotspot\share\prims\jni.cpp, line 520]
Event: 920.817 Thread 0x000001ec3bfb94e0 Exception <a 'java/io/IOException'{0x0000000767020198}> (0x0000000767020198) 
thrown [s\open\src\hotspot\share\prims\jni.cpp, line 520]
Event: 920.817 Thread 0x000001ec46ebb1f0 Exception <a 'java/io/IOException'{0x0000000767045c70}> (0x0000000767045c70) 
thrown [s\open\src\hotspot\share\prims\jni.cpp, line 520]
Event: 920.817 Thread 0x000001ec46ebb1f0 Exception <a 'java/io/IOException'{0x0000000767045f88}> (0x0000000767045f88) 
thrown [s\open\src\hotspot\share\prims\jni.cpp, line 520]
Event: 920.817 Thread 0x000001ec46ebb1f0 Exception <a 'java/io/IOException'{0x0000000767046190}> (0x0000000767046190) 
thrown [s\open\src\hotspot\share\prims\jni.cpp, line 520]
Event: 921.722 Thread 0x000001ec3ad40b10 Exception <a 'sun/nio/fs/WindowsException'{0x00000007670b9740}> (0x00000007670b9740) 
thrown [s\open\src\hotspot\share\prims\jni.cpp, line 520]

ZGC Phase Switch (0 events):
No events

VM Operations (20 events):
Event: 901.879 Executing VM operation: HandshakeAllThreads (HandshakeForDeflation) done
Event: 901.879 Executing VM operation: RendezvousGCThreads
Event: 901.879 Executing VM operation: RendezvousGCThreads done
Event: 902.894 Executing VM operation: Cleanup
Event: 903.107 Executing VM operation: Cleanup done
Event: 914.175 Executing VM operation: Cleanup
Event: 914.177 Executing VM operation: Cleanup done
Event: 915.182 Executing VM operation: Cleanup
Event: 918.201 Executing VM operation: Cleanup done
Event: 918.201 Executing VM operation: HandshakeAllThreads (Deoptimize)
Event: 918.239 Executing VM operation: HandshakeAllThreads (Deoptimize) done
Event: 919.081 Executing VM operation: HandshakeAllThreads (Deoptimize)
Event: 919.092 Executing VM operation: HandshakeAllThreads (Deoptimize) done
Event: 919.413 Executing VM operation: HandshakeAllThreads (Deoptimize)
Event: 920.241 Executing VM operation: HandshakeAllThreads (Deoptimize) done
Event: 920.241 Executing VM operation: Cleanup
Event: 920.242 Executing VM operation: Cleanup done
Event: 920.377 Executing VM operation: HandshakeAllThreads (Deoptimize)
Event: 920.387 Executing VM operation: HandshakeAllThreads (Deoptimize) done
Event: 921.390 Executing VM operation: Cleanup

Events (20 events):
Event: 920.332 Thread 0x000001ec4a1a7e80 Thread added: 0x000001ec4a1a7e80
Event: 920.405 Thread 0x000001ec4a1ad3d0 Thread added: 0x000001ec4a1ad3d0
Event: 920.406 Thread 0x000001ec4a1aa5e0 Thread added: 0x000001ec4a1aa5e0
Event: 920.418 Thread 0x000001ec4a1ad3d0 Thread exited: 0x000001ec4a1ad3d0
Event: 920.467 Thread 0x000001ec4a1c2280 Thread exited: 0x000001ec4a1c2280
Event: 920.469 Thread 0x000001ec4a59ba00 Thread exited: 0x000001ec4a59ba00
Event: 920.490 Thread 0x000001ec4a1c2280 Thread added: 0x000001ec4a1c2280
Event: 920.615 Thread 0x000001ec4a1cb2e0 Thread added: 0x000001ec4a1cb2e0
Event: 920.634 Thread 0x000001ec4a1c9210 Thread added: 0x000001ec4a1c9210
Event: 920.634 Thread 0x000001ec4a1cb970 Thread added: 0x000001ec4a1cb970
Event: 920.635 Thread 0x000001ec4a1c9210 Thread exited: 0x000001ec4a1c9210
Event: 920.706 Thread 0x000001ec4a1c3cc0 Thread exited: 0x000001ec4a1c3cc0
Event: 920.708 Thread 0x000001ec4a573d70 Thread exited: 0x000001ec4a573d70
Event: 920.711 Thread 0x000001ec4a1c3cc0 Thread added: 0x000001ec4a1c3cc0
Event: 920.744 Thread 0x000001ec4a1c9210 Thread added: 0x000001ec4a1c9210
Event: 920.757 Thread 0x000001ec4a1d01a0 Thread added: 0x000001ec4a1d01a0
Event: 920.757 Thread 0x000001ec4a1d3cb0 Thread added: 0x000001ec4a1d3cb0
Event: 920.757 Thread 0x000001ec4a1d01a0 Thread exited: 0x000001ec4a1d01a0
Event: 920.775 Thread 0x000001ec4a1d01a0 Thread added: 0x000001ec4a1d01a0
Event: 920.813 Thread 0x000001ec4a1d0830 Thread added: 0x000001ec4a1d0830


Dynamic libraries:
0x00007ff6ece60000 - 0x00007ff6ece70000 	D:\javar\bin\java.exe
0x00007ffd58f60000 - 0x00007ffd591c6000 	C:\Windows\SYSTEM32\ntdll.dll
0x00007ffd57010000 - 0x00007ffd570d9000 	C:\Windows\System32\KERNEL32.DLL
0x00007ffd563f0000 - 0x00007ffd567ef000 	C:\Windows\System32\KERNELBASE.dll
0x00007ffd53020000 - 0x00007ffd530bf000 	C:\Windows\SYSTEM32\apphelp.dll
0x00007ffd569f0000 - 0x00007ffd56b3c000 	C:\Windows\System32\ucrtbase.dll
0x00007ffd22d90000 - 0x00007ffd22dae000 	D:\javar\bin\VCRUNTIME140.dll
0x00007ffd23200000 - 0x00007ffd23219000 	D:\javar\bin\jli.dll
0x00007ffd57700000 - 0x00007ffd577bc000 	C:\Windows\System32\ADVAPI32.dll
0x00007ffd58a80000 - 0x00007ffd58b29000 	C:\Windows\System32\msvcrt.dll
0x00007ffd56d00000 - 0x00007ffd56daa000 	C:\Windows\System32\sechost.dll
0x00007ffd58440000 - 0x00007ffd58558000 	C:\Windows\System32\RPCRT4.dll
0x00007ffd33010000 - 0x00007ffd332a1000 	C:\Windows\WinSxS\amd64_microsoft.windows.common-controls_6595b64144ccf1df_6.0.26100.8972_none_3e0da176e32f9d4b\COMCTL32.dll
0x00007ffd57810000 - 0x00007ffd579d6000 	C:\Windows\System32\USER32.dll
0x00007ffd563c0000 - 0x00007ffd563e7000 	C:\Windows\System32\win32u.dll
0x00007ffd577e0000 - 0x00007ffd5780b000 	C:\Windows\System32\GDI32.dll
0x00007ffd568c0000 - 0x00007ffd569e9000 	C:\Windows\System32\gdi32full.dll
0x00007ffd4b650000 - 0x00007ffd4b65b000 	C:\Windows\SYSTEM32\VERSION.dll
0x00007ffd56b50000 - 0x00007ffd56bf3000 	C:\Windows\System32\msvcp_win.dll
0x00007ffd56fd0000 - 0x00007ffd57002000 	C:\Windows\System32\IMM32.DLL
0x00007ffd4c170000 - 0x00007ffd4c17c000 	D:\javar\bin\vcruntime140_1.dll
0x00007ffcd1090000 - 0x00007ffcd111d000 	D:\javar\bin\msvcp140.dll
0x00007ffc86b30000 - 0x00007ffc87858000 	D:\javar\bin\server\jvm.dll
0x00007ffd57650000 - 0x00007ffd576d2000 	C:\Windows\System32\WS2_32.dll
0x00007ffd55fd0000 - 0x00007ffd5602e000 	C:\Windows\SYSTEM32\POWRPROF.dll
0x00007ffd4c240000 - 0x00007ffd4c276000 	C:\Windows\SYSTEM32\WINMM.dll
0x00007ffd55fb0000 - 0x00007ffd55fc5000 	C:\Windows\SYSTEM32\UMPDC.dll
0x00007ffd54e60000 - 0x00007ffd54e7b000 	C:\Windows\SYSTEM32\kernel.appcore.dll
0x00007ffd4bec0000 - 0x00007ffd4beca000 	D:\javar\bin\jimage.dll
0x00007ffd46f70000 - 0x00007ffd471b2000 	C:\Windows\SYSTEM32\DBGHELP.DLL
0x00007ffd58b90000 - 0x00007ffd58f15000 	C:\Windows\System32\combase.dll
0x00007ffd579e0000 - 0x00007ffd57ab9000 	C:\Windows\System32\OLEAUT32.dll
0x00007ffd4cf10000 - 0x00007ffd4cf4b000 	C:\Windows\SYSTEM32\dbgcore.DLL
0x00007ffd56800000 - 0x00007ffd568ac000 	C:\Windows\System32\bcryptPrimitives.dll
0x00007ffd4b310000 - 0x00007ffd4b320000 	D:\javar\bin\instrument.dll
0x00007ffd21080000 - 0x00007ffd210a1000 	D:\javar\bin\java.dll
0x00007ffd57ac0000 - 0x00007ffd58248000 	C:\Windows\System32\SHELL32.dll
0x00007ffd53bf0000 - 0x00007ffd5448b000 	C:\Windows\SYSTEM32\windows.storage.dll
0x00007ffd57100000 - 0x00007ffd571f9000 	C:\Windows\System32\SHCORE.dll
0x00007ffd56c90000 - 0x00007ffd56cf6000 	C:\Windows\System32\shlwapi.dll
0x00007ffd56090000 - 0x00007ffd560b9000 	C:\Windows\SYSTEM32\profapi.dll
0x00007ffcb9490000 - 0x00007ffcb9567000 	D:\javar\bin\jsvml.dll
0x00007ffd20d20000 - 0x00007ffd20d38000 	D:\javar\bin\zip.dll
0x00007ffd1c950000 - 0x00007ffd1c961000 	D:\javar\bin\net.dll
0x00007ffd4fbc0000 - 0x00007ffd4fce8000 	C:\Windows\SYSTEM32\WINHTTP.dll
0x00007ffd55410000 - 0x00007ffd5547c000 	C:\Windows\system32\mswsock.dll
0x00007ffd13ac0000 - 0x00007ffd13ad6000 	D:\javar\bin\nio.dll
0x00007ffd49ac0000 - 0x00007ffd49ad0000 	D:\javar\bin\verify.dll
0x00007ffd14540000 - 0x00007ffd14585000 	C:\Users\hieun\AppData\Roaming\Code\User\globalStorage\redhat.java\1.56.2026081408\config_win\org.eclipse.equinox.launcher\org.eclipse.equinox.launcher.win32.win32.x86_64_1.3.100.v20260804-1928\eclipse_11924.dll
0x00007ffd56db0000 - 0x00007ffd56f49000 	C:\Windows\System32\ole32.dll
0x00007ffd55720000 - 0x00007ffd5573b000 	C:\Windows\SYSTEM32\CRYPTSP.dll
0x00007ffd54dc0000 - 0x00007ffd54df9000 	C:\Windows\system32\rsaenh.dll
0x00007ffd554c0000 - 0x00007ffd554f2000 	C:\Windows\SYSTEM32\USERENV.dll
0x00007ffd56060000 - 0x00007ffd5608a000 	C:\Windows\SYSTEM32\bcrypt.dll
0x00007ffd55700000 - 0x00007ffd5570c000 	C:\Windows\SYSTEM32\CRYPTBASE.dll
0x00007ffd54830000 - 0x00007ffd54863000 	C:\Windows\SYSTEM32\IPHLPAPI.DLL
0x00007ffd577d0000 - 0x00007ffd577da000 	C:\Windows\System32\NSI.dll
0x00007ffcd5290000 - 0x00007ffcd52d9000 	C:\Users\hieun\AppData\Local\Temp\jna-99275037\jna14517362396465841863.dll
0x00007ffd58430000 - 0x00007ffd58438000 	C:\Windows\System32\PSAPI.DLL
0x00007ffd50240000 - 0x00007ffd5025d000 	C:\Windows\SYSTEM32\dhcpcsvc6.DLL
0x00007ffd4fe80000 - 0x00007ffd4fea5000 	C:\Windows\SYSTEM32\dhcpcsvc.DLL
0x00007ffd18610000 - 0x00007ffd18637000 	C:\Users\hieun\.gradle\native\660c5614fbf4a5f2a75b1949f50a0caf5cd603558e7d8a26e50b933a0cfb79d1\windows-amd64\native-platform.dll
0x00007ffd49950000 - 0x00007ffd4995a000 	D:\javar\bin\management.dll
0x00007ffd49940000 - 0x00007ffd4994c000 	D:\javar\bin\management_ext.dll
0x00007ffd49050000 - 0x00007ffd49059000 	D:\javar\bin\extnet.dll
0x00007ffd44e60000 - 0x00007ffd44e6e000 	D:\javar\bin\sunmscapi.dll
0x00007ffd56230000 - 0x00007ffd563ae000 	C:\Windows\System32\CRYPT32.dll
0x00007ffd55940000 - 0x00007ffd55970000 	C:\Windows\SYSTEM32\ncrypt.dll
0x00007ffd558f0000 - 0x00007ffd5592f000 	C:\Windows\SYSTEM32\NTASN1.dll
0x00007ffd4be50000 - 0x00007ffd4be58000 	C:\Windows\system32\wshunix.dll

dbghelp: loaded successfully - version: 4.0.5 - missing functions: none
symbol engine: initialized successfully - sym options: 0x614 - pdb path: .;D:\javar\bin;C:\Windows\SYSTEM32;C:\Windows\WinSxS\amd64_microsoft.windows.common-controls_6595b64144ccf1df_6.0.26100.8972_none_3e0da176e32f9d4b;D:\javar\bin\server;C:\Users\hieun\AppData\Roaming\Code\User\globalStorage\redhat.java\1.56.2026081408\config_win\org.eclipse.equinox.launcher\org.eclipse.equinox.launcher.win32.win32.x86_64_1.3.100.v20260804-1928;C:\Users\hieun\AppData\Local\Temp\jna-99275037;C:\Users\hieun\.gradle\native\660c5614fbf4a5f2a75b1949f50a0caf5cd603558e7d8a26e50b933a0cfb79d1\windows-amd64

VM Arguments:
jvm_args: --add-modules=ALL-SYSTEM --add-opens=java.base/java.util=ALL-UNNAMED --add-opens=java.base/java.lang=ALL-UNNAMED --add-opens=java.base/sun.nio.fs=ALL-UNNAMED -Declipse.application=org.eclipse.jdt.ls.core.id1 -Dosgi.bundles.defaultStartLevel=4 -Declipse.product=org.eclipse.jdt.ls.core.product -Djava.import.generatesMetadataFilesAtProjectRoot=false -DDetectVMInstallationsJob.disabled=true -Dfile.encoding=utf8 -XX:+UseParallelGC -XX:GCTimeRatio=4 -XX:AdaptiveSizePolicyWeight=90 -Dsun.zip.disableMemoryMapping=true -Xmx8G -Xms100m -Xlog:disable -javaagent:c:\Users\hieun\.vscode\extensions\redhat.java-1.56.2026081408-win32-x64\lombok\lombok-1.18.39-4050.jar -XX:+HeapDumpOnOutOfMemoryError -XX:HeapDumpPath=c:\Users\hieun\AppData\Roaming\Code\User\workspaceStorage\f5c6fc432ce2b7ab2a33e31da49ea365\redhat.java -Daether.dependencyCollector.impl=bf -XX:+UnlockDiagnosticVMOptions -XX:+AllowArchivingWithJavaAgent -XX:+AutoCreateSharedArchive -XX:SharedArchiveFile=c:\Users\hieun\AppData\Roaming\Code\User\globalStorage\redhat.java\1.56.2026081408\jdtls.jsa 
java_command: c:\Users\hieun\.vscode\extensions\redhat.java-1.56.2026081408-win32-x64\server\plugins\org.eclipse.equinox.launcher_1.8.0.v20260804-1928.jar -configuration c:\Users\hieun\AppData\Roaming\Code\User\globalStorage\redhat.java\1.56.2026081408\config_win -data c:\Users\hieun\AppData\Roaming\Code\User\workspaceStorage\f5c6fc432ce2b7ab2a33e31da49ea365\redhat.java\jdt_ws --stdio
java_class_path (initial): c:\Users\hieun\.vscode\extensions\redhat.java-1.56.2026081408-win32-x64\server\plugins\org.eclipse.equinox.launcher_1.8.0.v20260804-1928.jar
Launcher Type: SUN_STANDARD

[Global flags]
    uintx AdaptiveSizePolicyWeight                 = 90                                        {product} {command line}
     bool AllowArchivingWithJavaAgent              = true                             {JVMCI diagnostic} {command line}
     bool AutoCreateSharedArchive                  = false                               {JVMCI product} {command line}
     intx CICompilerCount                          = 4                                         {product} {ergonomic}
    uintx GCTimeRatio                              = 4                                         {product} {command line}
     bool HeapDumpOnOutOfMemoryError               = true                                   {manageable} {command line}
    ccstr HeapDumpPath                             = c:\Users\hieun\AppData\Roaming\Code\User\workspaceStorage\f5c6fc432ce2b7ab2a33e31da49ea365\redhat.java         {manageable} {command line}
   size_t InitialHeapSize                          = 104857600                                 {product} {command line}
   size_t MaxHeapSize                              = 8589934592                                {product} {command line}
   size_t MaxNewSize                               = 2863136768                                {product} {ergonomic}
   size_t MinHeapDeltaBytes                        = 524288                                    {product} {ergonomic}
   size_t MinHeapSize                              = 104857600                                 {product} {command line}
   size_t NewSize                                  = 34603008                                  {product} {ergonomic}
    uintx NonNMethodCodeHeapSize                   = 5839372                                {pd product} {ergonomic}
    uintx NonProfiledCodeHeapSize                  = 122909434                              {pd product} {ergonomic}
   size_t OldSize                                  = 70254592                                  {product} {ergonomic}
    uintx ProfiledCodeHeapSize                     = 122909434                              {pd product} {ergonomic}
    uintx ReservedCodeCacheSize                    = 251658240                              {pd product} {ergonomic}
     bool SegmentedCodeCache                       = true                                      {product} {ergonomic}
    ccstr SharedArchiveFile                        = c:\Users\hieun\AppData\Roaming\Code\User\globalStorage\redhat.java\1.56.2026081408\jdtls.jsa      {JVMCI product} {command line}
   size_t SoftMaxHeapSize                          = 8589934592                             {manageable} {ergonomic}
     bool UnlockDiagnosticVMOptions                = true                                   {diagnostic} {command line}
     bool UseCompressedOops                        = true                           {product lp64_product} {ergonomic}
     bool UseLargePagesIndividualAllocation        = false                                  {pd product} {ergonomic}
     bool UseParallelGC                            = true                                      {product} {command line}

Logging:
Log output configuration:
 #0: stdout all=off uptime,level,tags foldmultilines=false
 #1: stderr all=off uptime,level,tags foldmultilines=false

Environment Variables:
PATH=C:\Program Files\Common Files\Oracle\Java\javapath;C:\Windows\system32;C:\Windows;C:\Windows\System32\Wbem;C:\Windows\System32\WindowsPowerShell\v1.0\;C:\Windows\System32\OpenSSH\;C:\Program Files (x86)\NVIDIA Corporation\PhysX\Common;C:\Program Files\dotnet\;D:\Git\cmd;C:\Program Files\NVIDIA Corporation\NVIDIA App\NvDLISR;C:\Program Files\Docker\Docker\resources\bin;C:\ProgramData\chocolatey\bin;D:\node js\;C:\Users\hieun\AppData\Local\Microsoft\WindowsApps;D:\Microsoft VS Code\bin;C:\Users\hieun\AppData\Roaming\npm
USERNAME=hieun
OS=Windows_NT
PROCESSOR_IDENTIFIER=AMD64 Family 25 Model 68 Stepping 1, AuthenticAMD
TMP=C:\Users\hieun\AppData\Local\Temp
TEMP=C:\Users\hieun\AppData\Local\Temp




Periodic native trim disabled

---------------  S Y S T E M  ---------------

OS:
 Windows 11 , 64 bit Build 26100 (10.0.26100.9168)
OS uptime: 1 days 10:27 hours
Hyper-V role detected

CPU: total 12 (initial active 12) (12 cores per cpu, 2 threads per core) family 25 model 68 stepping 1 microcode 0xa404107, cx8, cmov, fxsr, ht, mmx, 3dnowpref, sse, sse2, sse3, ssse3, sse4a, sse4.1, sse4.2, popcnt, lzcnt, tsc, tscinvbit, avx, avx2, aes, erms, clmul, bmi1, bmi2, adx, sha, fma, vzeroupper, clflush, clflushopt, hv, rdtscp, rdpid, fsrm, f16c, cet_ss
Processor Information for all 12 processors :
  Max Mhz: 3301, Current Mhz: 3301, Mhz Limit: 3301

Memory: 4k page, system-wide physical 15690M (329M free)
TotalPageFile size 48779M (AvailPageFile size 0M)
current process WorkingSet (physical memory assigned to process): 542M, peak: 2429M
current process commit charge ("private bytes"): 7912M, peak: 7959M

vm_info: Java HotSpot(TM) 64-Bit Server VM (21.0.11+9-LTS-211) for windows-amd64 JRE (21.0.11+9-LTS-211), built on 2026-03-11T00:23:15Z by "mach5run" with MS VC++ 17.13 (VS2022)

END.
