#
# There is insufficient memory for the Java Runtime Environment to continue.
# Native memory allocation (mmap) failed to map 65536 bytes for Failed to commit metaspace.
# Possible reasons:
#   The system is out of physical RAM or swap space
#   The process is running with CompressedOops enabled, and the Java Heap may be blocking the growth of the native heap
# Possible solutions:
#   Reduce memory load on the system
#   Increase physical memory or swap space
#   Check if swap backing store is full
#   Decrease Java heap size (-Xmx/-Xms)
#   Decrease number of Java threads
#   Decrease Java thread stack sizes (-Xss)
#   Set larger code cache with -XX:ReservedCodeCacheSize=
#   JVM is running with Unscaled Compressed Oops mode in which the Java heap is
#     placed in the first 4GB address space. The Java Heap base address is the
#     maximum limit for the native heap growth. Please use -XX:HeapBaseMinAddress
#     to set the Java Heap base and to place the Java Heap above 4GB virtual address.
# This output file may be truncated or incomplete.
#
#  Out of Memory Error (virtualSpaceNode.cpp:112), pid=51896, tid=55532
#
# JRE version: Java(TM) SE Runtime Environment (21.0.11+9) (build 21.0.11+9-LTS-211)
# Java VM: Java HotSpot(TM) 64-Bit Server VM (21.0.11+9-LTS-211, mixed mode, sharing, tiered, compressed oops, compressed class ptrs, g1 gc, windows-amd64)
# No core dump will be written. Minidumps are not enabled by default on client versions of Windows
#

---------------  S U M M A R Y ------------

Command Line: --add-opens=java.base/java.lang=ALL-UNNAMED --add-opens=java.base/java.lang.invoke=ALL-UNNAMED --add-opens=java.base/java.util=ALL-UNNAMED --add-opens=java.prefs/java.util.prefs=ALL-UNNAMED --add-exports=jdk.compiler/com.sun.tools.javac.api=ALL-UNNAMED --add-exports=jdk.compiler/com.sun.tools.javac.util=ALL-UNNAMED --add-opens=java.base/java.nio.charset=ALL-UNNAMED --add-opens=java.base/java.net=ALL-UNNAMED --add-opens=java.base/java.util.concurrent=ALL-UNNAMED --add-opens=java.base/java.util.concurrent.atomic=ALL-UNNAMED --add-opens=java.xml/javax.xml.namespace=ALL-UNNAMED --add-opens=java.base/java.time=ALL-UNNAMED -XX:MaxMetaspaceSize=384m -XX:+HeapDumpOnOutOfMemoryError -Xms256m -Xmx512m -Dfile.encoding=UTF-8 -Duser.country=US -Duser.language=en -Duser.variant -javaagent:C:\Users\hieun\.gradle\wrapper\dists\gradle-9.5.1-bin\iq79hdu3mqx29lgffhp8bfmx\gradle-9.5.1\lib\agents\gradle-instrumentation-agent-9.5.1.jar org.gradle.launcher.daemon.bootstrap.GradleDaemon 9.5.1

Host: AMD Ryzen 5 7535HS with Radeon Graphics        , 12 cores, 15G,  Windows 11 , 64 bit Build 26100 (10.0.26100.9168)
Time: Mon Aug 24 22:46:21 2026 SE Asia Standard Time elapsed time: 23.539265 seconds (0d 0h 0m 23s)

---------------  T H R E A D  ---------------

Current thread (0x0000021c7e5c3580):  JavaThread "Daemon worker"        [_thread_in_vm, id=55532, stack(0x000000a249b00000,0x000000a249c00000) (1024K)]

Stack: [0x000000a249b00000,0x000000a249c00000]
Native frames: (J=compiled Java code, j=interpreted, Vv=VM code, C=native code)
V  [jvm.dll+0x6d0ef9]
V  [jvm.dll+0x860126]
V  [jvm.dll+0x86261e]
V  [jvm.dll+0x862cf3]
V  [jvm.dll+0x282bc6]
V  [jvm.dll+0x85beae]
V  [jvm.dll+0x674de4]
V  [jvm.dll+0x1e7dc8]
V  [jvm.dll+0x1e7b8e]
V  [jvm.dll+0x67770f]
V  [jvm.dll+0x677542]
V  [jvm.dll+0x6757be]
V  [jvm.dll+0x26e4f4]
V  [jvm.dll+0x2197db]
V  [jvm.dll+0x20edae]
V  [jvm.dll+0x5b2c4f]
V  [jvm.dll+0x7da0f6]
V  [jvm.dll+0x475ba8]
V  [jvm.dll+0x47b7f8]
C  [java.dll+0x1818]

Java frames: (J=compiled Java code, j=interpreted, Vv=VM code)
J 734  java.lang.ClassLoader.defineClass1(Ljava/lang/ClassLoader;Ljava/lang/String;[BIILjava/security/ProtectionDomain;Ljava/lang/String;)Ljava/lang/Class; java.base@21.0.11 (0 bytes) @ 0x0000021c5d1f5391 [0x0000021c5d1f52c0+0x00000000000000d1]
J 1140 c1 java.lang.ClassLoader.defineClass(Ljava/lang/String;[BIILjava/security/ProtectionDomain;)Ljava/lang/Class; java.base@21.0.11 (43 bytes) @ 0x0000021c558c07fc [0x0000021c558c04a0+0x000000000000035c]
J 1006 c1 java.security.SecureClassLoader.defineClass(Ljava/lang/String;[BIILjava/security/CodeSource;)Ljava/lang/Class; java.base@21.0.11 (16 bytes) @ 0x0000021c55889e1c [0x0000021c55889d40+0x00000000000000dc]
J 894 c1 java.net.URLClassLoader.defineClass(Ljava/lang/String;Ljdk/internal/loader/Resource;)Ljava/lang/Class; java.base@21.0.11 (224 bytes) @ 0x0000021c55856fdc [0x0000021c55855800+0x00000000000017dc]
J 897 c1 java.net.URLClassLoader$1.run()Ljava/lang/Class; java.base@21.0.11 (81 bytes) @ 0x0000021c55859a1c [0x0000021c55858dc0+0x0000000000000c5c]
J 826 c1 java.net.URLClassLoader$1.run()Ljava/lang/Object; java.base@21.0.11 (5 bytes) @ 0x0000021c55833954 [0x0000021c558338c0+0x0000000000000094]
J 2821 c2 java.security.AccessController.doPrivileged(Ljava/security/PrivilegedExceptionAction;Ljava/security/AccessControlContext;)Ljava/lang/Object; java.base@21.0.11 (26 bytes) @ 0x0000021c5d2ddf20 [0x0000021c5d2ddec0+0x0000000000000060]
J 824 c1 java.net.URLClassLoader.findClass(Ljava/lang/String;)Ljava/lang/Class; java.base@21.0.11 (47 bytes) @ 0x0000021c5583284c [0x0000021c558326a0+0x00000000000001ac]
J 729 c1 java.lang.ClassLoader.loadClass(Ljava/lang/String;Z)Ljava/lang/Class; java.base@21.0.11 (121 bytes) @ 0x0000021c55803644 [0x0000021c55803060+0x00000000000005e4]
J 832 c1 java.lang.ClassLoader.loadClass(Ljava/lang/String;)Ljava/lang/Class; java.base@21.0.11 (7 bytes) @ 0x0000021c55835b54 [0x0000021c55835a40+0x0000000000000114]
v  ~StubRoutines::call_stub 0x0000021c5cc1100d
j  org.gradle.cache.internal.DefaultCacheBuilder.<init>(Lorg/gradle/cache/internal/CacheFactory;Ljava/io/File;)V+12
j  org.gradle.cache.internal.DefaultUnscopedCacheBuilderFactory.cache(Ljava/io/File;)Lorg/gradle/cache/CacheBuilder;+9
j  org.gradle.cache.internal.scopes.AbstractScopedCacheBuilderFactory.createCacheBuilder(Ljava/lang/String;)Lorg/gradle/cache/CacheBuilder;+9
j  org.gradle.cache.internal.DefaultGeneratedGradleJarCache.<init>(Lorg/gradle/cache/scopes/GlobalScopedCacheBuilderFactory;Ljava/lang/String;)V+8
j  org.gradle.internal.service.scopes.GradleUserHomeScopeServices.createGeneratedGradleJarCache(Lorg/gradle/cache/scopes/GlobalScopedCacheBuilderFactory;)Lorg/gradle/cache/internal/DefaultGeneratedGradleJarCache;+13
j  java.lang.invoke.LambdaForm$DMH+0x0000021c6a03a400.invokeVirtual(Ljava/lang/Object;Ljava/lang/Object;Ljava/lang/Object;)Ljava/lang/Object;+11 java.base@21.0.11
j  java.lang.invoke.LambdaForm$MH+0x0000021c6a03bc00.invoke(Ljava/lang/Object;Ljava/lang/Object;Ljava/lang/Object;)Ljava/lang/Object;+52 java.base@21.0.11
J 2096 c1 jdk.internal.reflect.DirectMethodHandleAccessor.invoke(Ljava/lang/Object;[Ljava/lang/Object;)Ljava/lang/Object; java.base@21.0.11 (92 bytes) @ 0x0000021c55ac9a14 [0x0000021c55ac7dc0+0x0000000000001c54]
J 2095 c1 java.lang.reflect.Method.invoke(Ljava/lang/Object;[Ljava/lang/Object;)Ljava/lang/Object; java.base@21.0.11 (108 bytes) @ 0x0000021c55ac74fc [0x0000021c55ac6fc0+0x000000000000053c]
j  org.gradle.internal.reflect.JavaMethod.invoke(Ljava/lang/Object;[Ljava/lang/Object;)Ljava/lang/Object;+6
j  org.gradle.internal.service.ReflectionBasedServiceMethod.invoke(Ljava/lang/Object;[Ljava/lang/Object;)Ljava/lang/Object;+6
j  org.gradle.internal.service.DefaultServiceRegistry$FactoryMethodService.invokeMethod([Ljava/lang/Object;)Ljava/lang/Object;+28
j  org.gradle.internal.service.DefaultServiceRegistry$FactoryService.createServiceInstance()Ljava/lang/Object;+7
j  org.gradle.internal.service.DefaultServiceRegistry$FactoryMethodService.createServiceInstance()Ljava/lang/Object;+1
j  org.gradle.internal.service.DefaultServiceRegistry$ManagedObjectServiceProvider.getInstance()Ljava/lang/Object;+24
J 2764 c1 org.gradle.internal.service.DefaultServiceRegistry$SingletonService.get()Ljava/lang/Object; (5 bytes) @ 0x0000021c55c2e43c [0x0000021c55c2e3c0+0x000000000000007c]
j  org.gradle.internal.service.DefaultServiceRegistry.getCollectionService(Ljava/lang/Class;Lorg/gradle/internal/service/ServiceAccessToken;Lorg/gradle/internal/service/ServiceProvider;)Lorg/gradle/internal/service/Service;+79
j  org.gradle.internal.service.DefaultServiceRegistry.getCollectionService(Ljava/lang/reflect/Type;Lorg/gradle/internal/service/ServiceAccessToken;Lorg/gradle/internal/service/ServiceProvider;)Lorg/gradle/internal/service/Service;+15
j  org.gradle.internal.service.DefaultServiceRegistry.find(Ljava/lang/reflect/Type;Lorg/gradle/internal/service/ServiceAccessToken;Lorg/gradle/internal/service/ServiceProvider;)Lorg/gradle/internal/service/Service;+55
j  org.gradle.internal.service.DefaultServiceRegistry.access$2300(Ljava/lang/reflect/Type;Lorg/gradle/internal/service/ServiceAccessToken;Lorg/gradle/internal/service/ServiceProvider;)Lorg/gradle/internal/service/Service;+3
j  org.gradle.internal.service.DefaultServiceRegistry$FactoryService.bind()V+214
J 2763 c1 org.gradle.internal.service.DefaultServiceRegistry$SingletonService.prepare()Lorg/gradle/internal/service/Service; (111 bytes) @ 0x0000021c55c2d394 [0x0000021c55c2d140+0x0000000000000254]
j  org.gradle.internal.service.DefaultServiceRegistry$SingletonService.getService(Ljava/lang/reflect/Type;Lorg/gradle/internal/service/ServiceAccessToken;)Lorg/gradle/internal/service/Service;+29
j  org.gradle.internal.service.DefaultServiceRegistry$OwnServices.getService(Ljava/lang/reflect/Type;Lorg/gradle/internal/service/ServiceAccessToken;)Lorg/gradle/internal/service/Service;+42
j  org.gradle.internal.service.DefaultServiceRegistry$CompositeServiceProvider.getService(Ljava/lang/reflect/Type;Lorg/gradle/internal/service/ServiceAccessToken;)Lorg/gradle/internal/service/Service;+29
j  org.gradle.internal.service.DefaultServiceRegistry.find(Ljava/lang/reflect/Type;Lorg/gradle/internal/service/ServiceAccessToken;Lorg/gradle/internal/service/ServiceProvider;)Lorg/gradle/internal/service/Service;+93
j  org.gradle.internal.service.DefaultServiceRegistry.access$2300(Ljava/lang/reflect/Type;Lorg/gradle/internal/service/ServiceAccessToken;Lorg/gradle/internal/service/ServiceProvider;)Lorg/gradle/internal/service/Service;+3
j  org.gradle.internal.service.DefaultServiceRegistry$FactoryService.bind()V+214
J 2763 c1 org.gradle.internal.service.DefaultServiceRegistry$SingletonService.prepare()Lorg/gradle/internal/service/Service; (111 bytes) @ 0x0000021c55c2d394 [0x0000021c55c2d140+0x0000000000000254]
j  org.gradle.internal.service.DefaultServiceRegistry$SingletonService.getService(Ljava/lang/reflect/Type;Lorg/gradle/internal/service/ServiceAccessToken;)Lorg/gradle/internal/service/Service;+29
j  org.gradle.internal.service.DefaultServiceRegistry$OwnServices.getService(Ljava/lang/reflect/Type;Lorg/gradle/internal/service/ServiceAccessToken;)Lorg/gradle/internal/service/Service;+42
j  org.gradle.internal.service.DefaultServiceRegistry$CompositeServiceProvider.getService(Ljava/lang/reflect/Type;Lorg/gradle/internal/service/ServiceAccessToken;)Lorg/gradle/internal/service/Service;+29
j  org.gradle.internal.service.DefaultServiceRegistry.find(Ljava/lang/reflect/Type;Lorg/gradle/internal/service/ServiceAccessToken;Lorg/gradle/internal/service/ServiceProvider;)Lorg/gradle/internal/service/Service;+93
j  org.gradle.internal.service.DefaultServiceRegistry.access$2300(Ljava/lang/reflect/Type;Lorg/gradle/internal/service/ServiceAccessToken;Lorg/gradle/internal/service/ServiceProvider;)Lorg/gradle/internal/service/Service;+3
j  org.gradle.internal.service.DefaultServiceRegistry$FactoryService.bind()V+214
J 2763 c1 org.gradle.internal.service.DefaultServiceRegistry$SingletonService.prepare()Lorg/gradle/internal/service/Service; (111 bytes) @ 0x0000021c55c2d394 [0x0000021c55c2d140+0x0000000000000254]
j  org.gradle.internal.service.DefaultServiceRegistry$SingletonService.getService(Ljava/lang/reflect/Type;Lorg/gradle/internal/service/ServiceAccessToken;)Lorg/gradle/internal/service/Service;+29
j  org.gradle.internal.service.DefaultServiceRegistry$OwnServices.getService(Ljava/lang/reflect/Type;Lorg/gradle/internal/service/ServiceAccessToken;)Lorg/gradle/internal/service/Service;+42
j  org.gradle.internal.service.DefaultServiceRegistry$CompositeServiceProvider.getService(Ljava/lang/reflect/Type;Lorg/gradle/internal/service/ServiceAccessToken;)Lorg/gradle/internal/service/Service;+29
j  org.gradle.internal.service.DefaultServiceRegistry$ParentServices.getService(Ljava/lang/reflect/Type;Lorg/gradle/internal/service/ServiceAccessToken;)Lorg/gradle/internal/service/Service;+6
j  org.gradle.internal.service.DefaultServiceRegistry$CompositeServiceProvider.getService(Ljava/lang/reflect/Type;Lorg/gradle/internal/service/ServiceAccessToken;)Lorg/gradle/internal/service/Service;+29
j  org.gradle.internal.service.DefaultServiceRegistry$CompositeServiceProvider.getService(Ljava/lang/reflect/Type;Lorg/gradle/internal/service/ServiceAccessToken;)Lorg/gradle/internal/service/Service;+29
j  org.gradle.internal.service.DefaultServiceRegistry.find(Ljava/lang/reflect/Type;Lorg/gradle/internal/service/ServiceAccessToken;Lorg/gradle/internal/service/ServiceProvider;)Lorg/gradle/internal/service/Service;+93
j  org.gradle.internal.service.DefaultServiceRegistry.access$2300(Ljava/lang/reflect/Type;Lorg/gradle/internal/service/ServiceAccessToken;Lorg/gradle/internal/service/ServiceProvider;)Lorg/gradle/internal/service/Service;+3
j  org.gradle.internal.service.DefaultServiceRegistry$FactoryService.bind()V+214
J 2763 c1 org.gradle.internal.service.DefaultServiceRegistry$SingletonService.prepare()Lorg/gradle/internal/service/Service; (111 bytes) @ 0x0000021c55c2d394 [0x0000021c55c2d140+0x0000000000000254]
j  org.gradle.internal.service.DefaultServiceRegistry$SingletonService.getService(Ljava/lang/reflect/Type;Lorg/gradle/internal/service/ServiceAccessToken;)Lorg/gradle/internal/service/Service;+29
j  org.gradle.internal.service.DefaultServiceRegistry$OwnServices.getService(Ljava/lang/reflect/Type;Lorg/gradle/internal/service/ServiceAccessToken;)Lorg/gradle/internal/service/Service;+42
j  org.gradle.internal.service.DefaultServiceRegistry$CompositeServiceProvider.getService(Ljava/lang/reflect/Type;Lorg/gradle/internal/service/ServiceAccessToken;)Lorg/gradle/internal/service/Service;+29
j  org.gradle.internal.service.DefaultServiceRegistry.find(Ljava/lang/reflect/Type;Lorg/gradle/internal/service/ServiceAccessToken;Lorg/gradle/internal/service/ServiceProvider;)Lorg/gradle/internal/service/Service;+93
j  org.gradle.internal.service.DefaultServiceRegistry.getService(Ljava/lang/reflect/Type;)Lorg/gradle/internal/service/Service;+10
j  org.gradle.internal.service.DefaultServiceRegistry.find(Ljava/lang/reflect/Type;)Ljava/lang/Object;+9
j  org.gradle.internal.service.DefaultServiceRegistry.get(Ljava/lang/reflect/Type;)Ljava/lang/Object;+2
j  org.gradle.internal.service.DefaultServiceRegistry.get(Ljava/lang/Class;)Ljava/lang/Object;+3
j  org.gradle.internal.session.DefaultBuildSessionContext.execute(Lorg/gradle/internal/invocation/BuildAction;)Lorg/gradle/internal/buildtree/BuildActionRunner$Result;+54
j  org.gradle.internal.buildprocess.execution.BuildSessionLifecycleBuildActionExecutor$ActionImpl.apply(Lorg/gradle/internal/session/BuildSessionContext;)Lorg/gradle/launcher/exec/BuildActionResult;+6
j  org.gradle.internal.buildprocess.execution.BuildSessionLifecycleBuildActionExecutor$ActionImpl.apply(Ljava/lang/Object;)Ljava/lang/Object;+5
j  org.gradle.internal.session.BuildSessionState.run(Ljava/util/function/Function;)Ljava/lang/Object;+5
j  org.gradle.internal.buildprocess.execution.BuildSessionLifecycleBuildActionExecutor.execute(Lorg/gradle/internal/invocation/BuildAction;Lorg/gradle/launcher/exec/BuildActionParameters;Lorg/gradle/initialization/BuildRequestContext;)Lorg/gradle/launcher/exec/BuildActionResult;+105
j  org.gradle.internal.buildprocess.execution.BuildSessionLifecycleBuildActionExecutor.execute(Lorg/gradle/internal/invocation/BuildAction;Ljava/lang/Object;Ljava/lang/Object;)Lorg/gradle/launcher/exec/BuildActionResult;+10
j  org.gradle.internal.buildprocess.execution.StartParamsValidatingActionExecutor.execute(Lorg/gradle/internal/invocation/BuildAction;Lorg/gradle/launcher/exec/BuildActionParameters;Lorg/gradle/initialization/BuildRequestContext;)Lorg/gradle/launcher/exec/BuildActionResult;+142
j  org.gradle.internal.buildprocess.execution.StartParamsValidatingActionExecutor.execute(Lorg/gradle/internal/invocation/BuildAction;Ljava/lang/Object;Ljava/lang/Object;)Lorg/gradle/launcher/exec/BuildActionResult;+10
j  org.gradle.internal.buildprocess.execution.SessionFailureReportingActionExecutor.execute(Lorg/gradle/internal/invocation/BuildAction;Lorg/gradle/launcher/exec/BuildActionParameters;Lorg/gradle/initialization/BuildRequestContext;)Lorg/gradle/launcher/exec/BuildActionResult;+7
j  org.gradle.internal.buildprocess.execution.SessionFailureReportingActionExecutor.execute(Lorg/gradle/internal/invocation/BuildAction;Ljava/lang/Object;Ljava/lang/Object;)Lorg/gradle/launcher/exec/BuildActionResult;+10
j  org.gradle.internal.buildprocess.execution.SetupLoggingActionExecutor.execute(Lorg/gradle/internal/invocation/BuildAction;Lorg/gradle/launcher/exec/BuildActionParameters;Lorg/gradle/initialization/BuildRequestContext;)Lorg/gradle/launcher/exec/BuildActionResult;+50
j  org.gradle.internal.buildprocess.execution.SetupLoggingActionExecutor.execute(Lorg/gradle/internal/invocation/BuildAction;Ljava/lang/Object;Ljava/lang/Object;)Lorg/gradle/launcher/exec/BuildActionResult;+10
j  org.gradle.launcher.daemon.server.exec.ExecuteBuild.doBuild(Lorg/gradle/launcher/daemon/server/api/DaemonCommandExecution;Lorg/gradle/launcher/daemon/protocol/Build;)V+147
j  org.gradle.launcher.daemon.server.exec.BuildCommandOnly.execute(Lorg/gradle/launcher/daemon/server/api/DaemonCommandExecution;)V+49
j  org.gradle.launcher.daemon.server.api.DaemonCommandExecution.proceed()Z+23
j  org.gradle.launcher.daemon.server.exec.WatchForDisconnection.execute(Lorg/gradle/launcher/daemon/server/api/DaemonCommandExecution;)V+19
j  org.gradle.launcher.daemon.server.api.DaemonCommandExecution.proceed()Z+23
j  org.gradle.launcher.daemon.server.exec.ResetDeprecationLogger.execute(Lorg/gradle/launcher/daemon/server/api/DaemonCommandExecution;)V+7
j  org.gradle.launcher.daemon.server.api.DaemonCommandExecution.proceed()Z+23
j  org.gradle.launcher.daemon.server.exec.RequestStopIfSingleUsedDaemon.execute(Lorg/gradle/launcher/daemon/server/api/DaemonCommandExecution;)V+33
j  org.gradle.launcher.daemon.server.api.DaemonCommandExecution.proceed()Z+23
j  org.gradle.launcher.daemon.server.exec.ForwardClientInput.lambda$execute$0(Lorg/gradle/launcher/daemon/server/api/DaemonCommandExecution;Lorg/gradle/internal/daemon/clientinput/StdinHandler;)Ljava/lang/Object;+11
j  org.gradle.launcher.daemon.server.exec.ForwardClientInput$$Lambda+0x0000021c6a190fd0.apply(Ljava/lang/Object;)Ljava/lang/Object;+8
j  org.gradle.internal.daemon.clientinput.ClientInputForwarder.forwardInput(Ljava/util/function/Function;)Ljava/lang/Object;+46
j  org.gradle.launcher.daemon.server.exec.ForwardClientInput.execute(Lorg/gradle/launcher/daemon/server/api/DaemonCommandExecution;)V+10
j  org.gradle.launcher.daemon.server.api.DaemonCommandExecution.proceed()Z+23
j  org.gradle.launcher.daemon.server.exec.LogAndCheckHealth.execute(Lorg/gradle/launcher/daemon/server/api/DaemonCommandExecution;)V+51
j  org.gradle.launcher.daemon.server.api.DaemonCommandExecution.proceed()Z+23
j  org.gradle.launcher.daemon.server.exec.LogToClient.doBuild(Lorg/gradle/launcher/daemon/server/api/DaemonCommandExecution;Lorg/gradle/launcher/daemon/protocol/Build;)V+87
j  org.gradle.launcher.daemon.server.exec.BuildCommandOnly.execute(Lorg/gradle/launcher/daemon/server/api/DaemonCommandExecution;)V+49
j  org.gradle.launcher.daemon.server.api.DaemonCommandExecution.proceed()Z+23
j  org.gradle.launcher.daemon.server.exec.EstablishBuildEnvironment.doBuild(Lorg/gradle/launcher/daemon/server/api/DaemonCommandExecution;Lorg/gradle/launcher/daemon/protocol/Build;)V+356
j  org.gradle.launcher.daemon.server.exec.BuildCommandOnly.execute(Lorg/gradle/launcher/daemon/server/api/DaemonCommandExecution;)V+49
j  org.gradle.launcher.daemon.server.api.DaemonCommandExecution.proceed()Z+23
j  org.gradle.launcher.daemon.server.exec.StartBuildOrRespondWithBusy$1.run()V+44
j  org.gradle.launcher.daemon.server.DaemonStateCoordinator.lambda$runCommand$0(Ljava/lang/Runnable;)V+1
j  org.gradle.launcher.daemon.server.DaemonStateCoordinator$$Lambda+0x0000021c6a18fd00.run()V+8
j  org.gradle.internal.concurrent.ExecutorPolicy$CatchAndRecordFailures.onExecute(Ljava/lang/Runnable;)V+1
j  org.gradle.internal.concurrent.AbstractManagedExecutor$1.run()V+25
j  java.util.concurrent.ThreadPoolExecutor.runWorker(Ljava/util/concurrent/ThreadPoolExecutor$Worker;)V+92 java.base@21.0.11
j  java.util.concurrent.ThreadPoolExecutor$Worker.run()V+5 java.base@21.0.11
j  java.lang.Thread.runWith(Ljava/lang/Object;Ljava/lang/Runnable;)V+5 java.base@21.0.11
j  java.lang.Thread.run()V+19 java.base@21.0.11
v  ~StubRoutines::call_stub 0x0000021c5cc1100d

Compiled method (n/a)   23575  734     n 0       java.lang.ClassLoader::defineClass1 (native)
 total in heap  [0x0000021c5d1f5110,0x0000021c5d1f5770] = 1632
 relocation     [0x0000021c5d1f5270,0x0000021c5d1f52a8] = 56
 main code      [0x0000021c5d1f52c0,0x0000021c5d1f576f] = 1199
 stub code      [0x0000021c5d1f576f,0x0000021c5d1f5770] = 1

[Constant Pool (empty)]

[MachCode]
[Entry Point]
  # {method} {0x0000021c6943a530} 'defineClass1' '(Ljava/lang/ClassLoader;Ljava/lang/String;[BIILjava/security/ProtectionDomain;Ljava/lang/String;)Ljava/lang/Class;' in 'java/lang/ClassLoader'
  # parm0:    rdx:rdx   = 'java/lang/ClassLoader'
  # parm1:    r8:r8     = 'java/lang/String'
  # parm2:    r9:r9     = '[B'
  # parm3:    rdi       = int
  # parm4:    rsi       = int
  # parm5:    rcx:rcx   = 'java/security/ProtectionDomain'
  # parm6:    [sp+0xa0]   = 'java/lang/String'  (sp of caller)
  0x0000021c5d1f52c0: 448b 5208 | 49bb 0000 | 0069 1c02 | 0000 4d03 | d349 3bc2 | 0f84 0600 

  0x0000021c5d1f52d8: ;   {runtime_call ic_miss_stub}
  0x0000021c5d1f52d8: 0000 e9a1 | 94a6 ff90 
[Verified Entry Point]
  0x0000021c5d1f52e0: 8984 2400 | 80ff ff55 | 488b ec48 | 81ec 9000 | 0000 6690 | 4181 7f20 | 0100 0000 

  0x0000021c5d1f52fc: ;   {runtime_call StubRoutines (final stubs)}
  0x0000021c5d1f52fc: 7405 e85d | faa4 ff48 | 837d 1000 | 488d 4510 | 480f 4445 | 1048 8944 | 2440 4889 | 4c24 7048 
  0x0000021c5d1f531c: 83f9 0048 | 8d44 2470 | 480f 4444 | 2470 4889 | 4424 3848 | 8974 2430 | 4889 7c24 | 284c 894c 
  0x0000021c5d1f533c: 2458 4983 | f900 488d | 4424 5848 | 0f44 4424 | 5848 8944 | 2420 4c89 | 4424 5049 | 83f8 004c 
  0x0000021c5d1f535c: 8d4c 2450 | 4c0f 444c | 2450 4889 | 5424 4848 | 83fa 004c | 8d44 2448 | 4c0f 4444 

  0x0000021c5d1f5378: ;   {oop(a 'java/lang/Class'{0x00000000e08875e0} = 'java/lang/ClassLoader')}
  0x0000021c5d1f5378: 2448 49be | e075 88e0 | 0000 0000 | 4c89 7424 | 784c 8d74 | 2478 498b | d6c5 f877 

  0x0000021c5d1f5394: ;   {internal_word}
  0x0000021c5d1f5394: 49ba 9153 | 1f5d 1c02 | 0000 4d89 | 97a8 0300 | 0049 89a7 | a003 0000 

  0x0000021c5d1f53ac: ;   {external_word}
  0x0000021c5d1f53ac: 49ba e328 | 103e fa7f | 0000 4180 | 3a00 0f84 | 4e00 0000 | 5241 5041 

  0x0000021c5d1f53c4: ;   {metadata({method} {0x0000021c6943a530} 'defineClass1' '(Ljava/lang/ClassLoader;Ljava/lang/String;[BIILjava/security/ProtectionDomain;Ljava/lang/String;)Ljava/lang/Class;' in 'java/lang/ClassLoader')}
  0x0000021c5d1f53c4: 5148 ba28 | a543 691c | 0200 0049 | 8bcf 4883 | ec20 40f6 | c40f 0f84 | 1900 0000 | 4883 ec08 
  0x0000021c5d1f53e4: ;   {runtime_call}
  0x0000021c5d1f53e4: 48b8 b07c | c03d fa7f | 0000 ffd0 | 4883 c408 | e90c 0000 

  0x0000021c5d1f53f8: ;   {runtime_call}
  0x0000021c5d1f53f8: 0048 b8b0 | 7cc0 3dfa | 7f00 00ff | d048 83c4 | 2041 5941 | 585a 498d | 8fc0 0300 | 0041 c787 
  0x0000021c5d1f5418: 4c04 0000 | 0400 0000 

  0x0000021c5d1f5420: ;   {runtime_call}
  0x0000021c5d1f5420: 48b8 d016 | 7a8b fa7f | 0000 ffd0 | c5f8 7741 | c787 4c04 | 0000 0500 | 0000 f083 | 4424 c000 
  0x0000021c5d1f5440: 493b af50 | 0400 000f | 870e 0000 | 0041 83bf | 4804 0000 | 000f 842b | 0000 00c5 | f877 4889 
  0x0000021c5d1f5460: 45f8 498b | cf4c 8be4 | 4883 ec20 | 4883 e4f0 

  0x0000021c5d1f5470: ;   {runtime_call}
  0x0000021c5d1f5470: 48b8 801e | 8c3d fa7f | 0000 ffd0 | 498b e44d | 33e4 488b | 45f8 41c7 | 874c 0400 | 0008 0000 
  0x0000021c5d1f5490: 0041 83bf | c804 0000 | 020f 84a3 

  0x0000021c5d1f549c: ;   {external_word}
  0x0000021c5d1f549c: 0200 0049 | bae3 2810 | 3efa 7f00 | 0041 803a | 000f 844c | 0000 0048 

  0x0000021c5d1f54b4: ;   {metadata({method} {0x0000021c6943a530} 'defineClass1' '(Ljava/lang/ClassLoader;Ljava/lang/String;[BIILjava/security/ProtectionDomain;Ljava/lang/String;)Ljava/lang/Class;' in 'java/lang/ClassLoader')}
  0x0000021c5d1f54b4: 8945 f848 | ba28 a543 | 691c 0200 | 0049 8bcf | 4883 ec20 | 40f6 c40f | 0f84 1900 | 0000 4883 
  0x0000021c5d1f54d4: ;   {runtime_call}
  0x0000021c5d1f54d4: ec08 48b8 | b07c c03d | fa7f 0000 | ffd0 4883 | c408 e90c 

  0x0000021c5d1f54e8: ;   {runtime_call}
  0x0000021c5d1f54e8: 0000 0048 | b8b0 7cc0 | 3dfa 7f00 | 00ff d048 | 83c4 2048 | 8b45 f849 | c787 a003 | 0000 0000 
  0x0000021c5d1f5508: 0000 49c7 | 87a8 0300 | 0000 0000 | 00c5 f877 | 4885 c00f | 84fe 0100 | 00a8 030f | 8508 0000 
  0x0000021c5d1f5528: 0048 8b00 | e9ee 0100 | 00a8 010f | 8509 0000 | 0048 8b40 | fee9 dd01 | 0000 488b | 40ff 4180 
  0x0000021c5d1f5548: 7f40 000f | 84ce 0100 | 0048 83f8 | 000f 84c4 | 0100 0049 | 8b4f 2848 | 83f9 000f | 8414 0000 
  0x0000021c5d1f5568: 0048 83e9 | 0849 894f | 2849 034f | 3848 8901 | e9a2 0100 | 0048 81ec | d000 0000 | 4889 0424 
  0x0000021c5d1f5588: 4889 4c24 | 0848 8954 | 2410 4889 | 7424 1848 | 897c 2420 | 4c89 4424 | 284c 894c | 2430 4c89 
  0x0000021c5d1f55a8: 5424 384c | 895c 2440 | c5fb 1144 | 2450 c5fb | 114c 2458 | c5fb 1154 | 2460 c5fb | 115c 2468 
  0x0000021c5d1f55c8: c5fb 1164 | 2470 c5fb | 116c 2478 | c5fb 11b4 | 2480 0000 | 00c5 fb11 | bc24 8800 | 0000 c57b 
  0x0000021c5d1f55e8: ;   {no_reloc}
  0x0000021c5d1f55e8: 1184 2490 | 0000 00c5 | 7b11 8c24 | 9800 0000 | c57b 1194 | 24a0 0000 | 00c5 7b11 | 9c24 a800 
  0x0000021c5d1f5608: 0000 c57b | 11a4 24b0 | 0000 00c5 | 7b11 ac24 | b800 0000 | c57b 11b4 | 24c0 0000 | 00c5 7b11 
  0x0000021c5d1f5628: bc24 c800 | 0000 498b | d748 8bc8 | 4883 ec20 | 40f6 c40f | 0f84 1900 | 0000 4883 

  0x0000021c5d1f5644: ;   {runtime_call}
  0x0000021c5d1f5644: ec08 48b8 | d06c 7f3d | fa7f 0000 | ffd0 4883 | c408 e90c 

  0x0000021c5d1f5658: ;   {runtime_call}
  0x0000021c5d1f5658: 0000 0048 | b8d0 6c7f | 3dfa 7f00 | 00ff d048 | 83c4 20c5 | 7b10 bc24 | c800 0000 | c57b 10b4 
  0x0000021c5d1f5678: 24c0 0000 | 00c5 7b10 | ac24 b800 | 0000 c57b | 10a4 24b0 | 0000 00c5 | 7b10 9c24 | a800 0000 
  0x0000021c5d1f5698: c57b 1094 | 24a0 0000 | 00c5 7b10 | 8c24 9800 | 0000 c57b | 1084 2490 | 0000 00c5 | fb10 bc24 
  0x0000021c5d1f56b8: 8800 0000 | c5fb 10b4 | 2480 0000 | 00c5 fb10 | 6c24 78c5 | fb10 6424 | 70c5 fb10 | 5c24 68c5 
  0x0000021c5d1f56d8: fb10 5424 | 60c5 fb10 | 4c24 58c5 | fb10 4424 | 504c 8b5c | 2440 4c8b | 5424 384c | 8b4c 2430 
  0x0000021c5d1f56f8: 4c8b 4424 | 2848 8b7c | 2420 488b | 7424 1848 | 8b54 2410 | 488b 4c24 | 0848 8b04 | 2448 81c4 
  0x0000021c5d1f5718: d000 0000 | c5f8 7749 | 8b8f 3004 | 0000 c781 | 0001 0000 | 0000 0000 | c949 837f | 0800 0f85 
  0x0000021c5d1f5738: 0100 0000 

  0x0000021c5d1f573c: ;   {runtime_call StubRoutines (initial stubs)}
  0x0000021c5d1f573c: c3e9 beb7 | a1ff c5f8 | 7748 8945 | f84c 8be4 | 4883 ec20 | 4883 e4f0 

  0x0000021c5d1f5754: ;   {runtime_call}
  0x0000021c5d1f5754: 48b8 10b4 | c03d fa7f | 0000 ffd0 | 498b e44d | 33e4 488b | 45f8 e930 | fdff fff4 
[/MachCode]


Compiled method (c1)   23591 1140       3       java.lang.ClassLoader::defineClass (43 bytes)
 total in heap  [0x0000021c558c0290,0x0000021c558c0be8] = 2392
 relocation     [0x0000021c558c03f0,0x0000021c558c0490] = 160
 main code      [0x0000021c558c04a0,0x0000021c558c0940] = 1184
 stub code      [0x0000021c558c0940,0x0000021c558c09b8] = 120
 metadata       [0x0000021c558c09b8,0x0000021c558c09e8] = 48
 scopes data    [0x0000021c558c09e8,0x0000021c558c0ad8] = 240
 scopes pcs     [0x0000021c558c0ad8,0x0000021c558c0bb8] = 224
 dependencies   [0x0000021c558c0bb8,0x0000021c558c0bc0] = 8
 nul chk table  [0x0000021c558c0bc0,0x0000021c558c0be8] = 40

[Constant Pool (empty)]

[MachCode]
[Entry Point]
  # {method} {0x0000021c6943a8b0} 'defineClass' '(Ljava/lang/String;[BIILjava/security/ProtectionDomain;)Ljava/lang/Class;' in 'java/lang/ClassLoader'
  # this:     rdx:rdx   = 'java/lang/ClassLoader'
  # parm0:    r8:r8     = 'java/lang/String'
  # parm1:    r9:r9     = '[B'
  # parm2:    rdi       = int
  # parm3:    rsi       = int
  # parm4:    rcx:rcx   = 'java/security/ProtectionDomain'
  #           [sp+0xc0]  (sp of caller)
  0x0000021c558c04a0: 448b 5208 | 49bb 0000 | 0069 1c02 | 0000 4d03 | d34c 3bd0 

  0x0000021c558c04b4: ;   {runtime_call ic_miss_stub}
  0x0000021c558c04b4: 0f85 c6e2 | 3907 660f | 1f44 0000 
[Verified Entry Point]
  0x0000021c558c04c0: 8984 2400 | 80ff ff55 | 4881 ecb0 | 0000 0090 | 4181 7f20 | 0100 0000 

  0x0000021c558c04d8: ;   {runtime_call StubRoutines (final stubs)}
  0x0000021c558c04d8: 7405 e881 | 4838 0748 | 8954 2478 

  0x0000021c558c04e4: ;   {metadata(method data for {method} {0x0000021c6943a8b0} 'defineClass' '(Ljava/lang/String;[BIILjava/security/ProtectionDomain;)Ljava/lang/Class;' in 'java/lang/ClassLoader')}
  0x0000021c558c04e4: 48bb 685e | 1800 1c02 | 0000 8b83 | cc00 0000 | 83c0 0289 | 83cc 0000 | 0025 fe07 | 0000 85c0 
  0x0000021c558c0504: 0f84 5803 | 0000 89b4 | 2494 0000 | 0089 bc24 | 9000 0000 | 4c89 8c24 | 8800 0000 

  0x0000021c558c0520: ;   {metadata(method data for {method} {0x0000021c6943a8b0} 'defineClass' '(Ljava/lang/String;[BIILjava/security/ProtectionDomain;)Ljava/lang/Class;' in 'java/lang/ClassLoader')}
  0x0000021c558c0520: 488b da48 | b868 5e18 | 001c 0200 | 0048 8380 | 1001 0000 | 0149 8bd8 | 4c8b c34c | 8bc9 488b 
  0x0000021c558c0540: ca48 8bd1 | 4889 9c24 | 8000 0000 

  0x0000021c558c054c: ;   {optimized virtual_call}
  0x0000021c558c054c: 6666 90e8 

  0x0000021c558c0550: ; ImmutableOopMap {[120]=Oop [128]=Oop [136]=Oop }
                      ;*invokevirtual preDefineClass {reexecute=0 rethrow=0 return_oop=0}
                      ; - java.lang.ClassLoader::defineClass@4 (line 1025)
  0x0000021c558c0550: cc44 fdff 

  0x0000021c558c0554: ;   {other}
  0x0000021c558c0554: 0f1f 8400 | c402 0000 | 4889 8424 | 9800 0000 | 488b 5424 

  0x0000021c558c0568: ;   {metadata(method data for {method} {0x0000021c6943a8b0} 'defineClass' '(Ljava/lang/String;[BIILjava/security/ProtectionDomain;)Ljava/lang/Class;' in 'java/lang/ClassLoader')}
  0x0000021c558c0568: 7849 b868 | 5e18 001c | 0200 0049 | 8380 4801 

  0x0000021c558c0578: ;   {metadata(method data for {method} {0x0000021c6943a598} 'defineClassSourceLocation' '(Ljava/security/ProtectionDomain;)Ljava/lang/String;' in 'java/lang/ClassLoader')}
  0x0000021c558c0578: 0000 0149 | b838 4619 | 001c 0200 | 0041 8b90 | cc00 0000 | 83c2 0241 | 8990 cc00 | 0000 81e2 
  0x0000021c558c0598: feff 1f00 | 85d2 0f84 | df02 0000 

  0x0000021c558c05a4: ; implicit exception: dispatches to 0x0000021c558c08a4
  0x0000021c558c05a4: 483b 004c 

  0x0000021c558c05a8: ;   {metadata(method data for {method} {0x0000021c6943a598} 'defineClassSourceLocation' '(Ljava/security/ProtectionDomain;)Ljava/lang/String;' in 'java/lang/ClassLoader')}
  0x0000021c558c05a8: 8bc0 48ba | 3846 1900 | 1c02 0000 | 4883 8210 | 0100 0001 | 448b 4010 

  0x0000021c558c05c0: ;   {metadata(method data for {method} {0x0000021c6943a598} 'defineClassSourceLocation' '(Ljava/security/ProtectionDomain;)Ljava/lang/String;' in 'java/lang/ClassLoader')}
  0x0000021c558c05c0: 4d85 c048 | ba38 4619 | 001c 0200 | 0048 be58 | 0100 0000 | 0000 0075 | 0a48 be48 | 0100 0000 
  0x0000021c558c05e0: 0000 0048 | 8b3c 3248 | 8d7f 0148 | 893c 320f | 850f 0000 

  0x0000021c558c05f4: ;   {oop(nullptr)}
  0x0000021c558c05f4: 0048 bb00 | 0000 0000 | 0000 00e9 | a301 0000 

  0x0000021c558c0604: ; implicit exception: dispatches to 0x0000021c558c08a9
  0x0000021c558c0604: 493b 0049 

  0x0000021c558c0608: ;   {metadata(method data for {method} {0x0000021c6943a598} 'defineClassSourceLocation' '(Ljava/security/ProtectionDomain;)Ljava/lang/String;' in 'java/lang/ClassLoader')}
  0x0000021c558c0608: 8bd0 48be | 3846 1900 | 1c02 0000 | 4883 8668 | 0100 0001 | 418b 500c 

  0x0000021c558c0620: ;   {metadata(method data for {method} {0x0000021c6943a598} 'defineClassSourceLocation' '(Ljava/security/ProtectionDomain;)Ljava/lang/String;' in 'java/lang/ClassLoader')}
  0x0000021c558c0620: 4885 d248 | be38 4619 | 001c 0200 | 0048 bfb0 | 0100 0000 | 0000 0075 | 0a48 bfa0 | 0100 0000 
  0x0000021c558c0640: 0000 0048 | 8b1c 3e48 | 8d5b 0148 | 891c 3e0f | 850f 0000 

  0x0000021c558c0654: ;   {oop(nullptr)}
  0x0000021c558c0654: 0048 bb00 | 0000 0000 | 0000 00e9 | 4301 0000 

  0x0000021c558c0664: ;   {metadata(method data for {method} {0x0000021c6943a598} 'defineClassSourceLocation' '(Ljava/security/ProtectionDomain;)Ljava/lang/String;' in 'java/lang/ClassLoader')}
  0x0000021c558c0664: 48be 3846 | 1900 1c02 | 0000 4883 | 86c0 0100 | 0001 483b | 024c 8bc2 

  0x0000021c558c067c: ;   {metadata(method data for {method} {0x0000021c6943a598} 'defineClassSourceLocation' '(Ljava/security/ProtectionDomain;)Ljava/lang/String;' in 'java/lang/ClassLoader')}
  0x0000021c558c067c: 48be 3846 | 1900 1c02 | 0000 4883 | 86f8 0100 

  0x0000021c558c068c: ;   {metadata(method data for {method} {0x0000021c6901a5d8} 'toString' '()Ljava/lang/String;' in 'java/net/URL')}
  0x0000021c558c068c: 0001 49b8 | 00f9 0d00 | 1c02 0000 | 418b b0cc | 0000 0083 | c602 4189 | b0cc 0000 | 0081 e6fe 
  0x0000021c558c06ac: ff1f 0085 | f60f 84fc | 0100 004c 

  0x0000021c558c06b8: ;   {metadata(method data for {method} {0x0000021c6901a5d8} 'toString' '()Ljava/lang/String;' in 'java/net/URL')}
  0x0000021c558c06b8: 8bc2 48be | 00f9 0d00 | 1c02 0000 | 4883 8610 | 0100 0001 

  0x0000021c558c06cc: ;   {metadata(method data for {method} {0x0000021c6942e1b0} 'toExternalForm' '()Ljava/lang/String;' in 'java/net/URL')}
  0x0000021c558c06cc: 49b8 88fa | 0d00 1c02 | 0000 418b | b0cc 0000 | 0083 c602 | 4189 b0cc | 0000 0081 | e6fe ff1f 
  0x0000021c558c06ec: 0085 f60f | 84df 0100 | 008b 7238 

  0x0000021c558c06f8: ; implicit exception: dispatches to 0x0000021c558c08f5
  0x0000021c558c06f8: 483b 064c 

  0x0000021c558c06fc: ;   {metadata(method data for {method} {0x0000021c6942e1b0} 'toExternalForm' '()Ljava/lang/String;' in 'java/net/URL')}
  0x0000021c558c06fc: 8bc6 48bf | 88fa 0d00 | 1c02 0000 | 458b 4008 | 49ba 0000 | 0069 1c02 | 0000 4d03 | c24c 3b87 
  0x0000021c558c071c: 2001 0000 | 750d 4883 | 8728 0100 | 0001 e960 | 0000 004c | 3b87 3001 | 0000 750d | 4883 8738 
  0x0000021c558c073c: 0100 0001 | e94a 0000 | 0048 83bf | 2001 0000 | 0075 174c | 8987 2001 | 0000 48c7 | 8728 0100 
  0x0000021c558c075c: 0001 0000 | 00e9 2900 | 0000 4883 | bf30 0100 | 0000 7517 | 4c89 8730 | 0100 0048 | c787 3801 
  0x0000021c558c077c: 0000 0100 | 0000 e908 | 0000 0048 | 8387 1001 | 0000 014c | 8bc2 488b 

  0x0000021c558c0794: ;   {optimized virtual_call}
  0x0000021c558c0794: d666 90e8 

  0x0000021c558c0798: ; ImmutableOopMap {[120]=Oop [128]=Oop [136]=Oop [152]=Oop }
                      ;*invokevirtual toExternalForm {reexecute=0 rethrow=0 return_oop=0}
                      ; - java.net.URL::toExternalForm@5 (line 1203)
                      ; - java.net.URL::toString@1 (line 1189)
                      ; - java.lang.ClassLoader::defineClassSourceLocation@22 (line 927)
                      ; - java.lang.ClassLoader::defineClass@12 (line 1026)
  0x0000021c558c0798: 0414 f6ff 

  0x0000021c558c079c: ;   {other}
  0x0000021c558c079c: 0f1f 8400 | 0c05 0001 | 488b d848 | 8b84 2498 | 0000 008b | b424 9400 | 0000 8bbc | 2490 0000 
  0x0000021c558c07bc: 004c 8b8c | 2488 0000 | 004c 8b84 | 2480 0000 | 0048 8b54 

  0x0000021c558c07d0: ;   {metadata(method data for {method} {0x0000021c6943a8b0} 'defineClass' '(Ljava/lang/String;[BIILjava/security/ProtectionDomain;)Ljava/lang/Class;' in 'java/lang/ClassLoader')}
  0x0000021c558c07d0: 2478 48b9 | 685e 1800 | 1c02 0000 | 4883 8180 | 0100 0001 | 4c8b da49 | 8bd3 488b | c848 891c 
  0x0000021c558c07f0: 2466 0f1f 

  0x0000021c558c07f4: ;   {static_call}
  0x0000021c558c07f4: 4400 00e8 

  0x0000021c558c07f8: ; ImmutableOopMap {[120]=Oop [152]=Oop }
                      ;*invokestatic defineClass1 {reexecute=0 rethrow=0 return_oop=0}
                      ; - java.lang.ClassLoader::defineClass@27 (line 1027)
  0x0000021c558c07f8: e44a 9307 

  0x0000021c558c07fc: ;   {other}
  0x0000021c558c07fc: 0f1f 8400 | 6c05 0002 | 488b 5424 

  0x0000021c558c0808: ;   {metadata(method data for {method} {0x0000021c6943a8b0} 'defineClass' '(Ljava/lang/String;[BIILjava/security/ProtectionDomain;)Ljava/lang/Class;' in 'java/lang/ClassLoader')}
  0x0000021c558c0808: 7849 b868 | 5e18 001c | 0200 0049 | 8380 9001 | 0000 014c | 8bc0 4c8b | 8c24 9800 | 0000 488b 
  0x0000021c558c0828: 5424 7848 | 8984 24a0 | 0000 000f 

  0x0000021c558c0834: ;   {optimized virtual_call}
  0x0000021c558c0834: 1f40 00e8 

  0x0000021c558c0838: ; ImmutableOopMap {[160]=Oop }
                      ;*invokevirtual postDefineClass {reexecute=0 rethrow=0 return_oop=0}
                      ; - java.lang.ClassLoader::defineClass@37 (line 1028)
  0x0000021c558c0838: e45c fdff 

  0x0000021c558c083c: ;   {other}
  0x0000021c558c083c: 0f1f 8400 | ac05 0003 | 488b 8424 | a000 0000 | 4881 c4b0 | 0000 005d 

  0x0000021c558c0854: ;   {poll_return}
  0x0000021c558c0854: 493b a750 | 0400 000f | 8799 0000 

  0x0000021c558c0860: ;   {metadata({method} {0x0000021c6943a8b0} 'defineClass' '(Ljava/lang/String;[BIILjava/security/ProtectionDomain;)Ljava/lang/Class;' in 'java/lang/ClassLoader')}
  0x0000021c558c0860: 00c3 49ba | a8a8 4369 | 1c02 0000 | 4c89 5424 | 0848 c704 | 24ff ffff 

  0x0000021c558c0878: ;   {runtime_call counter_overflow Runtime1 stub}
  0x0000021c558c0878: ffe8 0254 

  0x0000021c558c087c: ; ImmutableOopMap {rdx=Oop r8=Oop r9=Oop rcx=Oop [120]=Oop }
                      ;*synchronization entry
                      ; - java.lang.ClassLoader::defineClass@-1 (line 1025)
  0x0000021c558c087c: 4607 e987 

  0x0000021c558c0880: ;   {metadata({method} {0x0000021c6943a598} 'defineClassSourceLocation' '(Ljava/security/ProtectionDomain;)Ljava/lang/String;' in 'java/lang/ClassLoader')}
  0x0000021c558c0880: fcff ff49 | ba90 a543 | 691c 0200 | 004c 8954 | 2408 48c7 | 0424 ffff 

  0x0000021c558c0898: ;   {runtime_call counter_overflow Runtime1 stub}
  0x0000021c558c0898: ffff e8e1 

  0x0000021c558c089c: ; ImmutableOopMap {rax=Oop [120]=Oop [128]=Oop [136]=Oop [152]=Oop }
                      ;*synchronization entry
                      ; - java.lang.ClassLoader::defineClassSourceLocation@-1 (line 924)
                      ; - java.lang.ClassLoader::defineClass@12 (line 1026)
  0x0000021c558c089c: 5346 07e9 | 00fd ffff 

  0x0000021c558c08a4: ;   {runtime_call throw_null_pointer_exception Runtime1 stub}
  0x0000021c558c08a4: e8d7 0246 

  0x0000021c558c08a8: ; ImmutableOopMap {rax=Oop [120]=Oop [128]=Oop [136]=Oop [152]=Oop }
                      ;*invokevirtual getCodeSource {reexecute=0 rethrow=0 return_oop=0}
                      ; - java.lang.ClassLoader::defineClassSourceLocation@1 (line 924)
                      ; - java.lang.ClassLoader::defineClass@12 (line 1026)
                      ;   {runtime_call throw_null_pointer_exception Runtime1 stub}
  0x0000021c558c08a8: 07e8 d202 

  0x0000021c558c08ac: ; ImmutableOopMap {rax=Oop r8=Oop [120]=Oop [128]=Oop [136]=Oop [152]=Oop }
                      ;*invokevirtual getLocation {reexecute=0 rethrow=0 return_oop=0}
                      ; - java.lang.ClassLoader::defineClassSourceLocation@12 (line 926)
                      ; - java.lang.ClassLoader::defineClass@12 (line 1026)
                      ;   {runtime_call throw_null_pointer_exception Runtime1 stub}
  0x0000021c558c08ac: 4607 e8cd 

  0x0000021c558c08b0: ; ImmutableOopMap {rdx=Oop [120]=Oop [128]=Oop [136]=Oop [152]=Oop }
                      ;*invokevirtual toString {reexecute=0 rethrow=0 return_oop=0}
                      ; - java.lang.ClassLoader::defineClassSourceLocation@22 (line 927)
                      ; - java.lang.ClassLoader::defineClass@12 (line 1026)
                      ;   {metadata({method} {0x0000021c6901a5d8} 'toString' '()Ljava/lang/String;' in 'java/net/URL')}
  0x0000021c558c08b0: 0246 0749 | bad0 a501 | 691c 0200 | 004c 8954 | 2408 48c7 | 0424 ffff 

  0x0000021c558c08c8: ;   {runtime_call counter_overflow Runtime1 stub}
  0x0000021c558c08c8: ffff e8b1 

  0x0000021c558c08cc: ; ImmutableOopMap {rdx=Oop [120]=Oop [128]=Oop [136]=Oop [152]=Oop }
                      ;*synchronization entry
                      ; - java.net.URL::toString@-1 (line 1189)
                      ; - java.lang.ClassLoader::defineClassSourceLocation@22 (line 927)
                      ; - java.lang.ClassLoader::defineClass@12 (line 1026)
  0x0000021c558c08cc: 5346 07e9 | e3fd ffff 

  0x0000021c558c08d4: ;   {metadata({method} {0x0000021c6942e1b0} 'toExternalForm' '()Ljava/lang/String;' in 'java/net/URL')}
  0x0000021c558c08d4: 49ba a8e1 | 4269 1c02 | 0000 4c89 | 5424 0848 | c704 24ff 

  0x0000021c558c08e8: ;   {runtime_call counter_overflow Runtime1 stub}
  0x0000021c558c08e8: ffff ffe8 

  0x0000021c558c08ec: ; ImmutableOopMap {rdx=Oop [120]=Oop [128]=Oop [136]=Oop [152]=Oop }
                      ;*synchronization entry
                      ; - java.net.URL::toExternalForm@-1 (line 1203)
                      ; - java.net.URL::toString@1 (line 1189)
                      ; - java.lang.ClassLoader::defineClassSourceLocation@22 (line 927)
                      ; - java.lang.ClassLoader::defineClass@12 (line 1026)
  0x0000021c558c08ec: 9053 4607 | e900 feff 

  0x0000021c558c08f4: ;   {runtime_call throw_null_pointer_exception Runtime1 stub}
  0x0000021c558c08f4: ffe8 8602 

  0x0000021c558c08f8: ; ImmutableOopMap {rdx=Oop rsi=Oop [120]=Oop [128]=Oop [136]=Oop [152]=Oop }
                      ;*invokevirtual toExternalForm {reexecute=0 rethrow=0 return_oop=0}
                      ; - java.net.URL::toExternalForm@5 (line 1203)
                      ; - java.net.URL::toString@1 (line 1189)
                      ; - java.lang.ClassLoader::defineClassSourceLocation@22 (line 927)
                      ; - java.lang.ClassLoader::defineClass@12 (line 1026)
                      ;   {internal_word}
  0x0000021c558c08f8: 4607 49ba | 5408 8c55 | 1c02 0000 | 4d89 9768 

  0x0000021c558c0908: ;   {runtime_call SafepointBlob}
  0x0000021c558c0908: 0400 00e9 | f04d 3a07 | 498b 8700 | 0500 0049 | c787 0005 | 0000 0000 | 0000 49c7 | 8708 0500 
  0x0000021c558c0928: 0000 0000 | 0048 81c4 | b000 0000 

  0x0000021c558c0934: ;   {runtime_call unwind_exception Runtime1 stub}
  0x0000021c558c0934: 5de9 46f3 | 4507 f4f4 | f4f4 f4f4 
[Stub Code]
  0x0000021c558c0940: ;   {no_reloc}
  0x0000021c558c0940: 0f1f 4400 

  0x0000021c558c0944: ;   {static_stub}
  0x0000021c558c0944: 0048 bb00 | 0000 0000 

  0x0000021c558c094c: ;   {runtime_call}
  0x0000021c558c094c: 0000 00e9 | fbff ffff 

  0x0000021c558c0954: ;   {static_stub}
  0x0000021c558c0954: 48bb 0000 | 0000 0000 

  0x0000021c558c095c: ;   {runtime_call}
  0x0000021c558c095c: 0000 e9fb 

  0x0000021c558c0960: ;   {static_stub}
  0x0000021c558c0960: ffff ff48 | bb00 0000 | 0000 0000 

  0x0000021c558c096c: ;   {runtime_call}
  0x0000021c558c096c: 00e9 fbff 

  0x0000021c558c0970: ;   {static_stub}
  0x0000021c558c0970: ffff 48bb | 0000 0000 | 0000 0000 

  0x0000021c558c097c: ;   {runtime_call}
  0x0000021c558c097c: e9fb ffff 

  0x0000021c558c0980: ;   {runtime_call handle_exception_from_callee Runtime1 stub}
  0x0000021c558c0980: ffe8 fa1f 

  0x0000021c558c0984: ;   {external_word}
  0x0000021c558c0984: 4607 48b9 | 1009 e83d | fa7f 0000 | 4883 e4f0 

  0x0000021c558c0994: ;   {runtime_call}
  0x0000021c558c0994: 48b8 708b | af3d fa7f | 0000 ffd0 

  0x0000021c558c09a0: ;   {section_word}
  0x0000021c558c09a0: f449 baa1 | 098c 551c | 0200 0041 

  0x0000021c558c09ac: ;   {runtime_call DeoptimizationBlob}
  0x0000021c558c09ac: 52e9 ee3f | 3a07 f4f4 | f4f4 f4f4 
[/MachCode]


Compiled method (c1)   23614 1006       3       java.security.SecureClassLoader::defineClass (16 bytes)
 total in heap  [0x0000021c55889b90,0x0000021c55889f90] = 1024
 relocation     [0x0000021c55889cf0,0x0000021c55889d40] = 80
 main code      [0x0000021c55889d40,0x0000021c55889e98] = 344
 stub code      [0x0000021c55889e98,0x0000021c55889ee8] = 80
 metadata       [0x0000021c55889ee8,0x0000021c55889ef0] = 8
 scopes data    [0x0000021c55889ef0,0x0000021c55889f38] = 72
 scopes pcs     [0x0000021c55889f38,0x0000021c55889f88] = 80
 dependencies   [0x0000021c55889f88,0x0000021c55889f90] = 8

[Constant Pool (empty)]

[MachCode]
[Entry Point]
  # {method} {0x0000021c6904d4c0} 'defineClass' '(Ljava/lang/String;[BIILjava/security/CodeSource;)Ljava/lang/Class;' in 'java/security/SecureClassLoader'
  # this:     rdx:rdx   = 'java/security/SecureClassLoader'
  # parm0:    r8:r8     = 'java/lang/String'
  # parm1:    r9:r9     = '[B'
  # parm2:    rdi       = int
  # parm3:    rsi       = int
  # parm4:    rcx:rcx   = 'java/security/CodeSource'
  #           [sp+0x80]  (sp of caller)
  0x0000021c55889d40: 448b 5208 | 49bb 0000 | 0069 1c02 | 0000 4d03 | d34c 3bd0 

  0x0000021c55889d54: ;   {runtime_call ic_miss_stub}
  0x0000021c55889d54: 0f85 264a | 3d07 660f | 1f44 0000 
[Verified Entry Point]
  0x0000021c55889d60: 8984 2400 | 80ff ff55 | 4883 ec70 | 4181 7f20 | 0100 0000 

  0x0000021c55889d74: ;   {runtime_call StubRoutines (final stubs)}
  0x0000021c55889d74: 7405 e8e5 

  0x0000021c55889d78: ;   {metadata(method data for {method} {0x0000021c6904d4c0} 'defineClass' '(Ljava/lang/String;[BIILjava/security/CodeSource;)Ljava/lang/Class;' in 'java/security/SecureClassLoader')}
  0x0000021c55889d78: af3b 0748 | bb08 da16 | 001c 0200 | 008b 83cc | 0000 0083 | c002 8983 | cc00 0000 | 25fe 0700 
  0x0000021c55889d98: 0085 c00f | 8496 0000 | 0089 7424 | 5c89 7c24 | 584c 894c | 2450 4c89 | 4424 4848 

  0x0000021c55889db4: ;   {metadata(method data for {method} {0x0000021c6904d4c0} 'defineClass' '(Ljava/lang/String;[BIILjava/security/CodeSource;)Ljava/lang/Class;' in 'java/security/SecureClassLoader')}
  0x0000021c55889db4: 8bda 48b8 | 08da 1600 | 1c02 0000 | 4883 8010 | 0100 0001 | 4c8b c148 | 8bc2 488b | d048 8944 
  0x0000021c55889dd4: ;   {optimized virtual_call}
  0x0000021c55889dd4: 2440 90e8 

  0x0000021c55889dd8: ; ImmutableOopMap {[64]=Oop [72]=Oop [80]=Oop }
                      ;*invokevirtual getProtectionDomain {reexecute=0 rethrow=0 return_oop=0}
                      ; - java.security.SecureClassLoader::defineClass@9 (line 150)
  0x0000021c55889dd8: 445c 0300 

  0x0000021c55889ddc: ;   {other}
  0x0000021c55889ddc: 0f1f 8400 | 4c02 0000 | 488b 5424 

  0x0000021c55889de8: ;   {metadata(method data for {method} {0x0000021c6904d4c0} 'defineClass' '(Ljava/lang/String;[BIILjava/security/CodeSource;)Ljava/lang/Class;' in 'java/security/SecureClassLoader')}
  0x0000021c55889de8: 4049 b808 | da16 001c | 0200 0049 | 8380 4801 | 0000 014c | 8b44 2448 | 4c8b 4c24 | 508b 7c24 
  0x0000021c55889e08: 588b 7424 | 5c48 8bc8 | 488b 5424 

  0x0000021c55889e14: ;   {optimized virtual_call}
  0x0000021c55889e14: 4066 90e8 

  0x0000021c55889e18: ; ImmutableOopMap {}
                      ;*invokevirtual defineClass {reexecute=0 rethrow=0 return_oop=0}
                      ; - java.security.SecureClassLoader::defineClass@12 (line 150)
  0x0000021c55889e18: a466 0300 

  0x0000021c55889e1c: ;   {other}
  0x0000021c55889e1c: 0f1f 8400 | 8c02 0001 | 4883 c470 

  0x0000021c55889e28: ;   {poll_return}
  0x0000021c55889e28: 5d49 3ba7 | 5004 0000 | 0f87 2200 

  0x0000021c55889e34: ;   {metadata({method} {0x0000021c6904d4c0} 'defineClass' '(Ljava/lang/String;[BIILjava/security/CodeSource;)Ljava/lang/Class;' in 'java/security/SecureClassLoader')}
  0x0000021c55889e34: 0000 c349 | bab8 d404 | 691c 0200 | 004c 8954 | 2408 48c7 | 0424 ffff 

  0x0000021c55889e4c: ;   {runtime_call counter_overflow Runtime1 stub}
  0x0000021c55889e4c: ffff e82d 

  0x0000021c55889e50: ; ImmutableOopMap {rdx=Oop r8=Oop r9=Oop rcx=Oop }
                      ;*synchronization entry
                      ; - java.security.SecureClassLoader::defineClass@-1 (line 150)
  0x0000021c55889e50: be49 07e9 | 49ff ffff 

  0x0000021c55889e58: ;   {internal_word}
  0x0000021c55889e58: 49ba 299e | 8855 1c02 | 0000 4d89 | 9768 0400 

  0x0000021c55889e68: ;   {runtime_call SafepointBlob}
  0x0000021c55889e68: 00e9 92b8 | 3d07 498b | 8700 0500 | 0049 c787 | 0005 0000 | 0000 0000 | 49c7 8708 | 0500 0000 
  0x0000021c55889e88: 0000 0048 | 83c4 705d 

  0x0000021c55889e90: ;   {runtime_call unwind_exception Runtime1 stub}
  0x0000021c55889e90: e9eb 5d49 | 07f4 f4f4 
[Stub Code]
  0x0000021c55889e98: ;   {no_reloc}
  0x0000021c55889e98: 48bb 08d4 | 0469 1c02 

  0x0000021c55889ea0: ;   {runtime_call I2C/C2I adapters}
  0x0000021c55889ea0: 0000 e940 

  0x0000021c55889ea4: ;   {static_stub}
  0x0000021c55889ea4: a33d 0748 | bba8 a843 | 691c 0200 

  0x0000021c55889eb0: ;   {runtime_call I2C/C2I adapters}
  0x0000021c55889eb0: 00e9 bf72 

  0x0000021c55889eb4: ;   {runtime_call handle_exception_from_callee Runtime1 stub}
  0x0000021c55889eb4: 3c07 e8c5 

  0x0000021c55889eb8: ;   {external_word}
  0x0000021c55889eb8: 8a49 0748 | b910 09e8 | 3dfa 7f00 | 0048 83e4 

  0x0000021c55889ec8: ;   {runtime_call}
  0x0000021c55889ec8: f048 b870 | 8baf 3dfa | 7f00 00ff 

  0x0000021c55889ed4: ;   {section_word}
  0x0000021c55889ed4: d0f4 49ba | d69e 8855 | 1c02 0000 

  0x0000021c55889ee0: ;   {runtime_call DeoptimizationBlob}
  0x0000021c55889ee0: 4152 e9b9 | aa3d 07f4 
[/MachCode]


---------------  P R O C E S S  ---------------

Threads class SMR info:
_java_thread_list=0x0000021c7e5d1630, length=21, elements={
0x0000021c4aeeba90, 0x0000021c683f6f10, 0x0000021c683f9980, 0x0000021c683fbf60,
0x0000021c683fe570, 0x0000021c683ffef0, 0x0000021c68400950, 0x0000021c684084e0,
0x0000021c6840ca50, 0x0000021c6859d330, 0x0000021c6863c260, 0x0000021c7e345fb0,
0x0000021c688f4a00, 0x0000021c7e294810, 0x0000021c7e50a800, 0x0000021c7e277030,
0x0000021c7e505c20, 0x0000021c7e5c3580, 0x0000021c7e5c4fc0, 0x0000021c7e5c1b40,
0x0000021c7e5c2ef0
}

Java Threads: ( => current thread )
  0x0000021c4aeeba90 JavaThread "main"                              [_thread_blocked, id=26184, stack(0x000000a247e00000,0x000000a247f00000) (1024K)]
  0x0000021c683f6f10 JavaThread "Reference Handler"          daemon [_thread_blocked, id=49204, stack(0x000000a248600000,0x000000a248700000) (1024K)]
  0x0000021c683f9980 JavaThread "Finalizer"                  daemon [_thread_blocked, id=18656, stack(0x000000a248700000,0x000000a248800000) (1024K)]
  0x0000021c683fbf60 JavaThread "Signal Dispatcher"          daemon [_thread_blocked, id=43172, stack(0x000000a248800000,0x000000a248900000) (1024K)]
  0x0000021c683fe570 JavaThread "Attach Listener"            daemon [_thread_blocked, id=47876, stack(0x000000a248900000,0x000000a248a00000) (1024K)]
  0x0000021c683ffef0 JavaThread "Service Thread"             daemon [_thread_blocked, id=40224, stack(0x000000a248a00000,0x000000a248b00000) (1024K)]
  0x0000021c68400950 JavaThread "Monitor Deflation Thread"   daemon [_thread_blocked, id=1348, stack(0x000000a248b00000,0x000000a248c00000) (1024K)]
  0x0000021c684084e0 JavaThread "C2 CompilerThread0"         daemon [_thread_blocked, id=27776, stack(0x000000a248c00000,0x000000a248d00000) (1024K)]
  0x0000021c6840ca50 JavaThread "C1 CompilerThread0"         daemon [_thread_blocked, id=57512, stack(0x000000a248d00000,0x000000a248e00000) (1024K)]
  0x0000021c6859d330 JavaThread "Common-Cleaner"             daemon [_thread_blocked, id=52364, stack(0x000000a248e00000,0x000000a248f00000) (1024K)]
  0x0000021c6863c260 JavaThread "Notification Thread"        daemon [_thread_blocked, id=12916, stack(0x000000a248f00000,0x000000a249000000) (1024K)]
  0x0000021c7e345fb0 JavaThread "Daemon health stats"               [_thread_blocked, id=23564, stack(0x000000a249500000,0x000000a249600000) (1024K)]
  0x0000021c688f4a00 JavaThread "Incoming local TCP Connector on port 62589"        [_thread_in_native, id=9640, stack(0x000000a249600000,0x000000a249700000) (1024K)]
  0x0000021c7e294810 JavaThread "Daemon periodic checks"            [_thread_blocked, id=15660, stack(0x000000a249700000,0x000000a249800000) (1024K)]
  0x0000021c7e50a800 JavaThread "Daemon"                            [_thread_blocked, id=29736, stack(0x000000a249800000,0x000000a249900000) (1024K)]
  0x0000021c7e277030 JavaThread "Handler for socket connection from /127.0.0.1:62589 to /127.0.0.1:61692"        [_thread_in_native, id=35800, stack(0x000000a249900000,0x000000a249a00000) (1024K)]
  0x0000021c7e505c20 JavaThread "Cancel handler"                    [_thread_blocked, id=42904, stack(0x000000a249a00000,0x000000a249b00000) (1024K)]
=>0x0000021c7e5c3580 JavaThread "Daemon worker"                     [_thread_in_vm, id=55532, stack(0x000000a249b00000,0x000000a249c00000) (1024K)]
  0x0000021c7e5c4fc0 JavaThread "Asynchronous log dispatcher for DefaultDaemonConnection: socket connection from /127.0.0.1:62589 to /127.0.0.1:61692"        [_thread_blocked, id=11180, stack(0x000000a249c00000,0x000000a249d00000) (1024K)]
  0x0000021c7e5c1b40 JavaThread "Stdin handler"                     [_thread_blocked, id=8056, stack(0x000000a249d00000,0x000000a249e00000) (1024K)]
  0x0000021c7e5c2ef0 JavaThread "Daemon client event forwarder"        [_thread_blocked, id=47156, stack(0x000000a249e00000,0x000000a249f00000) (1024K)]
Total: 21

Other Threads:
  0x0000021c682ca340 VMThread "VM Thread"                           [id=24292, stack(0x000000a248500000,0x000000a248600000) (1024K)] _threads_hazard_ptr=0x0000021c7e5d1630
  0x0000021c682b56c0 WatcherThread "VM Periodic Task Thread"        [id=21300, stack(0x000000a248400000,0x000000a248500000) (1024K)]
  0x0000021c4d263d40 WorkerThread "GC Thread#0"                     [id=50268, stack(0x000000a247f00000,0x000000a248000000) (1024K)]
  0x0000021c7e4d25f0 WorkerThread "GC Thread#1"                     [id=18784, stack(0x000000a249000000,0x000000a249100000) (1024K)]
  0x0000021c7e4d29a0 WorkerThread "GC Thread#2"                     [id=35268, stack(0x000000a249100000,0x000000a249200000) (1024K)]
  0x0000021c68a05770 WorkerThread "GC Thread#3"                     [id=33252, stack(0x000000a249200000,0x000000a249300000) (1024K)]
  0x0000021c68a05b20 WorkerThread "GC Thread#4"                     [id=52796, stack(0x000000a249300000,0x000000a249400000) (1024K)]
  0x0000021c7e4c90d0 WorkerThread "GC Thread#5"                     [id=50528, stack(0x000000a249400000,0x000000a249500000) (1024K)]
  0x0000021c4d269c50 ConcurrentGCThread "G1 Main Marker"            [id=13876, stack(0x000000a248000000,0x000000a248100000) (1024K)]
  0x0000021c4d26a670 WorkerThread "G1 Conc#0"                       [id=35424, stack(0x000000a248100000,0x000000a248200000) (1024K)]
  0x0000021c68187cd0 ConcurrentGCThread "G1 Refine#0"               [id=23560, stack(0x000000a248200000,0x000000a248300000) (1024K)]
  0x0000021c68188600 ConcurrentGCThread "G1 Service"                [id=7600, stack(0x000000a248300000,0x000000a248400000) (1024K)]
Total: 12

Threads with active compile tasks:
C2 CompilerThread0    23626 2833   !   4       java.lang.ClassLoader::loadClass (121 bytes)
Total: 1

VM state: synchronizing (normal execution)

VM Mutex/Monitor currently owned by a thread:  ([mutex/lock_event])
[0x00007ffa3e118f50] Metaspace_lock - owner thread: 0x0000021c7e5c3580
[0x00007ffa3e11af50] Threads_lock - owner thread: 0x0000021c682ca340

Heap address: 0x00000000e0000000, size: 512 MB, Compressed Oops mode: 32-bit

CDS archive(s) mapped at: [0x0000021c69000000-0x0000021c69c90000-0x0000021c69c90000), size 13172736, SharedBaseAddress: 0x0000021c69000000, ArchiveRelocationMode: 1.
Compressed class space mapped at: 0x0000021c6a000000-0x0000021c7e000000, reserved size: 335544320
Narrow klass base: 0x0000021c69000000, Narrow klass shift: 0, Narrow klass range: 0x100000000

GC Precious Log:
 CardTable entry size: 512
 Card Set container configuration: InlinePtr #cards 5 size 8 Array Of Cards #cards 12 size 40 Howl #buckets 4 coarsen threshold 1843 Howl Bitmap #cards 512 size 80 coarsen threshold 460 Card regions per heap region 1 cards per card region 2048
 CPUs: 12 total, 12 available
 Memory: 15690M
 Large Page Support: Disabled
 NUMA Support: Disabled
 Compressed Oops: Enabled (32-bit)
 Heap Region Size: 1M
 Heap Min Capacity: 256M
 Heap Initial Capacity: 256M
 Heap Max Capacity: 512M
 Pre-touch: Disabled
 Parallel Workers: 10
 Concurrent Workers: 3
 Concurrent Refinement Workers: 10
 Periodic GC: Disabled

Heap:
 garbage-first heap   total 262144K, used 84133K [0x00000000e0000000, 0x0000000100000000)
  region size 1024K, 73 young (74752K), 4 survivors (4096K)
 Metaspace       used 15278K, committed 15680K, reserved 393216K
  class space    used 2024K, committed 2240K, reserved 327680K

Heap Regions: E=young(eden), S=young(survivor), O=old, HS=humongous(starts), HC=humongous(continues), CS=collection set, F=free, TAMS=top-at-mark-start, PB=parsable bottom
|   0|0x00000000e0000000, 0x00000000e0100000, 0x00000000e0100000|100%|HS|  |TAMS 0x00000000e0000000| PB 0x00000000e0000000| Complete 
|   1|0x00000000e0100000, 0x00000000e0200000, 0x00000000e0200000|100%|HC|  |TAMS 0x00000000e0100000| PB 0x00000000e0100000| Complete 
|   2|0x00000000e0200000, 0x00000000e0300000, 0x00000000e0300000|100%|HC|  |TAMS 0x00000000e0200000| PB 0x00000000e0200000| Complete 
|   3|0x00000000e0300000, 0x00000000e0400000, 0x00000000e0400000|100%|HC|  |TAMS 0x00000000e0300000| PB 0x00000000e0300000| Complete 
|   4|0x00000000e0400000, 0x00000000e0500000, 0x00000000e0500000|100%| O|  |TAMS 0x00000000e0400000| PB 0x00000000e0400000| Untracked 
|   5|0x00000000e0500000, 0x00000000e0600000, 0x00000000e0600000|100%| O|  |TAMS 0x00000000e0500000| PB 0x00000000e0500000| Untracked 
|   6|0x00000000e0600000, 0x00000000e0700000, 0x00000000e0700000|100%| O|  |TAMS 0x00000000e0600000| PB 0x00000000e0600000| Untracked 
|   7|0x00000000e0700000, 0x00000000e0800000, 0x00000000e0800000|100%| O|  |TAMS 0x00000000e0700000| PB 0x00000000e0700000| Untracked 
|   8|0x00000000e0800000, 0x00000000e0900000, 0x00000000e0900000|100%| O|  |TAMS 0x00000000e0800000| PB 0x00000000e0800000| Untracked 
|   9|0x00000000e0900000, 0x00000000e0a00000, 0x00000000e0a00000|100%|HS|  |TAMS 0x00000000e0900000| PB 0x00000000e0900000| Complete 
|  10|0x00000000e0a00000, 0x00000000e0a00000, 0x00000000e0b00000|  0%| F|  |TAMS 0x00000000e0a00000| PB 0x00000000e0a00000| Untracked 
|  11|0x00000000e0b00000, 0x00000000e0c00000, 0x00000000e0c00000|100%| O|  |TAMS 0x00000000e0b00000| PB 0x00000000e0b00000| Untracked 
|  12|0x00000000e0c00000, 0x00000000e0d00000, 0x00000000e0d00000|100%| O|  |TAMS 0x00000000e0c00000| PB 0x00000000e0c00000| Untracked 
|  13|0x00000000e0d00000, 0x00000000e0d144c8, 0x00000000e0e00000|  7%| O|  |TAMS 0x00000000e0d00000| PB 0x00000000e0d00000| Untracked 
|  14|0x00000000e0e00000, 0x00000000e0e00000, 0x00000000e0f00000|  0%| F|  |TAMS 0x00000000e0e00000| PB 0x00000000e0e00000| Untracked 
|  15|0x00000000e0f00000, 0x00000000e0f00000, 0x00000000e1000000|  0%| F|  |TAMS 0x00000000e0f00000| PB 0x00000000e0f00000| Untracked 
|  16|0x00000000e1000000, 0x00000000e1000000, 0x00000000e1100000|  0%| F|  |TAMS 0x00000000e1000000| PB 0x00000000e1000000| Untracked 
|  17|0x00000000e1100000, 0x00000000e1100000, 0x00000000e1200000|  0%| F|  |TAMS 0x00000000e1100000| PB 0x00000000e1100000| Untracked 
|  18|0x00000000e1200000, 0x00000000e1200000, 0x00000000e1300000|  0%| F|  |TAMS 0x00000000e1200000| PB 0x00000000e1200000| Untracked 
|  19|0x00000000e1300000, 0x00000000e1300000, 0x00000000e1400000|  0%| F|  |TAMS 0x00000000e1300000| PB 0x00000000e1300000| Untracked 
|  20|0x00000000e1400000, 0x00000000e1400000, 0x00000000e1500000|  0%| F|  |TAMS 0x00000000e1400000| PB 0x00000000e1400000| Untracked 
|  21|0x00000000e1500000, 0x00000000e1500000, 0x00000000e1600000|  0%| F|  |TAMS 0x00000000e1500000| PB 0x00000000e1500000| Untracked 
|  22|0x00000000e1600000, 0x00000000e1600000, 0x00000000e1700000|  0%| F|  |TAMS 0x00000000e1600000| PB 0x00000000e1600000| Untracked 
|  23|0x00000000e1700000, 0x00000000e1700000, 0x00000000e1800000|  0%| F|  |TAMS 0x00000000e1700000| PB 0x00000000e1700000| Untracked 
|  24|0x00000000e1800000, 0x00000000e1800000, 0x00000000e1900000|  0%| F|  |TAMS 0x00000000e1800000| PB 0x00000000e1800000| Untracked 
|  25|0x00000000e1900000, 0x00000000e1900000, 0x00000000e1a00000|  0%| F|  |TAMS 0x00000000e1900000| PB 0x00000000e1900000| Untracked 
|  26|0x00000000e1a00000, 0x00000000e1a00000, 0x00000000e1b00000|  0%| F|  |TAMS 0x00000000e1a00000| PB 0x00000000e1a00000| Untracked 
|  27|0x00000000e1b00000, 0x00000000e1b00000, 0x00000000e1c00000|  0%| F|  |TAMS 0x00000000e1b00000| PB 0x00000000e1b00000| Untracked 
|  28|0x00000000e1c00000, 0x00000000e1c00000, 0x00000000e1d00000|  0%| F|  |TAMS 0x00000000e1c00000| PB 0x00000000e1c00000| Untracked 
|  29|0x00000000e1d00000, 0x00000000e1d00000, 0x00000000e1e00000|  0%| F|  |TAMS 0x00000000e1d00000| PB 0x00000000e1d00000| Untracked 
|  30|0x00000000e1e00000, 0x00000000e1e00000, 0x00000000e1f00000|  0%| F|  |TAMS 0x00000000e1e00000| PB 0x00000000e1e00000| Untracked 
|  31|0x00000000e1f00000, 0x00000000e1f00000, 0x00000000e2000000|  0%| F|  |TAMS 0x00000000e1f00000| PB 0x00000000e1f00000| Untracked 
|  32|0x00000000e2000000, 0x00000000e2000000, 0x00000000e2100000|  0%| F|  |TAMS 0x00000000e2000000| PB 0x00000000e2000000| Untracked 
|  33|0x00000000e2100000, 0x00000000e2100000, 0x00000000e2200000|  0%| F|  |TAMS 0x00000000e2100000| PB 0x00000000e2100000| Untracked 
|  34|0x00000000e2200000, 0x00000000e2200000, 0x00000000e2300000|  0%| F|  |TAMS 0x00000000e2200000| PB 0x00000000e2200000| Untracked 
|  35|0x00000000e2300000, 0x00000000e2300000, 0x00000000e2400000|  0%| F|  |TAMS 0x00000000e2300000| PB 0x00000000e2300000| Untracked 
|  36|0x00000000e2400000, 0x00000000e2400000, 0x00000000e2500000|  0%| F|  |TAMS 0x00000000e2400000| PB 0x00000000e2400000| Untracked 
|  37|0x00000000e2500000, 0x00000000e2500000, 0x00000000e2600000|  0%| F|  |TAMS 0x00000000e2500000| PB 0x00000000e2500000| Untracked 
|  38|0x00000000e2600000, 0x00000000e2600000, 0x00000000e2700000|  0%| F|  |TAMS 0x00000000e2600000| PB 0x00000000e2600000| Untracked 
|  39|0x00000000e2700000, 0x00000000e2700000, 0x00000000e2800000|  0%| F|  |TAMS 0x00000000e2700000| PB 0x00000000e2700000| Untracked 
|  40|0x00000000e2800000, 0x00000000e2800000, 0x00000000e2900000|  0%| F|  |TAMS 0x00000000e2800000| PB 0x00000000e2800000| Untracked 
|  41|0x00000000e2900000, 0x00000000e2900000, 0x00000000e2a00000|  0%| F|  |TAMS 0x00000000e2900000| PB 0x00000000e2900000| Untracked 
|  42|0x00000000e2a00000, 0x00000000e2a00000, 0x00000000e2b00000|  0%| F|  |TAMS 0x00000000e2a00000| PB 0x00000000e2a00000| Untracked 
|  43|0x00000000e2b00000, 0x00000000e2b00000, 0x00000000e2c00000|  0%| F|  |TAMS 0x00000000e2b00000| PB 0x00000000e2b00000| Untracked 
|  44|0x00000000e2c00000, 0x00000000e2c00000, 0x00000000e2d00000|  0%| F|  |TAMS 0x00000000e2c00000| PB 0x00000000e2c00000| Untracked 
|  45|0x00000000e2d00000, 0x00000000e2d00000, 0x00000000e2e00000|  0%| F|  |TAMS 0x00000000e2d00000| PB 0x00000000e2d00000| Untracked 
|  46|0x00000000e2e00000, 0x00000000e2e00000, 0x00000000e2f00000|  0%| F|  |TAMS 0x00000000e2e00000| PB 0x00000000e2e00000| Untracked 
|  47|0x00000000e2f00000, 0x00000000e2f00000, 0x00000000e3000000|  0%| F|  |TAMS 0x00000000e2f00000| PB 0x00000000e2f00000| Untracked 
|  48|0x00000000e3000000, 0x00000000e3000000, 0x00000000e3100000|  0%| F|  |TAMS 0x00000000e3000000| PB 0x00000000e3000000| Untracked 
|  49|0x00000000e3100000, 0x00000000e3100000, 0x00000000e3200000|  0%| F|  |TAMS 0x00000000e3100000| PB 0x00000000e3100000| Untracked 
|  50|0x00000000e3200000, 0x00000000e3200000, 0x00000000e3300000|  0%| F|  |TAMS 0x00000000e3200000| PB 0x00000000e3200000| Untracked 
|  51|0x00000000e3300000, 0x00000000e3300000, 0x00000000e3400000|  0%| F|  |TAMS 0x00000000e3300000| PB 0x00000000e3300000| Untracked 
|  52|0x00000000e3400000, 0x00000000e3400000, 0x00000000e3500000|  0%| F|  |TAMS 0x00000000e3400000| PB 0x00000000e3400000| Untracked 
|  53|0x00000000e3500000, 0x00000000e3500000, 0x00000000e3600000|  0%| F|  |TAMS 0x00000000e3500000| PB 0x00000000e3500000| Untracked 
|  54|0x00000000e3600000, 0x00000000e3600000, 0x00000000e3700000|  0%| F|  |TAMS 0x00000000e3600000| PB 0x00000000e3600000| Untracked 
|  55|0x00000000e3700000, 0x00000000e3700000, 0x00000000e3800000|  0%| F|  |TAMS 0x00000000e3700000| PB 0x00000000e3700000| Untracked 
|  56|0x00000000e3800000, 0x00000000e3800000, 0x00000000e3900000|  0%| F|  |TAMS 0x00000000e3800000| PB 0x00000000e3800000| Untracked 
|  57|0x00000000e3900000, 0x00000000e3900000, 0x00000000e3a00000|  0%| F|  |TAMS 0x00000000e3900000| PB 0x00000000e3900000| Untracked 
|  58|0x00000000e3a00000, 0x00000000e3a00000, 0x00000000e3b00000|  0%| F|  |TAMS 0x00000000e3a00000| PB 0x00000000e3a00000| Untracked 
|  59|0x00000000e3b00000, 0x00000000e3b00000, 0x00000000e3c00000|  0%| F|  |TAMS 0x00000000e3b00000| PB 0x00000000e3b00000| Untracked 
|  60|0x00000000e3c00000, 0x00000000e3c00000, 0x00000000e3d00000|  0%| F|  |TAMS 0x00000000e3c00000| PB 0x00000000e3c00000| Untracked 
|  61|0x00000000e3d00000, 0x00000000e3d00000, 0x00000000e3e00000|  0%| F|  |TAMS 0x00000000e3d00000| PB 0x00000000e3d00000| Untracked 
|  62|0x00000000e3e00000, 0x00000000e3e00000, 0x00000000e3f00000|  0%| F|  |TAMS 0x00000000e3e00000| PB 0x00000000e3e00000| Untracked 
|  63|0x00000000e3f00000, 0x00000000e3f00000, 0x00000000e4000000|  0%| F|  |TAMS 0x00000000e3f00000| PB 0x00000000e3f00000| Untracked 
|  64|0x00000000e4000000, 0x00000000e4000000, 0x00000000e4100000|  0%| F|  |TAMS 0x00000000e4000000| PB 0x00000000e4000000| Untracked 
|  65|0x00000000e4100000, 0x00000000e4100000, 0x00000000e4200000|  0%| F|  |TAMS 0x00000000e4100000| PB 0x00000000e4100000| Untracked 
|  66|0x00000000e4200000, 0x00000000e4200000, 0x00000000e4300000|  0%| F|  |TAMS 0x00000000e4200000| PB 0x00000000e4200000| Untracked 
|  67|0x00000000e4300000, 0x00000000e4300000, 0x00000000e4400000|  0%| F|  |TAMS 0x00000000e4300000| PB 0x00000000e4300000| Untracked 
|  68|0x00000000e4400000, 0x00000000e4400000, 0x00000000e4500000|  0%| F|  |TAMS 0x00000000e4400000| PB 0x00000000e4400000| Untracked 
|  69|0x00000000e4500000, 0x00000000e4500000, 0x00000000e4600000|  0%| F|  |TAMS 0x00000000e4500000| PB 0x00000000e4500000| Untracked 
|  70|0x00000000e4600000, 0x00000000e4600000, 0x00000000e4700000|  0%| F|  |TAMS 0x00000000e4600000| PB 0x00000000e4600000| Untracked 
|  71|0x00000000e4700000, 0x00000000e4700000, 0x00000000e4800000|  0%| F|  |TAMS 0x00000000e4700000| PB 0x00000000e4700000| Untracked 
|  72|0x00000000e4800000, 0x00000000e4800000, 0x00000000e4900000|  0%| F|  |TAMS 0x00000000e4800000| PB 0x00000000e4800000| Untracked 
|  73|0x00000000e4900000, 0x00000000e4900000, 0x00000000e4a00000|  0%| F|  |TAMS 0x00000000e4900000| PB 0x00000000e4900000| Untracked 
|  74|0x00000000e4a00000, 0x00000000e4a00000, 0x00000000e4b00000|  0%| F|  |TAMS 0x00000000e4a00000| PB 0x00000000e4a00000| Untracked 
|  75|0x00000000e4b00000, 0x00000000e4b00000, 0x00000000e4c00000|  0%| F|  |TAMS 0x00000000e4b00000| PB 0x00000000e4b00000| Untracked 
|  76|0x00000000e4c00000, 0x00000000e4c00000, 0x00000000e4d00000|  0%| F|  |TAMS 0x00000000e4c00000| PB 0x00000000e4c00000| Untracked 
|  77|0x00000000e4d00000, 0x00000000e4d00000, 0x00000000e4e00000|  0%| F|  |TAMS 0x00000000e4d00000| PB 0x00000000e4d00000| Untracked 
|  78|0x00000000e4e00000, 0x00000000e4e00000, 0x00000000e4f00000|  0%| F|  |TAMS 0x00000000e4e00000| PB 0x00000000e4e00000| Untracked 
|  79|0x00000000e4f00000, 0x00000000e4f00000, 0x00000000e5000000|  0%| F|  |TAMS 0x00000000e4f00000| PB 0x00000000e4f00000| Untracked 
|  80|0x00000000e5000000, 0x00000000e5000000, 0x00000000e5100000|  0%| F|  |TAMS 0x00000000e5000000| PB 0x00000000e5000000| Untracked 
|  81|0x00000000e5100000, 0x00000000e5100000, 0x00000000e5200000|  0%| F|  |TAMS 0x00000000e5100000| PB 0x00000000e5100000| Untracked 
|  82|0x00000000e5200000, 0x00000000e5200000, 0x00000000e5300000|  0%| F|  |TAMS 0x00000000e5200000| PB 0x00000000e5200000| Untracked 
|  83|0x00000000e5300000, 0x00000000e5300000, 0x00000000e5400000|  0%| F|  |TAMS 0x00000000e5300000| PB 0x00000000e5300000| Untracked 
|  84|0x00000000e5400000, 0x00000000e5400000, 0x00000000e5500000|  0%| F|  |TAMS 0x00000000e5400000| PB 0x00000000e5400000| Untracked 
|  85|0x00000000e5500000, 0x00000000e5500000, 0x00000000e5600000|  0%| F|  |TAMS 0x00000000e5500000| PB 0x00000000e5500000| Untracked 
|  86|0x00000000e5600000, 0x00000000e5600000, 0x00000000e5700000|  0%| F|  |TAMS 0x00000000e5600000| PB 0x00000000e5600000| Untracked 
|  87|0x00000000e5700000, 0x00000000e5700000, 0x00000000e5800000|  0%| F|  |TAMS 0x00000000e5700000| PB 0x00000000e5700000| Untracked 
|  88|0x00000000e5800000, 0x00000000e5800000, 0x00000000e5900000|  0%| F|  |TAMS 0x00000000e5800000| PB 0x00000000e5800000| Untracked 
|  89|0x00000000e5900000, 0x00000000e5900000, 0x00000000e5a00000|  0%| F|  |TAMS 0x00000000e5900000| PB 0x00000000e5900000| Untracked 
|  90|0x00000000e5a00000, 0x00000000e5a00000, 0x00000000e5b00000|  0%| F|  |TAMS 0x00000000e5a00000| PB 0x00000000e5a00000| Untracked 
|  91|0x00000000e5b00000, 0x00000000e5b00000, 0x00000000e5c00000|  0%| F|  |TAMS 0x00000000e5b00000| PB 0x00000000e5b00000| Untracked 
|  92|0x00000000e5c00000, 0x00000000e5c00000, 0x00000000e5d00000|  0%| F|  |TAMS 0x00000000e5c00000| PB 0x00000000e5c00000| Untracked 
|  93|0x00000000e5d00000, 0x00000000e5d00000, 0x00000000e5e00000|  0%| F|  |TAMS 0x00000000e5d00000| PB 0x00000000e5d00000| Untracked 
|  94|0x00000000e5e00000, 0x00000000e5e00000, 0x00000000e5f00000|  0%| F|  |TAMS 0x00000000e5e00000| PB 0x00000000e5e00000| Untracked 
|  95|0x00000000e5f00000, 0x00000000e5f00000, 0x00000000e6000000|  0%| F|  |TAMS 0x00000000e5f00000| PB 0x00000000e5f00000| Untracked 
|  96|0x00000000e6000000, 0x00000000e6000000, 0x00000000e6100000|  0%| F|  |TAMS 0x00000000e6000000| PB 0x00000000e6000000| Untracked 
|  97|0x00000000e6100000, 0x00000000e6100000, 0x00000000e6200000|  0%| F|  |TAMS 0x00000000e6100000| PB 0x00000000e6100000| Untracked 
|  98|0x00000000e6200000, 0x00000000e6200000, 0x00000000e6300000|  0%| F|  |TAMS 0x00000000e6200000| PB 0x00000000e6200000| Untracked 
|  99|0x00000000e6300000, 0x00000000e6300000, 0x00000000e6400000|  0%| F|  |TAMS 0x00000000e6300000| PB 0x00000000e6300000| Untracked 
| 100|0x00000000e6400000, 0x00000000e6400000, 0x00000000e6500000|  0%| F|  |TAMS 0x00000000e6400000| PB 0x00000000e6400000| Untracked 
| 101|0x00000000e6500000, 0x00000000e6500000, 0x00000000e6600000|  0%| F|  |TAMS 0x00000000e6500000| PB 0x00000000e6500000| Untracked 
| 102|0x00000000e6600000, 0x00000000e6600000, 0x00000000e6700000|  0%| F|  |TAMS 0x00000000e6600000| PB 0x00000000e6600000| Untracked 
| 103|0x00000000e6700000, 0x00000000e6700000, 0x00000000e6800000|  0%| F|  |TAMS 0x00000000e6700000| PB 0x00000000e6700000| Untracked 
| 104|0x00000000e6800000, 0x00000000e6800000, 0x00000000e6900000|  0%| F|  |TAMS 0x00000000e6800000| PB 0x00000000e6800000| Untracked 
| 105|0x00000000e6900000, 0x00000000e6900000, 0x00000000e6a00000|  0%| F|  |TAMS 0x00000000e6900000| PB 0x00000000e6900000| Untracked 
| 106|0x00000000e6a00000, 0x00000000e6a00000, 0x00000000e6b00000|  0%| F|  |TAMS 0x00000000e6a00000| PB 0x00000000e6a00000| Untracked 
| 107|0x00000000e6b00000, 0x00000000e6b00000, 0x00000000e6c00000|  0%| F|  |TAMS 0x00000000e6b00000| PB 0x00000000e6b00000| Untracked 
| 108|0x00000000e6c00000, 0x00000000e6c00000, 0x00000000e6d00000|  0%| F|  |TAMS 0x00000000e6c00000| PB 0x00000000e6c00000| Untracked 
| 109|0x00000000e6d00000, 0x00000000e6d00000, 0x00000000e6e00000|  0%| F|  |TAMS 0x00000000e6d00000| PB 0x00000000e6d00000| Untracked 
| 110|0x00000000e6e00000, 0x00000000e6e00000, 0x00000000e6f00000|  0%| F|  |TAMS 0x00000000e6e00000| PB 0x00000000e6e00000| Untracked 
| 111|0x00000000e6f00000, 0x00000000e6f00000, 0x00000000e7000000|  0%| F|  |TAMS 0x00000000e6f00000| PB 0x00000000e6f00000| Untracked 
| 112|0x00000000e7000000, 0x00000000e7000000, 0x00000000e7100000|  0%| F|  |TAMS 0x00000000e7000000| PB 0x00000000e7000000| Untracked 
| 113|0x00000000e7100000, 0x00000000e7100000, 0x00000000e7200000|  0%| F|  |TAMS 0x00000000e7100000| PB 0x00000000e7100000| Untracked 
| 114|0x00000000e7200000, 0x00000000e7200000, 0x00000000e7300000|  0%| F|  |TAMS 0x00000000e7200000| PB 0x00000000e7200000| Untracked 
| 115|0x00000000e7300000, 0x00000000e7300000, 0x00000000e7400000|  0%| F|  |TAMS 0x00000000e7300000| PB 0x00000000e7300000| Untracked 
| 116|0x00000000e7400000, 0x00000000e7400000, 0x00000000e7500000|  0%| F|  |TAMS 0x00000000e7400000| PB 0x00000000e7400000| Untracked 
| 117|0x00000000e7500000, 0x00000000e7500000, 0x00000000e7600000|  0%| F|  |TAMS 0x00000000e7500000| PB 0x00000000e7500000| Untracked 
| 118|0x00000000e7600000, 0x00000000e7600000, 0x00000000e7700000|  0%| F|  |TAMS 0x00000000e7600000| PB 0x00000000e7600000| Untracked 
| 119|0x00000000e7700000, 0x00000000e7700000, 0x00000000e7800000|  0%| F|  |TAMS 0x00000000e7700000| PB 0x00000000e7700000| Untracked 
| 120|0x00000000e7800000, 0x00000000e7800000, 0x00000000e7900000|  0%| F|  |TAMS 0x00000000e7800000| PB 0x00000000e7800000| Untracked 
| 121|0x00000000e7900000, 0x00000000e7900000, 0x00000000e7a00000|  0%| F|  |TAMS 0x00000000e7900000| PB 0x00000000e7900000| Untracked 
| 122|0x00000000e7a00000, 0x00000000e7a00000, 0x00000000e7b00000|  0%| F|  |TAMS 0x00000000e7a00000| PB 0x00000000e7a00000| Untracked 
| 123|0x00000000e7b00000, 0x00000000e7b00000, 0x00000000e7c00000|  0%| F|  |TAMS 0x00000000e7b00000| PB 0x00000000e7b00000| Untracked 
| 124|0x00000000e7c00000, 0x00000000e7c00000, 0x00000000e7d00000|  0%| F|  |TAMS 0x00000000e7c00000| PB 0x00000000e7c00000| Untracked 
| 125|0x00000000e7d00000, 0x00000000e7d00000, 0x00000000e7e00000|  0%| F|  |TAMS 0x00000000e7d00000| PB 0x00000000e7d00000| Untracked 
| 126|0x00000000e7e00000, 0x00000000e7e00000, 0x00000000e7f00000|  0%| F|  |TAMS 0x00000000e7e00000| PB 0x00000000e7e00000| Untracked 
| 127|0x00000000e7f00000, 0x00000000e7f00000, 0x00000000e8000000|  0%| F|  |TAMS 0x00000000e7f00000| PB 0x00000000e7f00000| Untracked 
| 128|0x00000000e8000000, 0x00000000e8000000, 0x00000000e8100000|  0%| F|  |TAMS 0x00000000e8000000| PB 0x00000000e8000000| Untracked 
| 129|0x00000000e8100000, 0x00000000e8100000, 0x00000000e8200000|  0%| F|  |TAMS 0x00000000e8100000| PB 0x00000000e8100000| Untracked 
| 130|0x00000000e8200000, 0x00000000e8200000, 0x00000000e8300000|  0%| F|  |TAMS 0x00000000e8200000| PB 0x00000000e8200000| Untracked 
| 131|0x00000000e8300000, 0x00000000e8300000, 0x00000000e8400000|  0%| F|  |TAMS 0x00000000e8300000| PB 0x00000000e8300000| Untracked 
| 132|0x00000000e8400000, 0x00000000e8400000, 0x00000000e8500000|  0%| F|  |TAMS 0x00000000e8400000| PB 0x00000000e8400000| Untracked 
| 133|0x00000000e8500000, 0x00000000e8500000, 0x00000000e8600000|  0%| F|  |TAMS 0x00000000e8500000| PB 0x00000000e8500000| Untracked 
| 134|0x00000000e8600000, 0x00000000e8600000, 0x00000000e8700000|  0%| F|  |TAMS 0x00000000e8600000| PB 0x00000000e8600000| Untracked 
| 135|0x00000000e8700000, 0x00000000e8700000, 0x00000000e8800000|  0%| F|  |TAMS 0x00000000e8700000| PB 0x00000000e8700000| Untracked 
| 136|0x00000000e8800000, 0x00000000e8800000, 0x00000000e8900000|  0%| F|  |TAMS 0x00000000e8800000| PB 0x00000000e8800000| Untracked 
| 137|0x00000000e8900000, 0x00000000e8900000, 0x00000000e8a00000|  0%| F|  |TAMS 0x00000000e8900000| PB 0x00000000e8900000| Untracked 
| 138|0x00000000e8a00000, 0x00000000e8a00000, 0x00000000e8b00000|  0%| F|  |TAMS 0x00000000e8a00000| PB 0x00000000e8a00000| Untracked 
| 139|0x00000000e8b00000, 0x00000000e8b00000, 0x00000000e8c00000|  0%| F|  |TAMS 0x00000000e8b00000| PB 0x00000000e8b00000| Untracked 
| 140|0x00000000e8c00000, 0x00000000e8c00000, 0x00000000e8d00000|  0%| F|  |TAMS 0x00000000e8c00000| PB 0x00000000e8c00000| Untracked 
| 141|0x00000000e8d00000, 0x00000000e8d00000, 0x00000000e8e00000|  0%| F|  |TAMS 0x00000000e8d00000| PB 0x00000000e8d00000| Untracked 
| 142|0x00000000e8e00000, 0x00000000e8e00000, 0x00000000e8f00000|  0%| F|  |TAMS 0x00000000e8e00000| PB 0x00000000e8e00000| Untracked 
| 143|0x00000000e8f00000, 0x00000000e8f00000, 0x00000000e9000000|  0%| F|  |TAMS 0x00000000e8f00000| PB 0x00000000e8f00000| Untracked 
| 144|0x00000000e9000000, 0x00000000e9000000, 0x00000000e9100000|  0%| F|  |TAMS 0x00000000e9000000| PB 0x00000000e9000000| Untracked 
| 145|0x00000000e9100000, 0x00000000e9100000, 0x00000000e9200000|  0%| F|  |TAMS 0x00000000e9100000| PB 0x00000000e9100000| Untracked 
| 146|0x00000000e9200000, 0x00000000e9200000, 0x00000000e9300000|  0%| F|  |TAMS 0x00000000e9200000| PB 0x00000000e9200000| Untracked 
| 147|0x00000000e9300000, 0x00000000e9300000, 0x00000000e9400000|  0%| F|  |TAMS 0x00000000e9300000| PB 0x00000000e9300000| Untracked 
| 148|0x00000000e9400000, 0x00000000e9400000, 0x00000000e9500000|  0%| F|  |TAMS 0x00000000e9400000| PB 0x00000000e9400000| Untracked 
| 149|0x00000000e9500000, 0x00000000e9500000, 0x00000000e9600000|  0%| F|  |TAMS 0x00000000e9500000| PB 0x00000000e9500000| Untracked 
| 150|0x00000000e9600000, 0x00000000e9600000, 0x00000000e9700000|  0%| F|  |TAMS 0x00000000e9600000| PB 0x00000000e9600000| Untracked 
| 151|0x00000000e9700000, 0x00000000e9700000, 0x00000000e9800000|  0%| F|  |TAMS 0x00000000e9700000| PB 0x00000000e9700000| Untracked 
| 152|0x00000000e9800000, 0x00000000e9800000, 0x00000000e9900000|  0%| F|  |TAMS 0x00000000e9800000| PB 0x00000000e9800000| Untracked 
| 153|0x00000000e9900000, 0x00000000e9900000, 0x00000000e9a00000|  0%| F|  |TAMS 0x00000000e9900000| PB 0x00000000e9900000| Untracked 
| 154|0x00000000e9a00000, 0x00000000e9a00000, 0x00000000e9b00000|  0%| F|  |TAMS 0x00000000e9a00000| PB 0x00000000e9a00000| Untracked 
| 155|0x00000000e9b00000, 0x00000000e9b00000, 0x00000000e9c00000|  0%| F|  |TAMS 0x00000000e9b00000| PB 0x00000000e9b00000| Untracked 
| 156|0x00000000e9c00000, 0x00000000e9c00000, 0x00000000e9d00000|  0%| F|  |TAMS 0x00000000e9c00000| PB 0x00000000e9c00000| Untracked 
| 157|0x00000000e9d00000, 0x00000000e9d00000, 0x00000000e9e00000|  0%| F|  |TAMS 0x00000000e9d00000| PB 0x00000000e9d00000| Untracked 
| 158|0x00000000e9e00000, 0x00000000e9e00000, 0x00000000e9f00000|  0%| F|  |TAMS 0x00000000e9e00000| PB 0x00000000e9e00000| Untracked 
| 159|0x00000000e9f00000, 0x00000000e9f00000, 0x00000000ea000000|  0%| F|  |TAMS 0x00000000e9f00000| PB 0x00000000e9f00000| Untracked 
| 160|0x00000000ea000000, 0x00000000ea000000, 0x00000000ea100000|  0%| F|  |TAMS 0x00000000ea000000| PB 0x00000000ea000000| Untracked 
| 161|0x00000000ea100000, 0x00000000ea100000, 0x00000000ea200000|  0%| F|  |TAMS 0x00000000ea100000| PB 0x00000000ea100000| Untracked 
| 162|0x00000000ea200000, 0x00000000ea200000, 0x00000000ea300000|  0%| F|  |TAMS 0x00000000ea200000| PB 0x00000000ea200000| Untracked 
| 163|0x00000000ea300000, 0x00000000ea300000, 0x00000000ea400000|  0%| F|  |TAMS 0x00000000ea300000| PB 0x00000000ea300000| Untracked 
| 164|0x00000000ea400000, 0x00000000ea400000, 0x00000000ea500000|  0%| F|  |TAMS 0x00000000ea400000| PB 0x00000000ea400000| Untracked 
| 165|0x00000000ea500000, 0x00000000ea500000, 0x00000000ea600000|  0%| F|  |TAMS 0x00000000ea500000| PB 0x00000000ea500000| Untracked 
| 166|0x00000000ea600000, 0x00000000ea600000, 0x00000000ea700000|  0%| F|  |TAMS 0x00000000ea600000| PB 0x00000000ea600000| Untracked 
| 167|0x00000000ea700000, 0x00000000ea700000, 0x00000000ea800000|  0%| F|  |TAMS 0x00000000ea700000| PB 0x00000000ea700000| Untracked 
| 168|0x00000000ea800000, 0x00000000ea800000, 0x00000000ea900000|  0%| F|  |TAMS 0x00000000ea800000| PB 0x00000000ea800000| Untracked 
| 169|0x00000000ea900000, 0x00000000ea900000, 0x00000000eaa00000|  0%| F|  |TAMS 0x00000000ea900000| PB 0x00000000ea900000| Untracked 
| 170|0x00000000eaa00000, 0x00000000eaa00000, 0x00000000eab00000|  0%| F|  |TAMS 0x00000000eaa00000| PB 0x00000000eaa00000| Untracked 
| 171|0x00000000eab00000, 0x00000000eab00000, 0x00000000eac00000|  0%| F|  |TAMS 0x00000000eab00000| PB 0x00000000eab00000| Untracked 
| 172|0x00000000eac00000, 0x00000000eac00000, 0x00000000ead00000|  0%| F|  |TAMS 0x00000000eac00000| PB 0x00000000eac00000| Untracked 
| 173|0x00000000ead00000, 0x00000000ead00000, 0x00000000eae00000|  0%| F|  |TAMS 0x00000000ead00000| PB 0x00000000ead00000| Untracked 
| 174|0x00000000eae00000, 0x00000000eae00000, 0x00000000eaf00000|  0%| F|  |TAMS 0x00000000eae00000| PB 0x00000000eae00000| Untracked 
| 175|0x00000000eaf00000, 0x00000000eaf00000, 0x00000000eb000000|  0%| F|  |TAMS 0x00000000eaf00000| PB 0x00000000eaf00000| Untracked 
| 176|0x00000000eb000000, 0x00000000eb000000, 0x00000000eb100000|  0%| F|  |TAMS 0x00000000eb000000| PB 0x00000000eb000000| Untracked 
| 177|0x00000000eb100000, 0x00000000eb100000, 0x00000000eb200000|  0%| F|  |TAMS 0x00000000eb100000| PB 0x00000000eb100000| Untracked 
| 178|0x00000000eb200000, 0x00000000eb200000, 0x00000000eb300000|  0%| F|  |TAMS 0x00000000eb200000| PB 0x00000000eb200000| Untracked 
| 179|0x00000000eb300000, 0x00000000eb300000, 0x00000000eb400000|  0%| F|  |TAMS 0x00000000eb300000| PB 0x00000000eb300000| Untracked 
| 180|0x00000000eb400000, 0x00000000eb400000, 0x00000000eb500000|  0%| F|  |TAMS 0x00000000eb400000| PB 0x00000000eb400000| Untracked 
| 181|0x00000000eb500000, 0x00000000eb500000, 0x00000000eb600000|  0%| F|  |TAMS 0x00000000eb500000| PB 0x00000000eb500000| Untracked 
| 182|0x00000000eb600000, 0x00000000eb600000, 0x00000000eb700000|  0%| F|  |TAMS 0x00000000eb600000| PB 0x00000000eb600000| Untracked 
| 183|0x00000000eb700000, 0x00000000eb780000, 0x00000000eb800000| 50%| E|  |TAMS 0x00000000eb700000| PB 0x00000000eb700000| Complete 
| 184|0x00000000eb800000, 0x00000000eb900000, 0x00000000eb900000|100%| E|CS|TAMS 0x00000000eb800000| PB 0x00000000eb800000| Complete 
| 185|0x00000000eb900000, 0x00000000eba00000, 0x00000000eba00000|100%| E|CS|TAMS 0x00000000eb900000| PB 0x00000000eb900000| Complete 
| 186|0x00000000eba00000, 0x00000000ebb00000, 0x00000000ebb00000|100%| E|CS|TAMS 0x00000000eba00000| PB 0x00000000eba00000| Complete 
| 187|0x00000000ebb00000, 0x00000000ebc00000, 0x00000000ebc00000|100%| E|CS|TAMS 0x00000000ebb00000| PB 0x00000000ebb00000| Complete 
| 188|0x00000000ebc00000, 0x00000000ebd00000, 0x00000000ebd00000|100%| E|CS|TAMS 0x00000000ebc00000| PB 0x00000000ebc00000| Complete 
| 189|0x00000000ebd00000, 0x00000000ebe00000, 0x00000000ebe00000|100%| E|CS|TAMS 0x00000000ebd00000| PB 0x00000000ebd00000| Complete 
| 190|0x00000000ebe00000, 0x00000000ebf00000, 0x00000000ebf00000|100%| E|CS|TAMS 0x00000000ebe00000| PB 0x00000000ebe00000| Complete 
| 191|0x00000000ebf00000, 0x00000000ec000000, 0x00000000ec000000|100%| E|CS|TAMS 0x00000000ebf00000| PB 0x00000000ebf00000| Complete 
| 192|0x00000000ec000000, 0x00000000ec100000, 0x00000000ec100000|100%| E|CS|TAMS 0x00000000ec000000| PB 0x00000000ec000000| Complete 
| 193|0x00000000ec100000, 0x00000000ec200000, 0x00000000ec200000|100%| E|CS|TAMS 0x00000000ec100000| PB 0x00000000ec100000| Complete 
| 194|0x00000000ec200000, 0x00000000ec300000, 0x00000000ec300000|100%| E|CS|TAMS 0x00000000ec200000| PB 0x00000000ec200000| Complete 
| 195|0x00000000ec300000, 0x00000000ec400000, 0x00000000ec400000|100%| E|CS|TAMS 0x00000000ec300000| PB 0x00000000ec300000| Complete 
| 196|0x00000000ec400000, 0x00000000ec500000, 0x00000000ec500000|100%| E|CS|TAMS 0x00000000ec400000| PB 0x00000000ec400000| Complete 
| 197|0x00000000ec500000, 0x00000000ec600000, 0x00000000ec600000|100%| E|CS|TAMS 0x00000000ec500000| PB 0x00000000ec500000| Complete 
| 198|0x00000000ec600000, 0x00000000ec700000, 0x00000000ec700000|100%| E|CS|TAMS 0x00000000ec600000| PB 0x00000000ec600000| Complete 
| 199|0x00000000ec700000, 0x00000000ec800000, 0x00000000ec800000|100%| E|CS|TAMS 0x00000000ec700000| PB 0x00000000ec700000| Complete 
| 200|0x00000000ec800000, 0x00000000ec900000, 0x00000000ec900000|100%| E|CS|TAMS 0x00000000ec800000| PB 0x00000000ec800000| Complete 
| 201|0x00000000ec900000, 0x00000000eca00000, 0x00000000eca00000|100%| E|CS|TAMS 0x00000000ec900000| PB 0x00000000ec900000| Complete 
| 202|0x00000000eca00000, 0x00000000ecb00000, 0x00000000ecb00000|100%| E|CS|TAMS 0x00000000eca00000| PB 0x00000000eca00000| Complete 
| 203|0x00000000ecb00000, 0x00000000ecc00000, 0x00000000ecc00000|100%| E|CS|TAMS 0x00000000ecb00000| PB 0x00000000ecb00000| Complete 
| 204|0x00000000ecc00000, 0x00000000ecd00000, 0x00000000ecd00000|100%| E|CS|TAMS 0x00000000ecc00000| PB 0x00000000ecc00000| Complete 
| 205|0x00000000ecd00000, 0x00000000ece00000, 0x00000000ece00000|100%| E|CS|TAMS 0x00000000ecd00000| PB 0x00000000ecd00000| Complete 
| 206|0x00000000ece00000, 0x00000000ecf00000, 0x00000000ecf00000|100%| E|CS|TAMS 0x00000000ece00000| PB 0x00000000ece00000| Complete 
| 207|0x00000000ecf00000, 0x00000000ed000000, 0x00000000ed000000|100%| E|CS|TAMS 0x00000000ecf00000| PB 0x00000000ecf00000| Complete 
| 208|0x00000000ed000000, 0x00000000ed100000, 0x00000000ed100000|100%| E|CS|TAMS 0x00000000ed000000| PB 0x00000000ed000000| Complete 
| 209|0x00000000ed100000, 0x00000000ed200000, 0x00000000ed200000|100%| E|CS|TAMS 0x00000000ed100000| PB 0x00000000ed100000| Complete 
| 210|0x00000000ed200000, 0x00000000ed300000, 0x00000000ed300000|100%| E|CS|TAMS 0x00000000ed200000| PB 0x00000000ed200000| Complete 
| 211|0x00000000ed300000, 0x00000000ed400000, 0x00000000ed400000|100%| E|CS|TAMS 0x00000000ed300000| PB 0x00000000ed300000| Complete 
| 212|0x00000000ed400000, 0x00000000ed500000, 0x00000000ed500000|100%| E|CS|TAMS 0x00000000ed400000| PB 0x00000000ed400000| Complete 
| 213|0x00000000ed500000, 0x00000000ed600000, 0x00000000ed600000|100%| E|CS|TAMS 0x00000000ed500000| PB 0x00000000ed500000| Complete 
| 214|0x00000000ed600000, 0x00000000ed700000, 0x00000000ed700000|100%| E|CS|TAMS 0x00000000ed600000| PB 0x00000000ed600000| Complete 
| 215|0x00000000ed700000, 0x00000000ed800000, 0x00000000ed800000|100%| E|CS|TAMS 0x00000000ed700000| PB 0x00000000ed700000| Complete 
| 216|0x00000000ed800000, 0x00000000ed900000, 0x00000000ed900000|100%| E|CS|TAMS 0x00000000ed800000| PB 0x00000000ed800000| Complete 
| 217|0x00000000ed900000, 0x00000000eda00000, 0x00000000eda00000|100%| E|CS|TAMS 0x00000000ed900000| PB 0x00000000ed900000| Complete 
| 218|0x00000000eda00000, 0x00000000edb00000, 0x00000000edb00000|100%| E|CS|TAMS 0x00000000eda00000| PB 0x00000000eda00000| Complete 
| 219|0x00000000edb00000, 0x00000000edc00000, 0x00000000edc00000|100%| E|CS|TAMS 0x00000000edb00000| PB 0x00000000edb00000| Complete 
| 220|0x00000000edc00000, 0x00000000edd00000, 0x00000000edd00000|100%| E|CS|TAMS 0x00000000edc00000| PB 0x00000000edc00000| Complete 
| 221|0x00000000edd00000, 0x00000000edd15280, 0x00000000ede00000|  8%| S|CS|TAMS 0x00000000edd00000| PB 0x00000000edd00000| Complete 
| 222|0x00000000ede00000, 0x00000000edf00000, 0x00000000edf00000|100%| S|CS|TAMS 0x00000000ede00000| PB 0x00000000ede00000| Complete 
| 223|0x00000000edf00000, 0x00000000ee000000, 0x00000000ee000000|100%| S|CS|TAMS 0x00000000edf00000| PB 0x00000000edf00000| Complete 
| 224|0x00000000ee000000, 0x00000000ee100000, 0x00000000ee100000|100%| S|CS|TAMS 0x00000000ee000000| PB 0x00000000ee000000| Complete 
| 225|0x00000000ee100000, 0x00000000ee200000, 0x00000000ee200000|100%| E|CS|TAMS 0x00000000ee100000| PB 0x00000000ee100000| Complete 
| 226|0x00000000ee200000, 0x00000000ee300000, 0x00000000ee300000|100%| E|CS|TAMS 0x00000000ee200000| PB 0x00000000ee200000| Complete 
| 227|0x00000000ee300000, 0x00000000ee400000, 0x00000000ee400000|100%| E|CS|TAMS 0x00000000ee300000| PB 0x00000000ee300000| Complete 
| 228|0x00000000ee400000, 0x00000000ee500000, 0x00000000ee500000|100%| E|CS|TAMS 0x00000000ee400000| PB 0x00000000ee400000| Complete 
| 229|0x00000000ee500000, 0x00000000ee600000, 0x00000000ee600000|100%| E|CS|TAMS 0x00000000ee500000| PB 0x00000000ee500000| Complete 
| 230|0x00000000ee600000, 0x00000000ee700000, 0x00000000ee700000|100%| E|CS|TAMS 0x00000000ee600000| PB 0x00000000ee600000| Complete 
| 231|0x00000000ee700000, 0x00000000ee800000, 0x00000000ee800000|100%| E|CS|TAMS 0x00000000ee700000| PB 0x00000000ee700000| Complete 
| 232|0x00000000ee800000, 0x00000000ee900000, 0x00000000ee900000|100%| E|CS|TAMS 0x00000000ee800000| PB 0x00000000ee800000| Complete 
| 233|0x00000000ee900000, 0x00000000eea00000, 0x00000000eea00000|100%| E|CS|TAMS 0x00000000ee900000| PB 0x00000000ee900000| Complete 
| 234|0x00000000eea00000, 0x00000000eeb00000, 0x00000000eeb00000|100%| E|CS|TAMS 0x00000000eea00000| PB 0x00000000eea00000| Complete 
| 235|0x00000000eeb00000, 0x00000000eec00000, 0x00000000eec00000|100%| E|CS|TAMS 0x00000000eeb00000| PB 0x00000000eeb00000| Complete 
| 236|0x00000000eec00000, 0x00000000eed00000, 0x00000000eed00000|100%| E|CS|TAMS 0x00000000eec00000| PB 0x00000000eec00000| Complete 
| 237|0x00000000eed00000, 0x00000000eee00000, 0x00000000eee00000|100%| E|CS|TAMS 0x00000000eed00000| PB 0x00000000eed00000| Complete 
| 238|0x00000000eee00000, 0x00000000eef00000, 0x00000000eef00000|100%| E|CS|TAMS 0x00000000eee00000| PB 0x00000000eee00000| Complete 
| 239|0x00000000eef00000, 0x00000000ef000000, 0x00000000ef000000|100%| E|CS|TAMS 0x00000000eef00000| PB 0x00000000eef00000| Complete 
| 240|0x00000000ef000000, 0x00000000ef100000, 0x00000000ef100000|100%| E|CS|TAMS 0x00000000ef000000| PB 0x00000000ef000000| Complete 
| 241|0x00000000ef100000, 0x00000000ef200000, 0x00000000ef200000|100%| E|CS|TAMS 0x00000000ef100000| PB 0x00000000ef100000| Complete 
| 242|0x00000000ef200000, 0x00000000ef300000, 0x00000000ef300000|100%| E|CS|TAMS 0x00000000ef200000| PB 0x00000000ef200000| Complete 
| 243|0x00000000ef300000, 0x00000000ef400000, 0x00000000ef400000|100%| E|CS|TAMS 0x00000000ef300000| PB 0x00000000ef300000| Complete 
| 244|0x00000000ef400000, 0x00000000ef500000, 0x00000000ef500000|100%| E|CS|TAMS 0x00000000ef400000| PB 0x00000000ef400000| Complete 
| 245|0x00000000ef500000, 0x00000000ef600000, 0x00000000ef600000|100%| E|CS|TAMS 0x00000000ef500000| PB 0x00000000ef500000| Complete 
| 246|0x00000000ef600000, 0x00000000ef700000, 0x00000000ef700000|100%| E|CS|TAMS 0x00000000ef600000| PB 0x00000000ef600000| Complete 
| 247|0x00000000ef700000, 0x00000000ef800000, 0x00000000ef800000|100%| E|CS|TAMS 0x00000000ef700000| PB 0x00000000ef700000| Complete 
| 248|0x00000000ef800000, 0x00000000ef900000, 0x00000000ef900000|100%| E|CS|TAMS 0x00000000ef800000| PB 0x00000000ef800000| Complete 
| 249|0x00000000ef900000, 0x00000000efa00000, 0x00000000efa00000|100%| E|CS|TAMS 0x00000000ef900000| PB 0x00000000ef900000| Complete 
| 250|0x00000000efa00000, 0x00000000efb00000, 0x00000000efb00000|100%| E|CS|TAMS 0x00000000efa00000| PB 0x00000000efa00000| Complete 
| 251|0x00000000efb00000, 0x00000000efc00000, 0x00000000efc00000|100%| E|CS|TAMS 0x00000000efb00000| PB 0x00000000efb00000| Complete 
| 252|0x00000000efc00000, 0x00000000efd00000, 0x00000000efd00000|100%| E|CS|TAMS 0x00000000efc00000| PB 0x00000000efc00000| Complete 
| 253|0x00000000efd00000, 0x00000000efe00000, 0x00000000efe00000|100%| E|CS|TAMS 0x00000000efd00000| PB 0x00000000efd00000| Complete 
| 254|0x00000000efe00000, 0x00000000eff00000, 0x00000000eff00000|100%| E|  |TAMS 0x00000000efe00000| PB 0x00000000efe00000| Complete 
| 255|0x00000000eff00000, 0x00000000f0000000, 0x00000000f0000000|100%| E|CS|TAMS 0x00000000eff00000| PB 0x00000000eff00000| Complete 

Card table byte_map: [0x0000021c64d40000,0x0000021c64e40000] _byte_map_base: 0x0000021c64640000

Marking Bits: (CMBitMap*) 0x0000021c4d264360
 Bits: [0x0000021c64e40000, 0x0000021c65640000)

Polling page: 0x0000021c4b140000

Metaspace:

Usage:
  Non-class:     12.94 MB used.
      Class:      1.98 MB used.
       Both:     14.92 MB used.

Virtual space:
  Non-class space:       64.00 MB reserved,      13.12 MB ( 21%) committed,  1 nodes.
      Class space:      320.00 MB reserved,       2.19 MB ( <1%) committed,  1 nodes.
             Both:      384.00 MB reserved,      15.31 MB (  4%) committed. 

Chunk freelists:
   Non-Class:  2.55 MB
       Class:  13.84 MB
        Both:  16.39 MB

MaxMetaspaceSize: 384.00 MB
CompressedClassSpaceSize: 320.00 MB
Initial GC threshold: 21.00 MB
Current GC threshold: 21.00 MB
CDS: on
 - commit_granule_bytes: 65536.
 - commit_granule_words: 8192.
 - virtual_space_node_default_size: 8388608.
 - enlarge_chunks_in_place: 1.
 - use_allocation_guard: 0.


Internal statistics:

num_allocs_failed_limit: 0.
num_arena_births: 460.
num_arena_deaths: 0.
num_vsnodes_births: 2.
num_vsnodes_deaths: 0.
num_space_committed: 245.
num_space_uncommitted: 0.
num_chunks_returned_to_freelist: 0.
num_chunks_taken_from_freelist: 947.
num_chunk_merges: 0.
num_chunk_splits: 633.
num_chunks_enlarged: 448.
num_inconsistent_stats: 0.

CodeHeap 'non-profiled nmethods': size=120000Kb used=1214Kb max_used=1214Kb free=118785Kb
 bounds [0x0000021c5d1b0000, 0x0000021c5d420000, 0x0000021c646e0000]
CodeHeap 'profiled nmethods': size=120000Kb used=5629Kb max_used=5629Kb free=114370Kb
 bounds [0x0000021c556e0000, 0x0000021c55c60000, 0x0000021c5cc10000]
CodeHeap 'non-nmethods': size=5760Kb used=1479Kb max_used=1489Kb free=4280Kb
 bounds [0x0000021c5cc10000, 0x0000021c5ce80000, 0x0000021c5d1b0000]
 total_blobs=3408 nmethods=2848 adapters=464
 compilation: enabled
              stopped_count=0, restarted_count=0
 full_count=0

Compilation events (20 events):
Event: 21.515 Thread 0x0000021c6840ca50 2839       1       java.lang.invoke.MethodHandleImpl$IntrinsicMethodHandle::getTarget (5 bytes)
Event: 21.515 Thread 0x0000021c6840ca50 nmethod 2839 0x0000021c5d2df490 code [0x0000021c5d2df620, 0x0000021c5d2df6e8]
Event: 21.515 Thread 0x0000021c6840ca50 2840       3       org.gradle.internal.collect.PersistentArray::of (4 bytes)
Event: 21.515 Thread 0x0000021c6840ca50 nmethod 2840 0x0000021c55c5c490 code [0x0000021c55c5c620, 0x0000021c55c5c718]
Event: 21.515 Thread 0x0000021c6840ca50 2842       3       org.gradle.internal.service.DefaultServiceRegistry$OwnServices::getProviders (28 bytes)
Event: 21.516 Thread 0x0000021c6840ca50 nmethod 2842 0x0000021c55c5c790 code [0x0000021c55c5c960, 0x0000021c55c5cdc8]
Event: 21.516 Thread 0x0000021c6840ca50 2844       3       org.gradle.internal.service.DefaultServiceRegistry$CompositeServiceProvider::getService (52 bytes)
Event: 21.516 Thread 0x0000021c6840ca50 nmethod 2844 0x0000021c55c5cf10 code [0x0000021c55c5d0e0, 0x0000021c55c5d410]
Event: 21.516 Thread 0x0000021c6840ca50 2843       3       org.gradle.internal.collect.PersistentMapTrie::getOrDefault (16 bytes)
Event: 21.516 Thread 0x0000021c6840ca50 nmethod 2843 0x0000021c55c5d590 code [0x0000021c55c5d760, 0x0000021c55c5da38]
Event: 21.516 Thread 0x0000021c6840ca50 2845       3       org.gradle.internal.service.DefaultServiceRegistry$SingletonService::getAll (38 bytes)
Event: 21.516 Thread 0x0000021c6840ca50 nmethod 2845 0x0000021c55c5db90 code [0x0000021c55c5dd80, 0x0000021c55c5e1b8]
Event: 21.672 Thread 0x0000021c6840ca50 2847       3       jdk.internal.misc.Unsafe::weakCompareAndSetInt (11 bytes)
Event: 21.672 Thread 0x0000021c6840ca50 nmethod 2847 0x0000021c55c5e390 code [0x0000021c55c5e520, 0x0000021c55c5e648]
Event: 21.718 Thread 0x0000021c6840ca50 2848       3       jdk.internal.misc.Unsafe::putReferenceOpaque (9 bytes)
Event: 21.718 Thread 0x0000021c6840ca50 nmethod 2848 0x0000021c55c5e710 code [0x0000021c55c5e8a0, 0x0000021c55c5ea00]
Event: 21.763 Thread 0x0000021c6840ca50 2849       3       java.util.concurrent.locks.LockSupport::setBlocker (12 bytes)
Event: 21.764 Thread 0x0000021c6840ca50 nmethod 2849 0x0000021c55c5ea90 code [0x0000021c55c5ec40, 0x0000021c55c5ee50]
Event: 21.840 Thread 0x0000021c6840ca50 2850       3       java.util.concurrent.locks.AbstractQueuedSynchronizer$ConditionObject::canReacquire (38 bytes)
Event: 21.840 Thread 0x0000021c6840ca50 nmethod 2850 0x0000021c55c5ef10 code [0x0000021c55c5f0e0, 0x0000021c55c5f450]

GC Heap History (4 events):
Event: 1.102 GC heap before
{Heap before GC invocations=0 (full 0):
 garbage-first heap   total 262144K, used 26624K [0x00000000e0000000, 0x0000000100000000)
  region size 1024K, 23 young (23552K), 0 survivors (0K)
 Metaspace       used 3075K, committed 3264K, reserved 393216K
  class space    used 357K, committed 448K, reserved 327680K
}
Event: 1.141 GC heap after
{Heap after GC invocations=1 (full 0):
 garbage-first heap   total 262144K, used 11535K [0x00000000e0000000, 0x0000000100000000)
  region size 1024K, 3 young (3072K), 3 survivors (3072K)
 Metaspace       used 3075K, committed 3264K, reserved 393216K
  class space    used 357K, committed 448K, reserved 327680K
}
Event: 2.363 GC heap before
{Heap before GC invocations=1 (full 0):
 garbage-first heap   total 262144K, used 42255K [0x00000000e0000000, 0x0000000100000000)
  region size 1024K, 31 young (31744K), 3 survivors (3072K)
 Metaspace       used 4668K, committed 4864K, reserved 393216K
  class space    used 575K, committed 704K, reserved 327680K
}
Event: 2.367 GC heap after
{Heap after GC invocations=2 (full 0):
 garbage-first heap   total 262144K, used 15525K [0x00000000e0000000, 0x0000000100000000)
  region size 1024K, 4 young (4096K), 4 survivors (4096K)
 Metaspace       used 4668K, committed 4864K, reserved 393216K
  class space    used 575K, committed 704K, reserved 327680K
}

Dll operation events (15 events):
Event: 0.034 Loaded shared library D:\javar\bin\java.dll
Event: 0.159 Loaded shared library D:\javar\bin\jsvml.dll
Event: 0.239 Loaded shared library D:\javar\bin\zip.dll
Event: 0.250 Loaded shared library D:\javar\bin\instrument.dll
Event: 0.259 Loaded shared library D:\javar\bin\net.dll
Event: 0.265 Loaded shared library D:\javar\bin\nio.dll
Event: 0.268 Loaded shared library D:\javar\bin\zip.dll
Event: 0.527 Loaded shared library D:\javar\bin\jimage.dll
Event: 0.884 Loaded shared library D:\javar\bin\verify.dll
Event: 0.932 Loaded shared library C:\Users\hieun\.gradle\native\660c5614fbf4a5f2a75b1949f50a0caf5cd603558e7d8a26e50b933a0cfb79d1\windows-amd64\native-platform.dll
Event: 0.950 Loaded shared library C:\Users\hieun\.gradle\native\0.2.8\x86_64-windows-gnu\gradle-fileevents.dll
Event: 3.720 Loaded shared library D:\javar\bin\management.dll
Event: 3.725 Loaded shared library D:\javar\bin\management_ext.dll
Event: 5.215 Loaded shared library D:\javar\bin\extnet.dll
Event: 17.248 Loaded shared library D:\javar\bin\sunmscapi.dll

Deoptimization events (20 events):
Event: 21.019 Thread 0x0000021c7e5c3580 Uncommon trap: trap_request=0xffffff45 fr.pc=0x0000021c5d2bf500 relative=0x0000000000000220
Event: 21.019 Thread 0x0000021c7e5c3580 Uncommon trap: reason=unstable_if action=reinterpret pc=0x0000021c5d2bf500 method=java.util.HashMap.getNode(Ljava/lang/Object;)Ljava/util/HashMap$Node; @ 66 c2
Event: 21.019 Thread 0x0000021c7e5c3580 DEOPT PACKING pc=0x0000021c5d2bf500 sp=0x000000a249bfc000
Event: 21.019 Thread 0x0000021c7e5c3580 DEOPT UNPACKING pc=0x0000021c5cc646a2 sp=0x000000a249bfbf20 mode 2
Event: 21.033 Thread 0x0000021c7e5c3580 Uncommon trap: trap_request=0xffffff45 fr.pc=0x0000021c5d223a20 relative=0x00000000000002c0
Event: 21.033 Thread 0x0000021c7e5c3580 Uncommon trap: reason=unstable_if action=reinterpret pc=0x0000021c5d223a20 method=java.util.concurrent.ConcurrentHashMap.get(Ljava/lang/Object;)Ljava/lang/Object; @ 76 c2
Event: 21.033 Thread 0x0000021c7e5c3580 DEOPT PACKING pc=0x0000021c5d223a20 sp=0x000000a249bfb5a0
Event: 21.033 Thread 0x0000021c7e5c3580 DEOPT UNPACKING pc=0x0000021c5cc646a2 sp=0x000000a249bfb508 mode 2
Event: 21.326 Thread 0x0000021c7e5c3580 Uncommon trap: trap_request=0xffffff45 fr.pc=0x0000021c5d2c6810 relative=0x0000000000000e50
Event: 21.326 Thread 0x0000021c7e5c3580 Uncommon trap: reason=unstable_if action=reinterpret pc=0x0000021c5d2c6810 method=java.lang.invoke.LambdaForm$Name.replaceNames([Ljava/lang/invoke/LambdaForm$Name;[Ljava/lang/invoke/LambdaForm$Name;II)Ljava/lang/invoke/LambdaForm$Name; @ 3 c2
Event: 21.326 Thread 0x0000021c7e5c3580 DEOPT PACKING pc=0x0000021c5d2c6810 sp=0x000000a249bfd040
Event: 21.326 Thread 0x0000021c7e5c3580 DEOPT UNPACKING pc=0x0000021c5cc646a2 sp=0x000000a249bfd008 mode 2
Event: 21.516 Thread 0x0000021c7e5c3580 Uncommon trap: trap_request=0xffffffde fr.pc=0x0000021c5d26bce4 relative=0x0000000000000304
Event: 21.516 Thread 0x0000021c7e5c3580 Uncommon trap: reason=class_check action=maybe_recompile pc=0x0000021c5d26bce4 method=java.util.regex.Pattern$BmpCharPropertyGreedy.match(Ljava/util/regex/Matcher;ILjava/lang/CharSequence;)Z @ 26 c2
Event: 21.516 Thread 0x0000021c7e5c3580 DEOPT PACKING pc=0x0000021c5d26bce4 sp=0x000000a249bfbf80
Event: 21.516 Thread 0x0000021c7e5c3580 DEOPT UNPACKING pc=0x0000021c5cc646a2 sp=0x000000a249bfbf18 mode 2
Event: 21.516 Thread 0x0000021c7e5c3580 Uncommon trap: trap_request=0xffffffde fr.pc=0x0000021c5d26bce4 relative=0x0000000000000304
Event: 21.516 Thread 0x0000021c7e5c3580 Uncommon trap: reason=class_check action=maybe_recompile pc=0x0000021c5d26bce4 method=java.util.regex.Pattern$BmpCharPropertyGreedy.match(Ljava/util/regex/Matcher;ILjava/lang/CharSequence;)Z @ 26 c2
Event: 21.516 Thread 0x0000021c7e5c3580 DEOPT PACKING pc=0x0000021c5d26bce4 sp=0x000000a249bfbed0
Event: 21.516 Thread 0x0000021c7e5c3580 DEOPT UNPACKING pc=0x0000021c5cc646a2 sp=0x000000a249bfbe88 mode 2

Classes loaded (20 events):
Event: 21.080 Loading class java/lang/TypeNotPresentException
Event: 21.080 Loading class java/lang/TypeNotPresentException done
Event: 21.172 Loading class java/util/ConcurrentModificationException
Event: 21.172 Loading class java/util/ConcurrentModificationException done
Event: 21.197 Loading class jdk/internal/org/objectweb/asm/ClassReader
Event: 21.201 Loading class jdk/internal/org/objectweb/asm/ClassReader done
Event: 21.224 Loading class sun/reflect/generics/scope/ConstructorScope
Event: 21.224 Loading class sun/reflect/generics/scope/ConstructorScope done
Event: 21.511 Loading class java/nio/file/attribute/PosixFilePermission
Event: 21.511 Loading class java/nio/file/attribute/PosixFilePermission done
Event: 21.511 Loading class java/nio/file/NoSuchFileException
Event: 21.511 Loading class java/nio/file/FileSystemException
Event: 21.511 Loading class java/nio/file/FileSystemException done
Event: 21.511 Loading class java/nio/file/NoSuchFileException done
Event: 21.512 Loading class java/nio/file/attribute/PosixFilePermissions
Event: 21.512 Loading class java/nio/file/attribute/PosixFilePermissions done
Event: 21.512 Loading class java/util/RegularEnumSet$EnumSetIterator
Event: 21.512 Loading class java/util/RegularEnumSet$EnumSetIterator done
Event: 21.512 Loading class java/nio/file/attribute/PosixFilePermissions$1
Event: 21.512 Loading class java/nio/file/attribute/PosixFilePermissions$1 done

Classes unloaded (0 events):
No events

Classes redefined (0 events):
No events

Internal exceptions (20 events):
Event: 5.498 Thread 0x0000021c4aeeba90 Exception <a 'java/lang/NoSuchMethodError'{0x00000000ed8a0e70}: 'java.lang.Object java.lang.invoke.DirectMethodHandle$Holder.invokeStaticInit(java.lang.Object, int, int, int, int)'> (0x00000000ed8a0e70) 
thrown [s\open\src\hotspot\share\interpreter\linkResolver.cpp, line 773]
Event: 5.788 Thread 0x0000021c4aeeba90 Exception <a 'java/lang/NoSuchMethodError'{0x00000000ed776e58}: 'java.lang.Object java.lang.invoke.DirectMethodHandle$Holder.invokeStaticInit(java.lang.Object, java.lang.Object, int, int, int, int)'> (0x00000000ed776e58) 
thrown [s\open\src\hotspot\share\interpreter\linkResolver.cpp, line 773]
Event: 6.604 Thread 0x0000021c4aeeba90 Exception <a 'java/io/IOException'{0x00000000ed4c54a0}> (0x00000000ed4c54a0) 
thrown [s\open\src\hotspot\share\prims\jni.cpp, line 520]
Event: 6.616 Thread 0x0000021c4aeeba90 Implicit null exception at 0x0000021c5d1fb124 to 0x0000021c5d1fb77c
Event: 6.624 Thread 0x0000021c4aeeba90 Exception <a 'java/lang/NoSuchMethodError'{0x00000000ed32fbc0}: 'java.lang.Object java.lang.invoke.DirectMethodHandle$Holder.newInvokeSpecial(java.lang.Object, java.lang.Object, java.lang.Object, java.lang.Object, java.lang.Object)'> (0x00000000ed32fbc0) 
thrown [s\open\src\hotspot\share\interpreter\linkResolver.cpp, line 773]
Event: 6.633 Thread 0x0000021c4aeeba90 Exception <a 'java/lang/NoSuchMethodError'{0x00000000ed358108}: 'void java.lang.invoke.DirectMethodHandle$Holder.invokeSpecial(java.lang.Object, java.lang.Object, java.lang.Object)'> (0x00000000ed358108) 
thrown [s\open\src\hotspot\share\interpreter\linkResolver.cpp, line 773]
Event: 17.262 Thread 0x0000021c7e294810 Implicit null exception at 0x0000021c5d1fbe20 to 0x0000021c5d1fc46c
Event: 19.966 Thread 0x0000021c7e50a800 Implicit null exception at 0x0000021c5d2a0d68 to 0x0000021c5d2a1b98
Event: 20.104 Thread 0x0000021c7e5c3580 Exception <a 'java/lang/NoSuchMethodError'{0x00000000ec91ab10}: 'java.lang.Object java.lang.invoke.DirectMethodHandle$Holder.invokeVirtual(java.lang.Object, java.lang.Object, java.lang.Object, java.lang.Object, java.lang.Object, java.lang.Object, java.lang.Object)'> (0x00000000ec91ab10) 
thrown [s\open\src\hotspot\share\interpreter\linkResolver.cpp, line 773]
Event: 20.127 Thread 0x0000021c7e5c3580 Exception <a 'java/lang/NoSuchMethodError'{0x00000000ec9b71c8}: 'long java.lang.invoke.DirectMethodHandle$Holder.invokeInterface(java.lang.Object, java.lang.Object)'> (0x00000000ec9b71c8) 
thrown [s\open\src\hotspot\share\interpreter\linkResolver.cpp, line 773]
Event: 20.939 Thread 0x0000021c7e5c3580 Exception <a 'java/lang/NoSuchMethodError'{0x00000000ec57db50}: 'void java.lang.invoke.DirectMethodHandle$Holder.invokeStatic(java.lang.Object, java.lang.Object)'> (0x00000000ec57db50) 
thrown [s\open\src\hotspot\share\interpreter\linkResolver.cpp, line 773]
Event: 20.955 Thread 0x0000021c7e5c3580 Exception <a 'java/lang/NoSuchMethodError'{0x00000000ec5d2398}: 'java.lang.Object java.lang.invoke.DirectMethodHandle$Holder.invokeVirtual(java.lang.Object, java.lang.Object, java.lang.Object, java.lang.Object, java.lang.Object, java.lang.Object, java.lang.Object, java.lang.Object, java.lang.Object, java.lang.Object, java.lang.Object, java.lang.Object)'> (0x00000000ec5d2398) 
thrown [s\open\src\hotspot\share\interpreter\linkResolver.cpp, line 773]
Event: 20.956 Thread 0x0000021c7e5c3580 Exception <a 'java/lang/NoSuchMethodError'{0x00000000ec5d7320}: 'java.lang.Object java.lang.invoke.DirectMethodHandle$Holder.invokeSpecial(java.lang.Object, java.lang.Object, java.lang.Object, java.lang.Object, java.lang.Object, java.lang.Object, java.lang.Object, java.lang.Object, java.lang.Object, java.lang.Object, java.lang.Object, java.lang.Object, java.lang.Object)'> (0x00000000ec5d7320) 
thrown [s\open\src\hotspot\share\interpreter\linkResolver.cpp, line 773]
Event: 21.001 Thread 0x0000021c7e5c3580 Exception <a 'java/lang/NoSuchMethodError'{0x00000000ec36c308}: 'void java.lang.invoke.DirectMethodHandle$Holder.invokeStatic(java.lang.Object, java.lang.Object, java.lang.Object, java.lang.Object)'> (0x00000000ec36c308) 
thrown [s\open\src\hotspot\share\interpreter\linkResolver.cpp, line 773]
Event: 21.042 Thread 0x0000021c7e5c3580 Exception <a 'java/lang/NoSuchMethodError'{0x00000000ec224bc0}: 'int java.lang.invoke.DirectMethodHandle$Holder.invokeVirtual(java.lang.Object, java.lang.Object, java.lang.Object)'> (0x00000000ec224bc0) 
thrown [s\open\src\hotspot\share\interpreter\linkResolver.cpp, line 773]
Event: 21.141 Thread 0x0000021c7e5c3580 Exception <a 'java/lang/NoSuchMethodError'{0x00000000ec089f48}: 'java.lang.Object java.lang.invoke.DirectMethodHandle$Holder.newInvokeSpecial(java.lang.Object, java.lang.Object, java.lang.Object, java.lang.Object, java.lang.Object, java.lang.Object)'> (0x00000000ec089f48) 
thrown [s\open\src\hotspot\share\interpreter\linkResolver.cpp, line 773]
Event: 21.316 Thread 0x0000021c7e5c3580 Exception <a 'java/lang/NoSuchMethodError'{0x00000000ebd03100}: 'void java.lang.invoke.DelegatingMethodHandle$Holder.reinvoke_L(java.lang.Object, java.lang.Object, java.lang.Object, java.lang.Object, java.lang.Object, java.lang.Object, java.lang.Object, java.lang.Object, java.lang.Object, java.lang.Object)'> (0x00000000ebd03100) 
thrown [s\open\src\hotspot\share\interpreter\linkResolver.cpp, line 773]
Event: 21.317 Thread 0x0000021c7e5c3580 Exception <a 'java/lang/NoSuchMethodError'{0x00000000ebd0ab20}: 'java.lang.Object java.lang.invoke.Invokers$Holder.invoker(java.lang.Object, java.lang.Object, java.lang.Object, java.lang.Object, java.lang.Object, java.lang.Object, java.lang.Object, java.lang.Object, java.lang.Object, java.lang.Object)'> (0x00000000ebd0ab20) 
thrown [s\open\src\hotspot\share\interpreter\linkResolver.cpp, line 773]
Event: 21.514 Thread 0x0000021c7e5c3580 Exception <a 'java/lang/NoSuchMethodError'{0x00000000eb7588f8}: 'void java.lang.invoke.DirectMethodHandle$Holder.invokeInterface(java.lang.Object, java.lang.Object)'> (0x00000000eb7588f8) 
thrown [s\open\src\hotspot\share\interpreter\linkResolver.cpp, line 773]
Event: 21.515 Thread 0x0000021c7e5c3580 Exception <a 'java/lang/IncompatibleClassChangeError'{0x00000000eb75be68}: Found class java.lang.Object, but interface was expected> (0x00000000eb75be68) 
thrown [s\open\src\hotspot\share\interpreter\linkResolver.cpp, line 840]

ZGC Phase Switch (0 events):
No events

VM Operations (20 events):
Event: 5.754 Executing VM operation: HandshakeAllThreads (Deoptimize) done
Event: 6.758 Executing VM operation: Cleanup
Event: 6.758 Executing VM operation: Cleanup done
Event: 12.779 Executing VM operation: Cleanup
Event: 12.780 Executing VM operation: Cleanup done
Event: 13.786 Executing VM operation: Cleanup
Event: 13.787 Executing VM operation: Cleanup done
Event: 15.801 Executing VM operation: Cleanup
Event: 16.683 Executing VM operation: Cleanup done
Event: 16.870 Executing VM operation: HandshakeAllThreads (Deoptimize)
Event: 16.870 Executing VM operation: HandshakeAllThreads (Deoptimize) done
Event: 17.318 Executing VM operation: HandshakeAllThreads (Deoptimize)
Event: 17.318 Executing VM operation: HandshakeAllThreads (Deoptimize) done
Event: 18.326 Executing VM operation: Cleanup
Event: 18.612 Executing VM operation: Cleanup done
Event: 19.624 Executing VM operation: Cleanup
Event: 19.625 Executing VM operation: Cleanup done
Event: 20.626 Executing VM operation: Cleanup
Event: 20.845 Executing VM operation: Cleanup done
Event: 21.855 Executing VM operation: Cleanup

Events (20 events):
Event: 0.155 Thread 0x0000021c683f6f10 Thread added: 0x0000021c683f6f10
Event: 0.155 Thread 0x0000021c683f9980 Thread added: 0x0000021c683f9980
Event: 0.156 Thread 0x0000021c683fbf60 Thread added: 0x0000021c683fbf60
Event: 0.156 Thread 0x0000021c683fe570 Thread added: 0x0000021c683fe570
Event: 0.156 Thread 0x0000021c683ffef0 Thread added: 0x0000021c683ffef0
Event: 0.156 Thread 0x0000021c68400950 Thread added: 0x0000021c68400950
Event: 0.156 Thread 0x0000021c684084e0 Thread added: 0x0000021c684084e0
Event: 0.156 Thread 0x0000021c6840ca50 Thread added: 0x0000021c6840ca50
Event: 0.254 Thread 0x0000021c6859d330 Thread added: 0x0000021c6859d330
Event: 0.290 Thread 0x0000021c6863c260 Thread added: 0x0000021c6863c260
Event: 3.881 Thread 0x0000021c7e345fb0 Thread added: 0x0000021c7e345fb0
Event: 5.817 Thread 0x0000021c688f4a00 Thread added: 0x0000021c688f4a00
Event: 6.638 Thread 0x0000021c7e294810 Thread added: 0x0000021c7e294810
Event: 17.324 Thread 0x0000021c7e50a800 Thread added: 0x0000021c7e50a800
Event: 17.878 Thread 0x0000021c7e277030 Thread added: 0x0000021c7e277030
Event: 18.215 Thread 0x0000021c7e505c20 Thread added: 0x0000021c7e505c20
Event: 19.987 Thread 0x0000021c7e5c3580 Thread added: 0x0000021c7e5c3580
Event: 20.009 Thread 0x0000021c7e5c4fc0 Thread added: 0x0000021c7e5c4fc0
Event: 20.015 Thread 0x0000021c7e5c1b40 Thread added: 0x0000021c7e5c1b40
Event: 20.026 Thread 0x0000021c7e5c2ef0 Thread added: 0x0000021c7e5c2ef0


Dynamic libraries:
0x00007ff64cc80000 - 0x00007ff64cc90000 	D:\javar\bin\java.exe
0x00007ffae01e0000 - 0x00007ffae0446000 	C:\Windows\SYSTEM32\ntdll.dll
0x00007ffadf780000 - 0x00007ffadf849000 	C:\Windows\System32\KERNEL32.DLL
0x00007ffadd630000 - 0x00007ffadda2f000 	C:\Windows\System32\KERNELBASE.dll
0x00007ffada250000 - 0x00007ffada2ef000 	C:\Windows\SYSTEM32\apphelp.dll
0x00007ffadd3f0000 - 0x00007ffadd53c000 	C:\Windows\System32\ucrtbase.dll
0x00007ffab0810000 - 0x00007ffab0829000 	D:\javar\bin\jli.dll
0x00007ffac9ac0000 - 0x00007ffac9ade000 	D:\javar\bin\VCRUNTIME140.dll
0x00007ffadec80000 - 0x00007ffaded3c000 	C:\Windows\System32\ADVAPI32.dll
0x00007ffadf510000 - 0x00007ffadf5b9000 	C:\Windows\System32\msvcrt.dll
0x00007ffadfe10000 - 0x00007ffadfeba000 	C:\Windows\System32\sechost.dll
0x00007ffadfa60000 - 0x00007ffadfb78000 	C:\Windows\System32\RPCRT4.dll
0x00007ffadfb80000 - 0x00007ffadfd46000 	C:\Windows\System32\USER32.dll
0x00007ffac7080000 - 0x00007ffac7311000 	C:\Windows\WinSxS\amd64_microsoft.windows.common-controls_6595b64144ccf1df_6.0.26100.8972_none_3e0da176e32f9d4b\COMCTL32.dll
0x00007ffadd600000 - 0x00007ffadd627000 	C:\Windows\System32\win32u.dll
0x00007ffaded50000 - 0x00007ffaded7b000 	C:\Windows\System32\GDI32.dll
0x00007ffaddde0000 - 0x00007ffaddf09000 	C:\Windows\System32\gdi32full.dll
0x00007ffadd550000 - 0x00007ffadd5f3000 	C:\Windows\System32\msvcp_win.dll
0x00007ffad46c0000 - 0x00007ffad46cb000 	C:\Windows\SYSTEM32\VERSION.dll
0x00007ffadfdd0000 - 0x00007ffadfe02000 	C:\Windows\System32\IMM32.DLL
0x00007ffad2b70000 - 0x00007ffad2b7c000 	D:\javar\bin\vcruntime140_1.dll
0x00007ffa7a7d0000 - 0x00007ffa7a85d000 	D:\javar\bin\msvcp140.dll
0x00007ffa3d4d0000 - 0x00007ffa3e1f8000 	D:\javar\bin\server\jvm.dll
0x00007ffadf6f0000 - 0x00007ffadf772000 	C:\Windows\System32\WS2_32.dll
0x00007ffadd250000 - 0x00007ffadd2ae000 	C:\Windows\SYSTEM32\POWRPROF.dll
0x00007ffad3e20000 - 0x00007ffad3e56000 	C:\Windows\SYSTEM32\WINMM.dll
0x00007ffadd230000 - 0x00007ffadd245000 	C:\Windows\SYSTEM32\UMPDC.dll
0x00007ffadc0e0000 - 0x00007ffadc0fb000 	C:\Windows\SYSTEM32\kernel.appcore.dll
0x00007ffad17a0000 - 0x00007ffad17aa000 	D:\javar\bin\jimage.dll
0x00007ffad2be0000 - 0x00007ffad2e22000 	C:\Windows\SYSTEM32\DBGHELP.DLL
0x00007ffade0d0000 - 0x00007ffade455000 	C:\Windows\System32\combase.dll
0x00007ffade470000 - 0x00007ffade549000 	C:\Windows\System32\OLEAUT32.dll
0x00007ffab7310000 - 0x00007ffab734b000 	C:\Windows\SYSTEM32\dbgcore.DLL
0x00007ffadda40000 - 0x00007ffaddaec000 	C:\Windows\System32\bcryptPrimitives.dll
0x00007ffac5920000 - 0x00007ffac5930000 	D:\javar\bin\instrument.dll
0x00007ffa8b7a0000 - 0x00007ffa8b7c1000 	D:\javar\bin\java.dll
0x00007ffaded80000 - 0x00007ffadf508000 	C:\Windows\System32\SHELL32.dll
0x00007ffadae70000 - 0x00007ffadb70b000 	C:\Windows\SYSTEM32\windows.storage.dll
0x00007ffade6c0000 - 0x00007ffade7b9000 	C:\Windows\System32\SHCORE.dll
0x00007ffadf8a0000 - 0x00007ffadf906000 	C:\Windows\System32\shlwapi.dll
0x00007ffadd310000 - 0x00007ffadd339000 	C:\Windows\SYSTEM32\profapi.dll
0x00007ffa4eb90000 - 0x00007ffa4ec67000 	D:\javar\bin\jsvml.dll
0x00007ffab19e0000 - 0x00007ffab19f8000 	D:\javar\bin\zip.dll
0x00007ffac9860000 - 0x00007ffac9871000 	D:\javar\bin\net.dll
0x00007ffad6060000 - 0x00007ffad6188000 	C:\Windows\SYSTEM32\WINHTTP.dll
0x00007ffadc690000 - 0x00007ffadc6fc000 	C:\Windows\system32\mswsock.dll
0x00007ffab5560000 - 0x00007ffab5576000 	D:\javar\bin\nio.dll
0x00007ffabc2d0000 - 0x00007ffabc2e0000 	D:\javar\bin\verify.dll
0x00007ffa7b640000 - 0x00007ffa7b667000 	C:\Users\hieun\.gradle\native\660c5614fbf4a5f2a75b1949f50a0caf5cd603558e7d8a26e50b933a0cfb79d1\windows-amd64\native-platform.dll
0x00007ffa5d800000 - 0x00007ffa5d877000 	C:\Users\hieun\.gradle\native\0.2.8\x86_64-windows-gnu\gradle-fileevents.dll
0x00007ffa95b40000 - 0x00007ffa95b4a000 	D:\javar\bin\management.dll
0x00007ffa8cda0000 - 0x00007ffa8cdac000 	D:\javar\bin\management_ext.dll
0x00007ffade7c0000 - 0x00007ffade7c8000 	C:\Windows\System32\PSAPI.DLL
0x00007ffadbb10000 - 0x00007ffadbb43000 	C:\Windows\SYSTEM32\IPHLPAPI.DLL
0x00007ffade460000 - 0x00007ffade46a000 	C:\Windows\System32\NSI.dll
0x00007ffab3a70000 - 0x00007ffab3a79000 	D:\javar\bin\extnet.dll
0x00007ffadc980000 - 0x00007ffadc99b000 	C:\Windows\SYSTEM32\CRYPTSP.dll
0x00007ffadc040000 - 0x00007ffadc079000 	C:\Windows\system32\rsaenh.dll
0x00007ffadc740000 - 0x00007ffadc772000 	C:\Windows\SYSTEM32\USERENV.dll
0x00007ffadd2e0000 - 0x00007ffadd30a000 	C:\Windows\SYSTEM32\bcrypt.dll
0x00007ffadc9a0000 - 0x00007ffadc9ac000 	C:\Windows\SYSTEM32\CRYPTBASE.dll
0x00007ffab05a0000 - 0x00007ffab05ae000 	D:\javar\bin\sunmscapi.dll
0x00007ffaddb90000 - 0x00007ffaddd0e000 	C:\Windows\System32\CRYPT32.dll
0x00007ffadcbc0000 - 0x00007ffadcbf0000 	C:\Windows\SYSTEM32\ncrypt.dll
0x00007ffadcb70000 - 0x00007ffadcbaf000 	C:\Windows\SYSTEM32\NTASN1.dll
0x00007ffaafcb0000 - 0x00007ffaafcb8000 	C:\Windows\system32\wshunix.dll

dbghelp: loaded successfully - version: 4.0.5 - missing functions: none
symbol engine: initialized successfully - sym options: 0x614 - pdb path: .;D:\javar\bin;C:\Windows\SYSTEM32;C:\Windows\WinSxS\amd64_microsoft.windows.common-controls_6595b64144ccf1df_6.0.26100.8972_none_3e0da176e32f9d4b;D:\javar\bin\server;C:\Users\hieun\.gradle\native\660c5614fbf4a5f2a75b1949f50a0caf5cd603558e7d8a26e50b933a0cfb79d1\windows-amd64;C:\Users\hieun\.gradle\native\0.2.8\x86_64-windows-gnu

VM Arguments:
jvm_args: --add-opens=java.base/java.lang=ALL-UNNAMED --add-opens=java.base/java.lang.invoke=ALL-UNNAMED --add-opens=java.base/java.util=ALL-UNNAMED --add-opens=java.prefs/java.util.prefs=ALL-UNNAMED --add-exports=jdk.compiler/com.sun.tools.javac.api=ALL-UNNAMED --add-exports=jdk.compiler/com.sun.tools.javac.util=ALL-UNNAMED --add-opens=java.base/java.nio.charset=ALL-UNNAMED --add-opens=java.base/java.net=ALL-UNNAMED --add-opens=java.base/java.util.concurrent=ALL-UNNAMED --add-opens=java.base/java.util.concurrent.atomic=ALL-UNNAMED --add-opens=java.xml/javax.xml.namespace=ALL-UNNAMED --add-opens=java.base/java.time=ALL-UNNAMED -XX:MaxMetaspaceSize=384m -XX:+HeapDumpOnOutOfMemoryError -Xms256m -Xmx512m -Dfile.encoding=UTF-8 -Duser.country=US -Duser.language=en -Duser.variant -javaagent:C:\Users\hieun\.gradle\wrapper\dists\gradle-9.5.1-bin\iq79hdu3mqx29lgffhp8bfmx\gradle-9.5.1\lib\agents\gradle-instrumentation-agent-9.5.1.jar 
java_command: org.gradle.launcher.daemon.bootstrap.GradleDaemon 9.5.1
java_class_path (initial): C:\Users\hieun\.gradle\wrapper\dists\gradle-9.5.1-bin\iq79hdu3mqx29lgffhp8bfmx\gradle-9.5.1\lib\gradle-daemon-main-9.5.1.jar
Launcher Type: SUN_STANDARD

[Global flags]
     intx CICompilerCount                          = 4                                         {product} {ergonomic}
   size_t CompressedClassSpaceSize                 = 335544320                                 {product} {ergonomic}
     uint ConcGCThreads                            = 3                                         {product} {ergonomic}
     uint G1ConcRefinementThreads                  = 10                                        {product} {ergonomic}
   size_t G1HeapRegionSize                         = 1048576                                   {product} {ergonomic}
    uintx GCDrainStackTargetSize                   = 64                                        {product} {ergonomic}
     bool HeapDumpOnOutOfMemoryError               = true                                   {manageable} {command line}
   size_t InitialHeapSize                          = 268435456                                 {product} {command line}
   size_t MarkStackSize                            = 4194304                                   {product} {ergonomic}
   size_t MaxHeapSize                              = 536870912                                 {product} {command line}
   size_t MaxMetaspaceSize                         = 402653184                                 {product} {command line}
   size_t MaxNewSize                               = 321912832                                 {product} {ergonomic}
   size_t MinHeapDeltaBytes                        = 1048576                                   {product} {ergonomic}
   size_t MinHeapSize                              = 268435456                                 {product} {command line}
    uintx NonNMethodCodeHeapSize                   = 5839372                                {pd product} {ergonomic}
    uintx NonProfiledCodeHeapSize                  = 122909434                              {pd product} {ergonomic}
    uintx ProfiledCodeHeapSize                     = 122909434                              {pd product} {ergonomic}
    uintx ReservedCodeCacheSize                    = 251658240                              {pd product} {ergonomic}
     bool SegmentedCodeCache                       = true                                      {product} {ergonomic}
   size_t SoftMaxHeapSize                          = 536870912                              {manageable} {ergonomic}
     bool UseCompressedOops                        = true                           {product lp64_product} {ergonomic}
     bool UseG1GC                                  = true                                      {product} {ergonomic}
     bool UseLargePagesIndividualAllocation        = false                                  {pd product} {ergonomic}

Logging:
Log output configuration:
 #0: stdout all=warning uptime,level,tags foldmultilines=false
 #1: stderr all=off uptime,level,tags foldmultilines=false

Environment Variables:
PATH=C:\Program Files\Common Files\Oracle\Java\javapath;C:\Windows\system32;C:\Windows;C:\Windows\System32\Wbem;C:\Windows\System32\WindowsPowerShell\v1.0\;C:\Windows\System32\OpenSSH\;C:\Program Files (x86)\NVIDIA Corporation\PhysX\Common;C:\Program Files\dotnet\;D:\Git\cmd;C:\Program Files\NVIDIA Corporation\NVIDIA App\NvDLISR;C:\Program Files\Docker\Docker\resources\bin;C:\ProgramData\chocolatey\bin;D:\node js\;C:\Users\hieun\AppData\Local\Programs\Python\Launcher\;C:\Users\hieun\AppData\Local\Microsoft\WindowsApps;D:\Microsoft VS Code\bin;C:\Users\hieun\AppData\Roaming\npm
USERNAME=hieun
OS=Windows_NT
PROCESSOR_IDENTIFIER=AMD64 Family 25 Model 68 Stepping 1, AuthenticAMD
TMP=C:\Users\hieun\AppData\Local\Temp
TEMP=C:\Users\hieun\AppData\Local\Temp




Periodic native trim disabled

---------------  S Y S T E M  ---------------

OS:
 Windows 11 , 64 bit Build 26100 (10.0.26100.9168)
OS uptime: 4 days 9:46 hours
Hyper-V role detected

CPU: total 12 (initial active 12) (12 cores per cpu, 2 threads per core) family 25 model 68 stepping 1 microcode 0xa404107, cx8, cmov, fxsr, ht, mmx, 3dnowpref, sse, sse2, sse3, ssse3, sse4a, sse4.1, sse4.2, popcnt, lzcnt, tsc, tscinvbit, avx, avx2, aes, erms, clmul, bmi1, bmi2, adx, sha, fma, vzeroupper, clflush, clflushopt, hv, rdtscp, rdpid, fsrm, f16c, cet_ss
Processor Information for all 12 processors :
  Max Mhz: 3301, Current Mhz: 3301, Mhz Limit: 3301

Memory: 4k page, system-wide physical 15690M (612M free)
TotalPageFile size 48779M (AvailPageFile size 513M)
current process WorkingSet (physical memory assigned to process): 178M, peak: 178M
current process commit charge ("private bytes"): 400M, peak: 400M

vm_info: Java HotSpot(TM) 64-Bit Server VM (21.0.11+9-LTS-211) for windows-amd64 JRE (21.0.11+9-LTS-211), built on 2026-03-11T00:23:15Z by "mach5run" with MS VC++ 17.13 (VS2022)

END.
