#
# There is insufficient memory for the Java Runtime Environment to continue.
# Native memory allocation (mmap) failed to map 65536 bytes for Failed to commit metaspace.
# Possible reasons:
#   The system is out of physical RAM or swap space
#   The process is running with CompressedOops enabled, and the Java Heap may be blocking the growth of the native heap
# Possible solutions:
#   Reduce memory load on the system
#   Increase physical memory or swap space
#   Check if swap backing store is full
#   Decrease Java heap size (-Xmx/-Xms)
#   Decrease number of Java threads
#   Decrease Java thread stack sizes (-Xss)
#   Set larger code cache with -XX:ReservedCodeCacheSize=
#   JVM is running with Unscaled Compressed Oops mode in which the Java heap is
#     placed in the first 4GB address space. The Java Heap base address is the
#     maximum limit for the native heap growth. Please use -XX:HeapBaseMinAddress
#     to set the Java Heap base and to place the Java Heap above 4GB virtual address.
# This output file may be truncated or incomplete.
#
#  Out of Memory Error (virtualSpaceNode.cpp:112), pid=45636, tid=49512
#
# JRE version: Java(TM) SE Runtime Environment (21.0.11+9) (build 21.0.11+9-LTS-211)
# Java VM: Java HotSpot(TM) 64-Bit Server VM (21.0.11+9-LTS-211, mixed mode, sharing, tiered, compressed oops, compressed class ptrs, g1 gc, windows-amd64)
# No core dump will be written. Minidumps are not enabled by default on client versions of Windows
#

---------------  S U M M A R Y ------------

Command Line: --add-opens=java.base/java.lang=ALL-UNNAMED --add-opens=java.base/java.lang.invoke=ALL-UNNAMED --add-opens=java.base/java.util=ALL-UNNAMED --add-opens=java.prefs/java.util.prefs=ALL-UNNAMED --add-exports=jdk.compiler/com.sun.tools.javac.api=ALL-UNNAMED --add-exports=jdk.compiler/com.sun.tools.javac.util=ALL-UNNAMED --add-opens=java.base/java.nio.charset=ALL-UNNAMED --add-opens=java.base/java.net=ALL-UNNAMED --add-opens=java.base/java.util.concurrent=ALL-UNNAMED --add-opens=java.base/java.util.concurrent.atomic=ALL-UNNAMED --add-opens=java.xml/javax.xml.namespace=ALL-UNNAMED --add-opens=java.base/java.time=ALL-UNNAMED -XX:MaxMetaspaceSize=384m -XX:+HeapDumpOnOutOfMemoryError -Xms256m -Xmx512m -Dfile.encoding=UTF-8 -Duser.country=US -Duser.language=en -Duser.variant -javaagent:C:\Users\hieun\.gradle\wrapper\dists\gradle-9.5.1-bin\iq79hdu3mqx29lgffhp8bfmx\gradle-9.5.1\lib\agents\gradle-instrumentation-agent-9.5.1.jar org.gradle.launcher.daemon.bootstrap.GradleDaemon 9.5.1

Host: AMD Ryzen 5 7535HS with Radeon Graphics        , 12 cores, 15G,  Windows 11 , 64 bit Build 26100 (10.0.26100.9168)
Time: Mon Aug 24 22:45:09 2026 SE Asia Standard Time elapsed time: 32.795577 seconds (0d 0h 0m 32s)

---------------  T H R E A D  ---------------

Current thread (0x0000022853774ec0):  JavaThread "Daemon worker"        [_thread_in_vm, id=49512, stack(0x000000b501600000,0x000000b501700000) (1024K)]

Stack: [0x000000b501600000,0x000000b501700000]
Native frames: (J=compiled Java code, j=interpreted, Vv=VM code, C=native code)
V  [jvm.dll+0x6d0ef9]
V  [jvm.dll+0x860126]
V  [jvm.dll+0x86261e]
V  [jvm.dll+0x862cf3]
V  [jvm.dll+0x282bc6]
V  [jvm.dll+0x85beae]
V  [jvm.dll+0x674de4]
V  [jvm.dll+0x1e7dc8]
V  [jvm.dll+0x1e7b8e]
V  [jvm.dll+0x67770f]
V  [jvm.dll+0x677542]
V  [jvm.dll+0x6757be]
V  [jvm.dll+0x26d110]
V  [jvm.dll+0x67f9d5]
V  [jvm.dll+0x218dee]
V  [jvm.dll+0x219295]
V  [jvm.dll+0x219c9b]
V  [jvm.dll+0x20edae]
V  [jvm.dll+0x5b2c4f]
V  [jvm.dll+0x7da0f6]
V  [jvm.dll+0x475ba8]
V  [jvm.dll+0x47b7f8]
C  [java.dll+0x1818]

Java frames: (J=compiled Java code, j=interpreted, Vv=VM code)
J 740  java.lang.ClassLoader.defineClass1(Ljava/lang/ClassLoader;Ljava/lang/String;[BIILjava/security/ProtectionDomain;Ljava/lang/String;)Ljava/lang/Class; java.base@21.0.11 (0 bytes) @ 0x000002282ed9ba11 [0x000002282ed9b940+0x00000000000000d1]
J 1172 c1 java.lang.ClassLoader.defineClass(Ljava/lang/String;[BIILjava/security/ProtectionDomain;)Ljava/lang/Class; java.base@21.0.11 (43 bytes) @ 0x00000228274719fc [0x00000228274716a0+0x000000000000035c]
J 1027 c1 java.security.SecureClassLoader.defineClass(Ljava/lang/String;[BIILjava/security/CodeSource;)Ljava/lang/Class; java.base@21.0.11 (16 bytes) @ 0x000002282743801c [0x0000022827437f40+0x00000000000000dc]
J 3093 c2 java.net.URLClassLoader.findClass(Ljava/lang/String;)Ljava/lang/Class; java.base@21.0.11 (47 bytes) @ 0x000002282eed4348 [0x000002282eed21e0+0x0000000000002168]
J 3089 c1 org.gradle.internal.classloader.TransformingClassLoader.findClass(Ljava/lang/String;)Ljava/lang/Class; (256 bytes) @ 0x000002282786a17c [0x00000228278687e0+0x000000000000199c]
J 2835 c2 java.lang.ClassLoader.loadClass(Ljava/lang/String;Z)Ljava/lang/Class; java.base@21.0.11 (121 bytes) @ 0x000002282ee98c60 [0x000002282ee956a0+0x00000000000035c0]
J 755 c1 java.lang.ClassLoader.loadClass(Ljava/lang/String;)Ljava/lang/Class; java.base@21.0.11 (7 bytes) @ 0x00000228273babd4 [0x00000228273baac0+0x0000000000000114]
v  ~StubRoutines::call_stub 0x000002282e7b100d
J 2224  java.lang.Class.getDeclaredConstructors0(Z)[Ljava/lang/reflect/Constructor; java.base@21.0.11 (0 bytes) @ 0x000002282ee41113 [0x000002282ee410c0+0x0000000000000053]
J 3099 c1 java.lang.Class.privateGetDeclaredConstructors(Z)[Ljava/lang/reflect/Constructor; java.base@21.0.11 (79 bytes) @ 0x000002282786ffa4 [0x000002282786fd20+0x0000000000000284]
j  java.lang.Class.getDeclaredConstructors()[Ljava/lang/reflect/Constructor;+20 java.base@21.0.11
j  org.gradle.internal.service.InjectUtil.selectConstructor(Ljava/lang/Class;)Ljava/lang/reflect/Constructor;+32
j  org.gradle.internal.service.DefaultServiceRegistry$ConstructorService.<init>(Lorg/gradle/internal/service/DefaultServiceRegistry;Lorg/gradle/internal/service/ServiceAccessScope;Lorg/gradle/internal/service/ServiceAccessToken;Ljava/util/List;Ljava/lang/Class;)V+87
j  org.gradle.internal.service.DefaultServiceRegistry$ConstructorService.<init>(Lorg/gradle/internal/service/DefaultServiceRegistry;Lorg/gradle/internal/service/ServiceAccessScope;Lorg/gradle/internal/service/ServiceAccessToken;Ljava/lang/Class;Ljava/lang/Class;)V+11
j  org.gradle.internal.service.DefaultServiceRegistry$ConstructorService.<init>(Lorg/gradle/internal/service/DefaultServiceRegistry;Lorg/gradle/internal/service/ServiceAccessScope;Lorg/gradle/internal/service/ServiceAccessToken;Ljava/lang/Class;)V+8
j  org.gradle.internal.service.DefaultServiceRegistry$ConstructorService.<init>(Lorg/gradle/internal/service/DefaultServiceRegistry;Lorg/gradle/internal/service/ServiceAccessScope;Lorg/gradle/internal/service/ServiceAccessToken;Ljava/lang/Class;Lorg/gradle/internal/service/DefaultServiceRegistry$1;)V+6
j  org.gradle.internal.service.DefaultServiceRegistry$1.add(Ljava/lang/Class;)V+24
j  org.gradle.api.internal.artifacts.DefaultDependencyManagementServices$DependencyResolutionScopeServices.configure(Lorg/gradle/internal/service/ServiceRegistration;)V+91
j  java.lang.invoke.DirectMethodHandle$Holder.invokeVirtual(Ljava/lang/Object;Ljava/lang/Object;Ljava/lang/Object;)V+11 java.base@21.0.11
j  java.lang.invoke.LambdaForm$MH+0x000002283b01cc00.invoke(Ljava/lang/Object;Ljava/lang/Object;Ljava/lang/Object;)Ljava/lang/Object;+52 java.base@21.0.11
J 2598 c1 jdk.internal.reflect.DirectMethodHandleAccessor.invoke(Ljava/lang/Object;[Ljava/lang/Object;)Ljava/lang/Object; java.base@21.0.11 (92 bytes) @ 0x000002282776b40c [0x0000022827769bc0+0x000000000000184c]
J 3440 c1 org.gradle.internal.reflect.JavaMethod.invoke(Ljava/lang/Object;[Ljava/lang/Object;)Ljava/lang/Object; (87 bytes) @ 0x000002282791f864 [0x000002282791f2c0+0x00000000000005a4]
J 3439 c1 org.gradle.internal.service.ReflectionBasedServiceMethod.invoke(Ljava/lang/Object;[Ljava/lang/Object;)Ljava/lang/Object; (16 bytes) @ 0x000002282791ecd4 [0x000002282791ec40+0x0000000000000094]
j  org.gradle.internal.service.DefaultServiceRegistry.applyConfigureMethod(Lorg/gradle/internal/service/ServiceAccessToken;Lorg/gradle/internal/service/ServiceMethod;Ljava/lang/Object;)V+148
j  org.gradle.internal.service.DefaultServiceRegistry.findProviderMethods(Lorg/gradle/internal/service/ServiceRegistrationProvider;Lorg/gradle/internal/service/ServiceAccessToken;)V+215
j  org.gradle.internal.service.DefaultServiceRegistry.addProvider(Lorg/gradle/internal/service/ServiceRegistrationProvider;)Lorg/gradle/internal/service/DefaultServiceRegistry;+18
j  org.gradle.internal.service.ServiceRegistryBuilder.build()Lorg/gradle/internal/service/CloseableServiceRegistry;+93
j  org.gradle.api.internal.artifacts.DefaultDependencyManagementServices.newDetachedResolver(Lorg/gradle/api/internal/file/FileResolver;Lorg/gradle/api/internal/file/FileCollectionFactory;Lorg/gradle/api/internal/DomainObjectContext;)Lorg/gradle/api/internal/artifacts/DependencyResolutionServices;+42
j  org.gradle.api.internal.artifacts.DefaultDependencyManagementServices.newDetachedResolver(Lorg/gradle/api/internal/DomainObjectContext;)Lorg/gradle/api/internal/artifacts/DependencyResolutionServices;+30
j  org.gradle.api.internal.initialization.DefaultScriptHandlerFactory.create(Lorg/gradle/groovy/scripts/ScriptSource;Lorg/gradle/api/internal/initialization/ClassLoaderScope;Lorg/gradle/api/internal/DomainObjectContext;)Lorg/gradle/api/internal/initialization/ScriptHandlerInternal;+5
j  org.gradle.configuration.DefaultInitScriptProcessor.process(Lorg/gradle/groovy/scripts/ScriptSource;Lorg/gradle/api/internal/GradleInternal;)V+95
j  org.gradle.initialization.InitScriptHandler$1.run(Lorg/gradle/internal/operations/BuildOperationContext;)V+66
j  org.gradle.internal.operations.DefaultBuildOperationRunner$1.execute(Lorg/gradle/internal/operations/RunnableBuildOperation;Lorg/gradle/internal/operations/BuildOperationContext;)V+2
j  org.gradle.internal.operations.DefaultBuildOperationRunner$1.execute(Lorg/gradle/internal/operations/BuildOperation;Lorg/gradle/internal/operations/BuildOperationContext;)V+6
j  org.gradle.internal.operations.DefaultBuildOperationRunner$2.execute(Lorg/gradle/internal/operations/BuildOperationDescriptor;Lorg/gradle/internal/operations/BuildOperationState;Lorg/gradle/internal/operations/BuildOperationState;Lorg/gradle/internal/operations/DefaultBuildOperationRunner$ReadableBuildOperationContext;Lorg/gradle/internal/operations/DefaultBuildOperationRunner$BuildOperationExecutionListener;)Lorg/gradle/internal/operations/BuildOperation;+22
j  org.gradle.internal.operations.DefaultBuildOperationRunner$2.execute(Lorg/gradle/internal/operations/BuildOperationDescriptor;Lorg/gradle/internal/operations/BuildOperationState;Lorg/gradle/internal/operations/BuildOperationState;Lorg/gradle/internal/operations/DefaultBuildOperationRunner$ReadableBuildOperationContext;Lorg/gradle/internal/operations/DefaultBuildOperationRunner$BuildOperationExecutionListener;)Ljava/lang/Object;+8
j  org.gradle.internal.operations.DefaultBuildOperationRunner.execute(Lorg/gradle/internal/operations/BuildOperationDescriptor$Builder;Lorg/gradle/internal/operations/DefaultBuildOperationRunner$BuildOperationExecution;)Ljava/lang/Object;+141
j  org.gradle.internal.operations.DefaultBuildOperationRunner.execute(Lorg/gradle/internal/operations/BuildOperation;Lorg/gradle/internal/operations/BuildOperationWorker;)V+17
j  org.gradle.internal.operations.DefaultBuildOperationRunner.run(Lorg/gradle/internal/operations/RunnableBuildOperation;)V+5
j  org.gradle.initialization.InitScriptHandler.executeScripts(Lorg/gradle/api/internal/GradleInternal;)V+34
j  org.gradle.initialization.DefaultSettingsPreparer.loadBuild(Lorg/gradle/api/internal/GradleInternal;)V+38
j  org.gradle.initialization.DefaultSettingsPreparer.access$000(Lorg/gradle/initialization/DefaultSettingsPreparer;Lorg/gradle/api/internal/GradleInternal;)V+2
j  org.gradle.initialization.DefaultSettingsPreparer$2.run(Lorg/gradle/internal/operations/BuildOperationContext;)V+8
j  org.gradle.internal.operations.DefaultBuildOperationRunner$1.execute(Lorg/gradle/internal/operations/RunnableBuildOperation;Lorg/gradle/internal/operations/BuildOperationContext;)V+2
j  org.gradle.internal.operations.DefaultBuildOperationRunner$1.execute(Lorg/gradle/internal/operations/BuildOperation;Lorg/gradle/internal/operations/BuildOperationContext;)V+6
j  org.gradle.internal.operations.DefaultBuildOperationRunner$2.execute(Lorg/gradle/internal/operations/BuildOperationDescriptor;Lorg/gradle/internal/operations/BuildOperationState;Lorg/gradle/internal/operations/BuildOperationState;Lorg/gradle/internal/operations/DefaultBuildOperationRunner$ReadableBuildOperationContext;Lorg/gradle/internal/operations/DefaultBuildOperationRunner$BuildOperationExecutionListener;)Lorg/gradle/internal/operations/BuildOperation;+22
j  org.gradle.internal.operations.DefaultBuildOperationRunner$2.execute(Lorg/gradle/internal/operations/BuildOperationDescriptor;Lorg/gradle/internal/operations/BuildOperationState;Lorg/gradle/internal/operations/BuildOperationState;Lorg/gradle/internal/operations/DefaultBuildOperationRunner$ReadableBuildOperationContext;Lorg/gradle/internal/operations/DefaultBuildOperationRunner$BuildOperationExecutionListener;)Ljava/lang/Object;+8
j  org.gradle.internal.operations.DefaultBuildOperationRunner.execute(Lorg/gradle/internal/operations/BuildOperationDescriptor$Builder;Lorg/gradle/internal/operations/DefaultBuildOperationRunner$BuildOperationExecution;)Ljava/lang/Object;+141
j  org.gradle.internal.operations.DefaultBuildOperationRunner.execute(Lorg/gradle/internal/operations/BuildOperation;Lorg/gradle/internal/operations/BuildOperationWorker;)V+17
j  org.gradle.internal.operations.DefaultBuildOperationRunner.run(Lorg/gradle/internal/operations/RunnableBuildOperation;)V+5
j  org.gradle.initialization.DefaultSettingsPreparer.prepareSettings(Lorg/gradle/api/internal/GradleInternal;)V+31
j  org.gradle.initialization.VintageBuildModelController.lambda$prepareSettings$1()V+8
j  org.gradle.initialization.VintageBuildModelController$$Lambda+0x000002283b439218.run()V+4
j  org.gradle.internal.model.StateTransitionController.lambda$doTransition$15(Ljava/lang/Runnable;)Lorg/gradle/internal/build/ExecutionResult;+1
j  org.gradle.internal.model.StateTransitionController$$Lambda+0x000002283b439000.get()Ljava/lang/Object;+4
j  org.gradle.internal.model.StateTransitionController.doTransition(Lorg/gradle/internal/model/StateTransitionController$State;Lorg/gradle/internal/model/StateTransitionController$State;Ljava/util/function/Supplier;)Lorg/gradle/internal/build/ExecutionResult;+24
j  org.gradle.internal.model.StateTransitionController.doTransition(Lorg/gradle/internal/model/StateTransitionController$State;Lorg/gradle/internal/model/StateTransitionController$State;Ljava/lang/Runnable;)V+9
j  org.gradle.internal.model.StateTransitionController.lambda$transitionIfNotPreviously$12(Lorg/gradle/internal/model/StateTransitionController$State;Lorg/gradle/internal/model/StateTransitionController$State;Ljava/lang/Runnable;)V+16
j  org.gradle.internal.model.StateTransitionController$$Lambda+0x000002283b439430.run()V+16
j  org.gradle.internal.work.DefaultSynchronizer.withLock(Ljava/lang/Runnable;)V+6
j  org.gradle.internal.model.StateTransitionController.transitionIfNotPreviously(Lorg/gradle/internal/model/StateTransitionController$State;Lorg/gradle/internal/model/StateTransitionController$State;Ljava/lang/Runnable;)V+13
j  org.gradle.initialization.VintageBuildModelController.prepareSettings()V+16
j  org.gradle.initialization.VintageBuildModelController.prepareToScheduleTasks()V+1
j  org.gradle.internal.build.DefaultBuildLifecycleController.lambda$prepareToScheduleTasks$7()V+9
j  org.gradle.internal.build.DefaultBuildLifecycleController$$Lambda+0x000002283b43ba18.run()V+4
j  org.gradle.internal.model.StateTransitionController.lambda$doTransition$15(Ljava/lang/Runnable;)Lorg/gradle/internal/build/ExecutionResult;+1
j  org.gradle.internal.model.StateTransitionController$$Lambda+0x000002283b439000.get()Ljava/lang/Object;+4
j  org.gradle.internal.model.StateTransitionController.doTransition(Lorg/gradle/internal/model/StateTransitionController$State;Lorg/gradle/internal/model/StateTransitionController$State;Ljava/util/function/Supplier;)Lorg/gradle/internal/build/ExecutionResult;+24
j  org.gradle.internal.model.StateTransitionController.doTransition(Lorg/gradle/internal/model/StateTransitionController$State;Lorg/gradle/internal/model/StateTransitionController$State;Ljava/lang/Runnable;)V+9
j  org.gradle.internal.model.StateTransitionController.lambda$maybeTransition$10(Lorg/gradle/internal/model/StateTransitionController$State;Lorg/gradle/internal/model/StateTransitionController$State;Ljava/lang/Runnable;)V+16
j  org.gradle.internal.model.StateTransitionController$$Lambda+0x000002283b43bc30.run()V+16
j  org.gradle.internal.work.DefaultSynchronizer.withLock(Ljava/lang/Runnable;)V+6
j  org.gradle.internal.model.StateTransitionController.maybeTransition(Lorg/gradle/internal/model/StateTransitionController$State;Lorg/gradle/internal/model/StateTransitionController$State;Ljava/lang/Runnable;)V+13
j  org.gradle.internal.build.DefaultBuildLifecycleController.prepareToScheduleTasks()V+16
j  org.gradle.internal.buildtree.DefaultBuildTreeWorkPreparer.scheduleRequestedTasks(Lorg/gradle/internal/buildtree/BuildTreeWorkGraph;Lorg/gradle/execution/EntryTaskSelector;)Lorg/gradle/internal/buildtree/BuildTreeWorkGraph$FinalizedGraph;+4
j  org.gradle.internal.cc.impl.barrier.BarrierAwareBuildTreeWorkPreparer.scheduleRequestedTasks$lambda$0(Lorg/gradle/internal/cc/impl/barrier/BarrierAwareBuildTreeWorkPreparer;Lorg/gradle/internal/buildtree/BuildTreeWorkGraph;Lorg/gradle/execution/EntryTaskSelector;)Lorg/gradle/internal/buildtree/BuildTreeWorkGraph$FinalizedGraph;+6
j  org.gradle.internal.cc.impl.barrier.BarrierAwareBuildTreeWorkPreparer$$Lambda+0x000002283b421ee0.invoke()Ljava/lang/Object;+12
j  org.gradle.internal.cc.impl.barrier.VintageConfigurationTimeActionRunner.runConfigurationTimeAction(Lkotlin/jvm/functions/Function0;)Ljava/lang/Object;+25
j  org.gradle.internal.cc.impl.barrier.BarrierAwareBuildTreeWorkPreparer.scheduleRequestedTasks(Lorg/gradle/internal/buildtree/BuildTreeWorkGraph;Lorg/gradle/execution/EntryTaskSelector;)Lorg/gradle/internal/buildtree/BuildTreeWorkGraph$FinalizedGraph;+18
j  org.gradle.internal.cc.impl.VintageBuildTreeWorkController$scheduleAndRunRequestedTasks$1$finalizedGraph$1.call()Lorg/gradle/internal/buildtree/BuildTreeWorkGraph$FinalizedGraph;+15
j  org.gradle.internal.cc.impl.VintageBuildTreeWorkController$scheduleAndRunRequestedTasks$1$finalizedGraph$1.call()Ljava/lang/Object;+1
j  org.gradle.internal.Try.ofFailable(Ljava/util/concurrent/Callable;)Lorg/gradle/internal/Try;+1
j  org.gradle.internal.cc.impl.VintageBuildTreeWorkController$scheduleAndRunRequestedTasks$1.apply(Lorg/gradle/internal/buildtree/BuildTreeWorkGraph;)Lorg/gradle/internal/buildtree/BuildTreeWorkController$TaskRunResult;+25
j  org.gradle.internal.cc.impl.VintageBuildTreeWorkController$scheduleAndRunRequestedTasks$1.apply(Ljava/lang/Object;)Ljava/lang/Object;+5
j  org.gradle.composite.internal.DefaultIncludedBuildTaskGraph.withNewWorkGraph(Ljava/util/function/Function;)Ljava/lang/Object;+30
j  org.gradle.internal.cc.impl.VintageBuildTreeWorkController.scheduleAndRunRequestedTasks(Lorg/gradle/execution/EntryTaskSelector;)Lorg/gradle/internal/buildtree/BuildTreeWorkController$TaskRunResult;+16
j  org.gradle.internal.buildtree.DefaultBuildTreeLifecycleController.lambda$scheduleAndRunTasks$1(Lorg/gradle/execution/EntryTaskSelector;)Lorg/gradle/internal/build/ExecutionResult;+5
j  org.gradle.internal.buildtree.DefaultBuildTreeLifecycleController$$Lambda+0x000002283b43a240.get()Ljava/lang/Object;+8
j  org.gradle.internal.buildtree.DefaultBuildTreeLifecycleController.lambda$runBuild$5(Ljava/util/function/Supplier;)Ljava/lang/Object;+1
j  org.gradle.internal.buildtree.DefaultBuildTreeLifecycleController$$Lambda+0x000002283b43a458.get()Ljava/lang/Object;+8
j  org.gradle.internal.model.StateTransitionController.lambda$transition$7(Ljava/util/function/Supplier;)Lorg/gradle/internal/build/ExecutionResult;+1
j  org.gradle.internal.model.StateTransitionController$$Lambda+0x000002283b43a888.get()Ljava/lang/Object;+4
j  org.gradle.internal.model.StateTransitionController.doTransition(Lorg/gradle/internal/model/StateTransitionController$State;Lorg/gradle/internal/model/StateTransitionController$State;Ljava/util/function/Supplier;)Lorg/gradle/internal/build/ExecutionResult;+24
j  org.gradle.internal.model.StateTransitionController.lambda$transition$8(Lorg/gradle/internal/model/StateTransitionController$State;Lorg/gradle/internal/model/StateTransitionController$State;Ljava/util/function/Supplier;)Ljava/lang/Object;+9
j  org.gradle.internal.model.StateTransitionController$$Lambda+0x000002283b43a670.create()Ljava/lang/Object;+16
j  org.gradle.internal.work.DefaultSynchronizer.withLock(Lorg/gradle/internal/Factory;)Ljava/lang/Object;+6
j  org.gradle.internal.model.StateTransitionController.transition(Lorg/gradle/internal/model/StateTransitionController$State;Lorg/gradle/internal/model/StateTransitionController$State;Ljava/util/function/Supplier;)Ljava/lang/Object;+13
j  org.gradle.internal.buildtree.DefaultBuildTreeLifecycleController.runBuild(Ljava/util/function/Supplier;)Ljava/lang/Object;+17
j  org.gradle.internal.buildtree.DefaultBuildTreeLifecycleController.scheduleAndRunTasks(Lorg/gradle/execution/EntryTaskSelector;)V+8
j  org.gradle.internal.buildtree.DefaultBuildTreeLifecycleController.scheduleAndRunTasks()V+2
j  org.gradle.tooling.internal.provider.runner.BuildModelActionRunner.run(Lorg/gradle/internal/invocation/BuildAction;Lorg/gradle/internal/buildtree/BuildTreeLifecycleController;)Lorg/gradle/internal/buildtree/BuildActionRunner$Result;+71
j  org.gradle.launcher.exec.ChainingBuildActionRunner.run(Lorg/gradle/internal/invocation/BuildAction;Lorg/gradle/internal/buildtree/BuildTreeLifecycleController;)Lorg/gradle/internal/buildtree/BuildActionRunner$Result;+34
j  org.gradle.internal.buildtree.ProblemReportingBuildActionRunner.run(Lorg/gradle/internal/invocation/BuildAction;Lorg/gradle/internal/buildtree/BuildTreeLifecycleController;)Lorg/gradle/internal/buildtree/BuildActionRunner$Result;+12
j  org.gradle.launcher.exec.BuildOutcomeReportingBuildActionRunner.run(Lorg/gradle/internal/invocation/BuildAction;Lorg/gradle/internal/buildtree/BuildTreeLifecycleController;)Lorg/gradle/internal/buildtree/BuildActionRunner$Result;+69
j  org.gradle.tooling.internal.provider.FileSystemWatchingBuildActionRunner.run(Lorg/gradle/internal/invocation/BuildAction;Lorg/gradle/internal/buildtree/BuildTreeLifecycleController;)Lorg/gradle/internal/buildtree/BuildActionRunner$Result;+317
j  org.gradle.launcher.exec.BuildCompletionNotifyingBuildActionRunner.run(Lorg/gradle/internal/invocation/BuildAction;Lorg/gradle/internal/buildtree/BuildTreeLifecycleController;)Lorg/gradle/internal/buildtree/BuildActionRunner$Result;+6
j  org.gradle.launcher.exec.RootBuildLifecycleBuildActionExecutor.lambda$execute$0(Lorg/gradle/internal/invocation/BuildAction;Lorg/gradle/internal/buildtree/BuildTreeLifecycleController;)Lorg/gradle/internal/buildtree/BuildActionRunner$Result;+6
j  org.gradle.launcher.exec.RootBuildLifecycleBuildActionExecutor$$Lambda+0x000002283b425f60.apply(Ljava/lang/Object;)Ljava/lang/Object;+12
j  org.gradle.composite.internal.DefaultRootBuildState.run(Ljava/util/function/Function;)Ljava/lang/Object;+92
j  org.gradle.launcher.exec.RootBuildLifecycleBuildActionExecutor.execute(Lorg/gradle/internal/invocation/BuildAction;)Lorg/gradle/internal/buildtree/BuildActionRunner$Result;+91
j  org.gradle.launcher.exec.BuildTreeLifecycleBuildActionExecutor.runRootBuildAction(Lorg/gradle/internal/invocation/BuildAction;Lorg/gradle/internal/service/ServiceRegistry;Lorg/gradle/internal/buildtree/BuildActionModelRequirements;Lorg/gradle/internal/buildtree/BuildModelParameters;)Lorg/gradle/internal/buildtree/BuildActionRunner$Result;+42
j  org.gradle.launcher.exec.BuildTreeLifecycleBuildActionExecutor.execute(Lorg/gradle/internal/invocation/BuildAction;Lorg/gradle/internal/session/BuildSessionContext;)Lorg/gradle/internal/buildtree/BuildActionRunner$Result;+50
j  org.gradle.launcher.exec.RunAsBuildOperationBuildActionExecutor$2.call(Lorg/gradle/internal/operations/BuildOperationContext;)Lorg/gradle/internal/buildtree/BuildActionRunner$Result;+25
j  org.gradle.launcher.exec.RunAsBuildOperationBuildActionExecutor$2.call(Lorg/gradle/internal/operations/BuildOperationContext;)Ljava/lang/Object;+2
j  org.gradle.internal.operations.DefaultBuildOperationRunner$CallableBuildOperationWorker.execute(Lorg/gradle/internal/operations/CallableBuildOperation;Lorg/gradle/internal/operations/BuildOperationContext;)V+3
j  org.gradle.internal.operations.DefaultBuildOperationRunner$CallableBuildOperationWorker.execute(Lorg/gradle/internal/operations/BuildOperation;Lorg/gradle/internal/operations/BuildOperationContext;)V+6
j  org.gradle.internal.operations.DefaultBuildOperationRunner$2.execute(Lorg/gradle/internal/operations/BuildOperationDescriptor;Lorg/gradle/internal/operations/BuildOperationState;Lorg/gradle/internal/operations/BuildOperationState;Lorg/gradle/internal/operations/DefaultBuildOperationRunner$ReadableBuildOperationContext;Lorg/gradle/internal/operations/DefaultBuildOperationRunner$BuildOperationExecutionListener;)Lorg/gradle/internal/operations/BuildOperation;+22
j  org.gradle.internal.operations.DefaultBuildOperationRunner$2.execute(Lorg/gradle/internal/operations/BuildOperationDescriptor;Lorg/gradle/internal/operations/BuildOperationState;Lorg/gradle/internal/operations/BuildOperationState;Lorg/gradle/internal/operations/DefaultBuildOperationRunner$ReadableBuildOperationContext;Lorg/gradle/internal/operations/DefaultBuildOperationRunner$BuildOperationExecutionListener;)Ljava/lang/Object;+8
j  org.gradle.internal.operations.DefaultBuildOperationRunner.execute(Lorg/gradle/internal/operations/BuildOperationDescriptor$Builder;Lorg/gradle/internal/operations/DefaultBuildOperationRunner$BuildOperationExecution;)Ljava/lang/Object;+141
j  org.gradle.internal.operations.DefaultBuildOperationRunner.execute(Lorg/gradle/internal/operations/BuildOperation;Lorg/gradle/internal/operations/BuildOperationWorker;)V+17
j  org.gradle.internal.operations.DefaultBuildOperationRunner.call(Lorg/gradle/internal/operations/CallableBuildOperation;)Ljava/lang/Object;+12
j  org.gradle.launcher.exec.RunAsBuildOperationBuildActionExecutor.execute(Lorg/gradle/internal/invocation/BuildAction;Lorg/gradle/internal/session/BuildSessionContext;)Lorg/gradle/internal/buildtree/BuildActionRunner$Result;+23
j  org.gradle.launcher.exec.RunAsWorkerThreadBuildActionExecutor.lambda$execute$0(Lorg/gradle/internal/invocation/BuildAction;Lorg/gradle/internal/session/BuildSessionContext;)Lorg/gradle/internal/buildtree/BuildActionRunner$Result;+6
j  org.gradle.launcher.exec.RunAsWorkerThreadBuildActionExecutor$$Lambda+0x000002283b27a3a8.create()Ljava/lang/Object;+12
j  org.gradle.internal.work.DefaultWorkerLeaseService.lambda$runAndReleaseLocks$0(Lorg/gradle/internal/Factory;Ljava/util/Collection;)Ljava/lang/Object;+1
j  org.gradle.internal.work.DefaultWorkerLeaseService$$Lambda+0x000002283b286000.create()Ljava/lang/Object;+12
j  org.gradle.internal.work.ResourceLockStatistics$1.measure(Ljava/lang/String;Ljava/lang/Iterable;Lorg/gradle/internal/Factory;)Ljava/lang/Object;+1
j  org.gradle.internal.work.DefaultWorkerLeaseService.runAndReleaseLocks(Ljava/util/Collection;Lorg/gradle/internal/Factory;)Ljava/lang/Object;+16
j  org.gradle.internal.work.DefaultWorkerLeaseService.withLocksAcquired(Ljava/util/Collection;Lorg/gradle/internal/Factory;)Ljava/lang/Object;+8
j  org.gradle.internal.work.DefaultWorkerLeaseService.withLocks(Ljava/util/Collection;Lorg/gradle/internal/Factory;)Ljava/lang/Object;+25
j  org.gradle.internal.work.DefaultWorkerLeaseService.runAsWorkerThread(Lorg/gradle/internal/Factory;)Ljava/lang/Object;+33
j  org.gradle.launcher.exec.RunAsWorkerThreadBuildActionExecutor.execute(Lorg/gradle/internal/invocation/BuildAction;Lorg/gradle/internal/session/BuildSessionContext;)Lorg/gradle/internal/buildtree/BuildActionRunner$Result;+12
j  org.gradle.tooling.internal.provider.continuous.ContinuousBuildActionExecutor.execute(Lorg/gradle/internal/invocation/BuildAction;Lorg/gradle/internal/session/BuildSessionContext;)Lorg/gradle/internal/buildtree/BuildActionRunner$Result;+58
j  org.gradle.tooling.internal.provider.SubscribableBuildActionExecutor.execute(Lorg/gradle/internal/invocation/BuildAction;Lorg/gradle/internal/session/BuildSessionContext;)Lorg/gradle/internal/buildtree/BuildActionRunner$Result;+30
j  org.gradle.internal.session.DefaultBuildSessionContext.execute(Lorg/gradle/internal/invocation/BuildAction;)Lorg/gradle/internal/buildtree/BuildActionRunner$Result;+64
j  org.gradle.internal.buildprocess.execution.BuildSessionLifecycleBuildActionExecutor$ActionImpl.apply(Lorg/gradle/internal/session/BuildSessionContext;)Lorg/gradle/launcher/exec/BuildActionResult;+6
j  org.gradle.internal.buildprocess.execution.BuildSessionLifecycleBuildActionExecutor$ActionImpl.apply(Ljava/lang/Object;)Ljava/lang/Object;+5
j  org.gradle.internal.session.BuildSessionState.run(Ljava/util/function/Function;)Ljava/lang/Object;+5
j  org.gradle.internal.buildprocess.execution.BuildSessionLifecycleBuildActionExecutor.execute(Lorg/gradle/internal/invocation/BuildAction;Lorg/gradle/launcher/exec/BuildActionParameters;Lorg/gradle/initialization/BuildRequestContext;)Lorg/gradle/launcher/exec/BuildActionResult;+105
j  org.gradle.internal.buildprocess.execution.BuildSessionLifecycleBuildActionExecutor.execute(Lorg/gradle/internal/invocation/BuildAction;Ljava/lang/Object;Ljava/lang/Object;)Lorg/gradle/launcher/exec/BuildActionResult;+10
j  org.gradle.internal.buildprocess.execution.StartParamsValidatingActionExecutor.execute(Lorg/gradle/internal/invocation/BuildAction;Lorg/gradle/launcher/exec/BuildActionParameters;Lorg/gradle/initialization/BuildRequestContext;)Lorg/gradle/launcher/exec/BuildActionResult;+142
j  org.gradle.internal.buildprocess.execution.StartParamsValidatingActionExecutor.execute(Lorg/gradle/internal/invocation/BuildAction;Ljava/lang/Object;Ljava/lang/Object;)Lorg/gradle/launcher/exec/BuildActionResult;+10
j  org.gradle.internal.buildprocess.execution.SessionFailureReportingActionExecutor.execute(Lorg/gradle/internal/invocation/BuildAction;Lorg/gradle/launcher/exec/BuildActionParameters;Lorg/gradle/initialization/BuildRequestContext;)Lorg/gradle/launcher/exec/BuildActionResult;+7
j  org.gradle.internal.buildprocess.execution.SessionFailureReportingActionExecutor.execute(Lorg/gradle/internal/invocation/BuildAction;Ljava/lang/Object;Ljava/lang/Object;)Lorg/gradle/launcher/exec/BuildActionResult;+10
j  org.gradle.internal.buildprocess.execution.SetupLoggingActionExecutor.execute(Lorg/gradle/internal/invocation/BuildAction;Lorg/gradle/launcher/exec/BuildActionParameters;Lorg/gradle/initialization/BuildRequestContext;)Lorg/gradle/launcher/exec/BuildActionResult;+50
j  org.gradle.internal.buildprocess.execution.SetupLoggingActionExecutor.execute(Lorg/gradle/internal/invocation/BuildAction;Ljava/lang/Object;Ljava/lang/Object;)Lorg/gradle/launcher/exec/BuildActionResult;+10
j  org.gradle.launcher.daemon.server.exec.ExecuteBuild.doBuild(Lorg/gradle/launcher/daemon/server/api/DaemonCommandExecution;Lorg/gradle/launcher/daemon/protocol/Build;)V+147
j  org.gradle.launcher.daemon.server.exec.BuildCommandOnly.execute(Lorg/gradle/launcher/daemon/server/api/DaemonCommandExecution;)V+49
j  org.gradle.launcher.daemon.server.api.DaemonCommandExecution.proceed()Z+23
j  org.gradle.launcher.daemon.server.exec.WatchForDisconnection.execute(Lorg/gradle/launcher/daemon/server/api/DaemonCommandExecution;)V+19
j  org.gradle.launcher.daemon.server.api.DaemonCommandExecution.proceed()Z+23
j  org.gradle.launcher.daemon.server.exec.ResetDeprecationLogger.execute(Lorg/gradle/launcher/daemon/server/api/DaemonCommandExecution;)V+7
j  org.gradle.launcher.daemon.server.api.DaemonCommandExecution.proceed()Z+23
j  org.gradle.launcher.daemon.server.exec.RequestStopIfSingleUsedDaemon.execute(Lorg/gradle/launcher/daemon/server/api/DaemonCommandExecution;)V+33
j  org.gradle.launcher.daemon.server.api.DaemonCommandExecution.proceed()Z+23
j  org.gradle.launcher.daemon.server.exec.ForwardClientInput.lambda$execute$0(Lorg/gradle/launcher/daemon/server/api/DaemonCommandExecution;Lorg/gradle/internal/daemon/clientinput/StdinHandler;)Ljava/lang/Object;+11
j  org.gradle.launcher.daemon.server.exec.ForwardClientInput$$Lambda+0x000002283b18b810.apply(Ljava/lang/Object;)Ljava/lang/Object;+8
j  org.gradle.internal.daemon.clientinput.ClientInputForwarder.forwardInput(Ljava/util/function/Function;)Ljava/lang/Object;+46
j  org.gradle.launcher.daemon.server.exec.ForwardClientInput.execute(Lorg/gradle/launcher/daemon/server/api/DaemonCommandExecution;)V+10
j  org.gradle.launcher.daemon.server.api.DaemonCommandExecution.proceed()Z+23
j  org.gradle.launcher.daemon.server.exec.LogAndCheckHealth.execute(Lorg/gradle/launcher/daemon/server/api/DaemonCommandExecution;)V+51
j  org.gradle.launcher.daemon.server.api.DaemonCommandExecution.proceed()Z+23
j  org.gradle.launcher.daemon.server.exec.LogToClient.doBuild(Lorg/gradle/launcher/daemon/server/api/DaemonCommandExecution;Lorg/gradle/launcher/daemon/protocol/Build;)V+87
j  org.gradle.launcher.daemon.server.exec.BuildCommandOnly.execute(Lorg/gradle/launcher/daemon/server/api/DaemonCommandExecution;)V+49
j  org.gradle.launcher.daemon.server.api.DaemonCommandExecution.proceed()Z+23
j  org.gradle.launcher.daemon.server.exec.EstablishBuildEnvironment.doBuild(Lorg/gradle/launcher/daemon/server/api/DaemonCommandExecution;Lorg/gradle/launcher/daemon/protocol/Build;)V+356
j  org.gradle.launcher.daemon.server.exec.BuildCommandOnly.execute(Lorg/gradle/launcher/daemon/server/api/DaemonCommandExecution;)V+49
j  org.gradle.launcher.daemon.server.api.DaemonCommandExecution.proceed()Z+23
j  org.gradle.launcher.daemon.server.exec.StartBuildOrRespondWithBusy$1.run()V+44
j  org.gradle.launcher.daemon.server.DaemonStateCoordinator.lambda$runCommand$0(Ljava/lang/Runnable;)V+1
j  org.gradle.launcher.daemon.server.DaemonStateCoordinator$$Lambda+0x000002283b18a430.run()V+8
j  org.gradle.internal.concurrent.ExecutorPolicy$CatchAndRecordFailures.onExecute(Ljava/lang/Runnable;)V+1
j  org.gradle.internal.concurrent.AbstractManagedExecutor$1.run()V+25
j  java.util.concurrent.ThreadPoolExecutor.runWorker(Ljava/util/concurrent/ThreadPoolExecutor$Worker;)V+92 java.base@21.0.11
j  java.util.concurrent.ThreadPoolExecutor$Worker.run()V+5 java.base@21.0.11
j  java.lang.Thread.runWith(Ljava/lang/Object;Ljava/lang/Runnable;)V+5 java.base@21.0.11
j  java.lang.Thread.run()V+19 java.base@21.0.11
v  ~StubRoutines::call_stub 0x000002282e7b100d

Compiled method (n/a)   32902  740     n 0       java.lang.ClassLoader::defineClass1 (native)
 total in heap  [0x000002282ed9b790,0x000002282ed9bdf0] = 1632
 relocation     [0x000002282ed9b8f0,0x000002282ed9b928] = 56
 main code      [0x000002282ed9b940,0x000002282ed9bdef] = 1199
 stub code      [0x000002282ed9bdef,0x000002282ed9bdf0] = 1

[Constant Pool (empty)]

[MachCode]
[Entry Point]
  # {method} {0x000002283a43a530} 'defineClass1' '(Ljava/lang/ClassLoader;Ljava/lang/String;[BIILjava/security/ProtectionDomain;Ljava/lang/String;)Ljava/lang/Class;' in 'java/lang/ClassLoader'
  # parm0:    rdx:rdx   = 'java/lang/ClassLoader'
  # parm1:    r8:r8     = 'java/lang/String'
  # parm2:    r9:r9     = '[B'
  # parm3:    rdi       = int
  # parm4:    rsi       = int
  # parm5:    rcx:rcx   = 'java/security/ProtectionDomain'
  # parm6:    [sp+0xa0]   = 'java/lang/String'  (sp of caller)
  0x000002282ed9b940: 448b 5208 | 49bb 0000 | 003a 2802 | 0000 4d03 | d349 3bc2 | 0f84 0600 

  0x000002282ed9b958: ;   {runtime_call ic_miss_stub}
  0x000002282ed9b958: 0000 e921 | 2ea6 ff90 
[Verified Entry Point]
  0x000002282ed9b960: 8984 2400 | 80ff ff55 | 488b ec48 | 81ec 9000 | 0000 6690 | 4181 7f20 | 0300 0000 

  0x000002282ed9b97c: ;   {runtime_call StubRoutines (final stubs)}
  0x000002282ed9b97c: 7405 e8dd | 93a4 ff48 | 837d 1000 | 488d 4510 | 480f 4445 | 1048 8944 | 2440 4889 | 4c24 7048 
  0x000002282ed9b99c: 83f9 0048 | 8d44 2470 | 480f 4444 | 2470 4889 | 4424 3848 | 8974 2430 | 4889 7c24 | 284c 894c 
  0x000002282ed9b9bc: 2458 4983 | f900 488d | 4424 5848 | 0f44 4424 | 5848 8944 | 2420 4c89 | 4424 5049 | 83f8 004c 
  0x000002282ed9b9dc: 8d4c 2450 | 4c0f 444c | 2450 4889 | 5424 4848 | 83fa 004c | 8d44 2448 | 4c0f 4444 

  0x000002282ed9b9f8: ;   {oop(a 'java/lang/Class'{0x00000000e07985b0} = 'java/lang/ClassLoader')}
  0x000002282ed9b9f8: 2448 49be | b085 79e0 | 0000 0000 | 4c89 7424 | 784c 8d74 | 2478 498b | d6c5 f877 

  0x000002282ed9ba14: ;   {internal_word}
  0x000002282ed9ba14: 49ba 11ba | d92e 2802 | 0000 4d89 | 97a8 0300 | 0049 89a7 | a003 0000 

  0x000002282ed9ba2c: ;   {external_word}
  0x000002282ed9ba2c: 49ba e328 | 103e fa7f | 0000 4180 | 3a00 0f84 | 4e00 0000 | 5241 5041 

  0x000002282ed9ba44: ;   {metadata({method} {0x000002283a43a530} 'defineClass1' '(Ljava/lang/ClassLoader;Ljava/lang/String;[BIILjava/security/ProtectionDomain;Ljava/lang/String;)Ljava/lang/Class;' in 'java/lang/ClassLoader')}
  0x000002282ed9ba44: 5148 ba28 | a543 3a28 | 0200 0049 | 8bcf 4883 | ec20 40f6 | c40f 0f84 | 1900 0000 | 4883 ec08 
  0x000002282ed9ba64: ;   {runtime_call}
  0x000002282ed9ba64: 48b8 b07c | c03d fa7f | 0000 ffd0 | 4883 c408 | e90c 0000 

  0x000002282ed9ba78: ;   {runtime_call}
  0x000002282ed9ba78: 0048 b8b0 | 7cc0 3dfa | 7f00 00ff | d048 83c4 | 2041 5941 | 585a 498d | 8fc0 0300 | 0041 c787 
  0x000002282ed9ba98: 4c04 0000 | 0400 0000 

  0x000002282ed9baa0: ;   {runtime_call}
  0x000002282ed9baa0: 48b8 d016 | 7a8b fa7f | 0000 ffd0 | c5f8 7741 | c787 4c04 | 0000 0500 | 0000 f083 | 4424 c000 
  0x000002282ed9bac0: 493b af50 | 0400 000f | 870e 0000 | 0041 83bf | 4804 0000 | 000f 842b | 0000 00c5 | f877 4889 
  0x000002282ed9bae0: 45f8 498b | cf4c 8be4 | 4883 ec20 | 4883 e4f0 

  0x000002282ed9baf0: ;   {runtime_call}
  0x000002282ed9baf0: 48b8 801e | 8c3d fa7f | 0000 ffd0 | 498b e44d | 33e4 488b | 45f8 41c7 | 874c 0400 | 0008 0000 
  0x000002282ed9bb10: 0041 83bf | c804 0000 | 020f 84a3 

  0x000002282ed9bb1c: ;   {external_word}
  0x000002282ed9bb1c: 0200 0049 | bae3 2810 | 3efa 7f00 | 0041 803a | 000f 844c | 0000 0048 

  0x000002282ed9bb34: ;   {metadata({method} {0x000002283a43a530} 'defineClass1' '(Ljava/lang/ClassLoader;Ljava/lang/String;[BIILjava/security/ProtectionDomain;Ljava/lang/String;)Ljava/lang/Class;' in 'java/lang/ClassLoader')}
  0x000002282ed9bb34: 8945 f848 | ba28 a543 | 3a28 0200 | 0049 8bcf | 4883 ec20 | 40f6 c40f | 0f84 1900 | 0000 4883 
  0x000002282ed9bb54: ;   {runtime_call}
  0x000002282ed9bb54: ec08 48b8 | b07c c03d | fa7f 0000 | ffd0 4883 | c408 e90c 

  0x000002282ed9bb68: ;   {runtime_call}
  0x000002282ed9bb68: 0000 0048 | b8b0 7cc0 | 3dfa 7f00 | 00ff d048 | 83c4 2048 | 8b45 f849 | c787 a003 | 0000 0000 
  0x000002282ed9bb88: 0000 49c7 | 87a8 0300 | 0000 0000 | 00c5 f877 | 4885 c00f | 84fe 0100 | 00a8 030f | 8508 0000 
  0x000002282ed9bba8: 0048 8b00 | e9ee 0100 | 00a8 010f | 8509 0000 | 0048 8b40 | fee9 dd01 | 0000 488b | 40ff 4180 
  0x000002282ed9bbc8: 7f40 000f | 84ce 0100 | 0048 83f8 | 000f 84c4 | 0100 0049 | 8b4f 2848 | 83f9 000f | 8414 0000 
  0x000002282ed9bbe8: 0048 83e9 | 0849 894f | 2849 034f | 3848 8901 | e9a2 0100 | 0048 81ec | d000 0000 | 4889 0424 
  0x000002282ed9bc08: 4889 4c24 | 0848 8954 | 2410 4889 | 7424 1848 | 897c 2420 | 4c89 4424 | 284c 894c | 2430 4c89 
  0x000002282ed9bc28: 5424 384c | 895c 2440 | c5fb 1144 | 2450 c5fb | 114c 2458 | c5fb 1154 | 2460 c5fb | 115c 2468 
  0x000002282ed9bc48: c5fb 1164 | 2470 c5fb | 116c 2478 | c5fb 11b4 | 2480 0000 | 00c5 fb11 | bc24 8800 | 0000 c57b 
  0x000002282ed9bc68: ;   {no_reloc}
  0x000002282ed9bc68: 1184 2490 | 0000 00c5 | 7b11 8c24 | 9800 0000 | c57b 1194 | 24a0 0000 | 00c5 7b11 | 9c24 a800 
  0x000002282ed9bc88: 0000 c57b | 11a4 24b0 | 0000 00c5 | 7b11 ac24 | b800 0000 | c57b 11b4 | 24c0 0000 | 00c5 7b11 
  0x000002282ed9bca8: bc24 c800 | 0000 498b | d748 8bc8 | 4883 ec20 | 40f6 c40f | 0f84 1900 | 0000 4883 

  0x000002282ed9bcc4: ;   {runtime_call}
  0x000002282ed9bcc4: ec08 48b8 | d06c 7f3d | fa7f 0000 | ffd0 4883 | c408 e90c 

  0x000002282ed9bcd8: ;   {runtime_call}
  0x000002282ed9bcd8: 0000 0048 | b8d0 6c7f | 3dfa 7f00 | 00ff d048 | 83c4 20c5 | 7b10 bc24 | c800 0000 | c57b 10b4 
  0x000002282ed9bcf8: 24c0 0000 | 00c5 7b10 | ac24 b800 | 0000 c57b | 10a4 24b0 | 0000 00c5 | 7b10 9c24 | a800 0000 
  0x000002282ed9bd18: c57b 1094 | 24a0 0000 | 00c5 7b10 | 8c24 9800 | 0000 c57b | 1084 2490 | 0000 00c5 | fb10 bc24 
  0x000002282ed9bd38: 8800 0000 | c5fb 10b4 | 2480 0000 | 00c5 fb10 | 6c24 78c5 | fb10 6424 | 70c5 fb10 | 5c24 68c5 
  0x000002282ed9bd58: fb10 5424 | 60c5 fb10 | 4c24 58c5 | fb10 4424 | 504c 8b5c | 2440 4c8b | 5424 384c | 8b4c 2430 
  0x000002282ed9bd78: 4c8b 4424 | 2848 8b7c | 2420 488b | 7424 1848 | 8b54 2410 | 488b 4c24 | 0848 8b04 | 2448 81c4 
  0x000002282ed9bd98: d000 0000 | c5f8 7749 | 8b8f 3004 | 0000 c781 | 0001 0000 | 0000 0000 | c949 837f | 0800 0f85 
  0x000002282ed9bdb8: 0100 0000 

  0x000002282ed9bdbc: ;   {runtime_call StubRoutines (initial stubs)}
  0x000002282ed9bdbc: c3e9 3e51 | a1ff c5f8 | 7748 8945 | f84c 8be4 | 4883 ec20 | 4883 e4f0 

  0x000002282ed9bdd4: ;   {runtime_call}
  0x000002282ed9bdd4: 48b8 10b4 | c03d fa7f | 0000 ffd0 | 498b e44d | 33e4 488b | 45f8 e930 | fdff fff4 
[/MachCode]


Compiled method (c1)   32923 1172       3       java.lang.ClassLoader::defineClass (43 bytes)
 total in heap  [0x0000022827471490,0x0000022827471de8] = 2392
 relocation     [0x00000228274715f0,0x0000022827471690] = 160
 main code      [0x00000228274716a0,0x0000022827471b40] = 1184
 stub code      [0x0000022827471b40,0x0000022827471bb8] = 120
 metadata       [0x0000022827471bb8,0x0000022827471be8] = 48
 scopes data    [0x0000022827471be8,0x0000022827471cd8] = 240
 scopes pcs     [0x0000022827471cd8,0x0000022827471db8] = 224
 dependencies   [0x0000022827471db8,0x0000022827471dc0] = 8
 nul chk table  [0x0000022827471dc0,0x0000022827471de8] = 40

[Constant Pool (empty)]

[MachCode]
[Entry Point]
  # {method} {0x000002283a43a8b0} 'defineClass' '(Ljava/lang/String;[BIILjava/security/ProtectionDomain;)Ljava/lang/Class;' in 'java/lang/ClassLoader'
  # this:     rdx:rdx   = 'java/lang/ClassLoader'
  # parm0:    r8:r8     = 'java/lang/String'
  # parm1:    r9:r9     = '[B'
  # parm2:    rdi       = int
  # parm3:    rsi       = int
  # parm4:    rcx:rcx   = 'java/security/ProtectionDomain'
  #           [sp+0xc0]  (sp of caller)
  0x00000228274716a0: 448b 5208 | 49bb 0000 | 003a 2802 | 0000 4d03 | d34c 3bd0 

  0x00000228274716b4: ;   {runtime_call ic_miss_stub}
  0x00000228274716b4: 0f85 c6d0 | 3807 660f | 1f44 0000 
[Verified Entry Point]
  0x00000228274716c0: 8984 2400 | 80ff ff55 | 4881 ecb0 | 0000 0090 | 4181 7f20 | 0300 0000 

  0x00000228274716d8: ;   {runtime_call StubRoutines (final stubs)}
  0x00000228274716d8: 7405 e881 | 3637 0748 | 8954 2478 

  0x00000228274716e4: ;   {metadata(method data for {method} {0x000002283a43a8b0} 'defineClass' '(Ljava/lang/String;[BIILjava/security/ProtectionDomain;)Ljava/lang/Class;' in 'java/lang/ClassLoader')}
  0x00000228274716e4: 48bb e039 | 194f 2802 | 0000 8b83 | cc00 0000 | 83c0 0289 | 83cc 0000 | 0025 fe07 | 0000 85c0 
  0x0000022827471704: 0f84 5803 | 0000 89b4 | 2494 0000 | 0089 bc24 | 9000 0000 | 4c89 8c24 | 8800 0000 

  0x0000022827471720: ;   {metadata(method data for {method} {0x000002283a43a8b0} 'defineClass' '(Ljava/lang/String;[BIILjava/security/ProtectionDomain;)Ljava/lang/Class;' in 'java/lang/ClassLoader')}
  0x0000022827471720: 488b da48 | b8e0 3919 | 4f28 0200 | 0048 8380 | 1001 0000 | 0149 8bd8 | 4c8b c34c | 8bc9 488b 
  0x0000022827471740: ca48 8bd1 | 4889 9c24 | 8000 0000 

  0x000002282747174c: ;   {optimized virtual_call}
  0x000002282747174c: 6666 90e8 

  0x0000022827471750: ; ImmutableOopMap {[120]=Oop [128]=Oop [136]=Oop }
                      ;*invokevirtual preDefineClass {reexecute=0 rethrow=0 return_oop=0}
                      ; - java.lang.ClassLoader::defineClass@4 (line 1025)
  0x0000022827471750: cca5 fcff 

  0x0000022827471754: ;   {other}
  0x0000022827471754: 0f1f 8400 | c402 0000 | 4889 8424 | 9800 0000 | 488b 5424 

  0x0000022827471768: ;   {metadata(method data for {method} {0x000002283a43a8b0} 'defineClass' '(Ljava/lang/String;[BIILjava/security/ProtectionDomain;)Ljava/lang/Class;' in 'java/lang/ClassLoader')}
  0x0000022827471768: 7849 b8e0 | 3919 4f28 | 0200 0049 | 8380 4801 

  0x0000022827471778: ;   {metadata(method data for {method} {0x000002283a43a598} 'defineClassSourceLocation' '(Ljava/security/ProtectionDomain;)Ljava/lang/String;' in 'java/lang/ClassLoader')}
  0x0000022827471778: 0000 0149 | b898 5919 | 4f28 0200 | 0041 8b90 | cc00 0000 | 83c2 0241 | 8990 cc00 | 0000 81e2 
  0x0000022827471798: feff 1f00 | 85d2 0f84 | df02 0000 

  0x00000228274717a4: ; implicit exception: dispatches to 0x0000022827471aa4
  0x00000228274717a4: 483b 004c 

  0x00000228274717a8: ;   {metadata(method data for {method} {0x000002283a43a598} 'defineClassSourceLocation' '(Ljava/security/ProtectionDomain;)Ljava/lang/String;' in 'java/lang/ClassLoader')}
  0x00000228274717a8: 8bc0 48ba | 9859 194f | 2802 0000 | 4883 8210 | 0100 0001 | 448b 4010 

  0x00000228274717c0: ;   {metadata(method data for {method} {0x000002283a43a598} 'defineClassSourceLocation' '(Ljava/security/ProtectionDomain;)Ljava/lang/String;' in 'java/lang/ClassLoader')}
  0x00000228274717c0: 4d85 c048 | ba98 5919 | 4f28 0200 | 0048 be58 | 0100 0000 | 0000 0075 | 0a48 be48 | 0100 0000 
  0x00000228274717e0: 0000 0048 | 8b3c 3248 | 8d7f 0148 | 893c 320f | 850f 0000 

  0x00000228274717f4: ;   {oop(nullptr)}
  0x00000228274717f4: 0048 bb00 | 0000 0000 | 0000 00e9 | a301 0000 

  0x0000022827471804: ; implicit exception: dispatches to 0x0000022827471aa9
  0x0000022827471804: 493b 0049 

  0x0000022827471808: ;   {metadata(method data for {method} {0x000002283a43a598} 'defineClassSourceLocation' '(Ljava/security/ProtectionDomain;)Ljava/lang/String;' in 'java/lang/ClassLoader')}
  0x0000022827471808: 8bd0 48be | 9859 194f | 2802 0000 | 4883 8668 | 0100 0001 | 418b 500c 

  0x0000022827471820: ;   {metadata(method data for {method} {0x000002283a43a598} 'defineClassSourceLocation' '(Ljava/security/ProtectionDomain;)Ljava/lang/String;' in 'java/lang/ClassLoader')}
  0x0000022827471820: 4885 d248 | be98 5919 | 4f28 0200 | 0048 bfb0 | 0100 0000 | 0000 0075 | 0a48 bfa0 | 0100 0000 
  0x0000022827471840: 0000 0048 | 8b1c 3e48 | 8d5b 0148 | 891c 3e0f | 850f 0000 

  0x0000022827471854: ;   {oop(nullptr)}
  0x0000022827471854: 0048 bb00 | 0000 0000 | 0000 00e9 | 4301 0000 

  0x0000022827471864: ;   {metadata(method data for {method} {0x000002283a43a598} 'defineClassSourceLocation' '(Ljava/security/ProtectionDomain;)Ljava/lang/String;' in 'java/lang/ClassLoader')}
  0x0000022827471864: 48be 9859 | 194f 2802 | 0000 4883 | 86c0 0100 | 0001 483b | 024c 8bc2 

  0x000002282747187c: ;   {metadata(method data for {method} {0x000002283a43a598} 'defineClassSourceLocation' '(Ljava/security/ProtectionDomain;)Ljava/lang/String;' in 'java/lang/ClassLoader')}
  0x000002282747187c: 48be 9859 | 194f 2802 | 0000 4883 | 86f8 0100 

  0x000002282747188c: ;   {metadata(method data for {method} {0x000002283a01a5d8} 'toString' '()Ljava/lang/String;' in 'java/net/URL')}
  0x000002282747188c: 0001 49b8 | 780d 0e4f | 2802 0000 | 418b b0cc | 0000 0083 | c602 4189 | b0cc 0000 | 0081 e6fe 
  0x00000228274718ac: ff1f 0085 | f60f 84fc | 0100 004c 

  0x00000228274718b8: ;   {metadata(method data for {method} {0x000002283a01a5d8} 'toString' '()Ljava/lang/String;' in 'java/net/URL')}
  0x00000228274718b8: 8bc2 48be | 780d 0e4f | 2802 0000 | 4883 8610 | 0100 0001 

  0x00000228274718cc: ;   {metadata(method data for {method} {0x000002283a42e1b0} 'toExternalForm' '()Ljava/lang/String;' in 'java/net/URL')}
  0x00000228274718cc: 49b8 000f | 0e4f 2802 | 0000 418b | b0cc 0000 | 0083 c602 | 4189 b0cc | 0000 0081 | e6fe ff1f 
  0x00000228274718ec: 0085 f60f | 84df 0100 | 008b 7238 

  0x00000228274718f8: ; implicit exception: dispatches to 0x0000022827471af5
  0x00000228274718f8: 483b 064c 

  0x00000228274718fc: ;   {metadata(method data for {method} {0x000002283a42e1b0} 'toExternalForm' '()Ljava/lang/String;' in 'java/net/URL')}
  0x00000228274718fc: 8bc6 48bf | 000f 0e4f | 2802 0000 | 458b 4008 | 49ba 0000 | 003a 2802 | 0000 4d03 | c24c 3b87 
  0x000002282747191c: 2001 0000 | 750d 4883 | 8728 0100 | 0001 e960 | 0000 004c | 3b87 3001 | 0000 750d | 4883 8738 
  0x000002282747193c: 0100 0001 | e94a 0000 | 0048 83bf | 2001 0000 | 0075 174c | 8987 2001 | 0000 48c7 | 8728 0100 
  0x000002282747195c: 0001 0000 | 00e9 2900 | 0000 4883 | bf30 0100 | 0000 7517 | 4c89 8730 | 0100 0048 | c787 3801 
  0x000002282747197c: 0000 0100 | 0000 e908 | 0000 0048 | 8387 1001 | 0000 014c | 8bc2 488b 

  0x0000022827471994: ;   {optimized virtual_call}
  0x0000022827471994: d666 90e8 

  0x0000022827471998: ; ImmutableOopMap {[120]=Oop [128]=Oop [136]=Oop [152]=Oop }
                      ;*invokevirtual toExternalForm {reexecute=0 rethrow=0 return_oop=0}
                      ; - java.net.URL::toExternalForm@5 (line 1203)
                      ; - java.net.URL::toString@1 (line 1189)
                      ; - java.lang.ClassLoader::defineClassSourceLocation@22 (line 927)
                      ; - java.lang.ClassLoader::defineClass@12 (line 1026)
  0x0000022827471998: 044f f5ff 

  0x000002282747199c: ;   {other}
  0x000002282747199c: 0f1f 8400 | 0c05 0001 | 488b d848 | 8b84 2498 | 0000 008b | b424 9400 | 0000 8bbc | 2490 0000 
  0x00000228274719bc: 004c 8b8c | 2488 0000 | 004c 8b84 | 2480 0000 | 0048 8b54 

  0x00000228274719d0: ;   {metadata(method data for {method} {0x000002283a43a8b0} 'defineClass' '(Ljava/lang/String;[BIILjava/security/ProtectionDomain;)Ljava/lang/Class;' in 'java/lang/ClassLoader')}
  0x00000228274719d0: 2478 48b9 | e039 194f | 2802 0000 | 4883 8180 | 0100 0001 | 4c8b da49 | 8bd3 488b | c848 891c 
  0x00000228274719f0: 2466 0f1f 

  0x00000228274719f4: ;   {static_call}
  0x00000228274719f4: 4400 00e8 

  0x00000228274719f8: ; ImmutableOopMap {[120]=Oop [152]=Oop }
                      ;*invokestatic defineClass1 {reexecute=0 rethrow=0 return_oop=0}
                      ; - java.lang.ClassLoader::defineClass@27 (line 1027)
  0x00000228274719f8: 649f 9207 

  0x00000228274719fc: ;   {other}
  0x00000228274719fc: 0f1f 8400 | 6c05 0002 | 488b 5424 

  0x0000022827471a08: ;   {metadata(method data for {method} {0x000002283a43a8b0} 'defineClass' '(Ljava/lang/String;[BIILjava/security/ProtectionDomain;)Ljava/lang/Class;' in 'java/lang/ClassLoader')}
  0x0000022827471a08: 7849 b8e0 | 3919 4f28 | 0200 0049 | 8380 9001 | 0000 014c | 8bc0 4c8b | 8c24 9800 | 0000 488b 
  0x0000022827471a28: 5424 7848 | 8984 24a0 | 0000 000f 

  0x0000022827471a34: ;   {optimized virtual_call}
  0x0000022827471a34: 1f40 00e8 

  0x0000022827471a38: ; ImmutableOopMap {[160]=Oop }
                      ;*invokevirtual postDefineClass {reexecute=0 rethrow=0 return_oop=0}
                      ; - java.lang.ClassLoader::defineClass@37 (line 1028)
  0x0000022827471a38: 6422 f7ff 

  0x0000022827471a3c: ;   {other}
  0x0000022827471a3c: 0f1f 8400 | ac05 0003 | 488b 8424 | a000 0000 | 4881 c4b0 | 0000 005d 

  0x0000022827471a54: ;   {poll_return}
  0x0000022827471a54: 493b a750 | 0400 000f | 8799 0000 

  0x0000022827471a60: ;   {metadata({method} {0x000002283a43a8b0} 'defineClass' '(Ljava/lang/String;[BIILjava/security/ProtectionDomain;)Ljava/lang/Class;' in 'java/lang/ClassLoader')}
  0x0000022827471a60: 00c3 49ba | a8a8 433a | 2802 0000 | 4c89 5424 | 0848 c704 | 24ff ffff 

  0x0000022827471a78: ;   {runtime_call counter_overflow Runtime1 stub}
  0x0000022827471a78: ffe8 8279 

  0x0000022827471a7c: ; ImmutableOopMap {rdx=Oop r8=Oop r9=Oop rcx=Oop [120]=Oop }
                      ;*synchronization entry
                      ; - java.lang.ClassLoader::defineClass@-1 (line 1025)
  0x0000022827471a7c: 4507 e987 

  0x0000022827471a80: ;   {metadata({method} {0x000002283a43a598} 'defineClassSourceLocation' '(Ljava/security/ProtectionDomain;)Ljava/lang/String;' in 'java/lang/ClassLoader')}
  0x0000022827471a80: fcff ff49 | ba90 a543 | 3a28 0200 | 004c 8954 | 2408 48c7 | 0424 ffff 

  0x0000022827471a98: ;   {runtime_call counter_overflow Runtime1 stub}
  0x0000022827471a98: ffff e861 

  0x0000022827471a9c: ; ImmutableOopMap {rax=Oop [120]=Oop [128]=Oop [136]=Oop [152]=Oop }
                      ;*synchronization entry
                      ; - java.lang.ClassLoader::defineClassSourceLocation@-1 (line 924)
                      ; - java.lang.ClassLoader::defineClass@12 (line 1026)
  0x0000022827471a9c: 7945 07e9 | 00fd ffff 

  0x0000022827471aa4: ;   {runtime_call throw_null_pointer_exception Runtime1 stub}
  0x0000022827471aa4: e8d7 2345 

  0x0000022827471aa8: ; ImmutableOopMap {rax=Oop [120]=Oop [128]=Oop [136]=Oop [152]=Oop }
                      ;*invokevirtual getCodeSource {reexecute=0 rethrow=0 return_oop=0}
                      ; - java.lang.ClassLoader::defineClassSourceLocation@1 (line 924)
                      ; - java.lang.ClassLoader::defineClass@12 (line 1026)
                      ;   {runtime_call throw_null_pointer_exception Runtime1 stub}
  0x0000022827471aa8: 07e8 d223 

  0x0000022827471aac: ; ImmutableOopMap {rax=Oop r8=Oop [120]=Oop [128]=Oop [136]=Oop [152]=Oop }
                      ;*invokevirtual getLocation {reexecute=0 rethrow=0 return_oop=0}
                      ; - java.lang.ClassLoader::defineClassSourceLocation@12 (line 926)
                      ; - java.lang.ClassLoader::defineClass@12 (line 1026)
                      ;   {runtime_call throw_null_pointer_exception Runtime1 stub}
  0x0000022827471aac: 4507 e8cd 

  0x0000022827471ab0: ; ImmutableOopMap {rdx=Oop [120]=Oop [128]=Oop [136]=Oop [152]=Oop }
                      ;*invokevirtual toString {reexecute=0 rethrow=0 return_oop=0}
                      ; - java.lang.ClassLoader::defineClassSourceLocation@22 (line 927)
                      ; - java.lang.ClassLoader::defineClass@12 (line 1026)
                      ;   {metadata({method} {0x000002283a01a5d8} 'toString' '()Ljava/lang/String;' in 'java/net/URL')}
  0x0000022827471ab0: 2345 0749 | bad0 a501 | 3a28 0200 | 004c 8954 | 2408 48c7 | 0424 ffff 

  0x0000022827471ac8: ;   {runtime_call counter_overflow Runtime1 stub}
  0x0000022827471ac8: ffff e831 

  0x0000022827471acc: ; ImmutableOopMap {rdx=Oop [120]=Oop [128]=Oop [136]=Oop [152]=Oop }
                      ;*synchronization entry
                      ; - java.net.URL::toString@-1 (line 1189)
                      ; - java.lang.ClassLoader::defineClassSourceLocation@22 (line 927)
                      ; - java.lang.ClassLoader::defineClass@12 (line 1026)
  0x0000022827471acc: 7945 07e9 | e3fd ffff 

  0x0000022827471ad4: ;   {metadata({method} {0x000002283a42e1b0} 'toExternalForm' '()Ljava/lang/String;' in 'java/net/URL')}
  0x0000022827471ad4: 49ba a8e1 | 423a 2802 | 0000 4c89 | 5424 0848 | c704 24ff 

  0x0000022827471ae8: ;   {runtime_call counter_overflow Runtime1 stub}
  0x0000022827471ae8: ffff ffe8 

  0x0000022827471aec: ; ImmutableOopMap {rdx=Oop [120]=Oop [128]=Oop [136]=Oop [152]=Oop }
                      ;*synchronization entry
                      ; - java.net.URL::toExternalForm@-1 (line 1203)
                      ; - java.net.URL::toString@1 (line 1189)
                      ; - java.lang.ClassLoader::defineClassSourceLocation@22 (line 927)
                      ; - java.lang.ClassLoader::defineClass@12 (line 1026)
  0x0000022827471aec: 1079 4507 | e900 feff 

  0x0000022827471af4: ;   {runtime_call throw_null_pointer_exception Runtime1 stub}
  0x0000022827471af4: ffe8 8623 

  0x0000022827471af8: ; ImmutableOopMap {rdx=Oop rsi=Oop [120]=Oop [128]=Oop [136]=Oop [152]=Oop }
                      ;*invokevirtual toExternalForm {reexecute=0 rethrow=0 return_oop=0}
                      ; - java.net.URL::toExternalForm@5 (line 1203)
                      ; - java.net.URL::toString@1 (line 1189)
                      ; - java.lang.ClassLoader::defineClassSourceLocation@22 (line 927)
                      ; - java.lang.ClassLoader::defineClass@12 (line 1026)
                      ;   {internal_word}
  0x0000022827471af8: 4507 49ba | 541a 4727 | 2802 0000 | 4d89 9768 

  0x0000022827471b08: ;   {runtime_call SafepointBlob}
  0x0000022827471b08: 0400 00e9 | f03b 3907 | 498b 8700 | 0500 0049 | c787 0005 | 0000 0000 | 0000 49c7 | 8708 0500 
  0x0000022827471b28: 0000 0000 | 0048 81c4 | b000 0000 

  0x0000022827471b34: ;   {runtime_call unwind_exception Runtime1 stub}
  0x0000022827471b34: 5de9 4614 | 4507 f4f4 | f4f4 f4f4 
[Stub Code]
  0x0000022827471b40: ;   {no_reloc}
  0x0000022827471b40: 0f1f 4400 

  0x0000022827471b44: ;   {static_stub}
  0x0000022827471b44: 0048 bb00 | 0000 0000 

  0x0000022827471b4c: ;   {runtime_call}
  0x0000022827471b4c: 0000 00e9 | fbff ffff 

  0x0000022827471b54: ;   {static_stub}
  0x0000022827471b54: 48bb 0000 | 0000 0000 

  0x0000022827471b5c: ;   {runtime_call}
  0x0000022827471b5c: 0000 e9fb 

  0x0000022827471b60: ;   {static_stub}
  0x0000022827471b60: ffff ff48 | bb00 0000 | 0000 0000 

  0x0000022827471b6c: ;   {runtime_call}
  0x0000022827471b6c: 00e9 fbff 

  0x0000022827471b70: ;   {static_stub}
  0x0000022827471b70: ffff 48bb | 0000 0000 | 0000 0000 

  0x0000022827471b7c: ;   {runtime_call}
  0x0000022827471b7c: e9fb ffff 

  0x0000022827471b80: ;   {runtime_call handle_exception_from_callee Runtime1 stub}
  0x0000022827471b80: ffe8 fa40 

  0x0000022827471b84: ;   {external_word}
  0x0000022827471b84: 4507 48b9 | 1009 e83d | fa7f 0000 | 4883 e4f0 

  0x0000022827471b94: ;   {runtime_call}
  0x0000022827471b94: 48b8 708b | af3d fa7f | 0000 ffd0 

  0x0000022827471ba0: ;   {section_word}
  0x0000022827471ba0: f449 baa1 | 1b47 2728 | 0200 0041 

  0x0000022827471bac: ;   {runtime_call DeoptimizationBlob}
  0x0000022827471bac: 52e9 ee2d | 3907 f4f4 | f4f4 f4f4 
[/MachCode]


Compiled method (c1)   32949 1027       3       java.security.SecureClassLoader::defineClass (16 bytes)
 total in heap  [0x0000022827437d90,0x0000022827438190] = 1024
 relocation     [0x0000022827437ef0,0x0000022827437f40] = 80
 main code      [0x0000022827437f40,0x0000022827438098] = 344
 stub code      [0x0000022827438098,0x00000228274380e8] = 80
 metadata       [0x00000228274380e8,0x00000228274380f0] = 8
 scopes data    [0x00000228274380f0,0x0000022827438138] = 72
 scopes pcs     [0x0000022827438138,0x0000022827438188] = 80
 dependencies   [0x0000022827438188,0x0000022827438190] = 8

[Constant Pool (empty)]

[MachCode]
[Entry Point]
  # {method} {0x000002283a04d4c0} 'defineClass' '(Ljava/lang/String;[BIILjava/security/CodeSource;)Ljava/lang/Class;' in 'java/security/SecureClassLoader'
  # this:     rdx:rdx   = 'java/security/SecureClassLoader'
  # parm0:    r8:r8     = 'java/lang/String'
  # parm1:    r9:r9     = '[B'
  # parm2:    rdi       = int
  # parm3:    rsi       = int
  # parm4:    rcx:rcx   = 'java/security/CodeSource'
  #           [sp+0x80]  (sp of caller)
  0x0000022827437f40: 448b 5208 | 49bb 0000 | 003a 2802 | 0000 4d03 | d34c 3bd0 

  0x0000022827437f54: ;   {runtime_call ic_miss_stub}
  0x0000022827437f54: 0f85 2668 | 3c07 660f | 1f44 0000 
[Verified Entry Point]
  0x0000022827437f60: 8984 2400 | 80ff ff55 | 4883 ec70 | 4181 7f20 | 0300 0000 

  0x0000022827437f74: ;   {runtime_call StubRoutines (final stubs)}
  0x0000022827437f74: 7405 e8e5 

  0x0000022827437f78: ;   {metadata(method data for {method} {0x000002283a04d4c0} 'defineClass' '(Ljava/lang/String;[BIILjava/security/CodeSource;)Ljava/lang/Class;' in 'java/security/SecureClassLoader')}
  0x0000022827437f78: cd3a 0748 | bbe8 2618 | 4f28 0200 | 008b 83cc | 0000 0083 | c002 8983 | cc00 0000 | 25fe 0700 
  0x0000022827437f98: 0085 c00f | 8496 0000 | 0089 7424 | 5c89 7c24 | 584c 894c | 2450 4c89 | 4424 4848 

  0x0000022827437fb4: ;   {metadata(method data for {method} {0x000002283a04d4c0} 'defineClass' '(Ljava/lang/String;[BIILjava/security/CodeSource;)Ljava/lang/Class;' in 'java/security/SecureClassLoader')}
  0x0000022827437fb4: 8bda 48b8 | e826 184f | 2802 0000 | 4883 8010 | 0100 0001 | 4c8b c148 | 8bc2 488b | d048 8944 
  0x0000022827437fd4: ;   {optimized virtual_call}
  0x0000022827437fd4: 2440 90e8 

  0x0000022827437fd8: ; ImmutableOopMap {[64]=Oop [72]=Oop [80]=Oop }
                      ;*invokevirtual getProtectionDomain {reexecute=0 rethrow=0 return_oop=0}
                      ; - java.security.SecureClassLoader::defineClass@9 (line 150)
  0x0000022827437fd8: 448c 0300 

  0x0000022827437fdc: ;   {other}
  0x0000022827437fdc: 0f1f 8400 | 4c02 0000 | 488b 5424 

  0x0000022827437fe8: ;   {metadata(method data for {method} {0x000002283a04d4c0} 'defineClass' '(Ljava/lang/String;[BIILjava/security/CodeSource;)Ljava/lang/Class;' in 'java/security/SecureClassLoader')}
  0x0000022827437fe8: 4049 b8e8 | 2618 4f28 | 0200 0049 | 8380 4801 | 0000 014c | 8b44 2448 | 4c8b 4c24 | 508b 7c24 
  0x0000022827438008: 588b 7424 | 5c48 8bc8 | 488b 5424 

  0x0000022827438014: ;   {optimized virtual_call}
  0x0000022827438014: 4066 90e8 

  0x0000022827438018: ; ImmutableOopMap {}
                      ;*invokevirtual defineClass {reexecute=0 rethrow=0 return_oop=0}
                      ; - java.security.SecureClassLoader::defineClass@12 (line 150)
  0x0000022827438018: a496 0300 

  0x000002282743801c: ;   {other}
  0x000002282743801c: 0f1f 8400 | 8c02 0001 | 4883 c470 

  0x0000022827438028: ;   {poll_return}
  0x0000022827438028: 5d49 3ba7 | 5004 0000 | 0f87 2200 

  0x0000022827438034: ;   {metadata({method} {0x000002283a04d4c0} 'defineClass' '(Ljava/lang/String;[BIILjava/security/CodeSource;)Ljava/lang/Class;' in 'java/security/SecureClassLoader')}
  0x0000022827438034: 0000 c349 | bab8 d404 | 3a28 0200 | 004c 8954 | 2408 48c7 | 0424 ffff 

  0x000002282743804c: ;   {runtime_call counter_overflow Runtime1 stub}
  0x000002282743804c: ffff e8ad 

  0x0000022827438050: ; ImmutableOopMap {rdx=Oop r8=Oop r9=Oop rcx=Oop }
                      ;*synchronization entry
                      ; - java.security.SecureClassLoader::defineClass@-1 (line 150)
  0x0000022827438050: 1349 07e9 | 49ff ffff 

  0x0000022827438058: ;   {internal_word}
  0x0000022827438058: 49ba 2980 | 4327 2802 | 0000 4d89 | 9768 0400 

  0x0000022827438068: ;   {runtime_call SafepointBlob}
  0x0000022827438068: 00e9 92d6 | 3c07 498b | 8700 0500 | 0049 c787 | 0005 0000 | 0000 0000 | 49c7 8708 | 0500 0000 
  0x0000022827438088: 0000 0048 | 83c4 705d 

  0x0000022827438090: ;   {runtime_call unwind_exception Runtime1 stub}
  0x0000022827438090: e9eb ae48 | 07f4 f4f4 
[Stub Code]
  0x0000022827438098: ;   {no_reloc}
  0x0000022827438098: 48bb 08d4 | 043a 2802 

  0x00000228274380a0: ;   {runtime_call I2C/C2I adapters}
  0x00000228274380a0: 0000 e940 

  0x00000228274380a4: ;   {static_stub}
  0x00000228274380a4: c13c 0748 | bba8 a843 | 3a28 0200 

  0x00000228274380b0: ;   {runtime_call I2C/C2I adapters}
  0x00000228274380b0: 00e9 bf90 

  0x00000228274380b4: ;   {runtime_call handle_exception_from_callee Runtime1 stub}
  0x00000228274380b4: 3b07 e8c5 

  0x00000228274380b8: ;   {external_word}
  0x00000228274380b8: db48 0748 | b910 09e8 | 3dfa 7f00 | 0048 83e4 

  0x00000228274380c8: ;   {runtime_call}
  0x00000228274380c8: f048 b870 | 8baf 3dfa | 7f00 00ff 

  0x00000228274380d4: ;   {section_word}
  0x00000228274380d4: d0f4 49ba | d680 4327 | 2802 0000 

  0x00000228274380e0: ;   {runtime_call DeoptimizationBlob}
  0x00000228274380e0: 4152 e9b9 | c83c 07f4 
[/MachCode]


---------------  P R O C E S S  ---------------

Threads class SMR info:
_java_thread_list=0x00000228565140a0, length=29, elements={
0x000002281c97c3a0, 0x0000022853006740, 0x0000022853007d10, 0x000002285300a4a0,
0x000002285300d6b0, 0x0000022853011880, 0x00000228530141a0, 0x000002285300f360,
0x0000022853013780, 0x0000022853294250, 0x00000228532509f0, 0x0000022854980f50,
0x000002285502e100, 0x00000228533be2d0, 0x00000228530a6430, 0x00000228532d4ae0,
0x000002285346f680, 0x0000022853774ec0, 0x0000022853776270, 0x0000022853775550,
0x0000022853776f90, 0x0000022853776900, 0x0000022853773b10, 0x00000228537741a0,
0x0000022853774830, 0x000002285586a470, 0x0000022855868a30, 0x0000022855869750,
0x0000022855866ff0
}

Java Threads: ( => current thread )
  0x000002281c97c3a0 JavaThread "main"                              [_thread_blocked, id=20576, stack(0x000000b57f900000,0x000000b57fa00000) (1024K)]
  0x0000022853006740 JavaThread "Reference Handler"          daemon [_thread_blocked, id=44320, stack(0x000000b500100000,0x000000b500200000) (1024K)]
  0x0000022853007d10 JavaThread "Finalizer"                  daemon [_thread_blocked, id=20748, stack(0x000000b500200000,0x000000b500300000) (1024K)]
  0x000002285300a4a0 JavaThread "Signal Dispatcher"          daemon [_thread_blocked, id=15612, stack(0x000000b500300000,0x000000b500400000) (1024K)]
  0x000002285300d6b0 JavaThread "Attach Listener"            daemon [_thread_blocked, id=48976, stack(0x000000b500400000,0x000000b500500000) (1024K)]
  0x0000022853011880 JavaThread "Service Thread"             daemon [_thread_blocked, id=25808, stack(0x000000b500500000,0x000000b500600000) (1024K)]
  0x00000228530141a0 JavaThread "Monitor Deflation Thread"   daemon [_thread_blocked, id=11628, stack(0x000000b500600000,0x000000b500700000) (1024K)]
  0x000002285300f360 JavaThread "C2 CompilerThread0"         daemon [_thread_blocked, id=30028, stack(0x000000b500700000,0x000000b500800000) (1024K)]
  0x0000022853013780 JavaThread "C1 CompilerThread0"         daemon [_thread_blocked, id=54996, stack(0x000000b500800000,0x000000b500900000) (1024K)]
  0x0000022853294250 JavaThread "Common-Cleaner"             daemon [_thread_blocked, id=48744, stack(0x000000b500900000,0x000000b500a00000) (1024K)]
  0x00000228532509f0 JavaThread "Notification Thread"        daemon [_thread_blocked, id=37136, stack(0x000000b500a00000,0x000000b500b00000) (1024K)]
  0x0000022854980f50 JavaThread "Daemon health stats"               [_thread_blocked, id=56824, stack(0x000000b500b00000,0x000000b500c00000) (1024K)]
  0x000002285502e100 JavaThread "Incoming local TCP Connector on port 55101"        [_thread_in_native, id=13408, stack(0x000000b501100000,0x000000b501200000) (1024K)]
  0x00000228533be2d0 JavaThread "Daemon periodic checks"            [_thread_blocked, id=57244, stack(0x000000b501200000,0x000000b501300000) (1024K)]
  0x00000228530a6430 JavaThread "Daemon"                            [_thread_blocked, id=48884, stack(0x000000b501300000,0x000000b501400000) (1024K)]
  0x00000228532d4ae0 JavaThread "Handler for socket connection from /127.0.0.1:55101 to /127.0.0.1:55260"        [_thread_in_native, id=5132, stack(0x000000b501400000,0x000000b501500000) (1024K)]
  0x000002285346f680 JavaThread "Cancel handler"                    [_thread_blocked, id=19380, stack(0x000000b501500000,0x000000b501600000) (1024K)]
=>0x0000022853774ec0 JavaThread "Daemon worker"                     [_thread_in_vm, id=49512, stack(0x000000b501600000,0x000000b501700000) (1024K)]
  0x0000022853776270 JavaThread "Asynchronous log dispatcher for DefaultDaemonConnection: socket connection from /127.0.0.1:55101 to /127.0.0.1:55260"        [_thread_blocked, id=39276, stack(0x000000b501700000,0x000000b501800000) (1024K)]
  0x0000022853775550 JavaThread "Stdin handler"                     [_thread_blocked, id=11124, stack(0x000000b501800000,0x000000b501900000) (1024K)]
  0x0000022853776f90 JavaThread "Daemon client event forwarder"        [_thread_blocked, id=18056, stack(0x000000b501900000,0x000000b501a00000) (1024K)]
  0x0000022853776900 JavaThread "Cache worker for journal cache (C:\Users\hieun\.gradle\caches\journal-1)"        [_thread_blocked, id=53428, stack(0x000000b501a00000,0x000000b501b00000) (1024K)]
  0x0000022853773b10 JavaThread "File lock request listener"        [_thread_blocked, id=51744, stack(0x000000b501b00000,0x000000b501c00000) (1024K)]
  0x00000228537741a0 JavaThread "File lock release action executor"        [_thread_blocked, id=41036, stack(0x000000b501c00000,0x000000b501d00000) (1024K)]
  0x0000022853774830 JavaThread "Cache worker for file hash cache (C:\Users\hieun\.gradle\caches\9.5.1\fileHashes)"        [_thread_blocked, id=13936, stack(0x000000b501d00000,0x000000b501e00000) (1024K)]
  0x000002285586a470 JavaThread "Cache worker for file hash cache (D:\n1h5-models-backend\.gradle\9.5.1\fileHashes)"        [_thread_blocked, id=57464, stack(0x000000b502400000,0x000000b502500000) (1024K)]
  0x0000022855868a30 JavaThread "Cache worker for Build Output Cleanup Cache (D:\n1h5-models-backend\.gradle\buildOutputCleanup)"        [_thread_blocked, id=36076, stack(0x000000b502500000,0x000000b502600000) (1024K)]
  0x0000022855869750 JavaThread "File watcher server"        daemon [_thread_in_native, id=14748, stack(0x000000b502600000,0x000000b502700000) (1024K)]
  0x0000022855866ff0 JavaThread "File watcher consumer"      daemon [_thread_blocked, id=56936, stack(0x000000b502700000,0x000000b502800000) (1024K)]
Total: 29

Other Threads:
  0x0000022839d594a0 VMThread "VM Thread"                           [id=6892, stack(0x000000b500000000,0x000000b500100000) (1024K)] _threads_hazard_ptr=0x00000228565140a0
  0x0000022839d48aa0 WatcherThread "VM Periodic Task Thread"        [id=42344, stack(0x000000b57ff00000,0x000000b580000000) (1024K)]
  0x000002281ee05c70 WorkerThread "GC Thread#0"                     [id=54812, stack(0x000000b57fa00000,0x000000b57fb00000) (1024K)]
  0x0000022853e7afb0 WorkerThread "GC Thread#1"                     [id=43452, stack(0x000000b500c00000,0x000000b500d00000) (1024K)]
  0x0000022853f54370 WorkerThread "GC Thread#2"                     [id=8812, stack(0x000000b500d00000,0x000000b500e00000) (1024K)]
  0x0000022853f74c60 WorkerThread "GC Thread#3"                     [id=32352, stack(0x000000b500e00000,0x000000b500f00000) (1024K)]
  0x000002285402da30 WorkerThread "GC Thread#4"                     [id=36160, stack(0x000000b500f00000,0x000000b501000000) (1024K)]
  0x000002285402f1c0 WorkerThread "GC Thread#5"                     [id=12912, stack(0x000000b501000000,0x000000b501100000) (1024K)]
  0x00000228557942a0 WorkerThread "GC Thread#6"                     [id=21880, stack(0x000000b501e00000,0x000000b501f00000) (1024K)]
  0x00000228557933e0 WorkerThread "GC Thread#7"                     [id=21136, stack(0x000000b501f00000,0x000000b502000000) (1024K)]
  0x00000228532b82d0 WorkerThread "GC Thread#8"                     [id=52036, stack(0x000000b502000000,0x000000b502100000) (1024K)]
  0x00000228532b7b70 WorkerThread "GC Thread#9"                     [id=36744, stack(0x000000b502100000,0x000000b502200000) (1024K)]
  0x000002281ee0ab70 ConcurrentGCThread "G1 Main Marker"            [id=27104, stack(0x000000b57fb00000,0x000000b57fc00000) (1024K)]
  0x000002281ee0b590 WorkerThread "G1 Conc#0"                       [id=10620, stack(0x000000b57fc00000,0x000000b57fd00000) (1024K)]
  0x00000228532b7060 WorkerThread "G1 Conc#1"                       [id=30548, stack(0x000000b502200000,0x000000b502300000) (1024K)]
  0x00000228532b8680 WorkerThread "G1 Conc#2"                       [id=26288, stack(0x000000b502300000,0x000000b502400000) (1024K)]
  0x0000022839c18a20 ConcurrentGCThread "G1 Refine#0"               [id=42896, stack(0x000000b57fd00000,0x000000b57fe00000) (1024K)]
  0x0000022839c193b0 ConcurrentGCThread "G1 Service"                [id=22436, stack(0x000000b57fe00000,0x000000b57ff00000) (1024K)]
Total: 18

Threads with active compile tasks:
Total: 0

VM state: synchronizing (normal execution)

VM Mutex/Monitor currently owned by a thread:  ([mutex/lock_event])
[0x00007ffa3e118f50] Metaspace_lock - owner thread: 0x0000022853774ec0
[0x00007ffa3e11af50] Threads_lock - owner thread: 0x0000022839d594a0

Heap address: 0x00000000e0000000, size: 512 MB, Compressed Oops mode: 32-bit

CDS archive(s) mapped at: [0x000002283a000000-0x000002283ac90000-0x000002283ac90000), size 13172736, SharedBaseAddress: 0x000002283a000000, ArchiveRelocationMode: 1.
Compressed class space mapped at: 0x000002283b000000-0x000002284f000000, reserved size: 335544320
Narrow klass base: 0x000002283a000000, Narrow klass shift: 0, Narrow klass range: 0x100000000

GC Precious Log:
 CardTable entry size: 512
 Card Set container configuration: InlinePtr #cards 5 size 8 Array Of Cards #cards 12 size 40 Howl #buckets 4 coarsen threshold 1843 Howl Bitmap #cards 512 size 80 coarsen threshold 460 Card regions per heap region 1 cards per card region 2048
 CPUs: 12 total, 12 available
 Memory: 15690M
 Large Page Support: Disabled
 NUMA Support: Disabled
 Compressed Oops: Enabled (32-bit)
 Heap Region Size: 1M
 Heap Min Capacity: 256M
 Heap Initial Capacity: 256M
 Heap Max Capacity: 512M
 Pre-touch: Disabled
 Parallel Workers: 10
 Concurrent Workers: 3
 Concurrent Refinement Workers: 10
 Periodic GC: Disabled

Heap:
 garbage-first heap   total 262144K, used 66296K [0x00000000e0000000, 0x0000000100000000)
  region size 1024K, 55 young (56320K), 13 survivors (13312K)
 Metaspace       used 26437K, committed 27392K, reserved 393216K
  class space    used 3768K, committed 4224K, reserved 327680K

Heap Regions: E=young(eden), S=young(survivor), O=old, HS=humongous(starts), HC=humongous(continues), CS=collection set, F=free, TAMS=top-at-mark-start, PB=parsable bottom
|   0|0x00000000e0000000, 0x00000000e0100000, 0x00000000e0100000|100%|HS|  |TAMS 0x00000000e0000000| PB 0x00000000e0000000| Complete 
|   1|0x00000000e0100000, 0x00000000e0200000, 0x00000000e0200000|100%|HC|  |TAMS 0x00000000e0100000| PB 0x00000000e0100000| Complete 
|   2|0x00000000e0200000, 0x00000000e0300000, 0x00000000e0300000|100%|HC|  |TAMS 0x00000000e0200000| PB 0x00000000e0200000| Complete 
|   3|0x00000000e0300000, 0x00000000e0400000, 0x00000000e0400000|100%|HC|  |TAMS 0x00000000e0300000| PB 0x00000000e0300000| Complete 
|   4|0x00000000e0400000, 0x00000000e0500000, 0x00000000e0500000|100%| O|  |TAMS 0x00000000e0400000| PB 0x00000000e0400000| Untracked 
|   5|0x00000000e0500000, 0x00000000e0600000, 0x00000000e0600000|100%| O|  |TAMS 0x00000000e0500000| PB 0x00000000e0500000| Untracked 
|   6|0x00000000e0600000, 0x00000000e0700000, 0x00000000e0700000|100%| O|  |TAMS 0x00000000e0600000| PB 0x00000000e0600000| Untracked 
|   7|0x00000000e0700000, 0x00000000e0800000, 0x00000000e0800000|100%| O|  |TAMS 0x00000000e0700000| PB 0x00000000e0700000| Untracked 
|   8|0x00000000e0800000, 0x00000000e0900000, 0x00000000e0900000|100%|HS|  |TAMS 0x00000000e0800000| PB 0x00000000e0800000| Complete 
|   9|0x00000000e0900000, 0x00000000e0900000, 0x00000000e0a00000|  0%| F|  |TAMS 0x00000000e0900000| PB 0x00000000e0900000| Untracked 
|  10|0x00000000e0a00000, 0x00000000e0b00000, 0x00000000e0b00000|100%| O|  |TAMS 0x00000000e0a00000| PB 0x00000000e0a00000| Untracked 
|  11|0x00000000e0b00000, 0x00000000e0c00000, 0x00000000e0c00000|100%| O|  |TAMS 0x00000000e0b00000| PB 0x00000000e0b00000| Untracked 
|  12|0x00000000e0c00000, 0x00000000e0c99f28, 0x00000000e0d00000| 60%| O|  |TAMS 0x00000000e0c00000| PB 0x00000000e0c00000| Untracked 
|  13|0x00000000e0d00000, 0x00000000e0d00000, 0x00000000e0e00000|  0%| F|  |TAMS 0x00000000e0d00000| PB 0x00000000e0d00000| Untracked 
|  14|0x00000000e0e00000, 0x00000000e0e00000, 0x00000000e0f00000|  0%| F|  |TAMS 0x00000000e0e00000| PB 0x00000000e0e00000| Untracked 
|  15|0x00000000e0f00000, 0x00000000e0f00000, 0x00000000e1000000|  0%| F|  |TAMS 0x00000000e0f00000| PB 0x00000000e0f00000| Untracked 
|  16|0x00000000e1000000, 0x00000000e1000000, 0x00000000e1100000|  0%| F|  |TAMS 0x00000000e1000000| PB 0x00000000e1000000| Untracked 
|  17|0x00000000e1100000, 0x00000000e1100000, 0x00000000e1200000|  0%| F|  |TAMS 0x00000000e1100000| PB 0x00000000e1100000| Untracked 
|  18|0x00000000e1200000, 0x00000000e1200000, 0x00000000e1300000|  0%| F|  |TAMS 0x00000000e1200000| PB 0x00000000e1200000| Untracked 
|  19|0x00000000e1300000, 0x00000000e1300000, 0x00000000e1400000|  0%| F|  |TAMS 0x00000000e1300000| PB 0x00000000e1300000| Untracked 
|  20|0x00000000e1400000, 0x00000000e1400000, 0x00000000e1500000|  0%| F|  |TAMS 0x00000000e1400000| PB 0x00000000e1400000| Untracked 
|  21|0x00000000e1500000, 0x00000000e1500000, 0x00000000e1600000|  0%| F|  |TAMS 0x00000000e1500000| PB 0x00000000e1500000| Untracked 
|  22|0x00000000e1600000, 0x00000000e1600000, 0x00000000e1700000|  0%| F|  |TAMS 0x00000000e1600000| PB 0x00000000e1600000| Untracked 
|  23|0x00000000e1700000, 0x00000000e1700000, 0x00000000e1800000|  0%| F|  |TAMS 0x00000000e1700000| PB 0x00000000e1700000| Untracked 
|  24|0x00000000e1800000, 0x00000000e1800000, 0x00000000e1900000|  0%| F|  |TAMS 0x00000000e1800000| PB 0x00000000e1800000| Untracked 
|  25|0x00000000e1900000, 0x00000000e1900000, 0x00000000e1a00000|  0%| F|  |TAMS 0x00000000e1900000| PB 0x00000000e1900000| Untracked 
|  26|0x00000000e1a00000, 0x00000000e1a00000, 0x00000000e1b00000|  0%| F|  |TAMS 0x00000000e1a00000| PB 0x00000000e1a00000| Untracked 
|  27|0x00000000e1b00000, 0x00000000e1b00000, 0x00000000e1c00000|  0%| F|  |TAMS 0x00000000e1b00000| PB 0x00000000e1b00000| Untracked 
|  28|0x00000000e1c00000, 0x00000000e1c00000, 0x00000000e1d00000|  0%| F|  |TAMS 0x00000000e1c00000| PB 0x00000000e1c00000| Untracked 
|  29|0x00000000e1d00000, 0x00000000e1d00000, 0x00000000e1e00000|  0%| F|  |TAMS 0x00000000e1d00000| PB 0x00000000e1d00000| Untracked 
|  30|0x00000000e1e00000, 0x00000000e1e00000, 0x00000000e1f00000|  0%| F|  |TAMS 0x00000000e1e00000| PB 0x00000000e1e00000| Untracked 
|  31|0x00000000e1f00000, 0x00000000e1f00000, 0x00000000e2000000|  0%| F|  |TAMS 0x00000000e1f00000| PB 0x00000000e1f00000| Untracked 
|  32|0x00000000e2000000, 0x00000000e2000000, 0x00000000e2100000|  0%| F|  |TAMS 0x00000000e2000000| PB 0x00000000e2000000| Untracked 
|  33|0x00000000e2100000, 0x00000000e2100000, 0x00000000e2200000|  0%| F|  |TAMS 0x00000000e2100000| PB 0x00000000e2100000| Untracked 
|  34|0x00000000e2200000, 0x00000000e2200000, 0x00000000e2300000|  0%| F|  |TAMS 0x00000000e2200000| PB 0x00000000e2200000| Untracked 
|  35|0x00000000e2300000, 0x00000000e2300000, 0x00000000e2400000|  0%| F|  |TAMS 0x00000000e2300000| PB 0x00000000e2300000| Untracked 
|  36|0x00000000e2400000, 0x00000000e2400000, 0x00000000e2500000|  0%| F|  |TAMS 0x00000000e2400000| PB 0x00000000e2400000| Untracked 
|  37|0x00000000e2500000, 0x00000000e2500000, 0x00000000e2600000|  0%| F|  |TAMS 0x00000000e2500000| PB 0x00000000e2500000| Untracked 
|  38|0x00000000e2600000, 0x00000000e2600000, 0x00000000e2700000|  0%| F|  |TAMS 0x00000000e2600000| PB 0x00000000e2600000| Untracked 
|  39|0x00000000e2700000, 0x00000000e2700000, 0x00000000e2800000|  0%| F|  |TAMS 0x00000000e2700000| PB 0x00000000e2700000| Untracked 
|  40|0x00000000e2800000, 0x00000000e2800000, 0x00000000e2900000|  0%| F|  |TAMS 0x00000000e2800000| PB 0x00000000e2800000| Untracked 
|  41|0x00000000e2900000, 0x00000000e2900000, 0x00000000e2a00000|  0%| F|  |TAMS 0x00000000e2900000| PB 0x00000000e2900000| Untracked 
|  42|0x00000000e2a00000, 0x00000000e2a00000, 0x00000000e2b00000|  0%| F|  |TAMS 0x00000000e2a00000| PB 0x00000000e2a00000| Untracked 
|  43|0x00000000e2b00000, 0x00000000e2b00000, 0x00000000e2c00000|  0%| F|  |TAMS 0x00000000e2b00000| PB 0x00000000e2b00000| Untracked 
|  44|0x00000000e2c00000, 0x00000000e2c00000, 0x00000000e2d00000|  0%| F|  |TAMS 0x00000000e2c00000| PB 0x00000000e2c00000| Untracked 
|  45|0x00000000e2d00000, 0x00000000e2d00000, 0x00000000e2e00000|  0%| F|  |TAMS 0x00000000e2d00000| PB 0x00000000e2d00000| Untracked 
|  46|0x00000000e2e00000, 0x00000000e2e00000, 0x00000000e2f00000|  0%| F|  |TAMS 0x00000000e2e00000| PB 0x00000000e2e00000| Untracked 
|  47|0x00000000e2f00000, 0x00000000e2f00000, 0x00000000e3000000|  0%| F|  |TAMS 0x00000000e2f00000| PB 0x00000000e2f00000| Untracked 
|  48|0x00000000e3000000, 0x00000000e3000000, 0x00000000e3100000|  0%| F|  |TAMS 0x00000000e3000000| PB 0x00000000e3000000| Untracked 
|  49|0x00000000e3100000, 0x00000000e3100000, 0x00000000e3200000|  0%| F|  |TAMS 0x00000000e3100000| PB 0x00000000e3100000| Untracked 
|  50|0x00000000e3200000, 0x00000000e3200000, 0x00000000e3300000|  0%| F|  |TAMS 0x00000000e3200000| PB 0x00000000e3200000| Untracked 
|  51|0x00000000e3300000, 0x00000000e3300000, 0x00000000e3400000|  0%| F|  |TAMS 0x00000000e3300000| PB 0x00000000e3300000| Untracked 
|  52|0x00000000e3400000, 0x00000000e3400000, 0x00000000e3500000|  0%| F|  |TAMS 0x00000000e3400000| PB 0x00000000e3400000| Untracked 
|  53|0x00000000e3500000, 0x00000000e3500000, 0x00000000e3600000|  0%| F|  |TAMS 0x00000000e3500000| PB 0x00000000e3500000| Untracked 
|  54|0x00000000e3600000, 0x00000000e3600000, 0x00000000e3700000|  0%| F|  |TAMS 0x00000000e3600000| PB 0x00000000e3600000| Untracked 
|  55|0x00000000e3700000, 0x00000000e3700000, 0x00000000e3800000|  0%| F|  |TAMS 0x00000000e3700000| PB 0x00000000e3700000| Untracked 
|  56|0x00000000e3800000, 0x00000000e3800000, 0x00000000e3900000|  0%| F|  |TAMS 0x00000000e3800000| PB 0x00000000e3800000| Untracked 
|  57|0x00000000e3900000, 0x00000000e3900000, 0x00000000e3a00000|  0%| F|  |TAMS 0x00000000e3900000| PB 0x00000000e3900000| Untracked 
|  58|0x00000000e3a00000, 0x00000000e3a00000, 0x00000000e3b00000|  0%| F|  |TAMS 0x00000000e3a00000| PB 0x00000000e3a00000| Untracked 
|  59|0x00000000e3b00000, 0x00000000e3b00000, 0x00000000e3c00000|  0%| F|  |TAMS 0x00000000e3b00000| PB 0x00000000e3b00000| Untracked 
|  60|0x00000000e3c00000, 0x00000000e3c00000, 0x00000000e3d00000|  0%| F|  |TAMS 0x00000000e3c00000| PB 0x00000000e3c00000| Untracked 
|  61|0x00000000e3d00000, 0x00000000e3d00000, 0x00000000e3e00000|  0%| F|  |TAMS 0x00000000e3d00000| PB 0x00000000e3d00000| Untracked 
|  62|0x00000000e3e00000, 0x00000000e3e00000, 0x00000000e3f00000|  0%| F|  |TAMS 0x00000000e3e00000| PB 0x00000000e3e00000| Untracked 
|  63|0x00000000e3f00000, 0x00000000e3f00000, 0x00000000e4000000|  0%| F|  |TAMS 0x00000000e3f00000| PB 0x00000000e3f00000| Untracked 
|  64|0x00000000e4000000, 0x00000000e4000000, 0x00000000e4100000|  0%| F|  |TAMS 0x00000000e4000000| PB 0x00000000e4000000| Untracked 
|  65|0x00000000e4100000, 0x00000000e4100000, 0x00000000e4200000|  0%| F|  |TAMS 0x00000000e4100000| PB 0x00000000e4100000| Untracked 
|  66|0x00000000e4200000, 0x00000000e4200000, 0x00000000e4300000|  0%| F|  |TAMS 0x00000000e4200000| PB 0x00000000e4200000| Untracked 
|  67|0x00000000e4300000, 0x00000000e4300000, 0x00000000e4400000|  0%| F|  |TAMS 0x00000000e4300000| PB 0x00000000e4300000| Untracked 
|  68|0x00000000e4400000, 0x00000000e4400000, 0x00000000e4500000|  0%| F|  |TAMS 0x00000000e4400000| PB 0x00000000e4400000| Untracked 
|  69|0x00000000e4500000, 0x00000000e4500000, 0x00000000e4600000|  0%| F|  |TAMS 0x00000000e4500000| PB 0x00000000e4500000| Untracked 
|  70|0x00000000e4600000, 0x00000000e4600000, 0x00000000e4700000|  0%| F|  |TAMS 0x00000000e4600000| PB 0x00000000e4600000| Untracked 
|  71|0x00000000e4700000, 0x00000000e4700000, 0x00000000e4800000|  0%| F|  |TAMS 0x00000000e4700000| PB 0x00000000e4700000| Untracked 
|  72|0x00000000e4800000, 0x00000000e4800000, 0x00000000e4900000|  0%| F|  |TAMS 0x00000000e4800000| PB 0x00000000e4800000| Untracked 
|  73|0x00000000e4900000, 0x00000000e4900000, 0x00000000e4a00000|  0%| F|  |TAMS 0x00000000e4900000| PB 0x00000000e4900000| Untracked 
|  74|0x00000000e4a00000, 0x00000000e4a00000, 0x00000000e4b00000|  0%| F|  |TAMS 0x00000000e4a00000| PB 0x00000000e4a00000| Untracked 
|  75|0x00000000e4b00000, 0x00000000e4b00000, 0x00000000e4c00000|  0%| F|  |TAMS 0x00000000e4b00000| PB 0x00000000e4b00000| Untracked 
|  76|0x00000000e4c00000, 0x00000000e4c00000, 0x00000000e4d00000|  0%| F|  |TAMS 0x00000000e4c00000| PB 0x00000000e4c00000| Untracked 
|  77|0x00000000e4d00000, 0x00000000e4d00000, 0x00000000e4e00000|  0%| F|  |TAMS 0x00000000e4d00000| PB 0x00000000e4d00000| Untracked 
|  78|0x00000000e4e00000, 0x00000000e4e00000, 0x00000000e4f00000|  0%| F|  |TAMS 0x00000000e4e00000| PB 0x00000000e4e00000| Untracked 
|  79|0x00000000e4f00000, 0x00000000e4f00000, 0x00000000e5000000|  0%| F|  |TAMS 0x00000000e4f00000| PB 0x00000000e4f00000| Untracked 
|  80|0x00000000e5000000, 0x00000000e5000000, 0x00000000e5100000|  0%| F|  |TAMS 0x00000000e5000000| PB 0x00000000e5000000| Untracked 
|  81|0x00000000e5100000, 0x00000000e5100000, 0x00000000e5200000|  0%| F|  |TAMS 0x00000000e5100000| PB 0x00000000e5100000| Untracked 
|  82|0x00000000e5200000, 0x00000000e5200000, 0x00000000e5300000|  0%| F|  |TAMS 0x00000000e5200000| PB 0x00000000e5200000| Untracked 
|  83|0x00000000e5300000, 0x00000000e5300000, 0x00000000e5400000|  0%| F|  |TAMS 0x00000000e5300000| PB 0x00000000e5300000| Untracked 
|  84|0x00000000e5400000, 0x00000000e5400000, 0x00000000e5500000|  0%| F|  |TAMS 0x00000000e5400000| PB 0x00000000e5400000| Untracked 
|  85|0x00000000e5500000, 0x00000000e5500000, 0x00000000e5600000|  0%| F|  |TAMS 0x00000000e5500000| PB 0x00000000e5500000| Untracked 
|  86|0x00000000e5600000, 0x00000000e5600000, 0x00000000e5700000|  0%| F|  |TAMS 0x00000000e5600000| PB 0x00000000e5600000| Untracked 
|  87|0x00000000e5700000, 0x00000000e5700000, 0x00000000e5800000|  0%| F|  |TAMS 0x00000000e5700000| PB 0x00000000e5700000| Untracked 
|  88|0x00000000e5800000, 0x00000000e5800000, 0x00000000e5900000|  0%| F|  |TAMS 0x00000000e5800000| PB 0x00000000e5800000| Untracked 
|  89|0x00000000e5900000, 0x00000000e5900000, 0x00000000e5a00000|  0%| F|  |TAMS 0x00000000e5900000| PB 0x00000000e5900000| Untracked 
|  90|0x00000000e5a00000, 0x00000000e5a00000, 0x00000000e5b00000|  0%| F|  |TAMS 0x00000000e5a00000| PB 0x00000000e5a00000| Untracked 
|  91|0x00000000e5b00000, 0x00000000e5b00000, 0x00000000e5c00000|  0%| F|  |TAMS 0x00000000e5b00000| PB 0x00000000e5b00000| Untracked 
|  92|0x00000000e5c00000, 0x00000000e5c00000, 0x00000000e5d00000|  0%| F|  |TAMS 0x00000000e5c00000| PB 0x00000000e5c00000| Untracked 
|  93|0x00000000e5d00000, 0x00000000e5d00000, 0x00000000e5e00000|  0%| F|  |TAMS 0x00000000e5d00000| PB 0x00000000e5d00000| Untracked 
|  94|0x00000000e5e00000, 0x00000000e5e00000, 0x00000000e5f00000|  0%| F|  |TAMS 0x00000000e5e00000| PB 0x00000000e5e00000| Untracked 
|  95|0x00000000e5f00000, 0x00000000e5f00000, 0x00000000e6000000|  0%| F|  |TAMS 0x00000000e5f00000| PB 0x00000000e5f00000| Untracked 
|  96|0x00000000e6000000, 0x00000000e6000000, 0x00000000e6100000|  0%| F|  |TAMS 0x00000000e6000000| PB 0x00000000e6000000| Untracked 
|  97|0x00000000e6100000, 0x00000000e6100000, 0x00000000e6200000|  0%| F|  |TAMS 0x00000000e6100000| PB 0x00000000e6100000| Untracked 
|  98|0x00000000e6200000, 0x00000000e6200000, 0x00000000e6300000|  0%| F|  |TAMS 0x00000000e6200000| PB 0x00000000e6200000| Untracked 
|  99|0x00000000e6300000, 0x00000000e6300000, 0x00000000e6400000|  0%| F|  |TAMS 0x00000000e6300000| PB 0x00000000e6300000| Untracked 
| 100|0x00000000e6400000, 0x00000000e6400000, 0x00000000e6500000|  0%| F|  |TAMS 0x00000000e6400000| PB 0x00000000e6400000| Untracked 
| 101|0x00000000e6500000, 0x00000000e6500000, 0x00000000e6600000|  0%| F|  |TAMS 0x00000000e6500000| PB 0x00000000e6500000| Untracked 
| 102|0x00000000e6600000, 0x00000000e6600000, 0x00000000e6700000|  0%| F|  |TAMS 0x00000000e6600000| PB 0x00000000e6600000| Untracked 
| 103|0x00000000e6700000, 0x00000000e6700000, 0x00000000e6800000|  0%| F|  |TAMS 0x00000000e6700000| PB 0x00000000e6700000| Untracked 
| 104|0x00000000e6800000, 0x00000000e6800000, 0x00000000e6900000|  0%| F|  |TAMS 0x00000000e6800000| PB 0x00000000e6800000| Untracked 
| 105|0x00000000e6900000, 0x00000000e6900000, 0x00000000e6a00000|  0%| F|  |TAMS 0x00000000e6900000| PB 0x00000000e6900000| Untracked 
| 106|0x00000000e6a00000, 0x00000000e6a00000, 0x00000000e6b00000|  0%| F|  |TAMS 0x00000000e6a00000| PB 0x00000000e6a00000| Untracked 
| 107|0x00000000e6b00000, 0x00000000e6b00000, 0x00000000e6c00000|  0%| F|  |TAMS 0x00000000e6b00000| PB 0x00000000e6b00000| Untracked 
| 108|0x00000000e6c00000, 0x00000000e6c00000, 0x00000000e6d00000|  0%| F|  |TAMS 0x00000000e6c00000| PB 0x00000000e6c00000| Untracked 
| 109|0x00000000e6d00000, 0x00000000e6d00000, 0x00000000e6e00000|  0%| F|  |TAMS 0x00000000e6d00000| PB 0x00000000e6d00000| Untracked 
| 110|0x00000000e6e00000, 0x00000000e6e00000, 0x00000000e6f00000|  0%| F|  |TAMS 0x00000000e6e00000| PB 0x00000000e6e00000| Untracked 
| 111|0x00000000e6f00000, 0x00000000e6f00000, 0x00000000e7000000|  0%| F|  |TAMS 0x00000000e6f00000| PB 0x00000000e6f00000| Untracked 
| 112|0x00000000e7000000, 0x00000000e7000000, 0x00000000e7100000|  0%| F|  |TAMS 0x00000000e7000000| PB 0x00000000e7000000| Untracked 
| 113|0x00000000e7100000, 0x00000000e7100000, 0x00000000e7200000|  0%| F|  |TAMS 0x00000000e7100000| PB 0x00000000e7100000| Untracked 
| 114|0x00000000e7200000, 0x00000000e7200000, 0x00000000e7300000|  0%| F|  |TAMS 0x00000000e7200000| PB 0x00000000e7200000| Untracked 
| 115|0x00000000e7300000, 0x00000000e7300000, 0x00000000e7400000|  0%| F|  |TAMS 0x00000000e7300000| PB 0x00000000e7300000| Untracked 
| 116|0x00000000e7400000, 0x00000000e7400000, 0x00000000e7500000|  0%| F|  |TAMS 0x00000000e7400000| PB 0x00000000e7400000| Untracked 
| 117|0x00000000e7500000, 0x00000000e7500000, 0x00000000e7600000|  0%| F|  |TAMS 0x00000000e7500000| PB 0x00000000e7500000| Untracked 
| 118|0x00000000e7600000, 0x00000000e7600000, 0x00000000e7700000|  0%| F|  |TAMS 0x00000000e7600000| PB 0x00000000e7600000| Untracked 
| 119|0x00000000e7700000, 0x00000000e7700000, 0x00000000e7800000|  0%| F|  |TAMS 0x00000000e7700000| PB 0x00000000e7700000| Untracked 
| 120|0x00000000e7800000, 0x00000000e7800000, 0x00000000e7900000|  0%| F|  |TAMS 0x00000000e7800000| PB 0x00000000e7800000| Untracked 
| 121|0x00000000e7900000, 0x00000000e7900000, 0x00000000e7a00000|  0%| F|  |TAMS 0x00000000e7900000| PB 0x00000000e7900000| Untracked 
| 122|0x00000000e7a00000, 0x00000000e7a00000, 0x00000000e7b00000|  0%| F|  |TAMS 0x00000000e7a00000| PB 0x00000000e7a00000| Untracked 
| 123|0x00000000e7b00000, 0x00000000e7b00000, 0x00000000e7c00000|  0%| F|  |TAMS 0x00000000e7b00000| PB 0x00000000e7b00000| Untracked 
| 124|0x00000000e7c00000, 0x00000000e7c00000, 0x00000000e7d00000|  0%| F|  |TAMS 0x00000000e7c00000| PB 0x00000000e7c00000| Untracked 
| 125|0x00000000e7d00000, 0x00000000e7d00000, 0x00000000e7e00000|  0%| F|  |TAMS 0x00000000e7d00000| PB 0x00000000e7d00000| Untracked 
| 126|0x00000000e7e00000, 0x00000000e7e00000, 0x00000000e7f00000|  0%| F|  |TAMS 0x00000000e7e00000| PB 0x00000000e7e00000| Untracked 
| 127|0x00000000e7f00000, 0x00000000e7f00000, 0x00000000e8000000|  0%| F|  |TAMS 0x00000000e7f00000| PB 0x00000000e7f00000| Untracked 
| 128|0x00000000e8000000, 0x00000000e8000000, 0x00000000e8100000|  0%| F|  |TAMS 0x00000000e8000000| PB 0x00000000e8000000| Untracked 
| 129|0x00000000e8100000, 0x00000000e8100000, 0x00000000e8200000|  0%| F|  |TAMS 0x00000000e8100000| PB 0x00000000e8100000| Untracked 
| 130|0x00000000e8200000, 0x00000000e8200000, 0x00000000e8300000|  0%| F|  |TAMS 0x00000000e8200000| PB 0x00000000e8200000| Untracked 
| 131|0x00000000e8300000, 0x00000000e8300000, 0x00000000e8400000|  0%| F|  |TAMS 0x00000000e8300000| PB 0x00000000e8300000| Untracked 
| 132|0x00000000e8400000, 0x00000000e8424280, 0x00000000e8500000| 14%| S|CS|TAMS 0x00000000e8400000| PB 0x00000000e8400000| Complete 
| 133|0x00000000e8500000, 0x00000000e8600000, 0x00000000e8600000|100%| S|CS|TAMS 0x00000000e8500000| PB 0x00000000e8500000| Complete 
| 134|0x00000000e8600000, 0x00000000e8700000, 0x00000000e8700000|100%| S|CS|TAMS 0x00000000e8600000| PB 0x00000000e8600000| Complete 
| 135|0x00000000e8700000, 0x00000000e8800000, 0x00000000e8800000|100%| S|CS|TAMS 0x00000000e8700000| PB 0x00000000e8700000| Complete 
| 136|0x00000000e8800000, 0x00000000e8900000, 0x00000000e8900000|100%| S|CS|TAMS 0x00000000e8800000| PB 0x00000000e8800000| Complete 
| 137|0x00000000e8900000, 0x00000000e8a00000, 0x00000000e8a00000|100%| S|CS|TAMS 0x00000000e8900000| PB 0x00000000e8900000| Complete 
| 138|0x00000000e8a00000, 0x00000000e8b00000, 0x00000000e8b00000|100%| S|CS|TAMS 0x00000000e8a00000| PB 0x00000000e8a00000| Complete 
| 139|0x00000000e8b00000, 0x00000000e8c00000, 0x00000000e8c00000|100%| S|CS|TAMS 0x00000000e8b00000| PB 0x00000000e8b00000| Complete 
| 140|0x00000000e8c00000, 0x00000000e8d00000, 0x00000000e8d00000|100%| S|CS|TAMS 0x00000000e8c00000| PB 0x00000000e8c00000| Complete 
| 141|0x00000000e8d00000, 0x00000000e8e00000, 0x00000000e8e00000|100%| S|CS|TAMS 0x00000000e8d00000| PB 0x00000000e8d00000| Complete 
| 142|0x00000000e8e00000, 0x00000000e8f00000, 0x00000000e8f00000|100%| S|CS|TAMS 0x00000000e8e00000| PB 0x00000000e8e00000| Complete 
| 143|0x00000000e8f00000, 0x00000000e9000000, 0x00000000e9000000|100%| S|CS|TAMS 0x00000000e8f00000| PB 0x00000000e8f00000| Complete 
| 144|0x00000000e9000000, 0x00000000e9100000, 0x00000000e9100000|100%| S|CS|TAMS 0x00000000e9000000| PB 0x00000000e9000000| Complete 
| 145|0x00000000e9100000, 0x00000000e9100000, 0x00000000e9200000|  0%| F|  |TAMS 0x00000000e9100000| PB 0x00000000e9100000| Untracked 
| 146|0x00000000e9200000, 0x00000000e9200000, 0x00000000e9300000|  0%| F|  |TAMS 0x00000000e9200000| PB 0x00000000e9200000| Untracked 
| 147|0x00000000e9300000, 0x00000000e9300000, 0x00000000e9400000|  0%| F|  |TAMS 0x00000000e9300000| PB 0x00000000e9300000| Untracked 
| 148|0x00000000e9400000, 0x00000000e9400000, 0x00000000e9500000|  0%| F|  |TAMS 0x00000000e9400000| PB 0x00000000e9400000| Untracked 
| 149|0x00000000e9500000, 0x00000000e9500000, 0x00000000e9600000|  0%| F|  |TAMS 0x00000000e9500000| PB 0x00000000e9500000| Untracked 
| 150|0x00000000e9600000, 0x00000000e9600000, 0x00000000e9700000|  0%| F|  |TAMS 0x00000000e9600000| PB 0x00000000e9600000| Untracked 
| 151|0x00000000e9700000, 0x00000000e9700000, 0x00000000e9800000|  0%| F|  |TAMS 0x00000000e9700000| PB 0x00000000e9700000| Untracked 
| 152|0x00000000e9800000, 0x00000000e9800000, 0x00000000e9900000|  0%| F|  |TAMS 0x00000000e9800000| PB 0x00000000e9800000| Untracked 
| 153|0x00000000e9900000, 0x00000000e9900000, 0x00000000e9a00000|  0%| F|  |TAMS 0x00000000e9900000| PB 0x00000000e9900000| Untracked 
| 154|0x00000000e9a00000, 0x00000000e9a00000, 0x00000000e9b00000|  0%| F|  |TAMS 0x00000000e9a00000| PB 0x00000000e9a00000| Untracked 
| 155|0x00000000e9b00000, 0x00000000e9b00000, 0x00000000e9c00000|  0%| F|  |TAMS 0x00000000e9b00000| PB 0x00000000e9b00000| Untracked 
| 156|0x00000000e9c00000, 0x00000000e9c00000, 0x00000000e9d00000|  0%| F|  |TAMS 0x00000000e9c00000| PB 0x00000000e9c00000| Untracked 
| 157|0x00000000e9d00000, 0x00000000e9d00000, 0x00000000e9e00000|  0%| F|  |TAMS 0x00000000e9d00000| PB 0x00000000e9d00000| Untracked 
| 158|0x00000000e9e00000, 0x00000000e9e00000, 0x00000000e9f00000|  0%| F|  |TAMS 0x00000000e9e00000| PB 0x00000000e9e00000| Untracked 
| 159|0x00000000e9f00000, 0x00000000e9f00000, 0x00000000ea000000|  0%| F|  |TAMS 0x00000000e9f00000| PB 0x00000000e9f00000| Untracked 
| 160|0x00000000ea000000, 0x00000000ea000000, 0x00000000ea100000|  0%| F|  |TAMS 0x00000000ea000000| PB 0x00000000ea000000| Untracked 
| 161|0x00000000ea100000, 0x00000000ea100000, 0x00000000ea200000|  0%| F|  |TAMS 0x00000000ea100000| PB 0x00000000ea100000| Untracked 
| 162|0x00000000ea200000, 0x00000000ea200000, 0x00000000ea300000|  0%| F|  |TAMS 0x00000000ea200000| PB 0x00000000ea200000| Untracked 
| 163|0x00000000ea300000, 0x00000000ea300000, 0x00000000ea400000|  0%| F|  |TAMS 0x00000000ea300000| PB 0x00000000ea300000| Untracked 
| 164|0x00000000ea400000, 0x00000000ea400000, 0x00000000ea500000|  0%| F|  |TAMS 0x00000000ea400000| PB 0x00000000ea400000| Untracked 
| 165|0x00000000ea500000, 0x00000000ea500000, 0x00000000ea600000|  0%| F|  |TAMS 0x00000000ea500000| PB 0x00000000ea500000| Untracked 
| 166|0x00000000ea600000, 0x00000000ea600000, 0x00000000ea700000|  0%| F|  |TAMS 0x00000000ea600000| PB 0x00000000ea600000| Untracked 
| 167|0x00000000ea700000, 0x00000000ea700000, 0x00000000ea800000|  0%| F|  |TAMS 0x00000000ea700000| PB 0x00000000ea700000| Untracked 
| 168|0x00000000ea800000, 0x00000000ea800000, 0x00000000ea900000|  0%| F|  |TAMS 0x00000000ea800000| PB 0x00000000ea800000| Untracked 
| 169|0x00000000ea900000, 0x00000000ea900000, 0x00000000eaa00000|  0%| F|  |TAMS 0x00000000ea900000| PB 0x00000000ea900000| Untracked 
| 170|0x00000000eaa00000, 0x00000000eaa00000, 0x00000000eab00000|  0%| F|  |TAMS 0x00000000eaa00000| PB 0x00000000eaa00000| Untracked 
| 171|0x00000000eab00000, 0x00000000eab00000, 0x00000000eac00000|  0%| F|  |TAMS 0x00000000eab00000| PB 0x00000000eab00000| Untracked 
| 172|0x00000000eac00000, 0x00000000eac00000, 0x00000000ead00000|  0%| F|  |TAMS 0x00000000eac00000| PB 0x00000000eac00000| Untracked 
| 173|0x00000000ead00000, 0x00000000ead00000, 0x00000000eae00000|  0%| F|  |TAMS 0x00000000ead00000| PB 0x00000000ead00000| Untracked 
| 174|0x00000000eae00000, 0x00000000eae00000, 0x00000000eaf00000|  0%| F|  |TAMS 0x00000000eae00000| PB 0x00000000eae00000| Untracked 
| 175|0x00000000eaf00000, 0x00000000eaf00000, 0x00000000eb000000|  0%| F|  |TAMS 0x00000000eaf00000| PB 0x00000000eaf00000| Untracked 
| 176|0x00000000eb000000, 0x00000000eb000000, 0x00000000eb100000|  0%| F|  |TAMS 0x00000000eb000000| PB 0x00000000eb000000| Untracked 
| 177|0x00000000eb100000, 0x00000000eb100000, 0x00000000eb200000|  0%| F|  |TAMS 0x00000000eb100000| PB 0x00000000eb100000| Untracked 
| 178|0x00000000eb200000, 0x00000000eb200000, 0x00000000eb300000|  0%| F|  |TAMS 0x00000000eb200000| PB 0x00000000eb200000| Untracked 
| 179|0x00000000eb300000, 0x00000000eb300000, 0x00000000eb400000|  0%| F|  |TAMS 0x00000000eb300000| PB 0x00000000eb300000| Untracked 
| 180|0x00000000eb400000, 0x00000000eb400000, 0x00000000eb500000|  0%| F|  |TAMS 0x00000000eb400000| PB 0x00000000eb400000| Untracked 
| 181|0x00000000eb500000, 0x00000000eb500000, 0x00000000eb600000|  0%| F|  |TAMS 0x00000000eb500000| PB 0x00000000eb500000| Untracked 
| 182|0x00000000eb600000, 0x00000000eb600000, 0x00000000eb700000|  0%| F|  |TAMS 0x00000000eb600000| PB 0x00000000eb600000| Untracked 
| 183|0x00000000eb700000, 0x00000000eb700000, 0x00000000eb800000|  0%| F|  |TAMS 0x00000000eb700000| PB 0x00000000eb700000| Untracked 
| 184|0x00000000eb800000, 0x00000000eb800000, 0x00000000eb900000|  0%| F|  |TAMS 0x00000000eb800000| PB 0x00000000eb800000| Untracked 
| 185|0x00000000eb900000, 0x00000000eb900000, 0x00000000eba00000|  0%| F|  |TAMS 0x00000000eb900000| PB 0x00000000eb900000| Untracked 
| 186|0x00000000eba00000, 0x00000000eba00000, 0x00000000ebb00000|  0%| F|  |TAMS 0x00000000eba00000| PB 0x00000000eba00000| Untracked 
| 187|0x00000000ebb00000, 0x00000000ebb00000, 0x00000000ebc00000|  0%| F|  |TAMS 0x00000000ebb00000| PB 0x00000000ebb00000| Untracked 
| 188|0x00000000ebc00000, 0x00000000ebc00000, 0x00000000ebd00000|  0%| F|  |TAMS 0x00000000ebc00000| PB 0x00000000ebc00000| Untracked 
| 189|0x00000000ebd00000, 0x00000000ebd00000, 0x00000000ebe00000|  0%| F|  |TAMS 0x00000000ebd00000| PB 0x00000000ebd00000| Untracked 
| 190|0x00000000ebe00000, 0x00000000ebe00000, 0x00000000ebf00000|  0%| F|  |TAMS 0x00000000ebe00000| PB 0x00000000ebe00000| Untracked 
| 191|0x00000000ebf00000, 0x00000000ebf00000, 0x00000000ec000000|  0%| F|  |TAMS 0x00000000ebf00000| PB 0x00000000ebf00000| Untracked 
| 192|0x00000000ec000000, 0x00000000ec000000, 0x00000000ec100000|  0%| F|  |TAMS 0x00000000ec000000| PB 0x00000000ec000000| Untracked 
| 193|0x00000000ec100000, 0x00000000ec100000, 0x00000000ec200000|  0%| F|  |TAMS 0x00000000ec100000| PB 0x00000000ec100000| Untracked 
| 194|0x00000000ec200000, 0x00000000ec200000, 0x00000000ec300000|  0%| F|  |TAMS 0x00000000ec200000| PB 0x00000000ec200000| Untracked 
| 195|0x00000000ec300000, 0x00000000ec300000, 0x00000000ec400000|  0%| F|  |TAMS 0x00000000ec300000| PB 0x00000000ec300000| Untracked 
| 196|0x00000000ec400000, 0x00000000ec400000, 0x00000000ec500000|  0%| F|  |TAMS 0x00000000ec400000| PB 0x00000000ec400000| Untracked 
| 197|0x00000000ec500000, 0x00000000ec500000, 0x00000000ec600000|  0%| F|  |TAMS 0x00000000ec500000| PB 0x00000000ec500000| Untracked 
| 198|0x00000000ec600000, 0x00000000ec600000, 0x00000000ec700000|  0%| F|  |TAMS 0x00000000ec600000| PB 0x00000000ec600000| Untracked 
| 199|0x00000000ec700000, 0x00000000ec700000, 0x00000000ec800000|  0%| F|  |TAMS 0x00000000ec700000| PB 0x00000000ec700000| Untracked 
| 200|0x00000000ec800000, 0x00000000ec800000, 0x00000000ec900000|  0%| F|  |TAMS 0x00000000ec800000| PB 0x00000000ec800000| Untracked 
| 201|0x00000000ec900000, 0x00000000ec900000, 0x00000000eca00000|  0%| F|  |TAMS 0x00000000ec900000| PB 0x00000000ec900000| Untracked 
| 202|0x00000000eca00000, 0x00000000eca00000, 0x00000000ecb00000|  0%| F|  |TAMS 0x00000000eca00000| PB 0x00000000eca00000| Untracked 
| 203|0x00000000ecb00000, 0x00000000ecb00000, 0x00000000ecc00000|  0%| F|  |TAMS 0x00000000ecb00000| PB 0x00000000ecb00000| Untracked 
| 204|0x00000000ecc00000, 0x00000000ecc00000, 0x00000000ecd00000|  0%| F|  |TAMS 0x00000000ecc00000| PB 0x00000000ecc00000| Untracked 
| 205|0x00000000ecd00000, 0x00000000ecd00000, 0x00000000ece00000|  0%| F|  |TAMS 0x00000000ecd00000| PB 0x00000000ecd00000| Untracked 
| 206|0x00000000ece00000, 0x00000000ece00000, 0x00000000ecf00000|  0%| F|  |TAMS 0x00000000ece00000| PB 0x00000000ece00000| Untracked 
| 207|0x00000000ecf00000, 0x00000000ecf00000, 0x00000000ed000000|  0%| F|  |TAMS 0x00000000ecf00000| PB 0x00000000ecf00000| Untracked 
| 208|0x00000000ed000000, 0x00000000ed000000, 0x00000000ed100000|  0%| F|  |TAMS 0x00000000ed000000| PB 0x00000000ed000000| Untracked 
| 209|0x00000000ed100000, 0x00000000ed100000, 0x00000000ed200000|  0%| F|  |TAMS 0x00000000ed100000| PB 0x00000000ed100000| Untracked 
| 210|0x00000000ed200000, 0x00000000ed200000, 0x00000000ed300000|  0%| F|  |TAMS 0x00000000ed200000| PB 0x00000000ed200000| Untracked 
| 211|0x00000000ed300000, 0x00000000ed300000, 0x00000000ed400000|  0%| F|  |TAMS 0x00000000ed300000| PB 0x00000000ed300000| Untracked 
| 212|0x00000000ed400000, 0x00000000ed400000, 0x00000000ed500000|  0%| F|  |TAMS 0x00000000ed400000| PB 0x00000000ed400000| Untracked 
| 213|0x00000000ed500000, 0x00000000ed500000, 0x00000000ed600000|  0%| F|  |TAMS 0x00000000ed500000| PB 0x00000000ed500000| Untracked 
| 214|0x00000000ed600000, 0x00000000ed700000, 0x00000000ed700000|100%| E|  |TAMS 0x00000000ed600000| PB 0x00000000ed600000| Complete 
| 215|0x00000000ed700000, 0x00000000ed800000, 0x00000000ed800000|100%| E|CS|TAMS 0x00000000ed700000| PB 0x00000000ed700000| Complete 
| 216|0x00000000ed800000, 0x00000000ed900000, 0x00000000ed900000|100%| E|CS|TAMS 0x00000000ed800000| PB 0x00000000ed800000| Complete 
| 217|0x00000000ed900000, 0x00000000eda00000, 0x00000000eda00000|100%| E|CS|TAMS 0x00000000ed900000| PB 0x00000000ed900000| Complete 
| 218|0x00000000eda00000, 0x00000000edb00000, 0x00000000edb00000|100%| E|CS|TAMS 0x00000000eda00000| PB 0x00000000eda00000| Complete 
| 219|0x00000000edb00000, 0x00000000edc00000, 0x00000000edc00000|100%| E|CS|TAMS 0x00000000edb00000| PB 0x00000000edb00000| Complete 
| 220|0x00000000edc00000, 0x00000000edd00000, 0x00000000edd00000|100%| E|CS|TAMS 0x00000000edc00000| PB 0x00000000edc00000| Complete 
| 221|0x00000000edd00000, 0x00000000ede00000, 0x00000000ede00000|100%| E|CS|TAMS 0x00000000edd00000| PB 0x00000000edd00000| Complete 
| 222|0x00000000ede00000, 0x00000000edf00000, 0x00000000edf00000|100%| E|CS|TAMS 0x00000000ede00000| PB 0x00000000ede00000| Complete 
| 223|0x00000000edf00000, 0x00000000ee000000, 0x00000000ee000000|100%| E|CS|TAMS 0x00000000edf00000| PB 0x00000000edf00000| Complete 
| 224|0x00000000ee000000, 0x00000000ee100000, 0x00000000ee100000|100%| E|CS|TAMS 0x00000000ee000000| PB 0x00000000ee000000| Complete 
| 225|0x00000000ee100000, 0x00000000ee200000, 0x00000000ee200000|100%| E|CS|TAMS 0x00000000ee100000| PB 0x00000000ee100000| Complete 
| 226|0x00000000ee200000, 0x00000000ee300000, 0x00000000ee300000|100%| E|CS|TAMS 0x00000000ee200000| PB 0x00000000ee200000| Complete 
| 227|0x00000000ee300000, 0x00000000ee400000, 0x00000000ee400000|100%| E|CS|TAMS 0x00000000ee300000| PB 0x00000000ee300000| Complete 
| 228|0x00000000ee400000, 0x00000000ee500000, 0x00000000ee500000|100%| E|CS|TAMS 0x00000000ee400000| PB 0x00000000ee400000| Complete 
| 229|0x00000000ee500000, 0x00000000ee600000, 0x00000000ee600000|100%| E|CS|TAMS 0x00000000ee500000| PB 0x00000000ee500000| Complete 
| 230|0x00000000ee600000, 0x00000000ee700000, 0x00000000ee700000|100%| E|CS|TAMS 0x00000000ee600000| PB 0x00000000ee600000| Complete 
| 231|0x00000000ee700000, 0x00000000ee800000, 0x00000000ee800000|100%| E|CS|TAMS 0x00000000ee700000| PB 0x00000000ee700000| Complete 
| 232|0x00000000ee800000, 0x00000000ee900000, 0x00000000ee900000|100%| E|CS|TAMS 0x00000000ee800000| PB 0x00000000ee800000| Complete 
| 233|0x00000000ee900000, 0x00000000eea00000, 0x00000000eea00000|100%| E|CS|TAMS 0x00000000ee900000| PB 0x00000000ee900000| Complete 
| 234|0x00000000eea00000, 0x00000000eeb00000, 0x00000000eeb00000|100%| E|CS|TAMS 0x00000000eea00000| PB 0x00000000eea00000| Complete 
| 235|0x00000000eeb00000, 0x00000000eec00000, 0x00000000eec00000|100%| E|CS|TAMS 0x00000000eeb00000| PB 0x00000000eeb00000| Complete 
| 236|0x00000000eec00000, 0x00000000eed00000, 0x00000000eed00000|100%| E|CS|TAMS 0x00000000eec00000| PB 0x00000000eec00000| Complete 
| 237|0x00000000eed00000, 0x00000000eee00000, 0x00000000eee00000|100%| E|CS|TAMS 0x00000000eed00000| PB 0x00000000eed00000| Complete 
| 238|0x00000000eee00000, 0x00000000eef00000, 0x00000000eef00000|100%| E|CS|TAMS 0x00000000eee00000| PB 0x00000000eee00000| Complete 
| 239|0x00000000eef00000, 0x00000000ef000000, 0x00000000ef000000|100%| E|CS|TAMS 0x00000000eef00000| PB 0x00000000eef00000| Complete 
| 240|0x00000000ef000000, 0x00000000ef100000, 0x00000000ef100000|100%| E|CS|TAMS 0x00000000ef000000| PB 0x00000000ef000000| Complete 
| 241|0x00000000ef100000, 0x00000000ef200000, 0x00000000ef200000|100%| E|CS|TAMS 0x00000000ef100000| PB 0x00000000ef100000| Complete 
| 242|0x00000000ef200000, 0x00000000ef300000, 0x00000000ef300000|100%| E|CS|TAMS 0x00000000ef200000| PB 0x00000000ef200000| Complete 
| 243|0x00000000ef300000, 0x00000000ef400000, 0x00000000ef400000|100%| E|CS|TAMS 0x00000000ef300000| PB 0x00000000ef300000| Complete 
| 244|0x00000000ef400000, 0x00000000ef500000, 0x00000000ef500000|100%| E|CS|TAMS 0x00000000ef400000| PB 0x00000000ef400000| Complete 
| 245|0x00000000ef500000, 0x00000000ef600000, 0x00000000ef600000|100%| E|CS|TAMS 0x00000000ef500000| PB 0x00000000ef500000| Complete 
| 246|0x00000000ef600000, 0x00000000ef700000, 0x00000000ef700000|100%| E|CS|TAMS 0x00000000ef600000| PB 0x00000000ef600000| Complete 
| 247|0x00000000ef700000, 0x00000000ef800000, 0x00000000ef800000|100%| E|CS|TAMS 0x00000000ef700000| PB 0x00000000ef700000| Complete 
| 248|0x00000000ef800000, 0x00000000ef900000, 0x00000000ef900000|100%| E|CS|TAMS 0x00000000ef800000| PB 0x00000000ef800000| Complete 
| 249|0x00000000ef900000, 0x00000000efa00000, 0x00000000efa00000|100%| E|CS|TAMS 0x00000000ef900000| PB 0x00000000ef900000| Complete 
| 250|0x00000000efa00000, 0x00000000efb00000, 0x00000000efb00000|100%| E|CS|TAMS 0x00000000efa00000| PB 0x00000000efa00000| Complete 
| 251|0x00000000efb00000, 0x00000000efc00000, 0x00000000efc00000|100%| E|CS|TAMS 0x00000000efb00000| PB 0x00000000efb00000| Complete 
| 252|0x00000000efc00000, 0x00000000efd00000, 0x00000000efd00000|100%| E|CS|TAMS 0x00000000efc00000| PB 0x00000000efc00000| Complete 
| 253|0x00000000efd00000, 0x00000000efe00000, 0x00000000efe00000|100%| E|CS|TAMS 0x00000000efd00000| PB 0x00000000efd00000| Complete 
| 254|0x00000000efe00000, 0x00000000eff00000, 0x00000000eff00000|100%| E|CS|TAMS 0x00000000efe00000| PB 0x00000000efe00000| Complete 
| 255|0x00000000eff00000, 0x00000000f0000000, 0x00000000f0000000|100%| E|CS|TAMS 0x00000000eff00000| PB 0x00000000eff00000| Complete 

Card table byte_map: [0x00000228367d0000,0x00000228368d0000] _byte_map_base: 0x00000228360d0000

Marking Bits: (CMBitMap*) 0x000002281ee06290
 Bits: [0x00000228368d0000, 0x00000228370d0000)

Polling page: 0x000002281cc00000

Metaspace:

Usage:
  Non-class:     22.14 MB used.
      Class:      3.68 MB used.
       Both:     25.82 MB used.

Virtual space:
  Non-class space:       64.00 MB reserved,      22.62 MB ( 35%) committed,  1 nodes.
      Class space:      320.00 MB reserved,       4.12 MB (  1%) committed,  1 nodes.
             Both:      384.00 MB reserved,      26.75 MB (  7%) committed. 

Chunk freelists:
   Non-Class:  8.67 MB
       Class:  11.69 MB
        Both:  20.36 MB

MaxMetaspaceSize: 384.00 MB
CompressedClassSpaceSize: 320.00 MB
Initial GC threshold: 21.00 MB
Current GC threshold: 35.12 MB
CDS: on
 - commit_granule_bytes: 65536.
 - commit_granule_words: 8192.
 - virtual_space_node_default_size: 8388608.
 - enlarge_chunks_in_place: 1.
 - use_allocation_guard: 0.


Internal statistics:

num_allocs_failed_limit: 3.
num_arena_births: 1500.
num_arena_deaths: 0.
num_vsnodes_births: 2.
num_vsnodes_deaths: 0.
num_space_committed: 428.
num_space_uncommitted: 0.
num_chunks_returned_to_freelist: 3.
num_chunks_taken_from_freelist: 2638.
num_chunk_merges: 3.
num_chunk_splits: 1730.
num_chunks_enlarged: 1096.
num_inconsistent_stats: 0.

CodeHeap 'non-profiled nmethods': size=120000Kb used=1881Kb max_used=1881Kb free=118118Kb
 bounds [0x000002282ed50000, 0x000002282efc0000, 0x0000022836280000]
CodeHeap 'profiled nmethods': size=120000Kb used=6958Kb max_used=6958Kb free=113041Kb
 bounds [0x0000022827280000, 0x0000022827950000, 0x000002282e7b0000]
CodeHeap 'non-nmethods': size=5760Kb used=1528Kb max_used=1556Kb free=4231Kb
 bounds [0x000002282e7b0000, 0x000002282ea20000, 0x000002282ed50000]
 total_blobs=4142 nmethods=3547 adapters=499
 compilation: enabled
              stopped_count=0, restarted_count=0
 full_count=0

Compilation events (20 events):
Event: 30.595 Thread 0x0000022853013780 3537       3       java.util.stream.AbstractPipeline::copyInto (54 bytes)
Event: 30.596 Thread 0x0000022853013780 nmethod 3537 0x0000022827948910 code [0x0000022827948b40, 0x0000022827949278]
Event: 30.598 Thread 0x000002285300f360 3538       4       java.lang.invoke.MethodType::equals (56 bytes)
Event: 30.604 Thread 0x000002285300f360 nmethod 3538 0x000002282ef22e10 code [0x000002282ef22fc0, 0x000002282ef232c0]
Event: 30.693 Thread 0x0000022853013780 3539       3       java.util.concurrent.ConcurrentHashMap$EntryIterator::next (5 bytes)
Event: 30.694 Thread 0x0000022853013780 nmethod 3539 0x0000022827949490 code [0x0000022827949640, 0x0000022827949778]
Event: 30.694 Thread 0x0000022853013780 3540       3       java.util.concurrent.ConcurrentHashMap$MapEntry::<init> (20 bytes)
Event: 30.694 Thread 0x0000022853013780 nmethod 3540 0x0000022827949810 code [0x00000228279499c0, 0x0000022827949c40]
Event: 30.694 Thread 0x0000022853013780 3541       3       org.gradle.internal.logging.slf4j.OutputEventListenerBackedLogger::isDebugEnabled (5 bytes)
Event: 30.694 Thread 0x0000022853013780 nmethod 3541 0x0000022827949d10 code [0x0000022827949ee0, 0x000002282794a2d0]
Event: 30.694 Thread 0x0000022853013780 3542       3       org.gradle.internal.logging.slf4j.BuildOperationAwareLogger::isDebugEnabled (8 bytes)
Event: 30.694 Thread 0x0000022853013780 nmethod 3542 0x000002282794a490 code [0x000002282794a640, 0x000002282794a818]
Event: 30.706 Thread 0x000002285300f360 3543       4       java.util.zip.ZipFile::getZipEntry (322 bytes)
Event: 30.725 Thread 0x000002285300f360 nmethod 3543 0x000002282ef23890 code [0x000002282ef23aa0, 0x000002282ef24818]
Event: 30.725 Thread 0x000002285300f360 3545       4       java.lang.invoke.LambdaFormBuffer::changeName (149 bytes)
Event: 30.728 Thread 0x000002285300f360 nmethod 3545 0x000002282ef24f10 code [0x000002282ef250a0, 0x000002282ef253a0]
Event: 30.743 Thread 0x0000022853013780 3546       3       org.gradle.internal.collect.ArrayCopy::insertAtPushingLeft (142 bytes)
Event: 30.744 Thread 0x0000022853013780 nmethod 3546 0x000002282794a910 code [0x000002282794ab60, 0x000002282794b808]
Event: 30.762 Thread 0x000002285300f360 3547       4       java.util.Collections$SetFromMap::add (22 bytes)
Event: 30.776 Thread 0x000002285300f360 nmethod 3547 0x000002282ef25490 code [0x000002282ef256a0, 0x000002282ef26178]

GC Heap History (6 events):
Event: 3.291 GC heap before
{Heap before GC invocations=0 (full 0):
 garbage-first heap   total 262144K, used 26624K [0x00000000e0000000, 0x0000000100000000)
  region size 1024K, 23 young (23552K), 0 survivors (0K)
 Metaspace       used 3076K, committed 3264K, reserved 393216K
  class space    used 357K, committed 448K, reserved 327680K
}
Event: 3.295 GC heap after
{Heap after GC invocations=1 (full 0):
 garbage-first heap   total 262144K, used 10777K [0x00000000e0000000, 0x0000000100000000)
  region size 1024K, 3 young (3072K), 3 survivors (3072K)
 Metaspace       used 3076K, committed 3264K, reserved 393216K
  class space    used 357K, committed 448K, reserved 327680K
}
Event: 4.369 GC heap before
{Heap before GC invocations=1 (full 0):
 garbage-first heap   total 262144K, used 41497K [0x00000000e0000000, 0x0000000100000000)
  region size 1024K, 31 young (31744K), 3 survivors (3072K)
 Metaspace       used 4656K, committed 4864K, reserved 393216K
  class space    used 571K, committed 704K, reserved 327680K
}
Event: 4.372 GC heap after
{Heap after GC invocations=2 (full 0):
 garbage-first heap   total 262144K, used 14933K [0x00000000e0000000, 0x0000000100000000)
  region size 1024K, 3 young (3072K), 3 survivors (3072K)
 Metaspace       used 4656K, committed 4864K, reserved 393216K
  class space    used 571K, committed 704K, reserved 327680K
}
Event: 27.019 GC heap before
{Heap before GC invocations=2 (full 0):
 garbage-first heap   total 262144K, used 124501K [0x00000000e0000000, 0x0000000100000000)
  region size 1024K, 111 young (113664K), 3 survivors (3072K)
 Metaspace       used 20889K, committed 21504K, reserved 393216K
  class space    used 2879K, committed 3200K, reserved 327680K
}
Event: 27.027 GC heap after
{Heap after GC invocations=3 (full 0):
 garbage-first heap   total 262144K, used 24312K [0x00000000e0000000, 0x0000000100000000)
  region size 1024K, 13 young (13312K), 13 survivors (13312K)
 Metaspace       used 20889K, committed 21504K, reserved 393216K
  class space    used 2879K, committed 3200K, reserved 327680K
}

Dll operation events (15 events):
Event: 0.018 Loaded shared library D:\javar\bin\java.dll
Event: 0.427 Loaded shared library D:\javar\bin\jsvml.dll
Event: 0.488 Loaded shared library D:\javar\bin\zip.dll
Event: 0.493 Loaded shared library D:\javar\bin\instrument.dll
Event: 0.500 Loaded shared library D:\javar\bin\net.dll
Event: 0.503 Loaded shared library D:\javar\bin\nio.dll
Event: 0.507 Loaded shared library D:\javar\bin\zip.dll
Event: 0.784 Loaded shared library D:\javar\bin\jimage.dll
Event: 2.102 Loaded shared library D:\javar\bin\verify.dll
Event: 2.129 Loaded shared library C:\Users\hieun\.gradle\native\660c5614fbf4a5f2a75b1949f50a0caf5cd603558e7d8a26e50b933a0cfb79d1\windows-amd64\native-platform.dll
Event: 2.137 Loaded shared library C:\Users\hieun\.gradle\native\0.2.8\x86_64-windows-gnu\gradle-fileevents.dll
Event: 6.998 Loaded shared library D:\javar\bin\management.dll
Event: 7.009 Loaded shared library D:\javar\bin\management_ext.dll
Event: 7.717 Loaded shared library D:\javar\bin\extnet.dll
Event: 17.304 Loaded shared library D:\javar\bin\sunmscapi.dll

Deoptimization events (20 events):
Event: 28.397 Thread 0x0000022853774ec0 Uncommon trap: trap_request=0xffffff45 fr.pc=0x000002282eece94c relative=0x00000000000001ec
Event: 28.397 Thread 0x0000022853774ec0 Uncommon trap: reason=unstable_if action=reinterpret pc=0x000002282eece94c method=java.util.HashMap.getNode(Ljava/lang/Object;)Ljava/util/HashMap$Node; @ 131 c2
Event: 28.397 Thread 0x0000022853774ec0 DEOPT PACKING pc=0x000002282eece94c sp=0x000000b5016fb320
Event: 28.397 Thread 0x0000022853774ec0 DEOPT UNPACKING pc=0x000002282e8046a2 sp=0x000000b5016fb2a0 mode 2
Event: 28.556 Thread 0x0000022853774ec0 Uncommon trap: trap_request=0xffffffde fr.pc=0x000002282ed5c1c8 relative=0x00000000000001a8
Event: 28.556 Thread 0x0000022853774ec0 Uncommon trap: reason=class_check action=maybe_recompile pc=0x000002282ed5c1c8 method=java.lang.String.equals(Ljava/lang/Object;)Z @ 8 c2
Event: 28.556 Thread 0x0000022853774ec0 DEOPT PACKING pc=0x000002282ed5c1c8 sp=0x000000b5016fa0d0
Event: 28.557 Thread 0x0000022853774ec0 DEOPT UNPACKING pc=0x000002282e8046a2 sp=0x000000b5016fa068 mode 2
Event: 29.756 Thread 0x0000022853774ec0 Uncommon trap: trap_request=0xffffff45 fr.pc=0x000002282eebfa58 relative=0x0000000000000cb8
Event: 29.756 Thread 0x0000022853774ec0 Uncommon trap: reason=unstable_if action=reinterpret pc=0x000002282eebfa58 method=jdk.internal.org.objectweb.asm.SymbolTable.addType(Ljava/lang/String;)I @ 33 c2
Event: 29.756 Thread 0x0000022853774ec0 DEOPT PACKING pc=0x000002282eebfa58 sp=0x000000b5016fbc20
Event: 29.756 Thread 0x0000022853774ec0 DEOPT UNPACKING pc=0x000002282e8046a2 sp=0x000000b5016fbb58 mode 2
Event: 29.757 Thread 0x0000022853774ec0 Uncommon trap: trap_request=0xffffff45 fr.pc=0x000002282ef0bd98 relative=0x00000000000001d8
Event: 29.757 Thread 0x0000022853774ec0 Uncommon trap: reason=unstable_if action=reinterpret pc=0x000002282ef0bd98 method=jdk.internal.org.objectweb.asm.Type.getTypeInternal(Ljava/lang/String;II)Ljdk/internal/org/objectweb/asm/Type; @ 5 c2
Event: 29.757 Thread 0x0000022853774ec0 DEOPT PACKING pc=0x000002282ef0bd98 sp=0x000000b5016fbbc0
Event: 29.757 Thread 0x0000022853774ec0 DEOPT UNPACKING pc=0x000002282e8046a2 sp=0x000000b5016fbb58 mode 2
Event: 29.796 Thread 0x0000022853774ec0 Uncommon trap: trap_request=0xffffff76 fr.pc=0x000002282ef11184 relative=0x00000000000001c4
Event: 29.796 Thread 0x0000022853774ec0 Uncommon trap: reason=predicate action=maybe_recompile pc=0x000002282ef11184 method=com.google.common.base.CharMatcher.indexIn(Ljava/lang/CharSequence;I)I @ 19 c2
Event: 29.796 Thread 0x0000022853774ec0 DEOPT PACKING pc=0x000002282ef11184 sp=0x000000b5016fae90
Event: 29.796 Thread 0x0000022853774ec0 DEOPT UNPACKING pc=0x000002282e8046a2 sp=0x000000b5016fae20 mode 2

Classes loaded (20 events):
Event: 28.543 Loading class java/io/UnsupportedEncodingException
Event: 28.543 Loading class java/io/UnsupportedEncodingException done
Event: 29.769 Loading class java/util/stream/SliceOps
Event: 29.769 Loading class java/util/stream/SliceOps done
Event: 29.769 Loading class java/util/stream/SliceOps$1
Event: 29.769 Loading class java/util/stream/ReferencePipeline$StatefulOp
Event: 29.769 Loading class java/util/stream/ReferencePipeline$StatefulOp done
Event: 29.769 Loading class java/util/stream/SliceOps$1 done
Event: 29.772 Loading class java/util/stream/SliceOps$1$1
Event: 29.772 Loading class java/util/stream/SliceOps$1$1 done
Event: 29.791 Loading class java/util/concurrent/TimeoutException
Event: 29.792 Loading class java/util/concurrent/TimeoutException done
Event: 29.792 Loading class java/util/concurrent/CancellationException
Event: 29.792 Loading class java/util/concurrent/CancellationException done
Event: 30.516 Loading class java/util/concurrent/locks/AbstractQueuedSynchronizer$SharedNode
Event: 30.517 Loading class java/util/concurrent/locks/AbstractQueuedSynchronizer$SharedNode done
Event: 30.600 Loading class java/util/ArrayDeque$DeqSpliterator
Event: 30.602 Loading class java/util/ArrayDeque$DeqSpliterator done
Event: 30.704 Loading class java/io/StringReader
Event: 30.704 Loading class java/io/StringReader done

Classes unloaded (0 events):
No events

Classes redefined (0 events):
No events

Internal exceptions (20 events):
Event: 28.408 Thread 0x0000022853774ec0 Exception <a 'java/lang/NoSuchMethodError'{0x00000000ef36a998}: 'java.lang.Object java.lang.invoke.DirectMethodHandle$Holder.newInvokeSpecial(java.lang.Object, java.lang.Object, java.lang.Object, java.lang.Object, java.lang.Object, java.lang.Object, java.lang.Object)'> (0x00000000ef36a998) 
thrown [s\open\src\hotspot\share\interpreter\linkResolver.cpp, line 773]
Event: 28.612 Thread 0x0000022853774ec0 Exception <a 'java/lang/NoSuchMethodError'{0x00000000eeab5980}: 'java.lang.Object java.lang.invoke.DirectMethodHandle$Holder.invokeSpecial(java.lang.Object, java.lang.Object, java.lang.Object, java.lang.Object, java.lang.Object, java.lang.Object, java.lang.Object, java.lang.Object, java.lang.Object, java.lang.Object, java.lang.Object, java.lang.Object, java.lang.Object, java.lang.Object, java.lang.Object, java.lang.Object, java.lang.Object, java.lang.Object, java.lang.Object, java.lang.Object, java.lang.Ob
Event: 28.612 Thread 0x0000022853774ec0 Exception <a 'java/lang/NoSuchMethodError'{0x00000000eeabb4b8}: 'java.lang.Object java.lang.invoke.DelegatingMethodHandle$Holder.reinvoke_L(java.lang.Object, java.lang.Object, java.lang.Object, java.lang.Object, java.lang.Object, java.lang.Object, java.lang.Object, java.lang.Object, java.lang.Object, java.lang.Object, java.lang.Object, java.lang.Object, java.lang.Object, java.lang.Object, java.lang.Object, java.lang.Object, java.lang.Object, java.lang.Object, java.lang.Object, java.lang.Object, java.lang.O
Event: 28.613 Thread 0x0000022853774ec0 Exception <a 'java/lang/NoSuchMethodError'{0x00000000eeac6e28}: 'java.lang.Object java.lang.invoke.DirectMethodHandle$Holder.invokeSpecial(java.lang.Object, java.lang.Object, java.lang.Object, java.lang.Object, java.lang.Object, java.lang.Object, java.lang.Object, java.lang.Object, java.lang.Object, java.lang.Object, java.lang.Object, java.lang.Object, java.lang.Object, java.lang.Object, java.lang.Object, java.lang.Object, java.lang.Object, java.lang.Object, java.lang.Object, java.lang.Object, java.lang.Ob
Event: 28.613 Thread 0x0000022853774ec0 Exception <a 'java/lang/NoSuchMethodError'{0x00000000eeacc7a8}: 'java.lang.Object java.lang.invoke.Invokers$Holder.invoker(java.lang.Object, java.lang.Object, java.lang.Object, java.lang.Object, java.lang.Object, java.lang.Object, java.lang.Object, java.lang.Object, java.lang.Object, java.lang.Object, java.lang.Object, java.lang.Object, java.lang.Object, java.lang.Object, java.lang.Object, java.lang.Object, java.lang.Object, java.lang.Object, java.lang.Object, java.lang.Object, java.lang.Object, java.lang.
Event: 28.613 Thread 0x0000022853774ec0 Exception <a 'java/lang/NoSuchMethodError'{0x00000000eead2b28}: 'java.lang.Object java.lang.invoke.DelegatingMethodHandle$Holder.delegate(java.lang.Object, java.lang.Object, java.lang.Object, java.lang.Object, java.lang.Object, java.lang.Object, java.lang.Object, java.lang.Object, java.lang.Object, java.lang.Object, java.lang.Object, java.lang.Object, java.lang.Object, java.lang.Object, java.lang.Object, java.lang.Object, java.lang.Object, java.lang.Object, java.lang.Object, java.lang.Object, java.lang.Obj
Event: 28.630 Thread 0x0000022853774ec0 Exception <a 'java/lang/NoSuchMethodError'{0x00000000ee8f5320}: 'java.lang.Object java.lang.invoke.DirectMethodHandle$Holder.invokeStaticInit(java.lang.Object, java.lang.Object, java.lang.Object)'> (0x00000000ee8f5320) 
thrown [s\open\src\hotspot\share\interpreter\linkResolver.cpp, line 773]
Event: 29.680 Thread 0x0000022853774ec0 Exception <a 'java/lang/NoSuchMethodError'{0x00000000ee5565e8}: 'int java.lang.invoke.DirectMethodHandle$Holder.invokeStaticInit(java.lang.Object, java.lang.Object)'> (0x00000000ee5565e8) 
thrown [s\open\src\hotspot\share\interpreter\linkResolver.cpp, line 773]
Event: 29.684 Thread 0x0000022853774ec0 Exception <a 'java/lang/IncompatibleClassChangeError'{0x00000000ee593298}: Found class java.lang.Object, but interface was expected> (0x00000000ee593298) 
thrown [s\open\src\hotspot\share\interpreter\linkResolver.cpp, line 840]
Event: 29.699 Thread 0x0000022853774ec0 Exception <a 'java/lang/NoSuchMethodError'{0x00000000ee43aba8}: 'java.lang.Object java.lang.invoke.DirectMethodHandle$Holder.invokeVirtual(java.lang.Object, java.lang.Object, java.lang.Object, java.lang.Object, java.lang.Object, java.lang.Object, java.lang.Object, java.lang.Object, java.lang.Object, java.lang.Object, java.lang.Object, java.lang.Object, java.lang.Object)'> (0x00000000ee43aba8) 
thrown [s\open\src\hotspot\share\interpreter\linkResolver.cpp, line 773]
Event: 29.699 Thread 0x0000022853774ec0 Exception <a 'java/lang/NoSuchMethodError'{0x00000000ee43fdc0}: 'java.lang.Object java.lang.invoke.DirectMethodHandle$Holder.invokeSpecial(java.lang.Object, java.lang.Object, java.lang.Object, java.lang.Object, java.lang.Object, java.lang.Object, java.lang.Object, java.lang.Object, java.lang.Object, java.lang.Object, java.lang.Object, java.lang.Object, java.lang.Object, java.lang.Object)'> (0x00000000ee43fdc0) 
thrown [s\open\src\hotspot\share\interpreter\linkResolver.cpp, line 773]
Event: 29.700 Thread 0x0000022853774ec0 Exception <a 'java/lang/NoSuchMethodError'{0x00000000ee444860}: 'java.lang.Object java.lang.invoke.DelegatingMethodHandle$Holder.reinvoke_L(java.lang.Object, java.lang.Object, java.lang.Object, java.lang.Object, java.lang.Object, java.lang.Object, java.lang.Object, java.lang.Object, java.lang.Object, java.lang.Object, java.lang.Object, java.lang.Object, java.lang.Object)'> (0x00000000ee444860) 
thrown [s\open\src\hotspot\share\interpreter\linkResolver.cpp, line 773]
Event: 29.722 Thread 0x0000022853774ec0 Exception <a 'java/lang/NoSuchMethodError'{0x00000000ee3af2d8}: 'void java.lang.invoke.DirectMethodHandle$Holder.invokeStaticInit(java.lang.Object, java.lang.Object)'> (0x00000000ee3af2d8) 
thrown [s\open\src\hotspot\share\interpreter\linkResolver.cpp, line 773]
Event: 29.744 Thread 0x0000022853774ec0 Exception <a 'java/lang/NoSuchMethodError'{0x00000000ee12ddd0}: 'java.lang.Object java.lang.invoke.DirectMethodHandle$Holder.newInvokeSpecial(java.lang.Object, java.lang.Object, java.lang.Object, java.lang.Object, java.lang.Object, java.lang.Object, java.lang.Object, java.lang.Object, java.lang.Object, java.lang.Object, java.lang.Object, java.lang.Object, java.lang.Object, java.lang.Object, java.lang.Object)'> (0x00000000ee12ddd0) 
thrown [s\open\src\hotspot\share\interpreter\linkResolver.cpp, line 773]
Event: 29.744 Thread 0x0000022853774ec0 Exception <a 'java/lang/NoSuchMethodError'{0x00000000ee1339d0}: 'java.lang.Object java.lang.invoke.DirectMethodHandle$Holder.invokeSpecial(java.lang.Object, java.lang.Object, java.lang.Object, java.lang.Object, java.lang.Object, java.lang.Object, java.lang.Object, java.lang.Object, java.lang.Object, java.lang.Object, java.lang.Object, java.lang.Object, java.lang.Object, java.lang.Object, java.lang.Object, java.lang.Object)'> (0x00000000ee1339d0) 
thrown [s\open\src\hotspot\share\interpreter\linkResolver.cp
Event: 29.745 Thread 0x0000022853774ec0 Exception <a 'java/lang/NoSuchMethodError'{0x00000000ee138760}: 'java.lang.Object java.lang.invoke.DelegatingMethodHandle$Holder.reinvoke_L(java.lang.Object, java.lang.Object, java.lang.Object, java.lang.Object, java.lang.Object, java.lang.Object, java.lang.Object, java.lang.Object, java.lang.Object, java.lang.Object, java.lang.Object, java.lang.Object, java.lang.Object, java.lang.Object, java.lang.Object)'> (0x00000000ee138760) 
thrown [s\open\src\hotspot\share\interpreter\linkResolver.cpp, line 773]
Event: 29.776 Thread 0x0000022853774ec0 Exception <a 'java/lang/NoSuchMethodError'{0x00000000edfb37c0}: 'java.lang.Object java.lang.invoke.DirectMethodHandle$Holder.newInvokeSpecial(java.lang.Object, java.lang.Object, java.lang.Object, java.lang.Object, java.lang.Object, java.lang.Object, java.lang.Object, java.lang.Object, java.lang.Object)'> (0x00000000edfb37c0) 
thrown [s\open\src\hotspot\share\interpreter\linkResolver.cpp, line 773]
Event: 29.786 Thread 0x0000022853774ec0 Exception <a 'java/lang/IncompatibleClassChangeError'{0x00000000ede6f110}: Found class java.lang.Object, but interface was expected> (0x00000000ede6f110) 
thrown [s\open\src\hotspot\share\interpreter\linkResolver.cpp, line 840]
Event: 30.582 Thread 0x0000022853774ec0 Exception <a 'java/lang/NoSuchMethodError'{0x00000000edcd8020}: 'int java.lang.invoke.DirectMethodHandle$Holder.invokeVirtual(java.lang.Object, java.lang.Object)'> (0x00000000edcd8020) 
thrown [s\open\src\hotspot\share\interpreter\linkResolver.cpp, line 773]
Event: 30.711 Thread 0x0000022853774ec0 Exception <a 'java/lang/NoSuchMethodError'{0x00000000ed9dd008}: 'void java.lang.invoke.DirectMethodHandle$Holder.invokeInterface(java.lang.Object, java.lang.Object, java.lang.Object, java.lang.Object, java.lang.Object)'> (0x00000000ed9dd008) 
thrown [s\open\src\hotspot\share\interpreter\linkResolver.cpp, line 773]

ZGC Phase Switch (0 events):
No events

VM Operations (20 events):
Event: 23.974 Executing VM operation: HandshakeAllThreads (Deoptimize) done
Event: 23.976 Executing VM operation: HandshakeAllThreads (Deoptimize)
Event: 23.976 Executing VM operation: HandshakeAllThreads (Deoptimize) done
Event: 24.979 Executing VM operation: Cleanup
Event: 24.979 Executing VM operation: Cleanup done
Event: 25.983 Executing VM operation: Cleanup
Event: 26.040 Executing VM operation: Cleanup done
Event: 27.019 Executing VM operation: CollectForMetadataAllocation (Metadata GC Threshold)
Event: 27.028 Executing VM operation: CollectForMetadataAllocation (Metadata GC Threshold) done
Event: 27.033 Executing VM operation: G1PauseRemark
Event: 27.036 Executing VM operation: G1PauseRemark done
Event: 27.036 Executing VM operation: G1PauseCleanup
Event: 27.037 Executing VM operation: G1PauseCleanup done
Event: 28.037 Executing VM operation: Cleanup
Event: 28.152 Executing VM operation: Cleanup done
Event: 29.164 Executing VM operation: Cleanup
Event: 29.657 Executing VM operation: Cleanup done
Event: 29.770 Executing VM operation: HandshakeAllThreads (Deoptimize)
Event: 29.770 Executing VM operation: HandshakeAllThreads (Deoptimize) done
Event: 30.781 Executing VM operation: Cleanup

Events (20 events):
Event: 4.227 Thread 0x00000228540150d0 Thread added: 0x00000228540150d0
Event: 6.703 Thread 0x00000228540150d0 Thread exited: 0x00000228540150d0
Event: 7.158 Thread 0x0000022854980f50 Thread added: 0x0000022854980f50
Event: 8.218 Thread 0x000002285502e100 Thread added: 0x000002285502e100
Event: 8.690 Thread 0x00000228533be2d0 Thread added: 0x00000228533be2d0
Event: 17.565 Thread 0x00000228530a6430 Thread added: 0x00000228530a6430
Event: 17.589 Thread 0x00000228532d4ae0 Thread added: 0x00000228532d4ae0
Event: 17.707 Thread 0x000002285346f680 Thread added: 0x000002285346f680
Event: 17.787 Thread 0x0000022853774ec0 Thread added: 0x0000022853774ec0
Event: 17.840 Thread 0x0000022853776270 Thread added: 0x0000022853776270
Event: 17.866 Thread 0x0000022853775550 Thread added: 0x0000022853775550
Event: 17.886 Thread 0x0000022853776f90 Thread added: 0x0000022853776f90
Event: 20.423 Thread 0x0000022853776900 Thread added: 0x0000022853776900
Event: 20.604 Thread 0x0000022853773b10 Thread added: 0x0000022853773b10
Event: 22.680 Thread 0x00000228537741a0 Thread added: 0x00000228537741a0
Event: 23.049 Thread 0x0000022853774830 Thread added: 0x0000022853774830
Event: 28.568 Thread 0x000002285586a470 Thread added: 0x000002285586a470
Event: 28.596 Thread 0x0000022855868a30 Thread added: 0x0000022855868a30
Event: 30.515 Thread 0x0000022855869750 Thread added: 0x0000022855869750
Event: 30.571 Thread 0x0000022855866ff0 Thread added: 0x0000022855866ff0


Dynamic libraries:
0x00007ff64cc80000 - 0x00007ff64cc90000 	D:\javar\bin\java.exe
0x00007ffae01e0000 - 0x00007ffae0446000 	C:\Windows\SYSTEM32\ntdll.dll
0x00007ffadf780000 - 0x00007ffadf849000 	C:\Windows\System32\KERNEL32.DLL
0x00007ffadd630000 - 0x00007ffadda2f000 	C:\Windows\System32\KERNELBASE.dll
0x00007ffada250000 - 0x00007ffada2ef000 	C:\Windows\SYSTEM32\apphelp.dll
0x00007ffadd3f0000 - 0x00007ffadd53c000 	C:\Windows\System32\ucrtbase.dll
0x00007ffac9ac0000 - 0x00007ffac9ade000 	D:\javar\bin\VCRUNTIME140.dll
0x00007ffab0810000 - 0x00007ffab0829000 	D:\javar\bin\jli.dll
0x00007ffadec80000 - 0x00007ffaded3c000 	C:\Windows\System32\ADVAPI32.dll
0x00007ffadf510000 - 0x00007ffadf5b9000 	C:\Windows\System32\msvcrt.dll
0x00007ffadfe10000 - 0x00007ffadfeba000 	C:\Windows\System32\sechost.dll
0x00007ffadfa60000 - 0x00007ffadfb78000 	C:\Windows\System32\RPCRT4.dll
0x00007ffadfb80000 - 0x00007ffadfd46000 	C:\Windows\System32\USER32.dll
0x00007ffac7080000 - 0x00007ffac7311000 	C:\Windows\WinSxS\amd64_microsoft.windows.common-controls_6595b64144ccf1df_6.0.26100.8972_none_3e0da176e32f9d4b\COMCTL32.dll
0x00007ffadd600000 - 0x00007ffadd627000 	C:\Windows\System32\win32u.dll
0x00007ffaded50000 - 0x00007ffaded7b000 	C:\Windows\System32\GDI32.dll
0x00007ffaddde0000 - 0x00007ffaddf09000 	C:\Windows\System32\gdi32full.dll
0x00007ffadd550000 - 0x00007ffadd5f3000 	C:\Windows\System32\msvcp_win.dll
0x00007ffad46c0000 - 0x00007ffad46cb000 	C:\Windows\SYSTEM32\VERSION.dll
0x00007ffadfdd0000 - 0x00007ffadfe02000 	C:\Windows\System32\IMM32.DLL
0x00007ffad2b70000 - 0x00007ffad2b7c000 	D:\javar\bin\vcruntime140_1.dll
0x00007ffa7a7d0000 - 0x00007ffa7a85d000 	D:\javar\bin\msvcp140.dll
0x00007ffa3d4d0000 - 0x00007ffa3e1f8000 	D:\javar\bin\server\jvm.dll
0x00007ffadf6f0000 - 0x00007ffadf772000 	C:\Windows\System32\WS2_32.dll
0x00007ffadd250000 - 0x00007ffadd2ae000 	C:\Windows\SYSTEM32\POWRPROF.dll
0x00007ffad3e20000 - 0x00007ffad3e56000 	C:\Windows\SYSTEM32\WINMM.dll
0x00007ffadd230000 - 0x00007ffadd245000 	C:\Windows\SYSTEM32\UMPDC.dll
0x00007ffadc0e0000 - 0x00007ffadc0fb000 	C:\Windows\SYSTEM32\kernel.appcore.dll
0x00007ffad17a0000 - 0x00007ffad17aa000 	D:\javar\bin\jimage.dll
0x00007ffad2be0000 - 0x00007ffad2e22000 	C:\Windows\SYSTEM32\DBGHELP.DLL
0x00007ffade0d0000 - 0x00007ffade455000 	C:\Windows\System32\combase.dll
0x00007ffade470000 - 0x00007ffade549000 	C:\Windows\System32\OLEAUT32.dll
0x00007ffab7310000 - 0x00007ffab734b000 	C:\Windows\SYSTEM32\dbgcore.DLL
0x00007ffadda40000 - 0x00007ffaddaec000 	C:\Windows\System32\bcryptPrimitives.dll
0x00007ffac5920000 - 0x00007ffac5930000 	D:\javar\bin\instrument.dll
0x00007ffa8b7a0000 - 0x00007ffa8b7c1000 	D:\javar\bin\java.dll
0x00007ffaded80000 - 0x00007ffadf508000 	C:\Windows\System32\SHELL32.dll
0x00007ffadae70000 - 0x00007ffadb70b000 	C:\Windows\SYSTEM32\windows.storage.dll
0x00007ffade6c0000 - 0x00007ffade7b9000 	C:\Windows\System32\SHCORE.dll
0x00007ffadf8a0000 - 0x00007ffadf906000 	C:\Windows\System32\shlwapi.dll
0x00007ffadd310000 - 0x00007ffadd339000 	C:\Windows\SYSTEM32\profapi.dll
0x00007ffa4eb90000 - 0x00007ffa4ec67000 	D:\javar\bin\jsvml.dll
0x00007ffab19e0000 - 0x00007ffab19f8000 	D:\javar\bin\zip.dll
0x00007ffac9860000 - 0x00007ffac9871000 	D:\javar\bin\net.dll
0x00007ffad6060000 - 0x00007ffad6188000 	C:\Windows\SYSTEM32\WINHTTP.dll
0x00007ffadc690000 - 0x00007ffadc6fc000 	C:\Windows\system32\mswsock.dll
0x00007ffab5560000 - 0x00007ffab5576000 	D:\javar\bin\nio.dll
0x00007ffabc2d0000 - 0x00007ffabc2e0000 	D:\javar\bin\verify.dll
0x00007ffa7b640000 - 0x00007ffa7b667000 	C:\Users\hieun\.gradle\native\660c5614fbf4a5f2a75b1949f50a0caf5cd603558e7d8a26e50b933a0cfb79d1\windows-amd64\native-platform.dll
0x00007ffa5d800000 - 0x00007ffa5d877000 	C:\Users\hieun\.gradle\native\0.2.8\x86_64-windows-gnu\gradle-fileevents.dll
0x00007ffa95b40000 - 0x00007ffa95b4a000 	D:\javar\bin\management.dll
0x00007ffa8cda0000 - 0x00007ffa8cdac000 	D:\javar\bin\management_ext.dll
0x00007ffade7c0000 - 0x00007ffade7c8000 	C:\Windows\System32\PSAPI.DLL
0x00007ffadbb10000 - 0x00007ffadbb43000 	C:\Windows\SYSTEM32\IPHLPAPI.DLL
0x00007ffade460000 - 0x00007ffade46a000 	C:\Windows\System32\NSI.dll
0x00007ffab3a70000 - 0x00007ffab3a79000 	D:\javar\bin\extnet.dll
0x00007ffadc980000 - 0x00007ffadc99b000 	C:\Windows\SYSTEM32\CRYPTSP.dll
0x00007ffadc040000 - 0x00007ffadc079000 	C:\Windows\system32\rsaenh.dll
0x00007ffadc740000 - 0x00007ffadc772000 	C:\Windows\SYSTEM32\USERENV.dll
0x00007ffadd2e0000 - 0x00007ffadd30a000 	C:\Windows\SYSTEM32\bcrypt.dll
0x00007ffadc9a0000 - 0x00007ffadc9ac000 	C:\Windows\SYSTEM32\CRYPTBASE.dll
0x00007ffab05a0000 - 0x00007ffab05ae000 	D:\javar\bin\sunmscapi.dll
0x00007ffaddb90000 - 0x00007ffaddd0e000 	C:\Windows\System32\CRYPT32.dll
0x00007ffadcbc0000 - 0x00007ffadcbf0000 	C:\Windows\SYSTEM32\ncrypt.dll
0x00007ffadcb70000 - 0x00007ffadcbaf000 	C:\Windows\SYSTEM32\NTASN1.dll
0x00007ffaafcb0000 - 0x00007ffaafcb8000 	C:\Windows\system32\wshunix.dll

dbghelp: loaded successfully - version: 4.0.5 - missing functions: none
symbol engine: initialized successfully - sym options: 0x614 - pdb path: .;D:\javar\bin;C:\Windows\SYSTEM32;C:\Windows\WinSxS\amd64_microsoft.windows.common-controls_6595b64144ccf1df_6.0.26100.8972_none_3e0da176e32f9d4b;D:\javar\bin\server;C:\Users\hieun\.gradle\native\660c5614fbf4a5f2a75b1949f50a0caf5cd603558e7d8a26e50b933a0cfb79d1\windows-amd64;C:\Users\hieun\.gradle\native\0.2.8\x86_64-windows-gnu

VM Arguments:
jvm_args: --add-opens=java.base/java.lang=ALL-UNNAMED --add-opens=java.base/java.lang.invoke=ALL-UNNAMED --add-opens=java.base/java.util=ALL-UNNAMED --add-opens=java.prefs/java.util.prefs=ALL-UNNAMED --add-exports=jdk.compiler/com.sun.tools.javac.api=ALL-UNNAMED --add-exports=jdk.compiler/com.sun.tools.javac.util=ALL-UNNAMED --add-opens=java.base/java.nio.charset=ALL-UNNAMED --add-opens=java.base/java.net=ALL-UNNAMED --add-opens=java.base/java.util.concurrent=ALL-UNNAMED --add-opens=java.base/java.util.concurrent.atomic=ALL-UNNAMED --add-opens=java.xml/javax.xml.namespace=ALL-UNNAMED --add-opens=java.base/java.time=ALL-UNNAMED -XX:MaxMetaspaceSize=384m -XX:+HeapDumpOnOutOfMemoryError -Xms256m -Xmx512m -Dfile.encoding=UTF-8 -Duser.country=US -Duser.language=en -Duser.variant -javaagent:C:\Users\hieun\.gradle\wrapper\dists\gradle-9.5.1-bin\iq79hdu3mqx29lgffhp8bfmx\gradle-9.5.1\lib\agents\gradle-instrumentation-agent-9.5.1.jar 
java_command: org.gradle.launcher.daemon.bootstrap.GradleDaemon 9.5.1
java_class_path (initial): C:\Users\hieun\.gradle\wrapper\dists\gradle-9.5.1-bin\iq79hdu3mqx29lgffhp8bfmx\gradle-9.5.1\lib\gradle-daemon-main-9.5.1.jar
Launcher Type: SUN_STANDARD

[Global flags]
     intx CICompilerCount                          = 4                                         {product} {ergonomic}
   size_t CompressedClassSpaceSize                 = 335544320                                 {product} {ergonomic}
     uint ConcGCThreads                            = 3                                         {product} {ergonomic}
     uint G1ConcRefinementThreads                  = 10                                        {product} {ergonomic}
   size_t G1HeapRegionSize                         = 1048576                                   {product} {ergonomic}
    uintx GCDrainStackTargetSize                   = 64                                        {product} {ergonomic}
     bool HeapDumpOnOutOfMemoryError               = true                                   {manageable} {command line}
   size_t InitialHeapSize                          = 268435456                                 {product} {command line}
   size_t MarkStackSize                            = 4194304                                   {product} {ergonomic}
   size_t MaxHeapSize                              = 536870912                                 {product} {command line}
   size_t MaxMetaspaceSize                         = 402653184                                 {product} {command line}
   size_t MaxNewSize                               = 321912832                                 {product} {ergonomic}
   size_t MinHeapDeltaBytes                        = 1048576                                   {product} {ergonomic}
   size_t MinHeapSize                              = 268435456                                 {product} {command line}
    uintx NonNMethodCodeHeapSize                   = 5839372                                {pd product} {ergonomic}
    uintx NonProfiledCodeHeapSize                  = 122909434                              {pd product} {ergonomic}
    uintx ProfiledCodeHeapSize                     = 122909434                              {pd product} {ergonomic}
    uintx ReservedCodeCacheSize                    = 251658240                              {pd product} {ergonomic}
     bool SegmentedCodeCache                       = true                                      {product} {ergonomic}
   size_t SoftMaxHeapSize                          = 536870912                              {manageable} {ergonomic}
     bool UseCompressedOops                        = true                           {product lp64_product} {ergonomic}
     bool UseG1GC                                  = true                                      {product} {ergonomic}
     bool UseLargePagesIndividualAllocation        = false                                  {pd product} {ergonomic}

Logging:
Log output configuration:
 #0: stdout all=warning uptime,level,tags foldmultilines=false
 #1: stderr all=off uptime,level,tags foldmultilines=false

Environment Variables:
PATH=C:\Program Files\Common Files\Oracle\Java\javapath;C:\Windows\system32;C:\Windows;C:\Windows\System32\Wbem;C:\Windows\System32\WindowsPowerShell\v1.0\;C:\Windows\System32\OpenSSH\;C:\Program Files (x86)\NVIDIA Corporation\PhysX\Common;C:\Program Files\dotnet\;D:\Git\cmd;C:\Program Files\NVIDIA Corporation\NVIDIA App\NvDLISR;C:\Program Files\Docker\Docker\resources\bin;C:\ProgramData\chocolatey\bin;D:\node js\;C:\Users\hieun\AppData\Local\Programs\Python\Launcher\;C:\Users\hieun\AppData\Local\Microsoft\WindowsApps;D:\Microsoft VS Code\bin;C:\Users\hieun\AppData\Roaming\npm
USERNAME=hieun
OS=Windows_NT
PROCESSOR_IDENTIFIER=AMD64 Family 25 Model 68 Stepping 1, AuthenticAMD
TMP=C:\Users\hieun\AppData\Local\Temp
TEMP=C:\Users\hieun\AppData\Local\Temp




Periodic native trim disabled

---------------  S Y S T E M  ---------------

OS:
 Windows 11 , 64 bit Build 26100 (10.0.26100.9168)
OS uptime: 4 days 9:45 hours
Hyper-V role detected

CPU: total 12 (initial active 12) (12 cores per cpu, 2 threads per core) family 25 model 68 stepping 1 microcode 0xa404107, cx8, cmov, fxsr, ht, mmx, 3dnowpref, sse, sse2, sse3, ssse3, sse4a, sse4.1, sse4.2, popcnt, lzcnt, tsc, tscinvbit, avx, avx2, aes, erms, clmul, bmi1, bmi2, adx, sha, fma, vzeroupper, clflush, clflushopt, hv, rdtscp, rdpid, fsrm, f16c, cet_ss
Processor Information for all 12 processors :
  Max Mhz: 3301, Current Mhz: 3301, Mhz Limit: 3301

Memory: 4k page, system-wide physical 15690M (464M free)
TotalPageFile size 48779M (AvailPageFile size 635M)
current process WorkingSet (physical memory assigned to process): 247M, peak: 254M
current process commit charge ("private bytes"): 417M, peak: 433M

vm_info: Java HotSpot(TM) 64-Bit Server VM (21.0.11+9-LTS-211) for windows-amd64 JRE (21.0.11+9-LTS-211), built on 2026-03-11T00:23:15Z by "mach5run" with MS VC++ 17.13 (VS2022)

END.
