#
# There is insufficient memory for the Java Runtime Environment to continue.
# Native memory allocation (mmap) failed to map 65536 bytes for Failed to commit metaspace.
# Possible reasons:
#   The system is out of physical RAM or swap space
#   The process is running with CompressedOops enabled, and the Java Heap may be blocking the growth of the native heap
# Possible solutions:
#   Reduce memory load on the system
#   Increase physical memory or swap space
#   Check if swap backing store is full
#   Decrease Java heap size (-Xmx/-Xms)
#   Decrease number of Java threads
#   Decrease Java thread stack sizes (-Xss)
#   Set larger code cache with -XX:ReservedCodeCacheSize=
#   JVM is running with Unscaled Compressed Oops mode in which the Java heap is
#     placed in the first 4GB address space. The Java Heap base address is the
#     maximum limit for the native heap growth. Please use -XX:HeapBaseMinAddress
#     to set the Java Heap base and to place the Java Heap above 4GB virtual address.
# This output file may be truncated or incomplete.
#
#  Out of Memory Error (virtualSpaceNode.cpp:112), pid=27168, tid=24476
#
# JRE version: Java(TM) SE Runtime Environment (21.0.11+9) (build 21.0.11+9-LTS-211)
# Java VM: Java HotSpot(TM) 64-Bit Server VM (21.0.11+9-LTS-211, mixed mode, sharing, tiered, compressed oops, compressed class ptrs, g1 gc, windows-amd64)
# No core dump will be written. Minidumps are not enabled by default on client versions of Windows
#

---------------  S U M M A R Y ------------

Command Line: --add-opens=java.base/java.lang=ALL-UNNAMED --add-opens=java.base/java.lang.invoke=ALL-UNNAMED --add-opens=java.base/java.util=ALL-UNNAMED --add-opens=java.prefs/java.util.prefs=ALL-UNNAMED --add-exports=jdk.compiler/com.sun.tools.javac.api=ALL-UNNAMED --add-exports=jdk.compiler/com.sun.tools.javac.util=ALL-UNNAMED --add-opens=java.base/java.nio.charset=ALL-UNNAMED --add-opens=java.base/java.net=ALL-UNNAMED --add-opens=java.base/java.util.concurrent=ALL-UNNAMED --add-opens=java.base/java.util.concurrent.atomic=ALL-UNNAMED --add-opens=java.xml/javax.xml.namespace=ALL-UNNAMED --add-opens=java.base/java.time=ALL-UNNAMED -XX:MaxMetaspaceSize=384m -XX:+HeapDumpOnOutOfMemoryError -Xms256m -Xmx512m -Dfile.encoding=UTF-8 -Duser.country=US -Duser.language=en -Duser.variant -javaagent:C:\Users\hieun\.gradle\wrapper\dists\gradle-9.5.1-bin\iq79hdu3mqx29lgffhp8bfmx\gradle-9.5.1\lib\agents\gradle-instrumentation-agent-9.5.1.jar org.gradle.launcher.daemon.bootstrap.GradleDaemon 9.5.1

Host: AMD Ryzen 5 7535HS with Radeon Graphics        , 12 cores, 15G,  Windows 11 , 64 bit Build 26100 (10.0.26100.9168)
Time: Mon Aug 24 22:40:26 2026 SE Asia Standard Time elapsed time: 21.272838 seconds (0d 0h 0m 21s)

---------------  T H R E A D  ---------------

Current thread (0x00000224de120ad0):  JavaThread "Daemon worker"        [_thread_in_vm, id=24476, stack(0x0000006c76600000,0x0000006c76700000) (1024K)]

Stack: [0x0000006c76600000,0x0000006c76700000]
Native frames: (J=compiled Java code, j=interpreted, Vv=VM code, C=native code)
V  [jvm.dll+0x6d0ef9]
V  [jvm.dll+0x860126]
V  [jvm.dll+0x86261e]
V  [jvm.dll+0x862cf3]
V  [jvm.dll+0x282bc6]
V  [jvm.dll+0x85beae]
V  [jvm.dll+0x674de4]
V  [jvm.dll+0x1e7dc8]
V  [jvm.dll+0x1e7b8e]
V  [jvm.dll+0x67770f]
V  [jvm.dll+0x677542]
V  [jvm.dll+0x6757be]
V  [jvm.dll+0x3c4733]
V  [jvm.dll+0x210e7b]
V  [jvm.dll+0x5b2c79]
V  [jvm.dll+0x7da0f6]
V  [jvm.dll+0x475ba8]
V  [jvm.dll+0x47b7f8]
C  [java.dll+0x1818]

Java frames: (J=compiled Java code, j=interpreted, Vv=VM code)
J 731  java.lang.ClassLoader.defineClass1(Ljava/lang/ClassLoader;Ljava/lang/String;[BIILjava/security/ProtectionDomain;Ljava/lang/String;)Ljava/lang/Class; java.base@21.0.11 (0 bytes) @ 0x00000224b76aac91 [0x00000224b76aabc0+0x00000000000000d1]
J 1152 c1 java.lang.ClassLoader.defineClass(Ljava/lang/String;[BIILjava/security/ProtectionDomain;)Ljava/lang/Class; java.base@21.0.11 (43 bytes) @ 0x00000224afd8357c [0x00000224afd83220+0x000000000000035c]
J 1011 c1 java.security.SecureClassLoader.defineClass(Ljava/lang/String;[BIILjava/security/CodeSource;)Ljava/lang/Class; java.base@21.0.11 (16 bytes) @ 0x00000224afd4629c [0x00000224afd461c0+0x00000000000000dc]
J 2999 c2 java.net.URLClassLoader.findClass(Ljava/lang/String;)Ljava/lang/Class; java.base@21.0.11 (47 bytes) @ 0x00000224b77d07e4 [0x00000224b77cf160+0x0000000000001684]
J 2771 c2 java.lang.ClassLoader.loadClass(Ljava/lang/String;Z)Ljava/lang/Class; java.base@21.0.11 (121 bytes) @ 0x00000224b779a924 [0x00000224b7797800+0x0000000000003124]
J 746 c1 java.lang.ClassLoader.loadClass(Ljava/lang/String;)Ljava/lang/Class; java.base@21.0.11 (7 bytes) @ 0x00000224afcca254 [0x00000224afcca140+0x0000000000000114]
v  ~StubRoutines::call_stub 0x00000224b70c100d
j  org.gradle.configuration.internal.DefaultListenerBuildOperationDecorator.<clinit>()V+4
v  ~StubRoutines::call_stub 0x00000224b70c100d
j  org.gradle.internal.service.scopes.CoreCrossBuildSessionServices.createListenerBuildOperationDecorator(Lorg/gradle/internal/operations/BuildOperationRunner;Lorg/gradle/internal/code/UserCodeApplicationContext;)Lorg/gradle/configuration/internal/ListenerBuildOperationDecorator;+0
j  java.lang.invoke.LambdaForm$DMH+0x00000224c40a4000.invokeVirtual(Ljava/lang/Object;Ljava/lang/Object;Ljava/lang/Object;Ljava/lang/Object;)Ljava/lang/Object;+14 java.base@21.0.11
j  java.lang.invoke.LambdaForm$MH+0x00000224c40a4c00.invoke(Ljava/lang/Object;Ljava/lang/Object;Ljava/lang/Object;Ljava/lang/Object;)Ljava/lang/Object;+73 java.base@21.0.11
J 2548 c1 jdk.internal.reflect.DirectMethodHandleAccessor.invoke(Ljava/lang/Object;[Ljava/lang/Object;)Ljava/lang/Object; java.base@21.0.11 (92 bytes) @ 0x00000224b0069974 [0x00000224b00685c0+0x00000000000013b4]
J 3400 c1 org.gradle.internal.reflect.JavaMethod.invoke(Ljava/lang/Object;[Ljava/lang/Object;)Ljava/lang/Object; (87 bytes) @ 0x00000224b022e5e4 [0x00000224b022e040+0x00000000000005a4]
J 3399 c1 org.gradle.internal.service.ReflectionBasedServiceMethod.invoke(Ljava/lang/Object;[Ljava/lang/Object;)Ljava/lang/Object; (16 bytes) @ 0x00000224b022da54 [0x00000224b022d9c0+0x0000000000000094]
j  org.gradle.internal.service.DefaultServiceRegistry$FactoryMethodService.invokeMethod([Ljava/lang/Object;)Ljava/lang/Object;+28
J 3466 c1 org.gradle.internal.service.DefaultServiceRegistry$FactoryMethodService.createServiceInstance()Ljava/lang/Object; (17 bytes) @ 0x00000224b02539d4 [0x00000224b02538e0+0x00000000000000f4]
J 2868 c1 org.gradle.internal.service.DefaultServiceRegistry$ManagedObjectServiceProvider.getInstance()Ljava/lang/Object; (44 bytes) @ 0x00000224b011779c [0x00000224b01175e0+0x00000000000001bc]
J 2683 c1 org.gradle.internal.service.DefaultServiceRegistry$SingletonService.get()Ljava/lang/Object; (5 bytes) @ 0x00000224b00b933c [0x00000224b00b92c0+0x000000000000007c]
j  org.gradle.internal.service.DefaultServiceRegistry.find(Ljava/lang/reflect/Type;)Ljava/lang/Object;+22
j  org.gradle.internal.service.DefaultServiceRegistry.get(Ljava/lang/reflect/Type;)Ljava/lang/Object;+2
j  org.gradle.invocation.DefaultGradle_Decorated.getListenerBuildOperationDecorator()Lorg/gradle/configuration/internal/ListenerBuildOperationDecorator;+16
j  org.gradle.invocation.DefaultGradle.decorateUnknownListener(Ljava/lang/String;Ljava/lang/Object;)Ljava/lang/Object;+1
j  org.gradle.invocation.DefaultGradle.addListener(Ljava/lang/String;Ljava/lang/Object;)V+13
j  org.gradle.invocation.DefaultGradle.addBuildListener(Lorg/gradle/BuildListener;)V+5
j  org.gradle.composite.internal.DefaultRootBuildState.run(Ljava/util/function/Function;)Ljava/lang/Object;+82
j  org.gradle.launcher.exec.RootBuildLifecycleBuildActionExecutor.execute(Lorg/gradle/internal/invocation/BuildAction;)Lorg/gradle/internal/buildtree/BuildActionRunner$Result;+91
j  org.gradle.launcher.exec.BuildTreeLifecycleBuildActionExecutor.runRootBuildAction(Lorg/gradle/internal/invocation/BuildAction;Lorg/gradle/internal/service/ServiceRegistry;Lorg/gradle/internal/buildtree/BuildActionModelRequirements;Lorg/gradle/internal/buildtree/BuildModelParameters;)Lorg/gradle/internal/buildtree/BuildActionRunner$Result;+42
j  org.gradle.launcher.exec.BuildTreeLifecycleBuildActionExecutor.execute(Lorg/gradle/internal/invocation/BuildAction;Lorg/gradle/internal/session/BuildSessionContext;)Lorg/gradle/internal/buildtree/BuildActionRunner$Result;+50
j  org.gradle.launcher.exec.RunAsBuildOperationBuildActionExecutor$2.call(Lorg/gradle/internal/operations/BuildOperationContext;)Lorg/gradle/internal/buildtree/BuildActionRunner$Result;+25
j  org.gradle.launcher.exec.RunAsBuildOperationBuildActionExecutor$2.call(Lorg/gradle/internal/operations/BuildOperationContext;)Ljava/lang/Object;+2
j  org.gradle.internal.operations.DefaultBuildOperationRunner$CallableBuildOperationWorker.execute(Lorg/gradle/internal/operations/CallableBuildOperation;Lorg/gradle/internal/operations/BuildOperationContext;)V+3
j  org.gradle.internal.operations.DefaultBuildOperationRunner$CallableBuildOperationWorker.execute(Lorg/gradle/internal/operations/BuildOperation;Lorg/gradle/internal/operations/BuildOperationContext;)V+6
j  org.gradle.internal.operations.DefaultBuildOperationRunner$2.execute(Lorg/gradle/internal/operations/BuildOperationDescriptor;Lorg/gradle/internal/operations/BuildOperationState;Lorg/gradle/internal/operations/BuildOperationState;Lorg/gradle/internal/operations/DefaultBuildOperationRunner$ReadableBuildOperationContext;Lorg/gradle/internal/operations/DefaultBuildOperationRunner$BuildOperationExecutionListener;)Lorg/gradle/internal/operations/BuildOperation;+22
j  org.gradle.internal.operations.DefaultBuildOperationRunner$2.execute(Lorg/gradle/internal/operations/BuildOperationDescriptor;Lorg/gradle/internal/operations/BuildOperationState;Lorg/gradle/internal/operations/BuildOperationState;Lorg/gradle/internal/operations/DefaultBuildOperationRunner$ReadableBuildOperationContext;Lorg/gradle/internal/operations/DefaultBuildOperationRunner$BuildOperationExecutionListener;)Ljava/lang/Object;+8
j  org.gradle.internal.operations.DefaultBuildOperationRunner.execute(Lorg/gradle/internal/operations/BuildOperationDescriptor$Builder;Lorg/gradle/internal/operations/DefaultBuildOperationRunner$BuildOperationExecution;)Ljava/lang/Object;+141
j  org.gradle.internal.operations.DefaultBuildOperationRunner.execute(Lorg/gradle/internal/operations/BuildOperation;Lorg/gradle/internal/operations/BuildOperationWorker;)V+17
j  org.gradle.internal.operations.DefaultBuildOperationRunner.call(Lorg/gradle/internal/operations/CallableBuildOperation;)Ljava/lang/Object;+12
j  org.gradle.launcher.exec.RunAsBuildOperationBuildActionExecutor.execute(Lorg/gradle/internal/invocation/BuildAction;Lorg/gradle/internal/session/BuildSessionContext;)Lorg/gradle/internal/buildtree/BuildActionRunner$Result;+23
j  org.gradle.launcher.exec.RunAsWorkerThreadBuildActionExecutor.lambda$execute$0(Lorg/gradle/internal/invocation/BuildAction;Lorg/gradle/internal/session/BuildSessionContext;)Lorg/gradle/internal/buildtree/BuildActionRunner$Result;+6
j  org.gradle.launcher.exec.RunAsWorkerThreadBuildActionExecutor$$Lambda+0x00000224c4285d50.create()Ljava/lang/Object;+12
j  org.gradle.internal.work.DefaultWorkerLeaseService.lambda$runAndReleaseLocks$0(Lorg/gradle/internal/Factory;Ljava/util/Collection;)Ljava/lang/Object;+1
j  org.gradle.internal.work.DefaultWorkerLeaseService$$Lambda+0x00000224c4287870.create()Ljava/lang/Object;+12
j  org.gradle.internal.work.ResourceLockStatistics$1.measure(Ljava/lang/String;Ljava/lang/Iterable;Lorg/gradle/internal/Factory;)Ljava/lang/Object;+1
j  org.gradle.internal.work.DefaultWorkerLeaseService.runAndReleaseLocks(Ljava/util/Collection;Lorg/gradle/internal/Factory;)Ljava/lang/Object;+16
j  org.gradle.internal.work.DefaultWorkerLeaseService.withLocksAcquired(Ljava/util/Collection;Lorg/gradle/internal/Factory;)Ljava/lang/Object;+8
j  org.gradle.internal.work.DefaultWorkerLeaseService.withLocks(Ljava/util/Collection;Lorg/gradle/internal/Factory;)Ljava/lang/Object;+25
j  org.gradle.internal.work.DefaultWorkerLeaseService.runAsWorkerThread(Lorg/gradle/internal/Factory;)Ljava/lang/Object;+33
j  org.gradle.launcher.exec.RunAsWorkerThreadBuildActionExecutor.execute(Lorg/gradle/internal/invocation/BuildAction;Lorg/gradle/internal/session/BuildSessionContext;)Lorg/gradle/internal/buildtree/BuildActionRunner$Result;+12
j  org.gradle.tooling.internal.provider.continuous.ContinuousBuildActionExecutor.execute(Lorg/gradle/internal/invocation/BuildAction;Lorg/gradle/internal/session/BuildSessionContext;)Lorg/gradle/internal/buildtree/BuildActionRunner$Result;+58
j  org.gradle.tooling.internal.provider.SubscribableBuildActionExecutor.execute(Lorg/gradle/internal/invocation/BuildAction;Lorg/gradle/internal/session/BuildSessionContext;)Lorg/gradle/internal/buildtree/BuildActionRunner$Result;+30
j  org.gradle.internal.session.DefaultBuildSessionContext.execute(Lorg/gradle/internal/invocation/BuildAction;)Lorg/gradle/internal/buildtree/BuildActionRunner$Result;+64
j  org.gradle.internal.buildprocess.execution.BuildSessionLifecycleBuildActionExecutor$ActionImpl.apply(Lorg/gradle/internal/session/BuildSessionContext;)Lorg/gradle/launcher/exec/BuildActionResult;+6
j  org.gradle.internal.buildprocess.execution.BuildSessionLifecycleBuildActionExecutor$ActionImpl.apply(Ljava/lang/Object;)Ljava/lang/Object;+5
j  org.gradle.internal.session.BuildSessionState.run(Ljava/util/function/Function;)Ljava/lang/Object;+5
j  org.gradle.internal.buildprocess.execution.BuildSessionLifecycleBuildActionExecutor.execute(Lorg/gradle/internal/invocation/BuildAction;Lorg/gradle/launcher/exec/BuildActionParameters;Lorg/gradle/initialization/BuildRequestContext;)Lorg/gradle/launcher/exec/BuildActionResult;+105
j  org.gradle.internal.buildprocess.execution.BuildSessionLifecycleBuildActionExecutor.execute(Lorg/gradle/internal/invocation/BuildAction;Ljava/lang/Object;Ljava/lang/Object;)Lorg/gradle/launcher/exec/BuildActionResult;+10
j  org.gradle.internal.buildprocess.execution.StartParamsValidatingActionExecutor.execute(Lorg/gradle/internal/invocation/BuildAction;Lorg/gradle/launcher/exec/BuildActionParameters;Lorg/gradle/initialization/BuildRequestContext;)Lorg/gradle/launcher/exec/BuildActionResult;+142
j  org.gradle.internal.buildprocess.execution.StartParamsValidatingActionExecutor.execute(Lorg/gradle/internal/invocation/BuildAction;Ljava/lang/Object;Ljava/lang/Object;)Lorg/gradle/launcher/exec/BuildActionResult;+10
j  org.gradle.internal.buildprocess.execution.SessionFailureReportingActionExecutor.execute(Lorg/gradle/internal/invocation/BuildAction;Lorg/gradle/launcher/exec/BuildActionParameters;Lorg/gradle/initialization/BuildRequestContext;)Lorg/gradle/launcher/exec/BuildActionResult;+7
j  org.gradle.internal.buildprocess.execution.SessionFailureReportingActionExecutor.execute(Lorg/gradle/internal/invocation/BuildAction;Ljava/lang/Object;Ljava/lang/Object;)Lorg/gradle/launcher/exec/BuildActionResult;+10
j  org.gradle.internal.buildprocess.execution.SetupLoggingActionExecutor.execute(Lorg/gradle/internal/invocation/BuildAction;Lorg/gradle/launcher/exec/BuildActionParameters;Lorg/gradle/initialization/BuildRequestContext;)Lorg/gradle/launcher/exec/BuildActionResult;+50
j  org.gradle.internal.buildprocess.execution.SetupLoggingActionExecutor.execute(Lorg/gradle/internal/invocation/BuildAction;Ljava/lang/Object;Ljava/lang/Object;)Lorg/gradle/launcher/exec/BuildActionResult;+10
j  org.gradle.launcher.daemon.server.exec.ExecuteBuild.doBuild(Lorg/gradle/launcher/daemon/server/api/DaemonCommandExecution;Lorg/gradle/launcher/daemon/protocol/Build;)V+147
j  org.gradle.launcher.daemon.server.exec.BuildCommandOnly.execute(Lorg/gradle/launcher/daemon/server/api/DaemonCommandExecution;)V+49
j  org.gradle.launcher.daemon.server.api.DaemonCommandExecution.proceed()Z+23
j  org.gradle.launcher.daemon.server.exec.WatchForDisconnection.execute(Lorg/gradle/launcher/daemon/server/api/DaemonCommandExecution;)V+19
j  org.gradle.launcher.daemon.server.api.DaemonCommandExecution.proceed()Z+23
j  org.gradle.launcher.daemon.server.exec.ResetDeprecationLogger.execute(Lorg/gradle/launcher/daemon/server/api/DaemonCommandExecution;)V+7
j  org.gradle.launcher.daemon.server.api.DaemonCommandExecution.proceed()Z+23
j  org.gradle.launcher.daemon.server.exec.RequestStopIfSingleUsedDaemon.execute(Lorg/gradle/launcher/daemon/server/api/DaemonCommandExecution;)V+33
j  org.gradle.launcher.daemon.server.api.DaemonCommandExecution.proceed()Z+23
j  org.gradle.launcher.daemon.server.exec.ForwardClientInput.lambda$execute$0(Lorg/gradle/launcher/daemon/server/api/DaemonCommandExecution;Lorg/gradle/internal/daemon/clientinput/StdinHandler;)Ljava/lang/Object;+11
j  org.gradle.launcher.daemon.server.exec.ForwardClientInput$$Lambda+0x00000224c418ab58.apply(Ljava/lang/Object;)Ljava/lang/Object;+8
j  org.gradle.internal.daemon.clientinput.ClientInputForwarder.forwardInput(Ljava/util/function/Function;)Ljava/lang/Object;+46
j  org.gradle.launcher.daemon.server.exec.ForwardClientInput.execute(Lorg/gradle/launcher/daemon/server/api/DaemonCommandExecution;)V+10
j  org.gradle.launcher.daemon.server.api.DaemonCommandExecution.proceed()Z+23
j  org.gradle.launcher.daemon.server.exec.LogAndCheckHealth.execute(Lorg/gradle/launcher/daemon/server/api/DaemonCommandExecution;)V+51
j  org.gradle.launcher.daemon.server.api.DaemonCommandExecution.proceed()Z+23
j  org.gradle.launcher.daemon.server.exec.LogToClient.doBuild(Lorg/gradle/launcher/daemon/server/api/DaemonCommandExecution;Lorg/gradle/launcher/daemon/protocol/Build;)V+87
j  org.gradle.launcher.daemon.server.exec.BuildCommandOnly.execute(Lorg/gradle/launcher/daemon/server/api/DaemonCommandExecution;)V+49
j  org.gradle.launcher.daemon.server.api.DaemonCommandExecution.proceed()Z+23
j  org.gradle.launcher.daemon.server.exec.EstablishBuildEnvironment.doBuild(Lorg/gradle/launcher/daemon/server/api/DaemonCommandExecution;Lorg/gradle/launcher/daemon/protocol/Build;)V+356
j  org.gradle.launcher.daemon.server.exec.BuildCommandOnly.execute(Lorg/gradle/launcher/daemon/server/api/DaemonCommandExecution;)V+49
j  org.gradle.launcher.daemon.server.api.DaemonCommandExecution.proceed()Z+23
j  org.gradle.launcher.daemon.server.exec.StartBuildOrRespondWithBusy$1.run()V+44
j  org.gradle.launcher.daemon.server.DaemonStateCoordinator.lambda$runCommand$0(Ljava/lang/Runnable;)V+1
j  org.gradle.launcher.daemon.server.DaemonStateCoordinator$$Lambda+0x00000224c4189778.run()V+8
j  org.gradle.internal.concurrent.ExecutorPolicy$CatchAndRecordFailures.onExecute(Ljava/lang/Runnable;)V+1
j  org.gradle.internal.concurrent.AbstractManagedExecutor$1.run()V+25
j  java.util.concurrent.ThreadPoolExecutor.runWorker(Ljava/util/concurrent/ThreadPoolExecutor$Worker;)V+92 java.base@21.0.11
j  java.util.concurrent.ThreadPoolExecutor$Worker.run()V+5 java.base@21.0.11
j  java.lang.Thread.runWith(Ljava/lang/Object;Ljava/lang/Runnable;)V+5 java.base@21.0.11
j  java.lang.Thread.run()V+19 java.base@21.0.11
v  ~StubRoutines::call_stub 0x00000224b70c100d

Compiled method (n/a)   21299  731     n 0       java.lang.ClassLoader::defineClass1 (native)
 total in heap  [0x00000224b76aaa10,0x00000224b76ab070] = 1632
 relocation     [0x00000224b76aab70,0x00000224b76aaba8] = 56
 main code      [0x00000224b76aabc0,0x00000224b76ab06f] = 1199
 stub code      [0x00000224b76ab06f,0x00000224b76ab070] = 1

[Constant Pool (empty)]

[MachCode]
[Entry Point]
  # {method} {0x00000224c343a530} 'defineClass1' '(Ljava/lang/ClassLoader;Ljava/lang/String;[BIILjava/security/ProtectionDomain;Ljava/lang/String;)Ljava/lang/Class;' in 'java/lang/ClassLoader'
  # parm0:    rdx:rdx   = 'java/lang/ClassLoader'
  # parm1:    r8:r8     = 'java/lang/String'
  # parm2:    r9:r9     = '[B'
  # parm3:    rdi       = int
  # parm4:    rsi       = int
  # parm5:    rcx:rcx   = 'java/security/ProtectionDomain'
  # parm6:    [sp+0xa0]   = 'java/lang/String'  (sp of caller)
  0x00000224b76aabc0: 448b 5208 | 49bb 0000 | 00c3 2402 | 0000 4d03 | d349 3bc2 | 0f84 0600 

  0x00000224b76aabd8: ;   {runtime_call ic_miss_stub}
  0x00000224b76aabd8: 0000 e9a1 | 3ba6 ff90 
[Verified Entry Point]
  0x00000224b76aabe0: 8984 2400 | 80ff ff55 | 488b ec48 | 81ec 9000 | 0000 6690 | 4181 7f20 | 0300 0000 

  0x00000224b76aabfc: ;   {runtime_call StubRoutines (final stubs)}
  0x00000224b76aabfc: 7405 e85d | a1a4 ff48 | 837d 1000 | 488d 4510 | 480f 4445 | 1048 8944 | 2440 4889 | 4c24 7048 
  0x00000224b76aac1c: 83f9 0048 | 8d44 2470 | 480f 4444 | 2470 4889 | 4424 3848 | 8974 2430 | 4889 7c24 | 284c 894c 
  0x00000224b76aac3c: 2458 4983 | f900 488d | 4424 5848 | 0f44 4424 | 5848 8944 | 2420 4c89 | 4424 5049 | 83f8 004c 
  0x00000224b76aac5c: 8d4c 2450 | 4c0f 444c | 2450 4889 | 5424 4848 | 83fa 004c | 8d44 2448 | 4c0f 4444 

  0x00000224b76aac78: ;   {oop(a 'java/lang/Class'{0x00000000e07a2d08} = 'java/lang/ClassLoader')}
  0x00000224b76aac78: 2448 49be | 082d 7ae0 | 0000 0000 | 4c89 7424 | 784c 8d74 | 2478 498b | d6c5 f877 

  0x00000224b76aac94: ;   {internal_word}
  0x00000224b76aac94: 49ba 91ac | 6ab7 2402 | 0000 4d89 | 97a8 0300 | 0049 89a7 | a003 0000 

  0x00000224b76aacac: ;   {external_word}
  0x00000224b76aacac: 49ba e328 | 103e fa7f | 0000 4180 | 3a00 0f84 | 4e00 0000 | 5241 5041 

  0x00000224b76aacc4: ;   {metadata({method} {0x00000224c343a530} 'defineClass1' '(Ljava/lang/ClassLoader;Ljava/lang/String;[BIILjava/security/ProtectionDomain;Ljava/lang/String;)Ljava/lang/Class;' in 'java/lang/ClassLoader')}
  0x00000224b76aacc4: 5148 ba28 | a543 c324 | 0200 0049 | 8bcf 4883 | ec20 40f6 | c40f 0f84 | 1900 0000 | 4883 ec08 
  0x00000224b76aace4: ;   {runtime_call}
  0x00000224b76aace4: 48b8 b07c | c03d fa7f | 0000 ffd0 | 4883 c408 | e90c 0000 

  0x00000224b76aacf8: ;   {runtime_call}
  0x00000224b76aacf8: 0048 b8b0 | 7cc0 3dfa | 7f00 00ff | d048 83c4 | 2041 5941 | 585a 498d | 8fc0 0300 | 0041 c787 
  0x00000224b76aad18: 4c04 0000 | 0400 0000 

  0x00000224b76aad20: ;   {runtime_call}
  0x00000224b76aad20: 48b8 d016 | 7a8b fa7f | 0000 ffd0 | c5f8 7741 | c787 4c04 | 0000 0500 | 0000 f083 | 4424 c000 
  0x00000224b76aad40: 493b af50 | 0400 000f | 870e 0000 | 0041 83bf | 4804 0000 | 000f 842b | 0000 00c5 | f877 4889 
  0x00000224b76aad60: 45f8 498b | cf4c 8be4 | 4883 ec20 | 4883 e4f0 

  0x00000224b76aad70: ;   {runtime_call}
  0x00000224b76aad70: 48b8 801e | 8c3d fa7f | 0000 ffd0 | 498b e44d | 33e4 488b | 45f8 41c7 | 874c 0400 | 0008 0000 
  0x00000224b76aad90: 0041 83bf | c804 0000 | 020f 84a3 

  0x00000224b76aad9c: ;   {external_word}
  0x00000224b76aad9c: 0200 0049 | bae3 2810 | 3efa 7f00 | 0041 803a | 000f 844c | 0000 0048 

  0x00000224b76aadb4: ;   {metadata({method} {0x00000224c343a530} 'defineClass1' '(Ljava/lang/ClassLoader;Ljava/lang/String;[BIILjava/security/ProtectionDomain;Ljava/lang/String;)Ljava/lang/Class;' in 'java/lang/ClassLoader')}
  0x00000224b76aadb4: 8945 f848 | ba28 a543 | c324 0200 | 0049 8bcf | 4883 ec20 | 40f6 c40f | 0f84 1900 | 0000 4883 
  0x00000224b76aadd4: ;   {runtime_call}
  0x00000224b76aadd4: ec08 48b8 | b07c c03d | fa7f 0000 | ffd0 4883 | c408 e90c 

  0x00000224b76aade8: ;   {runtime_call}
  0x00000224b76aade8: 0000 0048 | b8b0 7cc0 | 3dfa 7f00 | 00ff d048 | 83c4 2048 | 8b45 f849 | c787 a003 | 0000 0000 
  0x00000224b76aae08: 0000 49c7 | 87a8 0300 | 0000 0000 | 00c5 f877 | 4885 c00f | 84fe 0100 | 00a8 030f | 8508 0000 
  0x00000224b76aae28: 0048 8b00 | e9ee 0100 | 00a8 010f | 8509 0000 | 0048 8b40 | fee9 dd01 | 0000 488b | 40ff 4180 
  0x00000224b76aae48: 7f40 000f | 84ce 0100 | 0048 83f8 | 000f 84c4 | 0100 0049 | 8b4f 2848 | 83f9 000f | 8414 0000 
  0x00000224b76aae68: 0048 83e9 | 0849 894f | 2849 034f | 3848 8901 | e9a2 0100 | 0048 81ec | d000 0000 | 4889 0424 
  0x00000224b76aae88: 4889 4c24 | 0848 8954 | 2410 4889 | 7424 1848 | 897c 2420 | 4c89 4424 | 284c 894c | 2430 4c89 
  0x00000224b76aaea8: 5424 384c | 895c 2440 | c5fb 1144 | 2450 c5fb | 114c 2458 | c5fb 1154 | 2460 c5fb | 115c 2468 
  0x00000224b76aaec8: c5fb 1164 | 2470 c5fb | 116c 2478 | c5fb 11b4 | 2480 0000 | 00c5 fb11 | bc24 8800 | 0000 c57b 
  0x00000224b76aaee8: ;   {no_reloc}
  0x00000224b76aaee8: 1184 2490 | 0000 00c5 | 7b11 8c24 | 9800 0000 | c57b 1194 | 24a0 0000 | 00c5 7b11 | 9c24 a800 
  0x00000224b76aaf08: 0000 c57b | 11a4 24b0 | 0000 00c5 | 7b11 ac24 | b800 0000 | c57b 11b4 | 24c0 0000 | 00c5 7b11 
  0x00000224b76aaf28: bc24 c800 | 0000 498b | d748 8bc8 | 4883 ec20 | 40f6 c40f | 0f84 1900 | 0000 4883 

  0x00000224b76aaf44: ;   {runtime_call}
  0x00000224b76aaf44: ec08 48b8 | d06c 7f3d | fa7f 0000 | ffd0 4883 | c408 e90c 

  0x00000224b76aaf58: ;   {runtime_call}
  0x00000224b76aaf58: 0000 0048 | b8d0 6c7f | 3dfa 7f00 | 00ff d048 | 83c4 20c5 | 7b10 bc24 | c800 0000 | c57b 10b4 
  0x00000224b76aaf78: 24c0 0000 | 00c5 7b10 | ac24 b800 | 0000 c57b | 10a4 24b0 | 0000 00c5 | 7b10 9c24 | a800 0000 
  0x00000224b76aaf98: c57b 1094 | 24a0 0000 | 00c5 7b10 | 8c24 9800 | 0000 c57b | 1084 2490 | 0000 00c5 | fb10 bc24 
  0x00000224b76aafb8: 8800 0000 | c5fb 10b4 | 2480 0000 | 00c5 fb10 | 6c24 78c5 | fb10 6424 | 70c5 fb10 | 5c24 68c5 
  0x00000224b76aafd8: fb10 5424 | 60c5 fb10 | 4c24 58c5 | fb10 4424 | 504c 8b5c | 2440 4c8b | 5424 384c | 8b4c 2430 
  0x00000224b76aaff8: 4c8b 4424 | 2848 8b7c | 2420 488b | 7424 1848 | 8b54 2410 | 488b 4c24 | 0848 8b04 | 2448 81c4 
  0x00000224b76ab018: d000 0000 | c5f8 7749 | 8b8f 3004 | 0000 c781 | 0001 0000 | 0000 0000 | c949 837f | 0800 0f85 
  0x00000224b76ab038: 0100 0000 

  0x00000224b76ab03c: ;   {runtime_call StubRoutines (initial stubs)}
  0x00000224b76ab03c: c3e9 be5e | a1ff c5f8 | 7748 8945 | f84c 8be4 | 4883 ec20 | 4883 e4f0 

  0x00000224b76ab054: ;   {runtime_call}
  0x00000224b76ab054: 48b8 10b4 | c03d fa7f | 0000 ffd0 | 498b e44d | 33e4 488b | 45f8 e930 | fdff fff4 
[/MachCode]


Compiled method (c1)   21311 1152       3       java.lang.ClassLoader::defineClass (43 bytes)
 total in heap  [0x00000224afd83010,0x00000224afd83968] = 2392
 relocation     [0x00000224afd83170,0x00000224afd83210] = 160
 main code      [0x00000224afd83220,0x00000224afd836c0] = 1184
 stub code      [0x00000224afd836c0,0x00000224afd83738] = 120
 metadata       [0x00000224afd83738,0x00000224afd83768] = 48
 scopes data    [0x00000224afd83768,0x00000224afd83858] = 240
 scopes pcs     [0x00000224afd83858,0x00000224afd83938] = 224
 dependencies   [0x00000224afd83938,0x00000224afd83940] = 8
 nul chk table  [0x00000224afd83940,0x00000224afd83968] = 40

[Constant Pool (empty)]

[MachCode]
[Entry Point]
  # {method} {0x00000224c343a8b0} 'defineClass' '(Ljava/lang/String;[BIILjava/security/ProtectionDomain;)Ljava/lang/Class;' in 'java/lang/ClassLoader'
  # this:     rdx:rdx   = 'java/lang/ClassLoader'
  # parm0:    r8:r8     = 'java/lang/String'
  # parm1:    r9:r9     = '[B'
  # parm2:    rdi       = int
  # parm3:    rsi       = int
  # parm4:    rcx:rcx   = 'java/security/ProtectionDomain'
  #           [sp+0xc0]  (sp of caller)
  0x00000224afd83220: 448b 5208 | 49bb 0000 | 00c3 2402 | 0000 4d03 | d34c 3bd0 

  0x00000224afd83234: ;   {runtime_call ic_miss_stub}
  0x00000224afd83234: 0f85 46b5 | 3807 660f | 1f44 0000 
[Verified Entry Point]
  0x00000224afd83240: 8984 2400 | 80ff ff55 | 4881 ecb0 | 0000 0090 | 4181 7f20 | 0300 0000 

  0x00000224afd83258: ;   {runtime_call StubRoutines (final stubs)}
  0x00000224afd83258: 7405 e801 | 1b37 0748 | 8954 2478 

  0x00000224afd83264: ;   {metadata(method data for {method} {0x00000224c343a8b0} 'defineClass' '(Ljava/lang/String;[BIILjava/security/ProtectionDomain;)Ljava/lang/Class;' in 'java/lang/ClassLoader')}
  0x00000224afd83264: 48bb 3061 | 19d8 2402 | 0000 8b83 | cc00 0000 | 83c0 0289 | 83cc 0000 | 0025 fe07 | 0000 85c0 
  0x00000224afd83284: 0f84 5803 | 0000 89b4 | 2494 0000 | 0089 bc24 | 9000 0000 | 4c89 8c24 | 8800 0000 

  0x00000224afd832a0: ;   {metadata(method data for {method} {0x00000224c343a8b0} 'defineClass' '(Ljava/lang/String;[BIILjava/security/ProtectionDomain;)Ljava/lang/Class;' in 'java/lang/ClassLoader')}
  0x00000224afd832a0: 488b da48 | b830 6119 | d824 0200 | 0048 8380 | 1001 0000 | 0149 8bd8 | 4c8b c34c | 8bc9 488b 
  0x00000224afd832c0: ca48 8bd1 | 4889 9c24 | 8000 0000 

  0x00000224afd832cc: ;   {optimized virtual_call}
  0x00000224afd832cc: 6666 90e8 

  0x00000224afd832d0: ; ImmutableOopMap {[120]=Oop [128]=Oop [136]=Oop }
                      ;*invokevirtual preDefineClass {reexecute=0 rethrow=0 return_oop=0}
                      ; - java.lang.ClassLoader::defineClass@4 (line 1025)
  0x00000224afd832d0: cc7d fcff 

  0x00000224afd832d4: ;   {other}
  0x00000224afd832d4: 0f1f 8400 | c402 0000 | 4889 8424 | 9800 0000 | 488b 5424 

  0x00000224afd832e8: ;   {metadata(method data for {method} {0x00000224c343a8b0} 'defineClass' '(Ljava/lang/String;[BIILjava/security/ProtectionDomain;)Ljava/lang/Class;' in 'java/lang/ClassLoader')}
  0x00000224afd832e8: 7849 b830 | 6119 d824 | 0200 0049 | 8380 4801 

  0x00000224afd832f8: ;   {metadata(method data for {method} {0x00000224c343a598} 'defineClassSourceLocation' '(Ljava/security/ProtectionDomain;)Ljava/lang/String;' in 'java/lang/ClassLoader')}
  0x00000224afd832f8: 0000 0149 | b8e8 8a19 | d824 0200 | 0041 8b90 | cc00 0000 | 83c2 0241 | 8990 cc00 | 0000 81e2 
  0x00000224afd83318: feff 1f00 | 85d2 0f84 | df02 0000 

  0x00000224afd83324: ; implicit exception: dispatches to 0x00000224afd83624
  0x00000224afd83324: 483b 004c 

  0x00000224afd83328: ;   {metadata(method data for {method} {0x00000224c343a598} 'defineClassSourceLocation' '(Ljava/security/ProtectionDomain;)Ljava/lang/String;' in 'java/lang/ClassLoader')}
  0x00000224afd83328: 8bc0 48ba | e88a 19d8 | 2402 0000 | 4883 8210 | 0100 0001 | 448b 4010 

  0x00000224afd83340: ;   {metadata(method data for {method} {0x00000224c343a598} 'defineClassSourceLocation' '(Ljava/security/ProtectionDomain;)Ljava/lang/String;' in 'java/lang/ClassLoader')}
  0x00000224afd83340: 4d85 c048 | bae8 8a19 | d824 0200 | 0048 be58 | 0100 0000 | 0000 0075 | 0a48 be48 | 0100 0000 
  0x00000224afd83360: 0000 0048 | 8b3c 3248 | 8d7f 0148 | 893c 320f | 850f 0000 

  0x00000224afd83374: ;   {oop(nullptr)}
  0x00000224afd83374: 0048 bb00 | 0000 0000 | 0000 00e9 | a301 0000 

  0x00000224afd83384: ; implicit exception: dispatches to 0x00000224afd83629
  0x00000224afd83384: 493b 0049 

  0x00000224afd83388: ;   {metadata(method data for {method} {0x00000224c343a598} 'defineClassSourceLocation' '(Ljava/security/ProtectionDomain;)Ljava/lang/String;' in 'java/lang/ClassLoader')}
  0x00000224afd83388: 8bd0 48be | e88a 19d8 | 2402 0000 | 4883 8668 | 0100 0001 | 418b 500c 

  0x00000224afd833a0: ;   {metadata(method data for {method} {0x00000224c343a598} 'defineClassSourceLocation' '(Ljava/security/ProtectionDomain;)Ljava/lang/String;' in 'java/lang/ClassLoader')}
  0x00000224afd833a0: 4885 d248 | bee8 8a19 | d824 0200 | 0048 bfb0 | 0100 0000 | 0000 0075 | 0a48 bfa0 | 0100 0000 
  0x00000224afd833c0: 0000 0048 | 8b1c 3e48 | 8d5b 0148 | 891c 3e0f | 850f 0000 

  0x00000224afd833d4: ;   {oop(nullptr)}
  0x00000224afd833d4: 0048 bb00 | 0000 0000 | 0000 00e9 | 4301 0000 

  0x00000224afd833e4: ;   {metadata(method data for {method} {0x00000224c343a598} 'defineClassSourceLocation' '(Ljava/security/ProtectionDomain;)Ljava/lang/String;' in 'java/lang/ClassLoader')}
  0x00000224afd833e4: 48be e88a | 19d8 2402 | 0000 4883 | 86c0 0100 | 0001 483b | 024c 8bc2 

  0x00000224afd833fc: ;   {metadata(method data for {method} {0x00000224c343a598} 'defineClassSourceLocation' '(Ljava/security/ProtectionDomain;)Ljava/lang/String;' in 'java/lang/ClassLoader')}
  0x00000224afd833fc: 48be e88a | 19d8 2402 | 0000 4883 | 86f8 0100 

  0x00000224afd8340c: ;   {metadata(method data for {method} {0x00000224c301a5d8} 'toString' '()Ljava/lang/String;' in 'java/net/URL')}
  0x00000224afd8340c: 0001 49b8 | 082c 0ed8 | 2402 0000 | 418b b0cc | 0000 0083 | c602 4189 | b0cc 0000 | 0081 e6fe 
  0x00000224afd8342c: ff1f 0085 | f60f 84fc | 0100 004c 

  0x00000224afd83438: ;   {metadata(method data for {method} {0x00000224c301a5d8} 'toString' '()Ljava/lang/String;' in 'java/net/URL')}
  0x00000224afd83438: 8bc2 48be | 082c 0ed8 | 2402 0000 | 4883 8610 | 0100 0001 

  0x00000224afd8344c: ;   {metadata(method data for {method} {0x00000224c342e1b0} 'toExternalForm' '()Ljava/lang/String;' in 'java/net/URL')}
  0x00000224afd8344c: 49b8 902d | 0ed8 2402 | 0000 418b | b0cc 0000 | 0083 c602 | 4189 b0cc | 0000 0081 | e6fe ff1f 
  0x00000224afd8346c: 0085 f60f | 84df 0100 | 008b 7238 

  0x00000224afd83478: ; implicit exception: dispatches to 0x00000224afd83675
  0x00000224afd83478: 483b 064c 

  0x00000224afd8347c: ;   {metadata(method data for {method} {0x00000224c342e1b0} 'toExternalForm' '()Ljava/lang/String;' in 'java/net/URL')}
  0x00000224afd8347c: 8bc6 48bf | 902d 0ed8 | 2402 0000 | 458b 4008 | 49ba 0000 | 00c3 2402 | 0000 4d03 | c24c 3b87 
  0x00000224afd8349c: 2001 0000 | 750d 4883 | 8728 0100 | 0001 e960 | 0000 004c | 3b87 3001 | 0000 750d | 4883 8738 
  0x00000224afd834bc: 0100 0001 | e94a 0000 | 0048 83bf | 2001 0000 | 0075 174c | 8987 2001 | 0000 48c7 | 8728 0100 
  0x00000224afd834dc: 0001 0000 | 00e9 2900 | 0000 4883 | bf30 0100 | 0000 7517 | 4c89 8730 | 0100 0048 | c787 3801 
  0x00000224afd834fc: 0000 0100 | 0000 e908 | 0000 0048 | 8387 1001 | 0000 014c | 8bc2 488b 

  0x00000224afd83514: ;   {optimized virtual_call}
  0x00000224afd83514: d666 90e8 

  0x00000224afd83518: ; ImmutableOopMap {[120]=Oop [128]=Oop [136]=Oop [152]=Oop }
                      ;*invokevirtual toExternalForm {reexecute=0 rethrow=0 return_oop=0}
                      ; - java.net.URL::toExternalForm@5 (line 1203)
                      ; - java.net.URL::toString@1 (line 1189)
                      ; - java.lang.ClassLoader::defineClassSourceLocation@22 (line 927)
                      ; - java.lang.ClassLoader::defineClass@12 (line 1026)
  0x00000224afd83518: 8449 f5ff 

  0x00000224afd8351c: ;   {other}
  0x00000224afd8351c: 0f1f 8400 | 0c05 0001 | 488b d848 | 8b84 2498 | 0000 008b | b424 9400 | 0000 8bbc | 2490 0000 
  0x00000224afd8353c: 004c 8b8c | 2488 0000 | 004c 8b84 | 2480 0000 | 0048 8b54 

  0x00000224afd83550: ;   {metadata(method data for {method} {0x00000224c343a8b0} 'defineClass' '(Ljava/lang/String;[BIILjava/security/ProtectionDomain;)Ljava/lang/Class;' in 'java/lang/ClassLoader')}
  0x00000224afd83550: 2478 48b9 | 3061 19d8 | 2402 0000 | 4883 8180 | 0100 0001 | 4c8b da49 | 8bd3 488b | c848 891c 
  0x00000224afd83570: 2466 0f1f 

  0x00000224afd83574: ;   {static_call}
  0x00000224afd83574: 4400 00e8 

  0x00000224afd83578: ; ImmutableOopMap {[120]=Oop [152]=Oop }
                      ;*invokestatic defineClass1 {reexecute=0 rethrow=0 return_oop=0}
                      ; - java.lang.ClassLoader::defineClass@27 (line 1027)
  0x00000224afd83578: 6476 9207 

  0x00000224afd8357c: ;   {other}
  0x00000224afd8357c: 0f1f 8400 | 6c05 0002 | 488b 5424 

  0x00000224afd83588: ;   {metadata(method data for {method} {0x00000224c343a8b0} 'defineClass' '(Ljava/lang/String;[BIILjava/security/ProtectionDomain;)Ljava/lang/Class;' in 'java/lang/ClassLoader')}
  0x00000224afd83588: 7849 b830 | 6119 d824 | 0200 0049 | 8380 9001 | 0000 014c | 8bc0 4c8b | 8c24 9800 | 0000 488b 
  0x00000224afd835a8: 5424 7848 | 8984 24a0 | 0000 000f 

  0x00000224afd835b4: ;   {optimized virtual_call}
  0x00000224afd835b4: 1f40 00e8 

  0x00000224afd835b8: ; ImmutableOopMap {[160]=Oop }
                      ;*invokevirtual postDefineClass {reexecute=0 rethrow=0 return_oop=0}
                      ; - java.lang.ClassLoader::defineClass@37 (line 1028)
  0x00000224afd835b8: e408 fbff 

  0x00000224afd835bc: ;   {other}
  0x00000224afd835bc: 0f1f 8400 | ac05 0003 | 488b 8424 | a000 0000 | 4881 c4b0 | 0000 005d 

  0x00000224afd835d4: ;   {poll_return}
  0x00000224afd835d4: 493b a750 | 0400 000f | 8799 0000 

  0x00000224afd835e0: ;   {metadata({method} {0x00000224c343a8b0} 'defineClass' '(Ljava/lang/String;[BIILjava/security/ProtectionDomain;)Ljava/lang/Class;' in 'java/lang/ClassLoader')}
  0x00000224afd835e0: 00c3 49ba | a8a8 43c3 | 2402 0000 | 4c89 5424 | 0848 c704 | 24ff ffff 

  0x00000224afd835f8: ;   {runtime_call counter_overflow Runtime1 stub}
  0x00000224afd835f8: ffe8 027c 

  0x00000224afd835fc: ; ImmutableOopMap {rdx=Oop r8=Oop r9=Oop rcx=Oop [120]=Oop }
                      ;*synchronization entry
                      ; - java.lang.ClassLoader::defineClass@-1 (line 1025)
  0x00000224afd835fc: 4507 e987 

  0x00000224afd83600: ;   {metadata({method} {0x00000224c343a598} 'defineClassSourceLocation' '(Ljava/security/ProtectionDomain;)Ljava/lang/String;' in 'java/lang/ClassLoader')}
  0x00000224afd83600: fcff ff49 | ba90 a543 | c324 0200 | 004c 8954 | 2408 48c7 | 0424 ffff 

  0x00000224afd83618: ;   {runtime_call counter_overflow Runtime1 stub}
  0x00000224afd83618: ffff e8e1 

  0x00000224afd8361c: ; ImmutableOopMap {rax=Oop [120]=Oop [128]=Oop [136]=Oop [152]=Oop }
                      ;*synchronization entry
                      ; - java.lang.ClassLoader::defineClassSourceLocation@-1 (line 924)
                      ; - java.lang.ClassLoader::defineClass@12 (line 1026)
  0x00000224afd8361c: 7b45 07e9 | 00fd ffff 

  0x00000224afd83624: ;   {runtime_call throw_null_pointer_exception Runtime1 stub}
  0x00000224afd83624: e8d7 2a45 

  0x00000224afd83628: ; ImmutableOopMap {rax=Oop [120]=Oop [128]=Oop [136]=Oop [152]=Oop }
                      ;*invokevirtual getCodeSource {reexecute=0 rethrow=0 return_oop=0}
                      ; - java.lang.ClassLoader::defineClassSourceLocation@1 (line 924)
                      ; - java.lang.ClassLoader::defineClass@12 (line 1026)
                      ;   {runtime_call throw_null_pointer_exception Runtime1 stub}
  0x00000224afd83628: 07e8 d22a 

  0x00000224afd8362c: ; ImmutableOopMap {rax=Oop r8=Oop [120]=Oop [128]=Oop [136]=Oop [152]=Oop }
                      ;*invokevirtual getLocation {reexecute=0 rethrow=0 return_oop=0}
                      ; - java.lang.ClassLoader::defineClassSourceLocation@12 (line 926)
                      ; - java.lang.ClassLoader::defineClass@12 (line 1026)
                      ;   {runtime_call throw_null_pointer_exception Runtime1 stub}
  0x00000224afd8362c: 4507 e8cd 

  0x00000224afd83630: ; ImmutableOopMap {rdx=Oop [120]=Oop [128]=Oop [136]=Oop [152]=Oop }
                      ;*invokevirtual toString {reexecute=0 rethrow=0 return_oop=0}
                      ; - java.lang.ClassLoader::defineClassSourceLocation@22 (line 927)
                      ; - java.lang.ClassLoader::defineClass@12 (line 1026)
                      ;   {metadata({method} {0x00000224c301a5d8} 'toString' '()Ljava/lang/String;' in 'java/net/URL')}
  0x00000224afd83630: 2a45 0749 | bad0 a501 | c324 0200 | 004c 8954 | 2408 48c7 | 0424 ffff 

  0x00000224afd83648: ;   {runtime_call counter_overflow Runtime1 stub}
  0x00000224afd83648: ffff e8b1 

  0x00000224afd8364c: ; ImmutableOopMap {rdx=Oop [120]=Oop [128]=Oop [136]=Oop [152]=Oop }
                      ;*synchronization entry
                      ; - java.net.URL::toString@-1 (line 1189)
                      ; - java.lang.ClassLoader::defineClassSourceLocation@22 (line 927)
                      ; - java.lang.ClassLoader::defineClass@12 (line 1026)
  0x00000224afd8364c: 7b45 07e9 | e3fd ffff 

  0x00000224afd83654: ;   {metadata({method} {0x00000224c342e1b0} 'toExternalForm' '()Ljava/lang/String;' in 'java/net/URL')}
  0x00000224afd83654: 49ba a8e1 | 42c3 2402 | 0000 4c89 | 5424 0848 | c704 24ff 

  0x00000224afd83668: ;   {runtime_call counter_overflow Runtime1 stub}
  0x00000224afd83668: ffff ffe8 

  0x00000224afd8366c: ; ImmutableOopMap {rdx=Oop [120]=Oop [128]=Oop [136]=Oop [152]=Oop }
                      ;*synchronization entry
                      ; - java.net.URL::toExternalForm@-1 (line 1203)
                      ; - java.net.URL::toString@1 (line 1189)
                      ; - java.lang.ClassLoader::defineClassSourceLocation@22 (line 927)
                      ; - java.lang.ClassLoader::defineClass@12 (line 1026)
  0x00000224afd8366c: 907b 4507 | e900 feff 

  0x00000224afd83674: ;   {runtime_call throw_null_pointer_exception Runtime1 stub}
  0x00000224afd83674: ffe8 862a 

  0x00000224afd83678: ; ImmutableOopMap {rdx=Oop rsi=Oop [120]=Oop [128]=Oop [136]=Oop [152]=Oop }
                      ;*invokevirtual toExternalForm {reexecute=0 rethrow=0 return_oop=0}
                      ; - java.net.URL::toExternalForm@5 (line 1203)
                      ; - java.net.URL::toString@1 (line 1189)
                      ; - java.lang.ClassLoader::defineClassSourceLocation@22 (line 927)
                      ; - java.lang.ClassLoader::defineClass@12 (line 1026)
                      ;   {internal_word}
  0x00000224afd83678: 4507 49ba | d435 d8af | 2402 0000 | 4d89 9768 

  0x00000224afd83688: ;   {runtime_call SafepointBlob}
  0x00000224afd83688: 0400 00e9 | 7020 3907 | 498b 8700 | 0500 0049 | c787 0005 | 0000 0000 | 0000 49c7 | 8708 0500 
  0x00000224afd836a8: 0000 0000 | 0048 81c4 | b000 0000 

  0x00000224afd836b4: ;   {runtime_call unwind_exception Runtime1 stub}
  0x00000224afd836b4: 5de9 461b | 4507 f4f4 | f4f4 f4f4 
[Stub Code]
  0x00000224afd836c0: ;   {no_reloc}
  0x00000224afd836c0: 0f1f 4400 

  0x00000224afd836c4: ;   {static_stub}
  0x00000224afd836c4: 0048 bb00 | 0000 0000 

  0x00000224afd836cc: ;   {runtime_call}
  0x00000224afd836cc: 0000 00e9 | fbff ffff 

  0x00000224afd836d4: ;   {static_stub}
  0x00000224afd836d4: 48bb 0000 | 0000 0000 

  0x00000224afd836dc: ;   {runtime_call}
  0x00000224afd836dc: 0000 e9fb 

  0x00000224afd836e0: ;   {static_stub}
  0x00000224afd836e0: ffff ff48 | bb00 0000 | 0000 0000 

  0x00000224afd836ec: ;   {runtime_call}
  0x00000224afd836ec: 00e9 fbff 

  0x00000224afd836f0: ;   {static_stub}
  0x00000224afd836f0: ffff 48bb | 0000 0000 | 0000 0000 

  0x00000224afd836fc: ;   {runtime_call}
  0x00000224afd836fc: e9fb ffff 

  0x00000224afd83700: ;   {runtime_call handle_exception_from_callee Runtime1 stub}
  0x00000224afd83700: ffe8 fa47 

  0x00000224afd83704: ;   {external_word}
  0x00000224afd83704: 4507 48b9 | 1009 e83d | fa7f 0000 | 4883 e4f0 

  0x00000224afd83714: ;   {runtime_call}
  0x00000224afd83714: 48b8 708b | af3d fa7f | 0000 ffd0 

  0x00000224afd83720: ;   {section_word}
  0x00000224afd83720: f449 ba21 | 37d8 af24 | 0200 0041 

  0x00000224afd8372c: ;   {runtime_call DeoptimizationBlob}
  0x00000224afd8372c: 52e9 6e12 | 3907 f4f4 | f4f4 f4f4 
[/MachCode]


Compiled method (c1)   21325 1011       3       java.security.SecureClassLoader::defineClass (16 bytes)
 total in heap  [0x00000224afd46010,0x00000224afd46410] = 1024
 relocation     [0x00000224afd46170,0x00000224afd461c0] = 80
 main code      [0x00000224afd461c0,0x00000224afd46318] = 344
 stub code      [0x00000224afd46318,0x00000224afd46368] = 80
 metadata       [0x00000224afd46368,0x00000224afd46370] = 8
 scopes data    [0x00000224afd46370,0x00000224afd463b8] = 72
 scopes pcs     [0x00000224afd463b8,0x00000224afd46408] = 80
 dependencies   [0x00000224afd46408,0x00000224afd46410] = 8

[Constant Pool (empty)]

[MachCode]
[Entry Point]
  # {method} {0x00000224c304d4c0} 'defineClass' '(Ljava/lang/String;[BIILjava/security/CodeSource;)Ljava/lang/Class;' in 'java/security/SecureClassLoader'
  # this:     rdx:rdx   = 'java/security/SecureClassLoader'
  # parm0:    r8:r8     = 'java/lang/String'
  # parm1:    r9:r9     = '[B'
  # parm2:    rdi       = int
  # parm3:    rsi       = int
  # parm4:    rcx:rcx   = 'java/security/CodeSource'
  #           [sp+0x80]  (sp of caller)
  0x00000224afd461c0: 448b 5208 | 49bb 0000 | 00c3 2402 | 0000 4d03 | d34c 3bd0 

  0x00000224afd461d4: ;   {runtime_call ic_miss_stub}
  0x00000224afd461d4: 0f85 a685 | 3c07 660f | 1f44 0000 
[Verified Entry Point]
  0x00000224afd461e0: 8984 2400 | 80ff ff55 | 4883 ec70 | 4181 7f20 | 0300 0000 

  0x00000224afd461f4: ;   {runtime_call StubRoutines (final stubs)}
  0x00000224afd461f4: 7405 e865 

  0x00000224afd461f8: ;   {metadata(method data for {method} {0x00000224c304d4c0} 'defineClass' '(Ljava/lang/String;[BIILjava/security/CodeSource;)Ljava/lang/Class;' in 'java/security/SecureClassLoader')}
  0x00000224afd461f8: eb3a 0748 | bb58 1218 | d824 0200 | 008b 83cc | 0000 0083 | c002 8983 | cc00 0000 | 25fe 0700 
  0x00000224afd46218: 0085 c00f | 8496 0000 | 0089 7424 | 5c89 7c24 | 584c 894c | 2450 4c89 | 4424 4848 

  0x00000224afd46234: ;   {metadata(method data for {method} {0x00000224c304d4c0} 'defineClass' '(Ljava/lang/String;[BIILjava/security/CodeSource;)Ljava/lang/Class;' in 'java/security/SecureClassLoader')}
  0x00000224afd46234: 8bda 48b8 | 5812 18d8 | 2402 0000 | 4883 8010 | 0100 0001 | 4c8b c148 | 8bc2 488b | d048 8944 
  0x00000224afd46254: ;   {optimized virtual_call}
  0x00000224afd46254: 2440 90e8 

  0x00000224afd46258: ; ImmutableOopMap {[64]=Oop [72]=Oop [80]=Oop }
                      ;*invokevirtual getProtectionDomain {reexecute=0 rethrow=0 return_oop=0}
                      ; - java.security.SecureClassLoader::defineClass@9 (line 150)
  0x00000224afd46258: 44c5 0300 

  0x00000224afd4625c: ;   {other}
  0x00000224afd4625c: 0f1f 8400 | 4c02 0000 | 488b 5424 

  0x00000224afd46268: ;   {metadata(method data for {method} {0x00000224c304d4c0} 'defineClass' '(Ljava/lang/String;[BIILjava/security/CodeSource;)Ljava/lang/Class;' in 'java/security/SecureClassLoader')}
  0x00000224afd46268: 4049 b858 | 1218 d824 | 0200 0049 | 8380 4801 | 0000 014c | 8b44 2448 | 4c8b 4c24 | 508b 7c24 
  0x00000224afd46288: 588b 7424 | 5c48 8bc8 | 488b 5424 

  0x00000224afd46294: ;   {optimized virtual_call}
  0x00000224afd46294: 4066 90e8 

  0x00000224afd46298: ; ImmutableOopMap {}
                      ;*invokevirtual defineClass {reexecute=0 rethrow=0 return_oop=0}
                      ; - java.security.SecureClassLoader::defineClass@12 (line 150)
  0x00000224afd46298: a4cf 0300 

  0x00000224afd4629c: ;   {other}
  0x00000224afd4629c: 0f1f 8400 | 8c02 0001 | 4883 c470 

  0x00000224afd462a8: ;   {poll_return}
  0x00000224afd462a8: 5d49 3ba7 | 5004 0000 | 0f87 2200 

  0x00000224afd462b4: ;   {metadata({method} {0x00000224c304d4c0} 'defineClass' '(Ljava/lang/String;[BIILjava/security/CodeSource;)Ljava/lang/Class;' in 'java/security/SecureClassLoader')}
  0x00000224afd462b4: 0000 c349 | bab8 d404 | c324 0200 | 004c 8954 | 2408 48c7 | 0424 ffff 

  0x00000224afd462cc: ;   {runtime_call counter_overflow Runtime1 stub}
  0x00000224afd462cc: ffff e82d 

  0x00000224afd462d0: ; ImmutableOopMap {rdx=Oop r8=Oop r9=Oop rcx=Oop }
                      ;*synchronization entry
                      ; - java.security.SecureClassLoader::defineClass@-1 (line 150)
  0x00000224afd462d0: 4f49 07e9 | 49ff ffff 

  0x00000224afd462d8: ;   {internal_word}
  0x00000224afd462d8: 49ba a962 | d4af 2402 | 0000 4d89 | 9768 0400 

  0x00000224afd462e8: ;   {runtime_call SafepointBlob}
  0x00000224afd462e8: 00e9 12f4 | 3c07 498b | 8700 0500 | 0049 c787 | 0005 0000 | 0000 0000 | 49c7 8708 | 0500 0000 
  0x00000224afd46308: 0000 0048 | 83c4 705d 

  0x00000224afd46310: ;   {runtime_call unwind_exception Runtime1 stub}
  0x00000224afd46310: e9eb ee48 | 07f4 f4f4 
[Stub Code]
  0x00000224afd46318: ;   {no_reloc}
  0x00000224afd46318: 48bb 08d4 | 04c3 2402 

  0x00000224afd46320: ;   {runtime_call I2C/C2I adapters}
  0x00000224afd46320: 0000 e9c0 

  0x00000224afd46324: ;   {static_stub}
  0x00000224afd46324: de3c 0748 | bba8 a843 | c324 0200 

  0x00000224afd46330: ;   {runtime_call I2C/C2I adapters}
  0x00000224afd46330: 00e9 3fae 

  0x00000224afd46334: ;   {runtime_call handle_exception_from_callee Runtime1 stub}
  0x00000224afd46334: 3b07 e8c5 

  0x00000224afd46338: ;   {external_word}
  0x00000224afd46338: 1b49 0748 | b910 09e8 | 3dfa 7f00 | 0048 83e4 

  0x00000224afd46348: ;   {runtime_call}
  0x00000224afd46348: f048 b870 | 8baf 3dfa | 7f00 00ff 

  0x00000224afd46354: ;   {section_word}
  0x00000224afd46354: d0f4 49ba | 5663 d4af | 2402 0000 

  0x00000224afd46360: ;   {runtime_call DeoptimizationBlob}
  0x00000224afd46360: 4152 e939 | e63c 07f4 
[/MachCode]


---------------  P R O C E S S  ---------------

Threads class SMR info:
_java_thread_list=0x00000224c2a12dc0, length=27, elements={
0x00000224a547c950, 0x00000224c2898ae0, 0x00000224c2899540, 0x00000224c289eae0,
0x00000224c289f670, 0x00000224c28a00d0, 0x00000224c28a0b30, 0x00000224c28a18c0,
0x00000224c28a9800, 0x00000224c2a6f4c0, 0x00000224c2abd590, 0x00000224dd8073d0,
0x00000224dcf58d60, 0x00000224ddcc9e50, 0x00000224de079730, 0x00000224de07e0a0,
0x00000224de08aac0, 0x00000224de120ad0, 0x00000224de124dc0, 0x00000224de121940,
0x00000224de122660, 0x00000224de124730, 0x00000224de121fd0, 0x00000224de123a10,
0x00000224de1240a0, 0x00000224dc182a20, 0x00000224dc184af0
}

Java Threads: ( => current thread )
  0x00000224a547c950 JavaThread "main"                              [_thread_blocked, id=41588, stack(0x0000006c74900000,0x0000006c74a00000) (1024K)]
  0x00000224c2898ae0 JavaThread "Reference Handler"          daemon [_thread_blocked, id=51268, stack(0x0000006c75100000,0x0000006c75200000) (1024K)]
  0x00000224c2899540 JavaThread "Finalizer"                  daemon [_thread_blocked, id=52912, stack(0x0000006c75200000,0x0000006c75300000) (1024K)]
  0x00000224c289eae0 JavaThread "Signal Dispatcher"          daemon [_thread_blocked, id=24340, stack(0x0000006c75300000,0x0000006c75400000) (1024K)]
  0x00000224c289f670 JavaThread "Attach Listener"            daemon [_thread_blocked, id=31224, stack(0x0000006c75400000,0x0000006c75500000) (1024K)]
  0x00000224c28a00d0 JavaThread "Service Thread"             daemon [_thread_blocked, id=38036, stack(0x0000006c75500000,0x0000006c75600000) (1024K)]
  0x00000224c28a0b30 JavaThread "Monitor Deflation Thread"   daemon [_thread_blocked, id=20976, stack(0x0000006c75600000,0x0000006c75700000) (1024K)]
  0x00000224c28a18c0 JavaThread "C2 CompilerThread0"         daemon [_thread_blocked, id=16452, stack(0x0000006c75700000,0x0000006c75800000) (1024K)]
  0x00000224c28a9800 JavaThread "C1 CompilerThread0"         daemon [_thread_blocked, id=47120, stack(0x0000006c75800000,0x0000006c75900000) (1024K)]
  0x00000224c2a6f4c0 JavaThread "Common-Cleaner"             daemon [_thread_blocked, id=11400, stack(0x0000006c75900000,0x0000006c75a00000) (1024K)]
  0x00000224c2abd590 JavaThread "Notification Thread"        daemon [_thread_blocked, id=43664, stack(0x0000006c75a00000,0x0000006c75b00000) (1024K)]
  0x00000224dd8073d0 JavaThread "Daemon health stats"               [_thread_blocked, id=12064, stack(0x0000006c76100000,0x0000006c76200000) (1024K)]
  0x00000224dcf58d60 JavaThread "Incoming local TCP Connector on port 61531"        [_thread_in_native, id=11116, stack(0x0000006c75b00000,0x0000006c75c00000) (1024K)]
  0x00000224ddcc9e50 JavaThread "Daemon periodic checks"            [_thread_blocked, id=19424, stack(0x0000006c76300000,0x0000006c76400000) (1024K)]
  0x00000224de079730 JavaThread "Daemon"                            [_thread_blocked, id=50396, stack(0x0000006c76200000,0x0000006c76300000) (1024K)]
  0x00000224de07e0a0 JavaThread "Handler for socket connection from /127.0.0.1:61531 to /127.0.0.1:61533"        [_thread_in_native, id=14156, stack(0x0000006c76400000,0x0000006c76500000) (1024K)]
  0x00000224de08aac0 JavaThread "Cancel handler"                    [_thread_blocked, id=53624, stack(0x0000006c76500000,0x0000006c76600000) (1024K)]
=>0x00000224de120ad0 JavaThread "Daemon worker"                     [_thread_in_vm, id=24476, stack(0x0000006c76600000,0x0000006c76700000) (1024K)]
  0x00000224de124dc0 JavaThread "Asynchronous log dispatcher for DefaultDaemonConnection: socket connection from /127.0.0.1:61531 to /127.0.0.1:61533"        [_thread_blocked, id=43744, stack(0x0000006c76700000,0x0000006c76800000) (1024K)]
  0x00000224de121940 JavaThread "Stdin handler"                     [_thread_blocked, id=10968, stack(0x0000006c76800000,0x0000006c76900000) (1024K)]
  0x00000224de122660 JavaThread "Daemon client event forwarder"        [_thread_blocked, id=48024, stack(0x0000006c76900000,0x0000006c76a00000) (1024K)]
  0x00000224de124730 JavaThread "Cache worker for journal cache (C:\Users\hieun\.gradle\caches\journal-1)"        [_thread_blocked, id=30392, stack(0x0000006c76a00000,0x0000006c76b00000) (1024K)]
  0x00000224de121fd0 JavaThread "File lock request listener"        [_thread_in_native, id=40640, stack(0x0000006c76b00000,0x0000006c76c00000) (1024K)]
  0x00000224de123a10 JavaThread "File lock release action executor"        [_thread_blocked, id=27128, stack(0x0000006c76c00000,0x0000006c76d00000) (1024K)]
  0x00000224de1240a0 JavaThread "Cache worker for file hash cache (C:\Users\hieun\.gradle\caches\9.5.1\fileHashes)"        [_thread_blocked, id=29972, stack(0x0000006c76d00000,0x0000006c76e00000) (1024K)]
  0x00000224dc182a20 JavaThread "Cache worker for file hash cache (D:\n1h5-models-backend\.gradle\9.5.1\fileHashes)"        [_thread_blocked, id=33632, stack(0x0000006c77400000,0x0000006c77500000) (1024K)]
  0x00000224dc184af0 JavaThread "Cache worker for Build Output Cleanup Cache (D:\n1h5-models-backend\.gradle\buildOutputCleanup)"        [_thread_blocked, id=23700, stack(0x0000006c77500000,0x0000006c77600000) (1024K)]
Total: 27

Other Threads:
  0x00000224c2766670 VMThread "VM Thread"                           [id=35732, stack(0x0000006c75000000,0x0000006c75100000) (1024K)] _threads_hazard_ptr=0x00000224c2a12dc0
  0x00000224c2755ca0 WatcherThread "VM Periodic Task Thread"        [id=48604, stack(0x0000006c74f00000,0x0000006c75000000) (1024K)]
  0x00000224a7716970 WorkerThread "GC Thread#0"                     [id=45176, stack(0x0000006c74a00000,0x0000006c74b00000) (1024K)]
  0x00000224dcb1f410 WorkerThread "GC Thread#1"                     [id=10560, stack(0x0000006c75c00000,0x0000006c75d00000) (1024K)]
  0x00000224dcb1f7c0 WorkerThread "GC Thread#2"                     [id=44136, stack(0x0000006c75d00000,0x0000006c75e00000) (1024K)]
  0x00000224dca40140 WorkerThread "GC Thread#3"                     [id=29884, stack(0x0000006c75e00000,0x0000006c75f00000) (1024K)]
  0x00000224dca404f0 WorkerThread "GC Thread#4"                     [id=6504, stack(0x0000006c75f00000,0x0000006c76000000) (1024K)]
  0x00000224dca408a0 WorkerThread "GC Thread#5"                     [id=27544, stack(0x0000006c76000000,0x0000006c76100000) (1024K)]
  0x00000224dcfd5030 WorkerThread "GC Thread#6"                     [id=29956, stack(0x0000006c76e00000,0x0000006c76f00000) (1024K)]
  0x00000224dcfd4520 WorkerThread "GC Thread#7"                     [id=20664, stack(0x0000006c76f00000,0x0000006c77000000) (1024K)]
  0x00000224dcfd53e0 WorkerThread "GC Thread#8"                     [id=51008, stack(0x0000006c77000000,0x0000006c77100000) (1024K)]
  0x00000224dcfd5b40 WorkerThread "GC Thread#9"                     [id=19596, stack(0x0000006c77100000,0x0000006c77200000) (1024K)]
  0x00000224a771b870 ConcurrentGCThread "G1 Main Marker"            [id=43592, stack(0x0000006c74b00000,0x0000006c74c00000) (1024K)]
  0x00000224a771c290 WorkerThread "G1 Conc#0"                       [id=15180, stack(0x0000006c74c00000,0x0000006c74d00000) (1024K)]
  0x00000224de556520 WorkerThread "G1 Conc#1"                       [id=36876, stack(0x0000006c77200000,0x0000006c77300000) (1024K)]
  0x00000224de557ef0 WorkerThread "G1 Conc#2"                       [id=28248, stack(0x0000006c77300000,0x0000006c77400000) (1024K)]
  0x00000224c2625d70 ConcurrentGCThread "G1 Refine#0"               [id=30280, stack(0x0000006c74d00000,0x0000006c74e00000) (1024K)]
  0x00000224c2626700 ConcurrentGCThread "G1 Service"                [id=57252, stack(0x0000006c74e00000,0x0000006c74f00000) (1024K)]
Total: 18

Threads with active compile tasks:
Total: 0

VM state: synchronizing (normal execution)

VM Mutex/Monitor currently owned by a thread:  ([mutex/lock_event])
[0x00007ffa3e118f50] Metaspace_lock - owner thread: 0x00000224de120ad0
[0x00007ffa3e11af50] Threads_lock - owner thread: 0x00000224c2766670

Heap address: 0x00000000e0000000, size: 512 MB, Compressed Oops mode: 32-bit

CDS archive(s) mapped at: [0x00000224c3000000-0x00000224c3c90000-0x00000224c3c90000), size 13172736, SharedBaseAddress: 0x00000224c3000000, ArchiveRelocationMode: 1.
Compressed class space mapped at: 0x00000224c4000000-0x00000224d8000000, reserved size: 335544320
Narrow klass base: 0x00000224c3000000, Narrow klass shift: 0, Narrow klass range: 0x100000000

GC Precious Log:
 CardTable entry size: 512
 Card Set container configuration: InlinePtr #cards 5 size 8 Array Of Cards #cards 12 size 40 Howl #buckets 4 coarsen threshold 1843 Howl Bitmap #cards 512 size 80 coarsen threshold 460 Card regions per heap region 1 cards per card region 2048
 CPUs: 12 total, 12 available
 Memory: 15690M
 Large Page Support: Disabled
 NUMA Support: Disabled
 Compressed Oops: Enabled (32-bit)
 Heap Region Size: 1M
 Heap Min Capacity: 256M
 Heap Initial Capacity: 256M
 Heap Max Capacity: 512M
 Pre-touch: Disabled
 Parallel Workers: 10
 Concurrent Workers: 3
 Concurrent Refinement Workers: 10
 Periodic GC: Disabled

Heap:
 garbage-first heap   total 262144K, used 59766K [0x00000000e0000000, 0x0000000100000000)
  region size 1024K, 37 young (37888K), 2 survivors (2048K)
 Metaspace       used 25427K, committed 26368K, reserved 393216K
  class space    used 3631K, committed 4096K, reserved 327680K

Heap Regions: E=young(eden), S=young(survivor), O=old, HS=humongous(starts), HC=humongous(continues), CS=collection set, F=free, TAMS=top-at-mark-start, PB=parsable bottom
|   0|0x00000000e0000000, 0x00000000e0100000, 0x00000000e0100000|100%|HS|  |TAMS 0x00000000e0000000| PB 0x00000000e0000000| Complete 
|   1|0x00000000e0100000, 0x00000000e0200000, 0x00000000e0200000|100%|HC|  |TAMS 0x00000000e0100000| PB 0x00000000e0100000| Complete 
|   2|0x00000000e0200000, 0x00000000e0300000, 0x00000000e0300000|100%|HC|  |TAMS 0x00000000e0200000| PB 0x00000000e0200000| Complete 
|   3|0x00000000e0300000, 0x00000000e0400000, 0x00000000e0400000|100%|HC|  |TAMS 0x00000000e0300000| PB 0x00000000e0300000| Complete 
|   4|0x00000000e0400000, 0x00000000e0500000, 0x00000000e0500000|100%| O|  |TAMS 0x00000000e0400000| PB 0x00000000e0400000| Untracked 
|   5|0x00000000e0500000, 0x00000000e0600000, 0x00000000e0600000|100%| O|  |TAMS 0x00000000e0500000| PB 0x00000000e0500000| Untracked 
|   6|0x00000000e0600000, 0x00000000e0700000, 0x00000000e0700000|100%| O|  |TAMS 0x00000000e0600000| PB 0x00000000e0600000| Untracked 
|   7|0x00000000e0700000, 0x00000000e0800000, 0x00000000e0800000|100%| O|  |TAMS 0x00000000e0700000| PB 0x00000000e0700000| Untracked 
|   8|0x00000000e0800000, 0x00000000e0900000, 0x00000000e0900000|100%|HS|  |TAMS 0x00000000e0800000| PB 0x00000000e0800000| Complete 
|   9|0x00000000e0900000, 0x00000000e0a00000, 0x00000000e0a00000|100%| O|  |TAMS 0x00000000e0900000| PB 0x00000000e0900000| Untracked 
|  10|0x00000000e0a00000, 0x00000000e0b00000, 0x00000000e0b00000|100%| O|  |TAMS 0x00000000e0a00000| PB 0x00000000e0a00000| Untracked 
|  11|0x00000000e0b00000, 0x00000000e0c00000, 0x00000000e0c00000|100%| O|Cm|TAMS 0x00000000e0b00000| PB 0x00000000e0b00000| Complete 
|  12|0x00000000e0c00000, 0x00000000e0d00000, 0x00000000e0d00000|100%| O|  |TAMS 0x00000000e0c00000| PB 0x00000000e0c00000| Untracked 
|  13|0x00000000e0d00000, 0x00000000e0e00000, 0x00000000e0e00000|100%| O|  |TAMS 0x00000000e0d00000| PB 0x00000000e0d00000| Untracked 
|  14|0x00000000e0e00000, 0x00000000e0f00000, 0x00000000e0f00000|100%| O|  |TAMS 0x00000000e0e00000| PB 0x00000000e0e00000| Untracked 
|  15|0x00000000e0f00000, 0x00000000e1000000, 0x00000000e1000000|100%| O|  |TAMS 0x00000000e0f00000| PB 0x00000000e0f00000| Untracked 
|  16|0x00000000e1000000, 0x00000000e1100000, 0x00000000e1100000|100%| O|  |TAMS 0x00000000e1000000| PB 0x00000000e1000000| Untracked 
|  17|0x00000000e1100000, 0x00000000e1200000, 0x00000000e1200000|100%| O|  |TAMS 0x00000000e1100000| PB 0x00000000e1100000| Untracked 
|  18|0x00000000e1200000, 0x00000000e1300000, 0x00000000e1300000|100%| O|  |TAMS 0x00000000e1200000| PB 0x00000000e1200000| Untracked 
|  19|0x00000000e1300000, 0x00000000e1400000, 0x00000000e1400000|100%| O|  |TAMS 0x00000000e1300000| PB 0x00000000e1300000| Untracked 
|  20|0x00000000e1400000, 0x00000000e1500000, 0x00000000e1500000|100%| O|  |TAMS 0x00000000e1400000| PB 0x00000000e1400000| Untracked 
|  21|0x00000000e1500000, 0x00000000e1600000, 0x00000000e1600000|100%| O|  |TAMS 0x00000000e1500000| PB 0x00000000e1500000| Untracked 
|  22|0x00000000e1600000, 0x00000000e1673848, 0x00000000e1700000| 45%| O|  |TAMS 0x00000000e1600000| PB 0x00000000e1600000| Untracked 
|  23|0x00000000e1700000, 0x00000000e1700000, 0x00000000e1800000|  0%| F|  |TAMS 0x00000000e1700000| PB 0x00000000e1700000| Untracked 
|  24|0x00000000e1800000, 0x00000000e1800000, 0x00000000e1900000|  0%| F|  |TAMS 0x00000000e1800000| PB 0x00000000e1800000| Untracked 
|  25|0x00000000e1900000, 0x00000000e1900000, 0x00000000e1a00000|  0%| F|  |TAMS 0x00000000e1900000| PB 0x00000000e1900000| Untracked 
|  26|0x00000000e1a00000, 0x00000000e1a00000, 0x00000000e1b00000|  0%| F|  |TAMS 0x00000000e1a00000| PB 0x00000000e1a00000| Untracked 
|  27|0x00000000e1b00000, 0x00000000e1b00000, 0x00000000e1c00000|  0%| F|  |TAMS 0x00000000e1b00000| PB 0x00000000e1b00000| Untracked 
|  28|0x00000000e1c00000, 0x00000000e1c00000, 0x00000000e1d00000|  0%| F|  |TAMS 0x00000000e1c00000| PB 0x00000000e1c00000| Untracked 
|  29|0x00000000e1d00000, 0x00000000e1d00000, 0x00000000e1e00000|  0%| F|  |TAMS 0x00000000e1d00000| PB 0x00000000e1d00000| Untracked 
|  30|0x00000000e1e00000, 0x00000000e1e00000, 0x00000000e1f00000|  0%| F|  |TAMS 0x00000000e1e00000| PB 0x00000000e1e00000| Untracked 
|  31|0x00000000e1f00000, 0x00000000e1f00000, 0x00000000e2000000|  0%| F|  |TAMS 0x00000000e1f00000| PB 0x00000000e1f00000| Untracked 
|  32|0x00000000e2000000, 0x00000000e2000000, 0x00000000e2100000|  0%| F|  |TAMS 0x00000000e2000000| PB 0x00000000e2000000| Untracked 
|  33|0x00000000e2100000, 0x00000000e2100000, 0x00000000e2200000|  0%| F|  |TAMS 0x00000000e2100000| PB 0x00000000e2100000| Untracked 
|  34|0x00000000e2200000, 0x00000000e2200000, 0x00000000e2300000|  0%| F|  |TAMS 0x00000000e2200000| PB 0x00000000e2200000| Untracked 
|  35|0x00000000e2300000, 0x00000000e2300000, 0x00000000e2400000|  0%| F|  |TAMS 0x00000000e2300000| PB 0x00000000e2300000| Untracked 
|  36|0x00000000e2400000, 0x00000000e2400000, 0x00000000e2500000|  0%| F|  |TAMS 0x00000000e2400000| PB 0x00000000e2400000| Untracked 
|  37|0x00000000e2500000, 0x00000000e2500000, 0x00000000e2600000|  0%| F|  |TAMS 0x00000000e2500000| PB 0x00000000e2500000| Untracked 
|  38|0x00000000e2600000, 0x00000000e2600000, 0x00000000e2700000|  0%| F|  |TAMS 0x00000000e2600000| PB 0x00000000e2600000| Untracked 
|  39|0x00000000e2700000, 0x00000000e2700000, 0x00000000e2800000|  0%| F|  |TAMS 0x00000000e2700000| PB 0x00000000e2700000| Untracked 
|  40|0x00000000e2800000, 0x00000000e2800000, 0x00000000e2900000|  0%| F|  |TAMS 0x00000000e2800000| PB 0x00000000e2800000| Untracked 
|  41|0x00000000e2900000, 0x00000000e2900000, 0x00000000e2a00000|  0%| F|  |TAMS 0x00000000e2900000| PB 0x00000000e2900000| Untracked 
|  42|0x00000000e2a00000, 0x00000000e2a00000, 0x00000000e2b00000|  0%| F|  |TAMS 0x00000000e2a00000| PB 0x00000000e2a00000| Untracked 
|  43|0x00000000e2b00000, 0x00000000e2b00000, 0x00000000e2c00000|  0%| F|  |TAMS 0x00000000e2b00000| PB 0x00000000e2b00000| Untracked 
|  44|0x00000000e2c00000, 0x00000000e2c00000, 0x00000000e2d00000|  0%| F|  |TAMS 0x00000000e2c00000| PB 0x00000000e2c00000| Untracked 
|  45|0x00000000e2d00000, 0x00000000e2d00000, 0x00000000e2e00000|  0%| F|  |TAMS 0x00000000e2d00000| PB 0x00000000e2d00000| Untracked 
|  46|0x00000000e2e00000, 0x00000000e2e00000, 0x00000000e2f00000|  0%| F|  |TAMS 0x00000000e2e00000| PB 0x00000000e2e00000| Untracked 
|  47|0x00000000e2f00000, 0x00000000e2f00000, 0x00000000e3000000|  0%| F|  |TAMS 0x00000000e2f00000| PB 0x00000000e2f00000| Untracked 
|  48|0x00000000e3000000, 0x00000000e3000000, 0x00000000e3100000|  0%| F|  |TAMS 0x00000000e3000000| PB 0x00000000e3000000| Untracked 
|  49|0x00000000e3100000, 0x00000000e3100000, 0x00000000e3200000|  0%| F|  |TAMS 0x00000000e3100000| PB 0x00000000e3100000| Untracked 
|  50|0x00000000e3200000, 0x00000000e3200000, 0x00000000e3300000|  0%| F|  |TAMS 0x00000000e3200000| PB 0x00000000e3200000| Untracked 
|  51|0x00000000e3300000, 0x00000000e3300000, 0x00000000e3400000|  0%| F|  |TAMS 0x00000000e3300000| PB 0x00000000e3300000| Untracked 
|  52|0x00000000e3400000, 0x00000000e3400000, 0x00000000e3500000|  0%| F|  |TAMS 0x00000000e3400000| PB 0x00000000e3400000| Untracked 
|  53|0x00000000e3500000, 0x00000000e3500000, 0x00000000e3600000|  0%| F|  |TAMS 0x00000000e3500000| PB 0x00000000e3500000| Untracked 
|  54|0x00000000e3600000, 0x00000000e3600000, 0x00000000e3700000|  0%| F|  |TAMS 0x00000000e3600000| PB 0x00000000e3600000| Untracked 
|  55|0x00000000e3700000, 0x00000000e3700000, 0x00000000e3800000|  0%| F|  |TAMS 0x00000000e3700000| PB 0x00000000e3700000| Untracked 
|  56|0x00000000e3800000, 0x00000000e3800000, 0x00000000e3900000|  0%| F|  |TAMS 0x00000000e3800000| PB 0x00000000e3800000| Untracked 
|  57|0x00000000e3900000, 0x00000000e3900000, 0x00000000e3a00000|  0%| F|  |TAMS 0x00000000e3900000| PB 0x00000000e3900000| Untracked 
|  58|0x00000000e3a00000, 0x00000000e3a00000, 0x00000000e3b00000|  0%| F|  |TAMS 0x00000000e3a00000| PB 0x00000000e3a00000| Untracked 
|  59|0x00000000e3b00000, 0x00000000e3b00000, 0x00000000e3c00000|  0%| F|  |TAMS 0x00000000e3b00000| PB 0x00000000e3b00000| Untracked 
|  60|0x00000000e3c00000, 0x00000000e3c00000, 0x00000000e3d00000|  0%| F|  |TAMS 0x00000000e3c00000| PB 0x00000000e3c00000| Untracked 
|  61|0x00000000e3d00000, 0x00000000e3d00000, 0x00000000e3e00000|  0%| F|  |TAMS 0x00000000e3d00000| PB 0x00000000e3d00000| Untracked 
|  62|0x00000000e3e00000, 0x00000000e3e00000, 0x00000000e3f00000|  0%| F|  |TAMS 0x00000000e3e00000| PB 0x00000000e3e00000| Untracked 
|  63|0x00000000e3f00000, 0x00000000e3f00000, 0x00000000e4000000|  0%| F|  |TAMS 0x00000000e3f00000| PB 0x00000000e3f00000| Untracked 
|  64|0x00000000e4000000, 0x00000000e4000000, 0x00000000e4100000|  0%| F|  |TAMS 0x00000000e4000000| PB 0x00000000e4000000| Untracked 
|  65|0x00000000e4100000, 0x00000000e4100000, 0x00000000e4200000|  0%| F|  |TAMS 0x00000000e4100000| PB 0x00000000e4100000| Untracked 
|  66|0x00000000e4200000, 0x00000000e4200000, 0x00000000e4300000|  0%| F|  |TAMS 0x00000000e4200000| PB 0x00000000e4200000| Untracked 
|  67|0x00000000e4300000, 0x00000000e4300000, 0x00000000e4400000|  0%| F|  |TAMS 0x00000000e4300000| PB 0x00000000e4300000| Untracked 
|  68|0x00000000e4400000, 0x00000000e4400000, 0x00000000e4500000|  0%| F|  |TAMS 0x00000000e4400000| PB 0x00000000e4400000| Untracked 
|  69|0x00000000e4500000, 0x00000000e4500000, 0x00000000e4600000|  0%| F|  |TAMS 0x00000000e4500000| PB 0x00000000e4500000| Untracked 
|  70|0x00000000e4600000, 0x00000000e4600000, 0x00000000e4700000|  0%| F|  |TAMS 0x00000000e4600000| PB 0x00000000e4600000| Untracked 
|  71|0x00000000e4700000, 0x00000000e4700000, 0x00000000e4800000|  0%| F|  |TAMS 0x00000000e4700000| PB 0x00000000e4700000| Untracked 
|  72|0x00000000e4800000, 0x00000000e4800000, 0x00000000e4900000|  0%| F|  |TAMS 0x00000000e4800000| PB 0x00000000e4800000| Untracked 
|  73|0x00000000e4900000, 0x00000000e4900000, 0x00000000e4a00000|  0%| F|  |TAMS 0x00000000e4900000| PB 0x00000000e4900000| Untracked 
|  74|0x00000000e4a00000, 0x00000000e4a00000, 0x00000000e4b00000|  0%| F|  |TAMS 0x00000000e4a00000| PB 0x00000000e4a00000| Untracked 
|  75|0x00000000e4b00000, 0x00000000e4b00000, 0x00000000e4c00000|  0%| F|  |TAMS 0x00000000e4b00000| PB 0x00000000e4b00000| Untracked 
|  76|0x00000000e4c00000, 0x00000000e4c00000, 0x00000000e4d00000|  0%| F|  |TAMS 0x00000000e4c00000| PB 0x00000000e4c00000| Untracked 
|  77|0x00000000e4d00000, 0x00000000e4d00000, 0x00000000e4e00000|  0%| F|  |TAMS 0x00000000e4d00000| PB 0x00000000e4d00000| Untracked 
|  78|0x00000000e4e00000, 0x00000000e4e00000, 0x00000000e4f00000|  0%| F|  |TAMS 0x00000000e4e00000| PB 0x00000000e4e00000| Untracked 
|  79|0x00000000e4f00000, 0x00000000e4f00000, 0x00000000e5000000|  0%| F|  |TAMS 0x00000000e4f00000| PB 0x00000000e4f00000| Untracked 
|  80|0x00000000e5000000, 0x00000000e5000000, 0x00000000e5100000|  0%| F|  |TAMS 0x00000000e5000000| PB 0x00000000e5000000| Untracked 
|  81|0x00000000e5100000, 0x00000000e5100000, 0x00000000e5200000|  0%| F|  |TAMS 0x00000000e5100000| PB 0x00000000e5100000| Untracked 
|  82|0x00000000e5200000, 0x00000000e5200000, 0x00000000e5300000|  0%| F|  |TAMS 0x00000000e5200000| PB 0x00000000e5200000| Untracked 
|  83|0x00000000e5300000, 0x00000000e5300000, 0x00000000e5400000|  0%| F|  |TAMS 0x00000000e5300000| PB 0x00000000e5300000| Untracked 
|  84|0x00000000e5400000, 0x00000000e5400000, 0x00000000e5500000|  0%| F|  |TAMS 0x00000000e5400000| PB 0x00000000e5400000| Untracked 
|  85|0x00000000e5500000, 0x00000000e5500000, 0x00000000e5600000|  0%| F|  |TAMS 0x00000000e5500000| PB 0x00000000e5500000| Untracked 
|  86|0x00000000e5600000, 0x00000000e5600000, 0x00000000e5700000|  0%| F|  |TAMS 0x00000000e5600000| PB 0x00000000e5600000| Untracked 
|  87|0x00000000e5700000, 0x00000000e5700000, 0x00000000e5800000|  0%| F|  |TAMS 0x00000000e5700000| PB 0x00000000e5700000| Untracked 
|  88|0x00000000e5800000, 0x00000000e5800000, 0x00000000e5900000|  0%| F|  |TAMS 0x00000000e5800000| PB 0x00000000e5800000| Untracked 
|  89|0x00000000e5900000, 0x00000000e5900000, 0x00000000e5a00000|  0%| F|  |TAMS 0x00000000e5900000| PB 0x00000000e5900000| Untracked 
|  90|0x00000000e5a00000, 0x00000000e5a00000, 0x00000000e5b00000|  0%| F|  |TAMS 0x00000000e5a00000| PB 0x00000000e5a00000| Untracked 
|  91|0x00000000e5b00000, 0x00000000e5b00000, 0x00000000e5c00000|  0%| F|  |TAMS 0x00000000e5b00000| PB 0x00000000e5b00000| Untracked 
|  92|0x00000000e5c00000, 0x00000000e5c00000, 0x00000000e5d00000|  0%| F|  |TAMS 0x00000000e5c00000| PB 0x00000000e5c00000| Untracked 
|  93|0x00000000e5d00000, 0x00000000e5d00000, 0x00000000e5e00000|  0%| F|  |TAMS 0x00000000e5d00000| PB 0x00000000e5d00000| Untracked 
|  94|0x00000000e5e00000, 0x00000000e5e00000, 0x00000000e5f00000|  0%| F|  |TAMS 0x00000000e5e00000| PB 0x00000000e5e00000| Untracked 
|  95|0x00000000e5f00000, 0x00000000e5f00000, 0x00000000e6000000|  0%| F|  |TAMS 0x00000000e5f00000| PB 0x00000000e5f00000| Untracked 
|  96|0x00000000e6000000, 0x00000000e6000000, 0x00000000e6100000|  0%| F|  |TAMS 0x00000000e6000000| PB 0x00000000e6000000| Untracked 
|  97|0x00000000e6100000, 0x00000000e6100000, 0x00000000e6200000|  0%| F|  |TAMS 0x00000000e6100000| PB 0x00000000e6100000| Untracked 
|  98|0x00000000e6200000, 0x00000000e6200000, 0x00000000e6300000|  0%| F|  |TAMS 0x00000000e6200000| PB 0x00000000e6200000| Untracked 
|  99|0x00000000e6300000, 0x00000000e6300000, 0x00000000e6400000|  0%| F|  |TAMS 0x00000000e6300000| PB 0x00000000e6300000| Untracked 
| 100|0x00000000e6400000, 0x00000000e6400000, 0x00000000e6500000|  0%| F|  |TAMS 0x00000000e6400000| PB 0x00000000e6400000| Untracked 
| 101|0x00000000e6500000, 0x00000000e6500000, 0x00000000e6600000|  0%| F|  |TAMS 0x00000000e6500000| PB 0x00000000e6500000| Untracked 
| 102|0x00000000e6600000, 0x00000000e6600000, 0x00000000e6700000|  0%| F|  |TAMS 0x00000000e6600000| PB 0x00000000e6600000| Untracked 
| 103|0x00000000e6700000, 0x00000000e6700000, 0x00000000e6800000|  0%| F|  |TAMS 0x00000000e6700000| PB 0x00000000e6700000| Untracked 
| 104|0x00000000e6800000, 0x00000000e6800000, 0x00000000e6900000|  0%| F|  |TAMS 0x00000000e6800000| PB 0x00000000e6800000| Untracked 
| 105|0x00000000e6900000, 0x00000000e6900000, 0x00000000e6a00000|  0%| F|  |TAMS 0x00000000e6900000| PB 0x00000000e6900000| Untracked 
| 106|0x00000000e6a00000, 0x00000000e6a00000, 0x00000000e6b00000|  0%| F|  |TAMS 0x00000000e6a00000| PB 0x00000000e6a00000| Untracked 
| 107|0x00000000e6b00000, 0x00000000e6b00000, 0x00000000e6c00000|  0%| F|  |TAMS 0x00000000e6b00000| PB 0x00000000e6b00000| Untracked 
| 108|0x00000000e6c00000, 0x00000000e6c00000, 0x00000000e6d00000|  0%| F|  |TAMS 0x00000000e6c00000| PB 0x00000000e6c00000| Untracked 
| 109|0x00000000e6d00000, 0x00000000e6d00000, 0x00000000e6e00000|  0%| F|  |TAMS 0x00000000e6d00000| PB 0x00000000e6d00000| Untracked 
| 110|0x00000000e6e00000, 0x00000000e6e00000, 0x00000000e6f00000|  0%| F|  |TAMS 0x00000000e6e00000| PB 0x00000000e6e00000| Untracked 
| 111|0x00000000e6f00000, 0x00000000e6f00000, 0x00000000e7000000|  0%| F|  |TAMS 0x00000000e6f00000| PB 0x00000000e6f00000| Untracked 
| 112|0x00000000e7000000, 0x00000000e7000000, 0x00000000e7100000|  0%| F|  |TAMS 0x00000000e7000000| PB 0x00000000e7000000| Untracked 
| 113|0x00000000e7100000, 0x00000000e7100000, 0x00000000e7200000|  0%| F|  |TAMS 0x00000000e7100000| PB 0x00000000e7100000| Untracked 
| 114|0x00000000e7200000, 0x00000000e7200000, 0x00000000e7300000|  0%| F|  |TAMS 0x00000000e7200000| PB 0x00000000e7200000| Untracked 
| 115|0x00000000e7300000, 0x00000000e7300000, 0x00000000e7400000|  0%| F|  |TAMS 0x00000000e7300000| PB 0x00000000e7300000| Untracked 
| 116|0x00000000e7400000, 0x00000000e7400000, 0x00000000e7500000|  0%| F|  |TAMS 0x00000000e7400000| PB 0x00000000e7400000| Untracked 
| 117|0x00000000e7500000, 0x00000000e7500000, 0x00000000e7600000|  0%| F|  |TAMS 0x00000000e7500000| PB 0x00000000e7500000| Untracked 
| 118|0x00000000e7600000, 0x00000000e7600000, 0x00000000e7700000|  0%| F|  |TAMS 0x00000000e7600000| PB 0x00000000e7600000| Untracked 
| 119|0x00000000e7700000, 0x00000000e7700000, 0x00000000e7800000|  0%| F|  |TAMS 0x00000000e7700000| PB 0x00000000e7700000| Untracked 
| 120|0x00000000e7800000, 0x00000000e7800000, 0x00000000e7900000|  0%| F|  |TAMS 0x00000000e7800000| PB 0x00000000e7800000| Untracked 
| 121|0x00000000e7900000, 0x00000000e7900000, 0x00000000e7a00000|  0%| F|  |TAMS 0x00000000e7900000| PB 0x00000000e7900000| Untracked 
| 122|0x00000000e7a00000, 0x00000000e7a00000, 0x00000000e7b00000|  0%| F|  |TAMS 0x00000000e7a00000| PB 0x00000000e7a00000| Untracked 
| 123|0x00000000e7b00000, 0x00000000e7b00000, 0x00000000e7c00000|  0%| F|  |TAMS 0x00000000e7b00000| PB 0x00000000e7b00000| Untracked 
| 124|0x00000000e7c00000, 0x00000000e7c00000, 0x00000000e7d00000|  0%| F|  |TAMS 0x00000000e7c00000| PB 0x00000000e7c00000| Untracked 
| 125|0x00000000e7d00000, 0x00000000e7d00000, 0x00000000e7e00000|  0%| F|  |TAMS 0x00000000e7d00000| PB 0x00000000e7d00000| Untracked 
| 126|0x00000000e7e00000, 0x00000000e7e00000, 0x00000000e7f00000|  0%| F|  |TAMS 0x00000000e7e00000| PB 0x00000000e7e00000| Untracked 
| 127|0x00000000e7f00000, 0x00000000e7f00000, 0x00000000e8000000|  0%| F|  |TAMS 0x00000000e7f00000| PB 0x00000000e7f00000| Untracked 
| 128|0x00000000e8000000, 0x00000000e8000000, 0x00000000e8100000|  0%| F|  |TAMS 0x00000000e8000000| PB 0x00000000e8000000| Untracked 
| 129|0x00000000e8100000, 0x00000000e8100000, 0x00000000e8200000|  0%| F|  |TAMS 0x00000000e8100000| PB 0x00000000e8100000| Untracked 
| 130|0x00000000e8200000, 0x00000000e8200000, 0x00000000e8300000|  0%| F|  |TAMS 0x00000000e8200000| PB 0x00000000e8200000| Untracked 
| 131|0x00000000e8300000, 0x00000000e8300000, 0x00000000e8400000|  0%| F|  |TAMS 0x00000000e8300000| PB 0x00000000e8300000| Untracked 
| 132|0x00000000e8400000, 0x00000000e8400000, 0x00000000e8500000|  0%| F|  |TAMS 0x00000000e8400000| PB 0x00000000e8400000| Untracked 
| 133|0x00000000e8500000, 0x00000000e8500000, 0x00000000e8600000|  0%| F|  |TAMS 0x00000000e8500000| PB 0x00000000e8500000| Untracked 
| 134|0x00000000e8600000, 0x00000000e8600000, 0x00000000e8700000|  0%| F|  |TAMS 0x00000000e8600000| PB 0x00000000e8600000| Untracked 
| 135|0x00000000e8700000, 0x00000000e8700000, 0x00000000e8800000|  0%| F|  |TAMS 0x00000000e8700000| PB 0x00000000e8700000| Untracked 
| 136|0x00000000e8800000, 0x00000000e8800000, 0x00000000e8900000|  0%| F|  |TAMS 0x00000000e8800000| PB 0x00000000e8800000| Untracked 
| 137|0x00000000e8900000, 0x00000000e8900000, 0x00000000e8a00000|  0%| F|  |TAMS 0x00000000e8900000| PB 0x00000000e8900000| Untracked 
| 138|0x00000000e8a00000, 0x00000000e8a00000, 0x00000000e8b00000|  0%| F|  |TAMS 0x00000000e8a00000| PB 0x00000000e8a00000| Untracked 
| 139|0x00000000e8b00000, 0x00000000e8b00000, 0x00000000e8c00000|  0%| F|  |TAMS 0x00000000e8b00000| PB 0x00000000e8b00000| Untracked 
| 140|0x00000000e8c00000, 0x00000000e8c00000, 0x00000000e8d00000|  0%| F|  |TAMS 0x00000000e8c00000| PB 0x00000000e8c00000| Untracked 
| 141|0x00000000e8d00000, 0x00000000e8d00000, 0x00000000e8e00000|  0%| F|  |TAMS 0x00000000e8d00000| PB 0x00000000e8d00000| Untracked 
| 142|0x00000000e8e00000, 0x00000000e8e00000, 0x00000000e8f00000|  0%| F|  |TAMS 0x00000000e8e00000| PB 0x00000000e8e00000| Untracked 
| 143|0x00000000e8f00000, 0x00000000e8f00000, 0x00000000e9000000|  0%| F|  |TAMS 0x00000000e8f00000| PB 0x00000000e8f00000| Untracked 
| 144|0x00000000e9000000, 0x00000000e9000000, 0x00000000e9100000|  0%| F|  |TAMS 0x00000000e9000000| PB 0x00000000e9000000| Untracked 
| 145|0x00000000e9100000, 0x00000000e9100000, 0x00000000e9200000|  0%| F|  |TAMS 0x00000000e9100000| PB 0x00000000e9100000| Untracked 
| 146|0x00000000e9200000, 0x00000000e9200000, 0x00000000e9300000|  0%| F|  |TAMS 0x00000000e9200000| PB 0x00000000e9200000| Untracked 
| 147|0x00000000e9300000, 0x00000000e9300000, 0x00000000e9400000|  0%| F|  |TAMS 0x00000000e9300000| PB 0x00000000e9300000| Untracked 
| 148|0x00000000e9400000, 0x00000000e9400000, 0x00000000e9500000|  0%| F|  |TAMS 0x00000000e9400000| PB 0x00000000e9400000| Untracked 
| 149|0x00000000e9500000, 0x00000000e9500000, 0x00000000e9600000|  0%| F|  |TAMS 0x00000000e9500000| PB 0x00000000e9500000| Untracked 
| 150|0x00000000e9600000, 0x00000000e9600000, 0x00000000e9700000|  0%| F|  |TAMS 0x00000000e9600000| PB 0x00000000e9600000| Untracked 
| 151|0x00000000e9700000, 0x00000000e9700000, 0x00000000e9800000|  0%| F|  |TAMS 0x00000000e9700000| PB 0x00000000e9700000| Untracked 
| 152|0x00000000e9800000, 0x00000000e9800000, 0x00000000e9900000|  0%| F|  |TAMS 0x00000000e9800000| PB 0x00000000e9800000| Untracked 
| 153|0x00000000e9900000, 0x00000000e9900000, 0x00000000e9a00000|  0%| F|  |TAMS 0x00000000e9900000| PB 0x00000000e9900000| Untracked 
| 154|0x00000000e9a00000, 0x00000000e9a00000, 0x00000000e9b00000|  0%| F|  |TAMS 0x00000000e9a00000| PB 0x00000000e9a00000| Untracked 
| 155|0x00000000e9b00000, 0x00000000e9b00000, 0x00000000e9c00000|  0%| F|  |TAMS 0x00000000e9b00000| PB 0x00000000e9b00000| Untracked 
| 156|0x00000000e9c00000, 0x00000000e9c00000, 0x00000000e9d00000|  0%| F|  |TAMS 0x00000000e9c00000| PB 0x00000000e9c00000| Untracked 
| 157|0x00000000e9d00000, 0x00000000e9d00000, 0x00000000e9e00000|  0%| F|  |TAMS 0x00000000e9d00000| PB 0x00000000e9d00000| Untracked 
| 158|0x00000000e9e00000, 0x00000000e9e00000, 0x00000000e9f00000|  0%| F|  |TAMS 0x00000000e9e00000| PB 0x00000000e9e00000| Untracked 
| 159|0x00000000e9f00000, 0x00000000e9f00000, 0x00000000ea000000|  0%| F|  |TAMS 0x00000000e9f00000| PB 0x00000000e9f00000| Untracked 
| 160|0x00000000ea000000, 0x00000000ea000000, 0x00000000ea100000|  0%| F|  |TAMS 0x00000000ea000000| PB 0x00000000ea000000| Untracked 
| 161|0x00000000ea100000, 0x00000000ea100000, 0x00000000ea200000|  0%| F|  |TAMS 0x00000000ea100000| PB 0x00000000ea100000| Untracked 
| 162|0x00000000ea200000, 0x00000000ea200000, 0x00000000ea300000|  0%| F|  |TAMS 0x00000000ea200000| PB 0x00000000ea200000| Untracked 
| 163|0x00000000ea300000, 0x00000000ea300000, 0x00000000ea400000|  0%| F|  |TAMS 0x00000000ea300000| PB 0x00000000ea300000| Untracked 
| 164|0x00000000ea400000, 0x00000000ea400000, 0x00000000ea500000|  0%| F|  |TAMS 0x00000000ea400000| PB 0x00000000ea400000| Untracked 
| 165|0x00000000ea500000, 0x00000000ea500000, 0x00000000ea600000|  0%| F|  |TAMS 0x00000000ea500000| PB 0x00000000ea500000| Untracked 
| 166|0x00000000ea600000, 0x00000000ea600000, 0x00000000ea700000|  0%| F|  |TAMS 0x00000000ea600000| PB 0x00000000ea600000| Untracked 
| 167|0x00000000ea700000, 0x00000000ea700000, 0x00000000ea800000|  0%| F|  |TAMS 0x00000000ea700000| PB 0x00000000ea700000| Untracked 
| 168|0x00000000ea800000, 0x00000000ea800000, 0x00000000ea900000|  0%| F|  |TAMS 0x00000000ea800000| PB 0x00000000ea800000| Untracked 
| 169|0x00000000ea900000, 0x00000000ea900000, 0x00000000eaa00000|  0%| F|  |TAMS 0x00000000ea900000| PB 0x00000000ea900000| Untracked 
| 170|0x00000000eaa00000, 0x00000000eaa00000, 0x00000000eab00000|  0%| F|  |TAMS 0x00000000eaa00000| PB 0x00000000eaa00000| Untracked 
| 171|0x00000000eab00000, 0x00000000eab00000, 0x00000000eac00000|  0%| F|  |TAMS 0x00000000eab00000| PB 0x00000000eab00000| Untracked 
| 172|0x00000000eac00000, 0x00000000eac00000, 0x00000000ead00000|  0%| F|  |TAMS 0x00000000eac00000| PB 0x00000000eac00000| Untracked 
| 173|0x00000000ead00000, 0x00000000ead00000, 0x00000000eae00000|  0%| F|  |TAMS 0x00000000ead00000| PB 0x00000000ead00000| Untracked 
| 174|0x00000000eae00000, 0x00000000eae00000, 0x00000000eaf00000|  0%| F|  |TAMS 0x00000000eae00000| PB 0x00000000eae00000| Untracked 
| 175|0x00000000eaf00000, 0x00000000eaf00000, 0x00000000eb000000|  0%| F|  |TAMS 0x00000000eaf00000| PB 0x00000000eaf00000| Untracked 
| 176|0x00000000eb000000, 0x00000000eb000000, 0x00000000eb100000|  0%| F|  |TAMS 0x00000000eb000000| PB 0x00000000eb000000| Untracked 
| 177|0x00000000eb100000, 0x00000000eb100000, 0x00000000eb200000|  0%| F|  |TAMS 0x00000000eb100000| PB 0x00000000eb100000| Untracked 
| 178|0x00000000eb200000, 0x00000000eb200000, 0x00000000eb300000|  0%| F|  |TAMS 0x00000000eb200000| PB 0x00000000eb200000| Untracked 
| 179|0x00000000eb300000, 0x00000000eb300000, 0x00000000eb400000|  0%| F|  |TAMS 0x00000000eb300000| PB 0x00000000eb300000| Untracked 
| 180|0x00000000eb400000, 0x00000000eb400000, 0x00000000eb500000|  0%| F|  |TAMS 0x00000000eb400000| PB 0x00000000eb400000| Untracked 
| 181|0x00000000eb500000, 0x00000000eb500000, 0x00000000eb600000|  0%| F|  |TAMS 0x00000000eb500000| PB 0x00000000eb500000| Untracked 
| 182|0x00000000eb600000, 0x00000000eb600000, 0x00000000eb700000|  0%| F|  |TAMS 0x00000000eb600000| PB 0x00000000eb600000| Untracked 
| 183|0x00000000eb700000, 0x00000000eb700000, 0x00000000eb800000|  0%| F|  |TAMS 0x00000000eb700000| PB 0x00000000eb700000| Untracked 
| 184|0x00000000eb800000, 0x00000000eb800000, 0x00000000eb900000|  0%| F|  |TAMS 0x00000000eb800000| PB 0x00000000eb800000| Untracked 
| 185|0x00000000eb900000, 0x00000000eb900000, 0x00000000eba00000|  0%| F|  |TAMS 0x00000000eb900000| PB 0x00000000eb900000| Untracked 
| 186|0x00000000eba00000, 0x00000000eba00000, 0x00000000ebb00000|  0%| F|  |TAMS 0x00000000eba00000| PB 0x00000000eba00000| Untracked 
| 187|0x00000000ebb00000, 0x00000000ebb00000, 0x00000000ebc00000|  0%| F|  |TAMS 0x00000000ebb00000| PB 0x00000000ebb00000| Untracked 
| 188|0x00000000ebc00000, 0x00000000ebc00000, 0x00000000ebd00000|  0%| F|  |TAMS 0x00000000ebc00000| PB 0x00000000ebc00000| Untracked 
| 189|0x00000000ebd00000, 0x00000000ebd00000, 0x00000000ebe00000|  0%| F|  |TAMS 0x00000000ebd00000| PB 0x00000000ebd00000| Untracked 
| 190|0x00000000ebe00000, 0x00000000ebe00000, 0x00000000ebf00000|  0%| F|  |TAMS 0x00000000ebe00000| PB 0x00000000ebe00000| Untracked 
| 191|0x00000000ebf00000, 0x00000000ebf00000, 0x00000000ec000000|  0%| F|  |TAMS 0x00000000ebf00000| PB 0x00000000ebf00000| Untracked 
| 192|0x00000000ec000000, 0x00000000ec000000, 0x00000000ec100000|  0%| F|  |TAMS 0x00000000ec000000| PB 0x00000000ec000000| Untracked 
| 193|0x00000000ec100000, 0x00000000ec100000, 0x00000000ec200000|  0%| F|  |TAMS 0x00000000ec100000| PB 0x00000000ec100000| Untracked 
| 194|0x00000000ec200000, 0x00000000ec200000, 0x00000000ec300000|  0%| F|  |TAMS 0x00000000ec200000| PB 0x00000000ec200000| Untracked 
| 195|0x00000000ec300000, 0x00000000ec300000, 0x00000000ec400000|  0%| F|  |TAMS 0x00000000ec300000| PB 0x00000000ec300000| Untracked 
| 196|0x00000000ec400000, 0x00000000ec400000, 0x00000000ec500000|  0%| F|  |TAMS 0x00000000ec400000| PB 0x00000000ec400000| Untracked 
| 197|0x00000000ec500000, 0x00000000ec500000, 0x00000000ec600000|  0%| F|  |TAMS 0x00000000ec500000| PB 0x00000000ec500000| Untracked 
| 198|0x00000000ec600000, 0x00000000ec600000, 0x00000000ec700000|  0%| F|  |TAMS 0x00000000ec600000| PB 0x00000000ec600000| Untracked 
| 199|0x00000000ec700000, 0x00000000ec700000, 0x00000000ec800000|  0%| F|  |TAMS 0x00000000ec700000| PB 0x00000000ec700000| Untracked 
| 200|0x00000000ec800000, 0x00000000ec800000, 0x00000000ec900000|  0%| F|  |TAMS 0x00000000ec800000| PB 0x00000000ec800000| Untracked 
| 201|0x00000000ec900000, 0x00000000ec900000, 0x00000000eca00000|  0%| F|  |TAMS 0x00000000ec900000| PB 0x00000000ec900000| Untracked 
| 202|0x00000000eca00000, 0x00000000eca00000, 0x00000000ecb00000|  0%| F|  |TAMS 0x00000000eca00000| PB 0x00000000eca00000| Untracked 
| 203|0x00000000ecb00000, 0x00000000ecb00000, 0x00000000ecc00000|  0%| F|  |TAMS 0x00000000ecb00000| PB 0x00000000ecb00000| Untracked 
| 204|0x00000000ecc00000, 0x00000000ecc00000, 0x00000000ecd00000|  0%| F|  |TAMS 0x00000000ecc00000| PB 0x00000000ecc00000| Untracked 
| 205|0x00000000ecd00000, 0x00000000ecd00000, 0x00000000ece00000|  0%| F|  |TAMS 0x00000000ecd00000| PB 0x00000000ecd00000| Untracked 
| 206|0x00000000ece00000, 0x00000000ece00000, 0x00000000ecf00000|  0%| F|  |TAMS 0x00000000ece00000| PB 0x00000000ece00000| Untracked 
| 207|0x00000000ecf00000, 0x00000000ecf00000, 0x00000000ed000000|  0%| F|  |TAMS 0x00000000ecf00000| PB 0x00000000ecf00000| Untracked 
| 208|0x00000000ed000000, 0x00000000ed000000, 0x00000000ed100000|  0%| F|  |TAMS 0x00000000ed000000| PB 0x00000000ed000000| Untracked 
| 209|0x00000000ed100000, 0x00000000ed100000, 0x00000000ed200000|  0%| F|  |TAMS 0x00000000ed100000| PB 0x00000000ed100000| Untracked 
| 210|0x00000000ed200000, 0x00000000ed200000, 0x00000000ed300000|  0%| F|  |TAMS 0x00000000ed200000| PB 0x00000000ed200000| Untracked 
| 211|0x00000000ed300000, 0x00000000ed300000, 0x00000000ed400000|  0%| F|  |TAMS 0x00000000ed300000| PB 0x00000000ed300000| Untracked 
| 212|0x00000000ed400000, 0x00000000ed400000, 0x00000000ed500000|  0%| F|  |TAMS 0x00000000ed400000| PB 0x00000000ed400000| Untracked 
| 213|0x00000000ed500000, 0x00000000ed500000, 0x00000000ed600000|  0%| F|  |TAMS 0x00000000ed500000| PB 0x00000000ed500000| Untracked 
| 214|0x00000000ed600000, 0x00000000ed600000, 0x00000000ed700000|  0%| F|  |TAMS 0x00000000ed600000| PB 0x00000000ed600000| Untracked 
| 215|0x00000000ed700000, 0x00000000ed700000, 0x00000000ed800000|  0%| F|  |TAMS 0x00000000ed700000| PB 0x00000000ed700000| Untracked 
| 216|0x00000000ed800000, 0x00000000ed800000, 0x00000000ed900000|  0%| F|  |TAMS 0x00000000ed800000| PB 0x00000000ed800000| Untracked 
| 217|0x00000000ed900000, 0x00000000ed900000, 0x00000000eda00000|  0%| F|  |TAMS 0x00000000ed900000| PB 0x00000000ed900000| Untracked 
| 218|0x00000000eda00000, 0x00000000eda00000, 0x00000000edb00000|  0%| F|  |TAMS 0x00000000eda00000| PB 0x00000000eda00000| Untracked 
| 219|0x00000000edb00000, 0x00000000edc00000, 0x00000000edc00000|100%| E|  |TAMS 0x00000000edb00000| PB 0x00000000edb00000| Complete 
| 220|0x00000000edc00000, 0x00000000edd00000, 0x00000000edd00000|100%| E|CS|TAMS 0x00000000edc00000| PB 0x00000000edc00000| Complete 
| 221|0x00000000edd00000, 0x00000000ede00000, 0x00000000ede00000|100%| E|CS|TAMS 0x00000000edd00000| PB 0x00000000edd00000| Complete 
| 222|0x00000000ede00000, 0x00000000edf00000, 0x00000000edf00000|100%| E|CS|TAMS 0x00000000ede00000| PB 0x00000000ede00000| Complete 
| 223|0x00000000edf00000, 0x00000000ee000000, 0x00000000ee000000|100%| E|CS|TAMS 0x00000000edf00000| PB 0x00000000edf00000| Complete 
| 224|0x00000000ee000000, 0x00000000ee100000, 0x00000000ee100000|100%| E|CS|TAMS 0x00000000ee000000| PB 0x00000000ee000000| Complete 
| 225|0x00000000ee100000, 0x00000000ee200000, 0x00000000ee200000|100%| E|CS|TAMS 0x00000000ee100000| PB 0x00000000ee100000| Complete 
| 226|0x00000000ee200000, 0x00000000ee300000, 0x00000000ee300000|100%| E|CS|TAMS 0x00000000ee200000| PB 0x00000000ee200000| Complete 
| 227|0x00000000ee300000, 0x00000000ee400000, 0x00000000ee400000|100%| E|CS|TAMS 0x00000000ee300000| PB 0x00000000ee300000| Complete 
| 228|0x00000000ee400000, 0x00000000ee500000, 0x00000000ee500000|100%| E|CS|TAMS 0x00000000ee400000| PB 0x00000000ee400000| Complete 
| 229|0x00000000ee500000, 0x00000000ee600000, 0x00000000ee600000|100%| E|CS|TAMS 0x00000000ee500000| PB 0x00000000ee500000| Complete 
| 230|0x00000000ee600000, 0x00000000ee700000, 0x00000000ee700000|100%| E|CS|TAMS 0x00000000ee600000| PB 0x00000000ee600000| Complete 
| 231|0x00000000ee700000, 0x00000000ee800000, 0x00000000ee800000|100%| E|CS|TAMS 0x00000000ee700000| PB 0x00000000ee700000| Complete 
| 232|0x00000000ee800000, 0x00000000ee900000, 0x00000000ee900000|100%| E|CS|TAMS 0x00000000ee800000| PB 0x00000000ee800000| Complete 
| 233|0x00000000ee900000, 0x00000000eea00000, 0x00000000eea00000|100%| E|CS|TAMS 0x00000000ee900000| PB 0x00000000ee900000| Complete 
| 234|0x00000000eea00000, 0x00000000eeb00000, 0x00000000eeb00000|100%| E|CS|TAMS 0x00000000eea00000| PB 0x00000000eea00000| Complete 
| 235|0x00000000eeb00000, 0x00000000eec00000, 0x00000000eec00000|100%| E|CS|TAMS 0x00000000eeb00000| PB 0x00000000eeb00000| Complete 
| 236|0x00000000eec00000, 0x00000000eecea1e0, 0x00000000eed00000| 91%| S|CS|TAMS 0x00000000eec00000| PB 0x00000000eec00000| Complete 
| 237|0x00000000eed00000, 0x00000000eee00000, 0x00000000eee00000|100%| S|CS|TAMS 0x00000000eed00000| PB 0x00000000eed00000| Complete 
| 238|0x00000000eee00000, 0x00000000eef00000, 0x00000000eef00000|100%| E|CS|TAMS 0x00000000eee00000| PB 0x00000000eee00000| Complete 
| 239|0x00000000eef00000, 0x00000000ef000000, 0x00000000ef000000|100%| E|CS|TAMS 0x00000000eef00000| PB 0x00000000eef00000| Complete 
| 240|0x00000000ef000000, 0x00000000ef100000, 0x00000000ef100000|100%| E|CS|TAMS 0x00000000ef000000| PB 0x00000000ef000000| Complete 
| 241|0x00000000ef100000, 0x00000000ef200000, 0x00000000ef200000|100%| E|CS|TAMS 0x00000000ef100000| PB 0x00000000ef100000| Complete 
| 242|0x00000000ef200000, 0x00000000ef300000, 0x00000000ef300000|100%| E|CS|TAMS 0x00000000ef200000| PB 0x00000000ef200000| Complete 
| 243|0x00000000ef300000, 0x00000000ef400000, 0x00000000ef400000|100%| E|CS|TAMS 0x00000000ef300000| PB 0x00000000ef300000| Complete 
| 244|0x00000000ef400000, 0x00000000ef500000, 0x00000000ef500000|100%| E|CS|TAMS 0x00000000ef400000| PB 0x00000000ef400000| Complete 
| 245|0x00000000ef500000, 0x00000000ef600000, 0x00000000ef600000|100%| E|CS|TAMS 0x00000000ef500000| PB 0x00000000ef500000| Complete 
| 246|0x00000000ef600000, 0x00000000ef700000, 0x00000000ef700000|100%| E|CS|TAMS 0x00000000ef600000| PB 0x00000000ef600000| Complete 
| 247|0x00000000ef700000, 0x00000000ef800000, 0x00000000ef800000|100%| E|CS|TAMS 0x00000000ef700000| PB 0x00000000ef700000| Complete 
| 248|0x00000000ef800000, 0x00000000ef900000, 0x00000000ef900000|100%| E|CS|TAMS 0x00000000ef800000| PB 0x00000000ef800000| Complete 
| 249|0x00000000ef900000, 0x00000000efa00000, 0x00000000efa00000|100%| E|CS|TAMS 0x00000000ef900000| PB 0x00000000ef900000| Complete 
| 250|0x00000000efa00000, 0x00000000efb00000, 0x00000000efb00000|100%| E|CS|TAMS 0x00000000efa00000| PB 0x00000000efa00000| Complete 
| 251|0x00000000efb00000, 0x00000000efc00000, 0x00000000efc00000|100%| E|CS|TAMS 0x00000000efb00000| PB 0x00000000efb00000| Complete 
| 252|0x00000000efc00000, 0x00000000efd00000, 0x00000000efd00000|100%| E|CS|TAMS 0x00000000efc00000| PB 0x00000000efc00000| Complete 
| 253|0x00000000efd00000, 0x00000000efe00000, 0x00000000efe00000|100%| E|CS|TAMS 0x00000000efd00000| PB 0x00000000efd00000| Complete 
| 254|0x00000000efe00000, 0x00000000eff00000, 0x00000000eff00000|100%| E|CS|TAMS 0x00000000efe00000| PB 0x00000000efe00000| Complete 
| 255|0x00000000eff00000, 0x00000000f0000000, 0x00000000f0000000|100%| E|CS|TAMS 0x00000000eff00000| PB 0x00000000eff00000| Complete 

Card table byte_map: [0x00000224bf1e0000,0x00000224bf2e0000] _byte_map_base: 0x00000224beae0000

Marking Bits: (CMBitMap*) 0x00000224a7716f90
 Bits: [0x00000224bf2e0000, 0x00000224bfae0000)

Polling page: 0x00000224a5890000

Metaspace:

Usage:
  Non-class:     21.29 MB used.
      Class:      3.55 MB used.
       Both:     24.83 MB used.

Virtual space:
  Non-class space:       64.00 MB reserved,      21.75 MB ( 34%) committed,  1 nodes.
      Class space:      320.00 MB reserved,       4.00 MB (  1%) committed,  1 nodes.
             Both:      384.00 MB reserved,      25.75 MB (  7%) committed. 

Chunk freelists:
   Non-Class:  10.02 MB
       Class:  11.80 MB
        Both:  21.81 MB

MaxMetaspaceSize: 384.00 MB
CompressedClassSpaceSize: 320.00 MB
Initial GC threshold: 21.00 MB
Current GC threshold: 35.62 MB
CDS: on
 - commit_granule_bytes: 65536.
 - commit_granule_words: 8192.
 - virtual_space_node_default_size: 8388608.
 - enlarge_chunks_in_place: 1.
 - use_allocation_guard: 0.


Internal statistics:

num_allocs_failed_limit: 6.
num_arena_births: 1502.
num_arena_deaths: 0.
num_vsnodes_births: 2.
num_vsnodes_deaths: 0.
num_space_committed: 412.
num_space_uncommitted: 0.
num_chunks_returned_to_freelist: 6.
num_chunks_taken_from_freelist: 2619.
num_chunk_merges: 6.
num_chunk_splits: 1695.
num_chunks_enlarged: 1075.
num_inconsistent_stats: 0.

CodeHeap 'non-profiled nmethods': size=120000Kb used=1809Kb max_used=1809Kb free=118190Kb
 bounds [0x00000224b7660000, 0x00000224b78d0000, 0x00000224beb90000]
CodeHeap 'profiled nmethods': size=120000Kb used=6962Kb max_used=6962Kb free=113037Kb
 bounds [0x00000224afb90000, 0x00000224b0260000, 0x00000224b70c0000]
CodeHeap 'non-nmethods': size=5760Kb used=1523Kb max_used=1554Kb free=4236Kb
 bounds [0x00000224b70c0000, 0x00000224b7330000, 0x00000224b7660000]
 total_blobs=4077 nmethods=3485 adapters=496
 compilation: enabled
              stopped_count=0, restarted_count=0
 full_count=0

Compilation events (20 events):
Event: 19.244 Thread 0x00000224c28a9800 3477       3       java.util.Collections$UnmodifiableCollection::size (10 bytes)
Event: 19.244 Thread 0x00000224c28a9800 nmethod 3477 0x00000224b0259890 code [0x00000224b0259a40, 0x00000224b0259c18]
Event: 19.244 Thread 0x00000224c28a9800 3478       3       com.google.common.base.CharMatcher$IsEither::matches (22 bytes)
Event: 19.244 Thread 0x00000224c28a9800 nmethod 3478 0x00000224b0259d10 code [0x00000224b0259ec0, 0x00000224b025a060]
Event: 19.245 Thread 0x00000224c28a9800 3479       3       com.google.common.cache.LocalCache::evictsBySize (15 bytes)
Event: 19.245 Thread 0x00000224c28a9800 nmethod 3479 0x00000224b025a110 code [0x00000224b025a2a0, 0x00000224b025a410]
Event: 19.248 Thread 0x00000224c28a9800 3480       3       com.google.common.collect.ObjectArrays::checkElementNotNull (33 bytes)
Event: 19.249 Thread 0x00000224c28a18c0 3483       4       com.google.common.base.CharMatcher::indexIn (48 bytes)
Event: 19.249 Thread 0x00000224c28a9800 nmethod 3480 0x00000224b025a490 code [0x00000224b025a6c0, 0x00000224b025aca8]
Event: 19.249 Thread 0x00000224c28a9800 3481       3       java.util.LinkedList::add (7 bytes)
Event: 19.249 Thread 0x00000224c28a9800 nmethod 3481 0x00000224b025af10 code [0x00000224b025b0c0, 0x00000224b025b218]
Event: 19.249 Thread 0x00000224c28a9800 3482       3       java.util.LinkedList::linkLast (59 bytes)
Event: 19.249 Thread 0x00000224c28a9800 nmethod 3482 0x00000224b025b310 code [0x00000224b025b4e0, 0x00000224b025b938]
Event: 19.252 Thread 0x00000224c28a18c0 nmethod 3483 0x00000224b7823e10 code [0x00000224b7823fe0, 0x00000224b7824378]
Event: 19.485 Thread 0x00000224c28a9800 3484       3       java.lang.management.ManagementFactory$$Lambda/0x00000224c4073fb0::apply (12 bytes)
Event: 19.486 Thread 0x00000224c28a9800 nmethod 3484 0x00000224b025ba90 code [0x00000224b025bc60, 0x00000224b025c070]
Event: 19.486 Thread 0x00000224c28a9800 3485       3       java.lang.management.ManagementFactory::lambda$getPlatformMXBeans$3 (13 bytes)
Event: 19.486 Thread 0x00000224c28a9800 nmethod 3485 0x00000224b025c190 code [0x00000224b025c360, 0x00000224b025c5e0]
Event: 19.486 Thread 0x00000224c28a9800 3486       3       sun.management.MemoryPoolImpl::getType (15 bytes)
Event: 19.486 Thread 0x00000224c28a9800 nmethod 3486 0x00000224b025c710 code [0x00000224b025c8c0, 0x00000224b025ca40]

GC Heap History (8 events):
Event: 1.457 GC heap before
{Heap before GC invocations=0 (full 0):
 garbage-first heap   total 262144K, used 26624K [0x00000000e0000000, 0x0000000100000000)
  region size 1024K, 23 young (23552K), 0 survivors (0K)
 Metaspace       used 2967K, committed 3072K, reserved 393216K
  class space    used 340K, committed 384K, reserved 327680K
}
Event: 1.519 GC heap after
{Heap after GC invocations=1 (full 0):
 garbage-first heap   total 262144K, used 10794K [0x00000000e0000000, 0x0000000100000000)
  region size 1024K, 3 young (3072K), 3 survivors (3072K)
 Metaspace       used 2967K, committed 3072K, reserved 393216K
  class space    used 340K, committed 384K, reserved 327680K
}
Event: 2.367 GC heap before
{Heap before GC invocations=1 (full 0):
 garbage-first heap   total 262144K, used 41514K [0x00000000e0000000, 0x0000000100000000)
  region size 1024K, 31 young (31744K), 3 survivors (3072K)
 Metaspace       used 4641K, committed 4864K, reserved 393216K
  class space    used 570K, committed 704K, reserved 327680K
}
Event: 2.370 GC heap after
{Heap after GC invocations=2 (full 0):
 garbage-first heap   total 262144K, used 14950K [0x00000000e0000000, 0x0000000100000000)
  region size 1024K, 3 young (3072K), 3 survivors (3072K)
 Metaspace       used 4641K, committed 4864K, reserved 393216K
  class space    used 570K, committed 704K, reserved 327680K
}
Event: 10.125 GC heap before
{Heap before GC invocations=2 (full 0):
 garbage-first heap   total 262144K, used 107110K [0x00000000e0000000, 0x0000000100000000)
  region size 1024K, 93 young (95232K), 3 survivors (3072K)
 Metaspace       used 18493K, committed 19072K, reserved 393216K
  class space    used 2495K, committed 2752K, reserved 327680K
}
Event: 10.158 GC heap after
{Heap after GC invocations=3 (full 0):
 garbage-first heap   total 262144K, used 23245K [0x00000000e0000000, 0x0000000100000000)
  region size 1024K, 11 young (11264K), 11 survivors (11264K)
 Metaspace       used 18493K, committed 19072K, reserved 393216K
  class space    used 2495K, committed 2752K, reserved 327680K
}
Event: 16.144 GC heap before
{Heap before GC invocations=3 (full 0):
 garbage-first heap   total 262144K, used 40653K [0x00000000e0000000, 0x0000000100000000)
  region size 1024K, 29 young (29696K), 11 survivors (11264K)
 Metaspace       used 20888K, committed 21504K, reserved 393216K
  class space    used 2886K, committed 3200K, reserved 327680K
}
Event: 16.152 GC heap after
{Heap after GC invocations=4 (full 0):
 garbage-first heap   total 262144K, used 24950K [0x00000000e0000000, 0x0000000100000000)
  region size 1024K, 2 young (2048K), 2 survivors (2048K)
 Metaspace       used 20888K, committed 21504K, reserved 393216K
  class space    used 2886K, committed 3200K, reserved 327680K
}

Dll operation events (15 events):
Event: 0.019 Loaded shared library D:\javar\bin\java.dll
Event: 0.122 Loaded shared library D:\javar\bin\jsvml.dll
Event: 0.368 Loaded shared library D:\javar\bin\zip.dll
Event: 0.372 Loaded shared library D:\javar\bin\instrument.dll
Event: 0.379 Loaded shared library D:\javar\bin\net.dll
Event: 0.382 Loaded shared library D:\javar\bin\nio.dll
Event: 0.388 Loaded shared library D:\javar\bin\zip.dll
Event: 0.677 Loaded shared library D:\javar\bin\jimage.dll
Event: 1.239 Loaded shared library D:\javar\bin\verify.dll
Event: 1.288 Loaded shared library C:\Users\hieun\.gradle\native\660c5614fbf4a5f2a75b1949f50a0caf5cd603558e7d8a26e50b933a0cfb79d1\windows-amd64\native-platform.dll
Event: 1.303 Loaded shared library C:\Users\hieun\.gradle\native\0.2.8\x86_64-windows-gnu\gradle-fileevents.dll
Event: 3.387 Loaded shared library D:\javar\bin\management.dll
Event: 3.392 Loaded shared library D:\javar\bin\management_ext.dll
Event: 3.929 Loaded shared library D:\javar\bin\extnet.dll
Event: 4.810 Loaded shared library D:\javar\bin\sunmscapi.dll

Deoptimization events (20 events):
Event: 17.169 Thread 0x00000224de120ad0 DEOPT PACKING pc=0x00000224b77ccdcc sp=0x0000006c766fb510
Event: 17.169 Thread 0x00000224de120ad0 DEOPT UNPACKING pc=0x00000224b71146a2 sp=0x0000006c766fb490 mode 2
Event: 17.952 Thread 0x00000224de120ad0 Uncommon trap: trap_request=0xffffffde fr.pc=0x00000224b766c7c8 relative=0x00000000000001a8
Event: 17.952 Thread 0x00000224de120ad0 Uncommon trap: reason=class_check action=maybe_recompile pc=0x00000224b766c7c8 method=java.lang.String.equals(Ljava/lang/Object;)Z @ 8 c2
Event: 17.952 Thread 0x00000224de120ad0 DEOPT PACKING pc=0x00000224b766c7c8 sp=0x0000006c766fa2c0
Event: 17.952 Thread 0x00000224de120ad0 DEOPT UNPACKING pc=0x00000224b71146a2 sp=0x0000006c766fa258 mode 2
Event: 18.419 Thread 0x00000224de120ad0 DEOPT PACKING pc=0x00000224affd8641 sp=0x0000006c766f8590
Event: 18.419 Thread 0x00000224de120ad0 DEOPT UNPACKING pc=0x00000224b7114e42 sp=0x0000006c766f7a90 mode 0
Event: 19.162 Thread 0x00000224de120ad0 Uncommon trap: trap_request=0xffffff45 fr.pc=0x00000224b77ad368 relative=0x0000000000000cc8
Event: 19.162 Thread 0x00000224de120ad0 Uncommon trap: reason=unstable_if action=reinterpret pc=0x00000224b77ad368 method=jdk.internal.org.objectweb.asm.SymbolTable.addType(Ljava/lang/String;)I @ 33 c2
Event: 19.162 Thread 0x00000224de120ad0 DEOPT PACKING pc=0x00000224b77ad368 sp=0x0000006c766fbe10
Event: 19.162 Thread 0x00000224de120ad0 DEOPT UNPACKING pc=0x00000224b71146a2 sp=0x0000006c766fbd48 mode 2
Event: 19.165 Thread 0x00000224de120ad0 Uncommon trap: trap_request=0xffffff45 fr.pc=0x00000224b780f118 relative=0x00000000000001d8
Event: 19.165 Thread 0x00000224de120ad0 Uncommon trap: reason=unstable_if action=reinterpret pc=0x00000224b780f118 method=jdk.internal.org.objectweb.asm.Type.getTypeInternal(Ljava/lang/String;II)Ljdk/internal/org/objectweb/asm/Type; @ 5 c2
Event: 19.165 Thread 0x00000224de120ad0 DEOPT PACKING pc=0x00000224b780f118 sp=0x0000006c766fbdb0
Event: 19.165 Thread 0x00000224de120ad0 DEOPT UNPACKING pc=0x00000224b71146a2 sp=0x0000006c766fbd48 mode 2
Event: 19.241 Thread 0x00000224de120ad0 Uncommon trap: trap_request=0xffffff76 fr.pc=0x00000224b7813884 relative=0x00000000000001c4
Event: 19.241 Thread 0x00000224de120ad0 Uncommon trap: reason=predicate action=maybe_recompile pc=0x00000224b7813884 method=com.google.common.base.CharMatcher.indexIn(Ljava/lang/CharSequence;I)I @ 19 c2
Event: 19.241 Thread 0x00000224de120ad0 DEOPT PACKING pc=0x00000224b7813884 sp=0x0000006c766fb080
Event: 19.241 Thread 0x00000224de120ad0 DEOPT UNPACKING pc=0x00000224b71146a2 sp=0x0000006c766fb010 mode 2

Classes loaded (20 events):
Event: 17.865 Loading class java/util/zip/GZIPOutputStream
Event: 17.875 Loading class java/util/zip/DeflaterOutputStream
Event: 17.879 Loading class java/util/zip/DeflaterOutputStream done
Event: 17.879 Loading class java/util/zip/GZIPOutputStream done
Event: 17.879 Loading class java/util/zip/GZIPInputStream
Event: 17.879 Loading class java/util/zip/GZIPInputStream done
Event: 17.882 Loading class java/io/UnsupportedEncodingException
Event: 17.882 Loading class java/io/UnsupportedEncodingException done
Event: 19.188 Loading class java/util/stream/SliceOps
Event: 19.189 Loading class java/util/stream/SliceOps done
Event: 19.189 Loading class java/util/stream/SliceOps$1
Event: 19.189 Loading class java/util/stream/ReferencePipeline$StatefulOp
Event: 19.189 Loading class java/util/stream/ReferencePipeline$StatefulOp done
Event: 19.189 Loading class java/util/stream/SliceOps$1 done
Event: 19.193 Loading class java/util/stream/SliceOps$1$1
Event: 19.193 Loading class java/util/stream/SliceOps$1$1 done
Event: 19.234 Loading class java/util/concurrent/TimeoutException
Event: 19.234 Loading class java/util/concurrent/TimeoutException done
Event: 19.234 Loading class java/util/concurrent/CancellationException
Event: 19.234 Loading class java/util/concurrent/CancellationException done

Classes unloaded (0 events):
No events

Classes redefined (0 events):
No events

Internal exceptions (20 events):
Event: 17.010 Thread 0x00000224de120ad0 Exception <a 'java/lang/NoSuchMethodError'{0x00000000ef58d750}: 'void java.lang.invoke.DirectMethodHandle$Holder.invokeVirtual(java.lang.Object, java.lang.Object, java.lang.Object, java.lang.Object, java.lang.Object, java.lang.Object)'> (0x00000000ef58d750) 
thrown [s\open\src\hotspot\share\interpreter\linkResolver.cpp, line 773]
Event: 17.011 Thread 0x00000224de120ad0 Exception <a 'java/lang/NoSuchMethodError'{0x00000000ef591888}: 'void java.lang.invoke.DelegatingMethodHandle$Holder.reinvoke_L(java.lang.Object, java.lang.Object, java.lang.Object, java.lang.Object, java.lang.Object, java.lang.Object)'> (0x00000000ef591888) 
thrown [s\open\src\hotspot\share\interpreter\linkResolver.cpp, line 773]
Event: 17.195 Thread 0x00000224de120ad0 Exception <a 'java/lang/NoSuchMethodError'{0x00000000ef38f888}: 'java.lang.Object java.lang.invoke.DirectMethodHandle$Holder.newInvokeSpecial(java.lang.Object, java.lang.Object, java.lang.Object, java.lang.Object, java.lang.Object, java.lang.Object, java.lang.Object)'> (0x00000000ef38f888) 
thrown [s\open\src\hotspot\share\interpreter\linkResolver.cpp, line 773]
Event: 18.113 Thread 0x00000224de120ad0 Exception <a 'java/lang/NoSuchMethodError'{0x00000000ee766e98}: 'java.lang.Object java.lang.invoke.DirectMethodHandle$Holder.invokeSpecial(java.lang.Object, java.lang.Object, java.lang.Object, java.lang.Object, java.lang.Object, java.lang.Object, java.lang.Object, java.lang.Object, java.lang.Object, java.lang.Object, java.lang.Object, java.lang.Object, java.lang.Object, java.lang.Object, java.lang.Object, java.lang.Object, java.lang.Object, java.lang.Object, java.lang.Object, java.lang.Object, java.lang.Ob
Event: 18.113 Thread 0x00000224de120ad0 Exception <a 'java/lang/NoSuchMethodError'{0x00000000ee76c9d0}: 'java.lang.Object java.lang.invoke.DelegatingMethodHandle$Holder.reinvoke_L(java.lang.Object, java.lang.Object, java.lang.Object, java.lang.Object, java.lang.Object, java.lang.Object, java.lang.Object, java.lang.Object, java.lang.Object, java.lang.Object, java.lang.Object, java.lang.Object, java.lang.Object, java.lang.Object, java.lang.Object, java.lang.Object, java.lang.Object, java.lang.Object, java.lang.Object, java.lang.Object, java.lang.O
Event: 18.114 Thread 0x00000224de120ad0 Exception <a 'java/lang/NoSuchMethodError'{0x00000000ee778340}: 'java.lang.Object java.lang.invoke.DirectMethodHandle$Holder.invokeSpecial(java.lang.Object, java.lang.Object, java.lang.Object, java.lang.Object, java.lang.Object, java.lang.Object, java.lang.Object, java.lang.Object, java.lang.Object, java.lang.Object, java.lang.Object, java.lang.Object, java.lang.Object, java.lang.Object, java.lang.Object, java.lang.Object, java.lang.Object, java.lang.Object, java.lang.Object, java.lang.Object, java.lang.Ob
Event: 18.114 Thread 0x00000224de120ad0 Exception <a 'java/lang/NoSuchMethodError'{0x00000000ee77dcc0}: 'java.lang.Object java.lang.invoke.Invokers$Holder.invoker(java.lang.Object, java.lang.Object, java.lang.Object, java.lang.Object, java.lang.Object, java.lang.Object, java.lang.Object, java.lang.Object, java.lang.Object, java.lang.Object, java.lang.Object, java.lang.Object, java.lang.Object, java.lang.Object, java.lang.Object, java.lang.Object, java.lang.Object, java.lang.Object, java.lang.Object, java.lang.Object, java.lang.Object, java.lang.
Event: 18.114 Thread 0x00000224de120ad0 Exception <a 'java/lang/NoSuchMethodError'{0x00000000ee784040}: 'java.lang.Object java.lang.invoke.DelegatingMethodHandle$Holder.delegate(java.lang.Object, java.lang.Object, java.lang.Object, java.lang.Object, java.lang.Object, java.lang.Object, java.lang.Object, java.lang.Object, java.lang.Object, java.lang.Object, java.lang.Object, java.lang.Object, java.lang.Object, java.lang.Object, java.lang.Object, java.lang.Object, java.lang.Object, java.lang.Object, java.lang.Object, java.lang.Object, java.lang.Obj
Event: 18.216 Thread 0x00000224de120ad0 Exception <a 'java/lang/NoSuchMethodError'{0x00000000ee55a968}: 'java.lang.Object java.lang.invoke.DirectMethodHandle$Holder.invokeStaticInit(java.lang.Object, java.lang.Object, java.lang.Object)'> (0x00000000ee55a968) 
thrown [s\open\src\hotspot\share\interpreter\linkResolver.cpp, line 773]
Event: 18.533 Thread 0x00000224de120ad0 Exception <a 'java/lang/NoSuchMethodError'{0x00000000ee33e3c8}: 'int java.lang.invoke.DirectMethodHandle$Holder.invokeStaticInit(java.lang.Object, java.lang.Object)'> (0x00000000ee33e3c8) 
thrown [s\open\src\hotspot\share\interpreter\linkResolver.cpp, line 773]
Event: 18.707 Thread 0x00000224de120ad0 Exception <a 'java/lang/IncompatibleClassChangeError'{0x00000000ee3791c8}: Found class java.lang.Object, but interface was expected> (0x00000000ee3791c8) 
thrown [s\open\src\hotspot\share\interpreter\linkResolver.cpp, line 840]
Event: 18.769 Thread 0x00000224de120ad0 Exception <a 'java/lang/NoSuchMethodError'{0x00000000ee214778}: 'java.lang.Object java.lang.invoke.DirectMethodHandle$Holder.invokeVirtual(java.lang.Object, java.lang.Object, java.lang.Object, java.lang.Object, java.lang.Object, java.lang.Object, java.lang.Object, java.lang.Object, java.lang.Object, java.lang.Object, java.lang.Object, java.lang.Object, java.lang.Object)'> (0x00000000ee214778) 
thrown [s\open\src\hotspot\share\interpreter\linkResolver.cpp, line 773]
Event: 18.770 Thread 0x00000224de120ad0 Exception <a 'java/lang/NoSuchMethodError'{0x00000000ee219990}: 'java.lang.Object java.lang.invoke.DirectMethodHandle$Holder.invokeSpecial(java.lang.Object, java.lang.Object, java.lang.Object, java.lang.Object, java.lang.Object, java.lang.Object, java.lang.Object, java.lang.Object, java.lang.Object, java.lang.Object, java.lang.Object, java.lang.Object, java.lang.Object, java.lang.Object)'> (0x00000000ee219990) 
thrown [s\open\src\hotspot\share\interpreter\linkResolver.cpp, line 773]
Event: 18.770 Thread 0x00000224de120ad0 Exception <a 'java/lang/NoSuchMethodError'{0x00000000ee21e430}: 'java.lang.Object java.lang.invoke.DelegatingMethodHandle$Holder.reinvoke_L(java.lang.Object, java.lang.Object, java.lang.Object, java.lang.Object, java.lang.Object, java.lang.Object, java.lang.Object, java.lang.Object, java.lang.Object, java.lang.Object, java.lang.Object, java.lang.Object, java.lang.Object)'> (0x00000000ee21e430) 
thrown [s\open\src\hotspot\share\interpreter\linkResolver.cpp, line 773]
Event: 19.011 Thread 0x00000224de120ad0 Exception <a 'java/lang/NoSuchMethodError'{0x00000000ee190e98}: 'void java.lang.invoke.DirectMethodHandle$Holder.invokeStaticInit(java.lang.Object, java.lang.Object)'> (0x00000000ee190e98) 
thrown [s\open\src\hotspot\share\interpreter\linkResolver.cpp, line 773]
Event: 19.130 Thread 0x00000224de120ad0 Exception <a 'java/lang/NoSuchMethodError'{0x00000000edf08808}: 'java.lang.Object java.lang.invoke.DirectMethodHandle$Holder.newInvokeSpecial(java.lang.Object, java.lang.Object, java.lang.Object, java.lang.Object, java.lang.Object, java.lang.Object, java.lang.Object, java.lang.Object, java.lang.Object, java.lang.Object, java.lang.Object, java.lang.Object, java.lang.Object, java.lang.Object, java.lang.Object)'> (0x00000000edf08808) 
thrown [s\open\src\hotspot\share\interpreter\linkResolver.cpp, line 773]
Event: 19.130 Thread 0x00000224de120ad0 Exception <a 'java/lang/NoSuchMethodError'{0x00000000edf0e408}: 'java.lang.Object java.lang.invoke.DirectMethodHandle$Holder.invokeSpecial(java.lang.Object, java.lang.Object, java.lang.Object, java.lang.Object, java.lang.Object, java.lang.Object, java.lang.Object, java.lang.Object, java.lang.Object, java.lang.Object, java.lang.Object, java.lang.Object, java.lang.Object, java.lang.Object, java.lang.Object, java.lang.Object)'> (0x00000000edf0e408) 
thrown [s\open\src\hotspot\share\interpreter\linkResolver.cp
Event: 19.131 Thread 0x00000224de120ad0 Exception <a 'java/lang/NoSuchMethodError'{0x00000000edf13198}: 'java.lang.Object java.lang.invoke.DelegatingMethodHandle$Holder.reinvoke_L(java.lang.Object, java.lang.Object, java.lang.Object, java.lang.Object, java.lang.Object, java.lang.Object, java.lang.Object, java.lang.Object, java.lang.Object, java.lang.Object, java.lang.Object, java.lang.Object, java.lang.Object, java.lang.Object, java.lang.Object)'> (0x00000000edf13198) 
thrown [s\open\src\hotspot\share\interpreter\linkResolver.cpp, line 773]
Event: 19.205 Thread 0x00000224de120ad0 Exception <a 'java/lang/NoSuchMethodError'{0x00000000eddc0e20}: 'java.lang.Object java.lang.invoke.DirectMethodHandle$Holder.newInvokeSpecial(java.lang.Object, java.lang.Object, java.lang.Object, java.lang.Object, java.lang.Object, java.lang.Object, java.lang.Object, java.lang.Object, java.lang.Object)'> (0x00000000eddc0e20) 
thrown [s\open\src\hotspot\share\interpreter\linkResolver.cpp, line 773]
Event: 19.222 Thread 0x00000224de120ad0 Exception <a 'java/lang/IncompatibleClassChangeError'{0x00000000edc7caf0}: Found class java.lang.Object, but interface was expected> (0x00000000edc7caf0) 
thrown [s\open\src\hotspot\share\interpreter\linkResolver.cpp, line 840]

ZGC Phase Switch (0 events):
No events

VM Operations (20 events):
Event: 13.185 Executing VM operation: Cleanup done
Event: 14.197 Executing VM operation: Cleanup
Event: 14.685 Executing VM operation: Cleanup done
Event: 15.698 Executing VM operation: Cleanup
Event: 15.728 Executing VM operation: Cleanup done
Event: 16.144 Executing VM operation: CollectForMetadataAllocation (Metadata GC Threshold)
Event: 16.152 Executing VM operation: CollectForMetadataAllocation (Metadata GC Threshold) done
Event: 16.428 Executing VM operation: CollectForMetadataAllocation (Metadata GC Threshold)
Event: 16.429 Executing VM operation: CollectForMetadataAllocation (Metadata GC Threshold) done
Event: 16.510 Executing VM operation: G1PauseRemark
Event: 16.546 Executing VM operation: G1PauseRemark done
Event: 16.548 Executing VM operation: G1PauseCleanup
Event: 16.549 Executing VM operation: G1PauseCleanup done
Event: 17.563 Executing VM operation: Cleanup
Event: 17.579 Executing VM operation: Cleanup done
Event: 18.584 Executing VM operation: Cleanup
Event: 18.584 Executing VM operation: Cleanup done
Event: 19.190 Executing VM operation: HandshakeAllThreads (Deoptimize)
Event: 19.190 Executing VM operation: HandshakeAllThreads (Deoptimize) done
Event: 20.196 Executing VM operation: Cleanup

Events (20 events):
Event: 4.546 Thread 0x00000224ddcc3fc0 Thread added: 0x00000224ddcc3fc0
Event: 4.590 Thread 0x00000224ddcc9e50 Thread added: 0x00000224ddcc9e50
Event: 4.714 Thread 0x00000224ddcc3fc0 Thread exited: 0x00000224ddcc3fc0
Event: 4.900 Thread 0x00000224de079730 Thread added: 0x00000224de079730
Event: 4.946 Thread 0x00000224de07e0a0 Thread added: 0x00000224de07e0a0
Event: 5.091 Thread 0x00000224de08aac0 Thread added: 0x00000224de08aac0
Event: 5.261 Thread 0x00000224de120ad0 Thread added: 0x00000224de120ad0
Event: 5.276 Thread 0x00000224de124dc0 Thread added: 0x00000224de124dc0
Event: 5.285 Thread 0x00000224de121940 Thread added: 0x00000224de121940
Event: 5.303 Thread 0x00000224de122660 Thread added: 0x00000224de122660
Event: 6.602 Thread 0x00000224de124730 Thread added: 0x00000224de124730
Event: 6.639 Thread 0x00000224de121fd0 Thread added: 0x00000224de121fd0
Event: 6.896 Thread 0x00000224de123a10 Thread added: 0x00000224de123a10
Event: 7.068 Thread 0x00000224de1240a0 Thread added: 0x00000224de1240a0
Event: 9.346 Thread 0x00000224c2b54fd0 Thread added: 0x00000224c2b54fd0
Event: 9.825 Thread 0x00000224c2b54fd0 Thread exited: 0x00000224c2b54fd0
Event: 12.884 Thread 0x00000224deaeefc0 Thread added: 0x00000224deaeefc0
Event: 13.054 Thread 0x00000224deaeefc0 Thread exited: 0x00000224deaeefc0
Event: 17.992 Thread 0x00000224dc182a20 Thread added: 0x00000224dc182a20
Event: 18.048 Thread 0x00000224dc184af0 Thread added: 0x00000224dc184af0


Dynamic libraries:
0x00007ff64cc80000 - 0x00007ff64cc90000 	D:\javar\bin\java.exe
0x00007ffae01e0000 - 0x00007ffae0446000 	C:\Windows\SYSTEM32\ntdll.dll
0x00007ffadf780000 - 0x00007ffadf849000 	C:\Windows\System32\KERNEL32.DLL
0x00007ffadd630000 - 0x00007ffadda2f000 	C:\Windows\System32\KERNELBASE.dll
0x00007ffada250000 - 0x00007ffada2ef000 	C:\Windows\SYSTEM32\apphelp.dll
0x00007ffadd3f0000 - 0x00007ffadd53c000 	C:\Windows\System32\ucrtbase.dll
0x00007ffac9ac0000 - 0x00007ffac9ade000 	D:\javar\bin\VCRUNTIME140.dll
0x00007ffab0810000 - 0x00007ffab0829000 	D:\javar\bin\jli.dll
0x00007ffadec80000 - 0x00007ffaded3c000 	C:\Windows\System32\ADVAPI32.dll
0x00007ffadf510000 - 0x00007ffadf5b9000 	C:\Windows\System32\msvcrt.dll
0x00007ffadfe10000 - 0x00007ffadfeba000 	C:\Windows\System32\sechost.dll
0x00007ffadfa60000 - 0x00007ffadfb78000 	C:\Windows\System32\RPCRT4.dll
0x00007ffadfb80000 - 0x00007ffadfd46000 	C:\Windows\System32\USER32.dll
0x00007ffadd600000 - 0x00007ffadd627000 	C:\Windows\System32\win32u.dll
0x00007ffac7080000 - 0x00007ffac7311000 	C:\Windows\WinSxS\amd64_microsoft.windows.common-controls_6595b64144ccf1df_6.0.26100.8972_none_3e0da176e32f9d4b\COMCTL32.dll
0x00007ffaded50000 - 0x00007ffaded7b000 	C:\Windows\System32\GDI32.dll
0x00007ffaddde0000 - 0x00007ffaddf09000 	C:\Windows\System32\gdi32full.dll
0x00007ffadd550000 - 0x00007ffadd5f3000 	C:\Windows\System32\msvcp_win.dll
0x00007ffad46c0000 - 0x00007ffad46cb000 	C:\Windows\SYSTEM32\VERSION.dll
0x00007ffadfdd0000 - 0x00007ffadfe02000 	C:\Windows\System32\IMM32.DLL
0x00007ffad2b70000 - 0x00007ffad2b7c000 	D:\javar\bin\vcruntime140_1.dll
0x00007ffa7a7d0000 - 0x00007ffa7a85d000 	D:\javar\bin\msvcp140.dll
0x00007ffa3d4d0000 - 0x00007ffa3e1f8000 	D:\javar\bin\server\jvm.dll
0x00007ffadf6f0000 - 0x00007ffadf772000 	C:\Windows\System32\WS2_32.dll
0x00007ffadd250000 - 0x00007ffadd2ae000 	C:\Windows\SYSTEM32\POWRPROF.dll
0x00007ffad3e20000 - 0x00007ffad3e56000 	C:\Windows\SYSTEM32\WINMM.dll
0x00007ffadd230000 - 0x00007ffadd245000 	C:\Windows\SYSTEM32\UMPDC.dll
0x00007ffadc0e0000 - 0x00007ffadc0fb000 	C:\Windows\SYSTEM32\kernel.appcore.dll
0x00007ffad17a0000 - 0x00007ffad17aa000 	D:\javar\bin\jimage.dll
0x00007ffad2be0000 - 0x00007ffad2e22000 	C:\Windows\SYSTEM32\DBGHELP.DLL
0x00007ffade0d0000 - 0x00007ffade455000 	C:\Windows\System32\combase.dll
0x00007ffade470000 - 0x00007ffade549000 	C:\Windows\System32\OLEAUT32.dll
0x00007ffab7310000 - 0x00007ffab734b000 	C:\Windows\SYSTEM32\dbgcore.DLL
0x00007ffadda40000 - 0x00007ffaddaec000 	C:\Windows\System32\bcryptPrimitives.dll
0x00007ffac5920000 - 0x00007ffac5930000 	D:\javar\bin\instrument.dll
0x00007ffa8b7a0000 - 0x00007ffa8b7c1000 	D:\javar\bin\java.dll
0x00007ffaded80000 - 0x00007ffadf508000 	C:\Windows\System32\SHELL32.dll
0x00007ffadae70000 - 0x00007ffadb70b000 	C:\Windows\SYSTEM32\windows.storage.dll
0x00007ffade6c0000 - 0x00007ffade7b9000 	C:\Windows\System32\SHCORE.dll
0x00007ffadf8a0000 - 0x00007ffadf906000 	C:\Windows\System32\shlwapi.dll
0x00007ffadd310000 - 0x00007ffadd339000 	C:\Windows\SYSTEM32\profapi.dll
0x00007ffa4eb90000 - 0x00007ffa4ec67000 	D:\javar\bin\jsvml.dll
0x00007ffab19e0000 - 0x00007ffab19f8000 	D:\javar\bin\zip.dll
0x00007ffac9860000 - 0x00007ffac9871000 	D:\javar\bin\net.dll
0x00007ffad6060000 - 0x00007ffad6188000 	C:\Windows\SYSTEM32\WINHTTP.dll
0x00007ffadc690000 - 0x00007ffadc6fc000 	C:\Windows\system32\mswsock.dll
0x00007ffab5560000 - 0x00007ffab5576000 	D:\javar\bin\nio.dll
0x00007ffabc2d0000 - 0x00007ffabc2e0000 	D:\javar\bin\verify.dll
0x00007ffa7b640000 - 0x00007ffa7b667000 	C:\Users\hieun\.gradle\native\660c5614fbf4a5f2a75b1949f50a0caf5cd603558e7d8a26e50b933a0cfb79d1\windows-amd64\native-platform.dll
0x00007ffa5d800000 - 0x00007ffa5d877000 	C:\Users\hieun\.gradle\native\0.2.8\x86_64-windows-gnu\gradle-fileevents.dll
0x00007ffa95b40000 - 0x00007ffa95b4a000 	D:\javar\bin\management.dll
0x00007ffa8cda0000 - 0x00007ffa8cdac000 	D:\javar\bin\management_ext.dll
0x00007ffade7c0000 - 0x00007ffade7c8000 	C:\Windows\System32\PSAPI.DLL
0x00007ffadbb10000 - 0x00007ffadbb43000 	C:\Windows\SYSTEM32\IPHLPAPI.DLL
0x00007ffade460000 - 0x00007ffade46a000 	C:\Windows\System32\NSI.dll
0x00007ffab3a70000 - 0x00007ffab3a79000 	D:\javar\bin\extnet.dll
0x00007ffadc980000 - 0x00007ffadc99b000 	C:\Windows\SYSTEM32\CRYPTSP.dll
0x00007ffadc040000 - 0x00007ffadc079000 	C:\Windows\system32\rsaenh.dll
0x00007ffadc740000 - 0x00007ffadc772000 	C:\Windows\SYSTEM32\USERENV.dll
0x00007ffadd2e0000 - 0x00007ffadd30a000 	C:\Windows\SYSTEM32\bcrypt.dll
0x00007ffadc9a0000 - 0x00007ffadc9ac000 	C:\Windows\SYSTEM32\CRYPTBASE.dll
0x00007ffab05a0000 - 0x00007ffab05ae000 	D:\javar\bin\sunmscapi.dll
0x00007ffaddb90000 - 0x00007ffaddd0e000 	C:\Windows\System32\CRYPT32.dll
0x00007ffadcbc0000 - 0x00007ffadcbf0000 	C:\Windows\SYSTEM32\ncrypt.dll
0x00007ffadcb70000 - 0x00007ffadcbaf000 	C:\Windows\SYSTEM32\NTASN1.dll
0x00007ffaafcb0000 - 0x00007ffaafcb8000 	C:\Windows\system32\wshunix.dll

dbghelp: loaded successfully - version: 4.0.5 - missing functions: none
symbol engine: initialized successfully - sym options: 0x614 - pdb path: .;D:\javar\bin;C:\Windows\SYSTEM32;C:\Windows\WinSxS\amd64_microsoft.windows.common-controls_6595b64144ccf1df_6.0.26100.8972_none_3e0da176e32f9d4b;D:\javar\bin\server;C:\Users\hieun\.gradle\native\660c5614fbf4a5f2a75b1949f50a0caf5cd603558e7d8a26e50b933a0cfb79d1\windows-amd64;C:\Users\hieun\.gradle\native\0.2.8\x86_64-windows-gnu

VM Arguments:
jvm_args: --add-opens=java.base/java.lang=ALL-UNNAMED --add-opens=java.base/java.lang.invoke=ALL-UNNAMED --add-opens=java.base/java.util=ALL-UNNAMED --add-opens=java.prefs/java.util.prefs=ALL-UNNAMED --add-exports=jdk.compiler/com.sun.tools.javac.api=ALL-UNNAMED --add-exports=jdk.compiler/com.sun.tools.javac.util=ALL-UNNAMED --add-opens=java.base/java.nio.charset=ALL-UNNAMED --add-opens=java.base/java.net=ALL-UNNAMED --add-opens=java.base/java.util.concurrent=ALL-UNNAMED --add-opens=java.base/java.util.concurrent.atomic=ALL-UNNAMED --add-opens=java.xml/javax.xml.namespace=ALL-UNNAMED --add-opens=java.base/java.time=ALL-UNNAMED -XX:MaxMetaspaceSize=384m -XX:+HeapDumpOnOutOfMemoryError -Xms256m -Xmx512m -Dfile.encoding=UTF-8 -Duser.country=US -Duser.language=en -Duser.variant -javaagent:C:\Users\hieun\.gradle\wrapper\dists\gradle-9.5.1-bin\iq79hdu3mqx29lgffhp8bfmx\gradle-9.5.1\lib\agents\gradle-instrumentation-agent-9.5.1.jar 
java_command: org.gradle.launcher.daemon.bootstrap.GradleDaemon 9.5.1
java_class_path (initial): C:\Users\hieun\.gradle\wrapper\dists\gradle-9.5.1-bin\iq79hdu3mqx29lgffhp8bfmx\gradle-9.5.1\lib\gradle-daemon-main-9.5.1.jar
Launcher Type: SUN_STANDARD

[Global flags]
     intx CICompilerCount                          = 4                                         {product} {ergonomic}
   size_t CompressedClassSpaceSize                 = 335544320                                 {product} {ergonomic}
     uint ConcGCThreads                            = 3                                         {product} {ergonomic}
     uint G1ConcRefinementThreads                  = 10                                        {product} {ergonomic}
   size_t G1HeapRegionSize                         = 1048576                                   {product} {ergonomic}
    uintx GCDrainStackTargetSize                   = 64                                        {product} {ergonomic}
     bool HeapDumpOnOutOfMemoryError               = true                                   {manageable} {command line}
   size_t InitialHeapSize                          = 268435456                                 {product} {command line}
   size_t MarkStackSize                            = 4194304                                   {product} {ergonomic}
   size_t MaxHeapSize                              = 536870912                                 {product} {command line}
   size_t MaxMetaspaceSize                         = 402653184                                 {product} {command line}
   size_t MaxNewSize                               = 321912832                                 {product} {ergonomic}
   size_t MinHeapDeltaBytes                        = 1048576                                   {product} {ergonomic}
   size_t MinHeapSize                              = 268435456                                 {product} {command line}
    uintx NonNMethodCodeHeapSize                   = 5839372                                {pd product} {ergonomic}
    uintx NonProfiledCodeHeapSize                  = 122909434                              {pd product} {ergonomic}
    uintx ProfiledCodeHeapSize                     = 122909434                              {pd product} {ergonomic}
    uintx ReservedCodeCacheSize                    = 251658240                              {pd product} {ergonomic}
     bool SegmentedCodeCache                       = true                                      {product} {ergonomic}
   size_t SoftMaxHeapSize                          = 536870912                              {manageable} {ergonomic}
     bool UseCompressedOops                        = true                           {product lp64_product} {ergonomic}
     bool UseG1GC                                  = true                                      {product} {ergonomic}
     bool UseLargePagesIndividualAllocation        = false                                  {pd product} {ergonomic}

Logging:
Log output configuration:
 #0: stdout all=warning uptime,level,tags foldmultilines=false
 #1: stderr all=off uptime,level,tags foldmultilines=false

Environment Variables:
PATH=C:\Program Files\Common Files\Oracle\Java\javapath;C:\Windows\system32;C:\Windows;C:\Windows\System32\Wbem;C:\Windows\System32\WindowsPowerShell\v1.0\;C:\Windows\System32\OpenSSH\;C:\Program Files (x86)\NVIDIA Corporation\PhysX\Common;C:\Program Files\dotnet\;D:\Git\cmd;C:\Program Files\NVIDIA Corporation\NVIDIA App\NvDLISR;C:\Program Files\Docker\Docker\resources\bin;C:\ProgramData\chocolatey\bin;D:\node js\;C:\Users\hieun\AppData\Local\Programs\Python\Launcher\;C:\Users\hieun\AppData\Local\Microsoft\WindowsApps;D:\Microsoft VS Code\bin;C:\Users\hieun\AppData\Roaming\npm
USERNAME=hieun
OS=Windows_NT
PROCESSOR_IDENTIFIER=AMD64 Family 25 Model 68 Stepping 1, AuthenticAMD
TMP=C:\Users\hieun\AppData\Local\Temp
TEMP=C:\Users\hieun\AppData\Local\Temp




Periodic native trim disabled

---------------  S Y S T E M  ---------------

OS:
 Windows 11 , 64 bit Build 26100 (10.0.26100.9168)
OS uptime: 4 days 9:40 hours
Hyper-V role detected

CPU: total 12 (initial active 12) (12 cores per cpu, 2 threads per core) family 25 model 68 stepping 1 microcode 0xa404107, cx8, cmov, fxsr, ht, mmx, 3dnowpref, sse, sse2, sse3, ssse3, sse4a, sse4.1, sse4.2, popcnt, lzcnt, tsc, tscinvbit, avx, avx2, aes, erms, clmul, bmi1, bmi2, adx, sha, fma, vzeroupper, clflush, clflushopt, hv, rdtscp, rdpid, fsrm, f16c, cet_ss
Processor Information for all 12 processors :
  Max Mhz: 3301, Current Mhz: 3301, Mhz Limit: 3301

Memory: 4k page, system-wide physical 15690M (477M free)
TotalPageFile size 48779M (AvailPageFile size 35M)
current process WorkingSet (physical memory assigned to process): 242M, peak: 252M
current process commit charge ("private bytes"): 422M, peak: 433M

vm_info: Java HotSpot(TM) 64-Bit Server VM (21.0.11+9-LTS-211) for windows-amd64 JRE (21.0.11+9-LTS-211), built on 2026-03-11T00:23:15Z by "mach5run" with MS VC++ 17.13 (VS2022)

END.
