version 2
JvmtiExport can_access_local_variables 0
JvmtiExport can_hotswap_or_post_breakpoint 0
JvmtiExport can_post_on_exceptions 0
# 302 ciObject found
instanceKlass org/gradle/internal/service/DefaultServiceRegistry$ClassInspector
ciInstanceKlass java/lang/Cloneable 1 0 7 100 1 100 1 1 1
instanceKlass org/gradle/api/artifacts/VersionCatalog
instanceKlass org/gradle/api/internal/catalog/DefaultDependenciesAccessors$DefaultVersionCatalogsExtension
instanceKlass org/gradle/api/artifacts/VersionCatalogsExtension
instanceKlass org/gradle/configuration/project/LifecycleProjectEvaluator$NotifyProjectBeforeEvaluatedDetails
instanceKlass org/gradle/configuration/project/NotifyProjectBeforeEvaluatedBuildOperationType$Details
instanceKlass org/gradle/configuration/project/LifecycleProjectEvaluator$NotifyBeforeEvaluate
# instanceKlass org/gradle/internal/work/DefaultWorkerLeaseService$$Lambda+0x000001424d6668a8
# instanceKlass org/gradle/api/internal/project/DefaultProjectStateRegistry$ProjectStateImpl$$Lambda+0x000001424d666690
# instanceKlass org/gradle/api/internal/project/DefaultProjectStateRegistry$ProjectStateImpl$$Lambda+0x000001424d666478
# instanceKlass org/gradle/api/internal/project/DefaultProjectStateRegistry$ProjectStateImpl$$Lambda+0x000001424d666240
# instanceKlass org/gradle/configuration/project/LifecycleProjectEvaluator$EvaluateProject$$Lambda+0x000001424d666018
instanceKlass org/gradle/configuration/project/LifecycleProjectEvaluator$ConfigureProjectDetails
instanceKlass org/gradle/configuration/project/ConfigureProjectBuildOperationType$Details
instanceKlass org/gradle/configuration/project/LifecycleProjectEvaluator$EvaluateProject
instanceKlass org/gradle/configuration/project/LifecycleProjectEvaluator
instanceKlass org/gradle/configuration/project/DelayedConfigurationActions
instanceKlass org/gradle/configuration/project/BuildScriptProcessor
instanceKlass org/gradle/buildinit/plugins/internal/action/WrapperPluginAutoApplyAction
instanceKlass org/gradle/buildinit/plugins/internal/action/BuildInitAutoApplyAction
instanceKlass org/gradle/jvm/toolchain/internal/task/ShowToolchainsTaskConfigurator
instanceKlass org/gradle/kotlin/dsl/tooling/builders/internal/KotlinScriptingModelBuildersRegistrant$KotlinScriptingModelBuildersTaskRegisterAction
instanceKlass org/gradle/api/plugins/internal/HelpTasksAutoApplyAction
instanceKlass org/gradle/api/plugins/internal/SoftwareReportingTasksAutoApplyAction
instanceKlass org/gradle/internal/buildconfiguration/DaemonJvmPropertiesConfigurator
instanceKlass org/gradle/configuration/project/ConfigureActionsProjectEvaluator
# instanceKlass java/lang/invoke/LambdaForm$MH+0x000001424d668c00
# instanceKlass java/lang/invoke/LambdaForm$MH+0x000001424d668800
# instanceKlass java/lang/invoke/LambdaForm$MH+0x000001424d668400
# instanceKlass java/lang/invoke/LambdaForm$MH+0x000001424d668000
instanceKlass  @bci org/gradle/internal/model/StateTransitionController maybeTransitionIfNotCurrentlyTransitioning (Lorg/gradle/internal/model/StateTransitionController$State;Lorg/gradle/internal/model/StateTransitionController$State;Ljava/lang/Runnable;)V 8 <appendix> member <vmtarget> ; # org/gradle/internal/model/StateTransitionController$$Lambda+0x000001424d664880
instanceKlass  @bci org/gradle/api/internal/project/ProjectLifecycleController ensureSelfConfigured ()V 11 <appendix> member <vmtarget> ; # org/gradle/api/internal/project/ProjectLifecycleController$$Lambda+0x000001424d664668
instanceKlass org/gradle/configuration/DeferredProjectEvaluationCondition
instanceKlass  @bci org/gradle/internal/operations/DefaultBuildOperationListenerManager lambda$removeListener$2 (Lorg/gradle/internal/operations/BuildOperationListener;Lcom/google/common/collect/ImmutableList;)Lcom/google/common/collect/ImmutableList; 5 <appendix> member <vmtarget> ; # org/gradle/internal/operations/DefaultBuildOperationListenerManager$$Lambda+0x000001424d664228
instanceKlass  @bci org/gradle/internal/operations/DefaultBuildOperationListenerManager removeListener (Lorg/gradle/internal/operations/BuildOperationListener;)V 5 <appendix> member <vmtarget> ; # org/gradle/internal/operations/DefaultBuildOperationListenerManager$$Lambda+0x000001424d663fd8
instanceKlass org/gradle/initialization/NotifyingBuildLoader$3$1
instanceKlass org/gradle/initialization/NotifyProjectsLoadedBuildOperationType$Details
instanceKlass org/gradle/initialization/NotifyingBuildLoader$3
instanceKlass org/gradle/initialization/NotifyingBuildLoader$BuildStructureOperationResult
instanceKlass org/gradle/initialization/LoadProjectsBuildOperationType$Result
instanceKlass org/gradle/initialization/NotifyingBuildLoader$DefaultProjectsIdentifiedProgressDetails
instanceKlass org/gradle/initialization/ProjectsIdentifiedProgressDetails
instanceKlass  @bci org/gradle/initialization/BuildStructureOperationProject <clinit> ()V 0 <appendix> argL0 ; # org/gradle/initialization/BuildStructureOperationProject$$Lambda+0x000001424d662ca8
instanceKlass org/gradle/initialization/BuildStructureOperationProject
instanceKlass  @bci org/gradle/api/internal/project/DefaultProjectStateRegistry$ProjectStateImpl getChildProjects ()Ljava/util/Set; 4 <appendix> argL0 ; # org/gradle/api/internal/project/DefaultProjectStateRegistry$ProjectStateImpl$$Lambda+0x000001424d6627c8
instanceKlass  @bci org/gradle/initialization/ProjectPropertySettingBuildLoader installProjectExtraPropertiesDefaults (Lorg/gradle/api/internal/project/ProjectInternal;Lorg/gradle/api/internal/properties/GradleProperties;Ljava/util/Set;)V 22 <appendix> member <vmtarget> ; # org/gradle/initialization/ProjectPropertySettingBuildLoader$$Lambda+0x000001424d662568
instanceKlass org/gradle/api/internal/lambdas/SerializableLambdas$SerializablePredicate
instanceKlass org/gradle/initialization/properties/FilteringGradleProperties
instanceKlass org/gradle/api/internal/properties/DefaultGradlePropertiesController$ProjectPropertyScope
instanceKlass org/gradle/api/internal/properties/GradlePropertyScope$Project
instanceKlass  @bci org/gradle/api/internal/properties/DefaultGradlePropertiesController getOrCreateGradleProperties (Lorg/gradle/api/internal/project/ProjectIdentity;)Lorg/gradle/api/internal/properties/DefaultGradlePropertiesController$ProjectScopedGradleProperties; 6 <appendix> member <vmtarget> ; # org/gradle/api/internal/properties/DefaultGradlePropertiesController$$Lambda+0x000001424d661ab8
instanceKlass  @bci org/gradle/api/internal/project/ProjectFactory createProject (Lorg/gradle/api/internal/GradleInternal;Lorg/gradle/api/initialization/ProjectDescriptor;Lorg/gradle/api/internal/project/ProjectState;Lorg/gradle/api/internal/project/ProjectInternal;Lorg/gradle/internal/service/scopes/ServiceRegistryFactory;Lorg/gradle/api/internal/initialization/ClassLoaderScope;Lorg/gradle/api/internal/initialization/ClassLoaderScope;)Lorg/gradle/api/internal/project/ProjectInternal; 166 <appendix> member <vmtarget> ; # org/gradle/api/internal/project/ProjectFactory$$Lambda+0x000001424d661638
instanceKlass  @bci org/gradle/api/internal/project/DefaultProject <init> (Ljava/lang/String;Lorg/gradle/api/internal/project/ProjectInternal;Ljava/io/File;Ljava/io/File;Lorg/gradle/groovy/scripts/ScriptSource;Lorg/gradle/api/internal/GradleInternal;Lorg/gradle/api/internal/project/ProjectState;Lorg/gradle/internal/service/scopes/ServiceRegistryFactory;Lorg/gradle/api/internal/initialization/ClassLoaderScope;Lorg/gradle/api/internal/initialization/ClassLoaderScope;)V 293 <appendix> member <vmtarget> ; # org/gradle/api/internal/project/DefaultProject$$Lambda+0x000001424d661050
instanceKlass org/gradle/features/internal/binding/ProjectFeatureSupportInternal$DefaultProjectFeatureDefinitionContext
instanceKlass org/gradle/features/internal/binding/ProjectFeatureSupportInternal$DefaultProjectFeatureDefinitionContext$Factory
instanceKlass org/gradle/features/binding/BuildModel$None
instanceKlass org/gradle/features/binding/BuildModel
instanceKlass org/gradle/features/internal/binding/ProjectFeatureSupportInternal
instanceKlass org/gradle/features/internal/binding/DefaultProjectFeatureApplicator$DefaultPropertyWalker
# instanceKlass java/lang/invoke/LambdaForm$MH+0x000001424d65ec00
instanceKlass org/gradle/features/internal/binding/ProjectFeatureSupportInternal$ProjectFeatureDefinitionContext$ChildDefinitionAdditionResult
instanceKlass org/gradle/features/internal/binding/ProjectFeatureApplicationContextInternal
instanceKlass org/gradle/features/internal/binding/ProjectFeatureSupportInternal$ProjectFeatureDefinitionContext
instanceKlass org/gradle/features/internal/binding/ProjectFeatureImplementation
instanceKlass org/gradle/features/internal/binding/DefaultProjectFeatureApplicator$PropertyWalker$Visitor
instanceKlass org/gradle/features/internal/binding/ProjectFeatureApplicator$FeatureApplication
instanceKlass org/gradle/features/binding/ProjectFeatureApplicationContext
instanceKlass org/gradle/features/registration/ConfigurationRegistrar
instanceKlass org/gradle/features/file/ProjectFeatureLayout
instanceKlass org/gradle/features/registration/TaskRegistrar
instanceKlass org/gradle/features/registration/PolymorphicDomainObjectRegistrar
instanceKlass org/gradle/features/registration/NamedDomainObjectRegistrar
instanceKlass org/gradle/features/internal/binding/ModelDefaultsApplicator$ClassLoaderContext
instanceKlass org/gradle/features/internal/binding/DefaultProjectFeatureApplicator$PropertyWalker
instanceKlass org/gradle/api/internal/model/DefaultObjectFactoryFactory
# instanceKlass java/lang/invoke/LambdaForm$MH+0x000001424d65e800
# instanceKlass java/lang/invoke/LambdaForm$MH+0x000001424d65e400
# instanceKlass java/lang/invoke/LambdaForm$MH+0x000001424d65e000
# instanceKlass java/lang/invoke/LambdaForm$MH+0x000001424d65dc00
# instanceKlass java/lang/invoke/LambdaForm$MH+0x000001424d65d800
instanceKlass org/gradle/api/internal/project/ProjectScopedTaskResolver
instanceKlass org/gradle/internal/service/scopes/ProjectBackedPropertyHost
instanceKlass org/gradle/features/internal/binding/DefaultProjectFeatureApplicator
instanceKlass org/gradle/internal/extensibility/ExtensibleDynamicObject$2
instanceKlass org/gradle/internal/BiAction
instanceKlass org/gradle/api/internal/tasks/DefaultTaskContainerFactory$1
# instanceKlass java/lang/invoke/LambdaForm$MH+0x000001424d65d400
# instanceKlass java/lang/invoke/LambdaForm$MH+0x000001424d65d000
# instanceKlass java/lang/invoke/LambdaForm$MH+0x000001424d65cc00
# instanceKlass java/lang/invoke/LambdaForm$MH+0x000001424d65c800
# instanceKlass java/lang/invoke/LambdaForm$MH+0x000001424d65c400
# instanceKlass java/lang/invoke/LambdaForm$MH+0x000001424d65c000
# instanceKlass java/lang/invoke/LambdaForm$MH+0x000001424d651c00
# instanceKlass java/lang/invoke/LambdaForm$MH+0x000001424d651800
instanceKlass org/gradle/api/internal/tasks/DefaultTaskContainer$7
instanceKlass org/gradle/api/internal/tasks/DefaultTaskContainer$6
instanceKlass org/gradle/model/internal/core/MutableModelNode
instanceKlass org/gradle/model/internal/core/ModelNode
instanceKlass org/gradle/model/internal/core/ModelPath
instanceKlass org/gradle/api/tasks/TaskProvider
instanceKlass org/gradle/api/internal/project/taskfactory/TaskIdentity
instanceKlass org/gradle/api/internal/tasks/RealizeTaskBuildOperationType$Result
instanceKlass org/gradle/api/internal/tasks/RegisterTaskBuildOperationType$Result
instanceKlass org/gradle/model/internal/core/rule/describe/SimpleModelRuleDescriptor$1
instanceKlass org/gradle/internal/Factories$2
instanceKlass org/gradle/internal/Factories
instanceKlass org/gradle/model/internal/core/rule/describe/AbstractModelRuleDescriptor
instanceKlass org/gradle/model/internal/core/rule/describe/ModelRuleDescriptor
instanceKlass org/gradle/model/internal/core/ModelReference
instanceKlass org/gradle/api/internal/tasks/DefaultTaskContainerFactory
# instanceKlass java/lang/invoke/LambdaForm$MH+0x000001424d651400
# instanceKlass java/lang/invoke/LambdaForm$MH+0x000001424d651000
# instanceKlass java/lang/invoke/LambdaForm$MH+0x000001424d650c00
# instanceKlass java/lang/invoke/LambdaForm$MH+0x000001424d650800
# instanceKlass java/lang/invoke/LambdaForm$MH+0x000001424d650400
# instanceKlass java/lang/invoke/LambdaForm$MH+0x000001424d650000
# instanceKlass java/lang/invoke/LambdaForm$MH+0x000001424d648c00
# instanceKlass java/lang/invoke/LambdaForm$MH+0x000001424d648800
# instanceKlass java/lang/invoke/LambdaForm$MH+0x000001424d648400
instanceKlass org/gradle/api/internal/project/DefaultCrossProjectModelAccess
instanceKlass org/gradle/api/internal/project/taskfactory/TaskFactory
instanceKlass org/gradle/api/internal/project/taskfactory/AnnotationProcessingTaskFactory
instanceKlass org/gradle/api/internal/project/taskfactory/TaskActionFactory
instanceKlass org/gradle/api/internal/project/taskfactory/DefaultTaskClassInfoStore
instanceKlass org/gradle/process/internal/services/ProcessWorkerSharedProjectScopeServices
instanceKlass org/gradle/workers/internal/BuildOperationAwareWorker
instanceKlass org/gradle/workers/internal/WorkersServices$ProjectScopeServices
instanceKlass org/gradle/process/internal/services/ProcessServices$ProjectProcessServices
instanceKlass org/gradle/plugins/ide/internal/DefaultIdeArtifactRegistry
instanceKlass org/gradle/plugins/ide/internal/IdeArtifactRegistry
instanceKlass org/gradle/features/internal/binding/ProjectFeatureApplicator
instanceKlass org/gradle/features/internal/binding/ModelDefaultsApplicator
instanceKlass org/gradle/plugin/internal/PluginUseServices$ProjectScopeServices
instanceKlass org/gradle/nativeplatform/internal/CompilerOutputFileNamingSchemeFactory
instanceKlass org/gradle/nativeplatform/internal/services/NativeBinaryServices$ProjectCompilerServices
instanceKlass org/gradle/language/internal/DefaultNativeComponentFactory
instanceKlass org/gradle/language/internal/NativeComponentFactory
instanceKlass org/gradle/nativeplatform/toolchain/NativeToolChainRegistry
instanceKlass org/gradle/platform/base/ToolChainRegistry
instanceKlass org/gradle/language/nativeplatform/internal/toolchains/ToolChainSelector$Result
instanceKlass org/gradle/language/nativeplatform/internal/toolchains/DefaultToolChainSelector
instanceKlass org/gradle/language/nativeplatform/internal/toolchains/ToolChainSelector
instanceKlass org/gradle/language/nativeplatform/internal/incremental/IncrementalCompilerBuilder$IncrementalCompiler
instanceKlass org/gradle/language/nativeplatform/internal/incremental/DefaultIncrementalCompilerBuilder
instanceKlass org/gradle/language/nativeplatform/internal/incremental/IncrementalCompilerBuilder
instanceKlass org/gradle/api/artifacts/ConfigurationVariant
instanceKlass org/gradle/api/plugins/jvm/internal/DefaultJvmPluginServices
instanceKlass org/gradle/api/plugins/jvm/internal/JvmPluginServices
instanceKlass org/gradle/api/plugins/jvm/internal/JvmEcosystemUtilities
instanceKlass org/gradle/api/tasks/SourceSetContainer
instanceKlass org/gradle/language/jvm/internal/JvmLanguageServices$ProjectScopeServices
instanceKlass org/gradle/language/java/internal/JavadocServices$JavadocProjectScopeServices
instanceKlass org/gradle/language/java/internal/JavaToolchainServices$ProjectScopeCompileServices
instanceKlass org/gradle/kotlin/dsl/tooling/builders/internal/KotlinScriptingModelBuildersServices$ProjectScopeToolingServices
instanceKlass org/gradle/jvm/toolchain/internal/ToolchainToolFactory
instanceKlass org/gradle/jvm/toolchain/internal/JavaCompilerFactory
instanceKlass org/gradle/jvm/toolchain/JavaCompiler
instanceKlass org/gradle/jvm/toolchain/internal/DefaultJavaToolchainService
instanceKlass org/gradle/jvm/toolchain/JavaToolchainService
instanceKlass org/gradle/jvm/toolchain/internal/DefaultJavaToolchainResolverService
instanceKlass org/gradle/jvm/toolchain/internal/JavaToolchainResolverService
instanceKlass org/gradle/internal/snapshot/Snapshot
instanceKlass org/gradle/internal/snapshot/impl/DefaultSnapshottingService
instanceKlass org/gradle/internal/snapshot/SnapshottingService
instanceKlass org/gradle/internal/enterprise/test/TestTaskFilters
instanceKlass org/gradle/internal/enterprise/test/TestTaskProperties
instanceKlass org/gradle/internal/enterprise/test/TestTaskForkOptions
instanceKlass org/gradle/internal/enterprise/test/impl/DefaultTestTaskPropertiesService
instanceKlass org/gradle/internal/enterprise/test/TestTaskPropertiesService
instanceKlass org/gradle/internal/declarativedsl/provider/ProjectServices
instanceKlass org/gradle/internal/buildconfiguration/tasks/DaemonJvmPropertiesModifier
instanceKlass org/gradle/internal/buildconfiguration/services/BuildConfigurationServices$ProjectScopeServices
instanceKlass org/gradle/buildinit/plugins/internal/ProjectLayoutSetupRegistry
instanceKlass org/gradle/workers/WorkerExecutor
instanceKlass org/gradle/buildinit/plugins/internal/services/BuildInitServices$1
instanceKlass org/gradle/api/publish/maven/internal/publisher/MavenDuplicatePublicationTracker
instanceKlass org/gradle/api/publish/ivy/internal/publisher/IvyDuplicatePublicationTracker
instanceKlass org/gradle/api/plugins/jvm/internal/DefaultJvmLanguageUtilities
instanceKlass org/gradle/api/plugins/jvm/internal/JvmLanguageUtilities
instanceKlass org/gradle/api/internal/tasks/compile/GroovyCompilerFactory
instanceKlass org/gradle/language/base/internal/compile/CompilerFactory
instanceKlass org/gradle/workers/internal/IsolatedClassloaderWorkerFactory
instanceKlass org/gradle/workers/internal/WorkerDaemonFactory
instanceKlass org/gradle/workers/internal/WorkerFactory
instanceKlass org/gradle/api/internal/tasks/compile/GroovyServices$ProjectServices
instanceKlass org/gradle/api/internal/project/ant/AntLoggingAdapterFactory
instanceKlass org/gradle/api/internal/project/ant/AntModuleServices$AntProjectScopeServices
instanceKlass org/gradle/api/internal/artifacts/DependencyManagementProjectScopeServices
# instanceKlass java/lang/invoke/LambdaForm$MH+0x000001424d648000
# instanceKlass java/lang/invoke/LambdaForm$MH+0x000001424d646c00
# instanceKlass java/lang/invoke/LambdaForm$MH+0x000001424d646800
# instanceKlass java/lang/invoke/LambdaForm$MH+0x000001424d646400
instanceKlass org/gradle/api/internal/project/taskfactory/TaskInstantiator
instanceKlass org/gradle/model/internal/core/NamedEntityInstantiator
instanceKlass org/gradle/api/internal/file/DefaultProjectLayout
instanceKlass org/gradle/api/internal/file/TaskFileVarFactory
instanceKlass org/gradle/tooling/provider/model/internal/ToolingModelBuilderRegistrant
instanceKlass org/gradle/normalization/internal/RuntimeClasspathNormalizationInternal
instanceKlass org/gradle/normalization/RuntimeClasspathNormalization
instanceKlass org/gradle/normalization/InputNormalization
instanceKlass org/gradle/api/internal/model/ObjectFactoryFactory
instanceKlass org/gradle/internal/service/scopes/WorkerSharedProjectScopeServices
instanceKlass org/gradle/internal/typeconversion/TypeConverter
instanceKlass org/gradle/internal/service/scopes/ProjectScopeServices
# instanceKlass java/lang/invoke/LambdaForm$MH+0x000001424d646000
# instanceKlass java/lang/invoke/LambdaForm$MH+0x000001424d645c00
# instanceKlass java/lang/invoke/LambdaForm$MH+0x000001424d645800
# instanceKlass java/lang/invoke/LambdaForm$MH+0x000001424d645400
# instanceKlass java/lang/invoke/LambdaForm$MH+0x000001424d645000
# instanceKlass java/lang/invoke/LambdaForm$MH+0x000001424d644c00
# instanceKlass java/lang/invoke/LambdaForm$MH+0x000001424d644800
# instanceKlass java/lang/invoke/LambdaForm$MH+0x000001424d644400
# instanceKlass java/lang/invoke/LambdaForm$MH+0x000001424d644000
instanceKlass org/gradle/api/internal/project/AntBuilderFactory
instanceKlass org/gradle/api/internal/project/DeferredProjectConfiguration
instanceKlass org/gradle/internal/model/RuleBasedPluginListener
instanceKlass org/gradle/configuration/project/ProjectConfigurationActionContainer
instanceKlass org/gradle/model/internal/registry/ModelRegistry
instanceKlass org/gradle/normalization/internal/InputNormalizationHandlerInternal
instanceKlass org/gradle/api/component/SoftwareComponentContainer
instanceKlass org/gradle/api/ExtensiblePolymorphicDomainObjectContainer
instanceKlass org/gradle/api/internal/rules/NamedDomainObjectFactoryRegistry
instanceKlass org/gradle/api/internal/tasks/TaskContainerInternal
instanceKlass org/gradle/api/internal/PolymorphicDomainObjectContainerInternal
instanceKlass org/gradle/api/internal/project/ProjectStateInternal
instanceKlass org/gradle/api/NamedDomainObjectFactory
instanceKlass org/gradle/api/internal/project/ProjectInternal$DetachedResolver
instanceKlass org/gradle/api/project/IsolatedProject
instanceKlass org/gradle/normalization/InputNormalizationHandler
instanceKlass org/gradle/api/ProjectState
instanceKlass  @bci org/gradle/api/internal/project/ProjectFactory createProject (Lorg/gradle/api/internal/GradleInternal;Lorg/gradle/api/initialization/ProjectDescriptor;Lorg/gradle/api/internal/project/ProjectState;Lorg/gradle/api/internal/project/ProjectInternal;Lorg/gradle/internal/service/scopes/ServiceRegistryFactory;Lorg/gradle/api/internal/initialization/ClassLoaderScope;Lorg/gradle/api/internal/initialization/ClassLoaderScope;)Lorg/gradle/api/internal/project/ProjectInternal; 16 <appendix> member <vmtarget> ; # org/gradle/api/internal/project/ProjectFactory$$Lambda+0x000001424d637050
instanceKlass  @bci org/gradle/api/internal/project/ProjectLifecycleController lambda$createMutableModel$1 (Lorg/gradle/api/internal/project/ProjectState;Lorg/gradle/api/internal/project/IProjectFactory;Lorg/gradle/internal/build/BuildState;Lorg/gradle/initialization/ProjectDescriptorInternal;Lorg/gradle/api/internal/initialization/ClassLoaderScope;Lorg/gradle/api/internal/initialization/ClassLoaderScope;)V 27 <appendix> member <vmtarget> ; # org/gradle/api/internal/project/ProjectLifecycleController$$Lambda+0x000001424d636e38
instanceKlass  @bci org/gradle/internal/model/StateTransitionController transition (Lorg/gradle/internal/model/StateTransitionController$State;Lorg/gradle/internal/model/StateTransitionController$State;Ljava/lang/Runnable;)V 8 <appendix> member <vmtarget> ; # org/gradle/internal/model/StateTransitionController$$Lambda+0x000001424d636c20
instanceKlass  @bci org/gradle/api/internal/project/ProjectLifecycleController createMutableModel (Lorg/gradle/initialization/ProjectDescriptorInternal;Lorg/gradle/internal/build/BuildState;Lorg/gradle/api/internal/project/ProjectState;Lorg/gradle/api/internal/initialization/ClassLoaderScope;Lorg/gradle/api/internal/initialization/ClassLoaderScope;Lorg/gradle/api/internal/project/IProjectFactory;)V 20 <appendix> member <vmtarget> ; # org/gradle/api/internal/project/ProjectLifecycleController$$Lambda+0x000001424d636a08
instanceKlass org/gradle/initialization/NotifyingBuildLoader$2$1
instanceKlass org/gradle/initialization/LoadProjectsBuildOperationType$Details
instanceKlass org/gradle/initialization/LoadProjectsBuildOperationType$Result$Project
instanceKlass org/gradle/initialization/ProjectsIdentifiedProgressDetails$Project
instanceKlass org/gradle/initialization/NotifyingBuildLoader$2
instanceKlass  @bci org/gradle/api/internal/catalog/DefaultDependenciesAccessors generateAccessors (Ljava/util/List;Lorg/gradle/api/internal/initialization/ClassLoaderScope;Lorg/gradle/api/initialization/Settings;)V 80 <appendix> argL0 ; # org/gradle/api/internal/catalog/DefaultDependenciesAccessors$$Lambda+0x000001424d619ab0
instanceKlass org/gradle/api/internal/DefaultDomainObjectCollection$IteratorImpl
# instanceKlass java/lang/invoke/LambdaForm$MH+0x000001424d63d400
# instanceKlass java/lang/invoke/LambdaForm$MH+0x000001424d63d000
# instanceKlass java/lang/invoke/LambdaForm$MH+0x000001424d63cc00
# instanceKlass java/lang/invoke/LambdaForm$MH+0x000001424d63c800
# instanceKlass java/lang/invoke/LambdaForm$MH+0x000001424d63c400
# instanceKlass java/lang/invoke/LambdaForm$MH+0x000001424d63c000
# instanceKlass java/lang/invoke/LambdaForm$MH+0x000001424d63bc00
# instanceKlass java/lang/invoke/LambdaForm$MH+0x000001424d63b800
# instanceKlass java/lang/invoke/LambdaForm$MH+0x000001424d63b400
# instanceKlass java/lang/invoke/LambdaForm$MH+0x000001424d63b000
# instanceKlass java/lang/invoke/LambdaForm$MH+0x000001424d63ac00
instanceKlass org/gradle/api/internal/catalog/DefaultVersionCatalog
instanceKlass org/gradle/api/internal/catalog/DefaultDependenciesAccessors
# instanceKlass java/lang/invoke/LambdaForm$MH+0x000001424d63a800
# instanceKlass java/lang/invoke/LambdaForm$MH+0x000001424d63a400
# instanceKlass java/lang/invoke/LambdaForm$MH+0x000001424d63a000
# instanceKlass java/lang/invoke/LambdaForm$MH+0x000001424d639c00
# instanceKlass java/lang/invoke/LambdaForm$MH+0x000001424d639800
# instanceKlass java/lang/invoke/LambdaForm$MH+0x000001424d639400
# instanceKlass java/lang/invoke/LambdaForm$MH+0x000001424d639000
# instanceKlass java/lang/invoke/LambdaForm$MH+0x000001424d638c00
# instanceKlass java/lang/invoke/LambdaForm$MH+0x000001424d638800
# instanceKlass java/lang/invoke/LambdaForm$MH+0x000001424d638400
# instanceKlass java/lang/invoke/LambdaForm$MH+0x000001424d638000
instanceKlass org/gradle/api/internal/DependencyClassPathProvider
instanceKlass org/gradle/configuration/BuildOperationFiringProjectsPreparer$ConfigureBuild$1
instanceKlass org/gradle/initialization/ConfigureBuildBuildOperationType$Details
instanceKlass org/gradle/configuration/BuildOperationFiringProjectsPreparer$ConfigureBuild
instanceKlass  @bci org/gradle/initialization/VintageBuildModelController prepareProjects ()V 11 <appendix> member <vmtarget> ; # org/gradle/initialization/VintageBuildModelController$$Lambda+0x000001424d634ae8
instanceKlass org/gradle/initialization/DefaultSettingsPreparer$2$1
instanceKlass org/gradle/initialization/LoadBuildBuildOperationType$Result
instanceKlass org/gradle/api/internal/project/ProjectLifecycleController
instanceKlass org/gradle/internal/resources/TaskExecutionLockRegistry$2
instanceKlass org/gradle/internal/resources/ProjectLockRegistry$2
instanceKlass org/gradle/internal/resources/LockCache$1
instanceKlass org/gradle/internal/resources/ProjectLockRegistry$1
instanceKlass org/gradle/api/internal/project/DefaultProjectStateRegistry$ProjectStateImpl
instanceKlass org/gradle/api/internal/project/ProjectIdentity
instanceKlass org/gradle/api/internal/project/DefaultProjectStateRegistry$DefaultBuildProjectRegistry
instanceKlass org/gradle/internal/build/BuildProjectRegistry
instanceKlass org/gradle/initialization/AbstractProjectSpec
instanceKlass org/gradle/initialization/ProjectSpec
instanceKlass org/gradle/initialization/ProjectSpecs
instanceKlass  @bci org/gradle/initialization/DefaultSettingsPreparer validate (Lorg/gradle/api/internal/SettingsInternal;)V 13 <appendix> member <vmtarget> ; # org/gradle/initialization/DefaultSettingsPreparer$$Lambda+0x000001424d6310c8
instanceKlass org/gradle/internal/logging/sink/ProgressLogEventGenerator$1
instanceKlass org/gradle/caching/internal/services/AbstractBuildCacheControllerFactory$ResultImpl
instanceKlass org/gradle/caching/internal/FinalizeBuildCacheConfigurationBuildOperationType$Result
instanceKlass org/gradle/caching/internal/services/AbstractBuildCacheControllerFactory$DetailsImpl
instanceKlass org/gradle/caching/internal/FinalizeBuildCacheConfigurationBuildOperationType$Details
instanceKlass org/gradle/caching/internal/FinalizeBuildCacheConfigurationBuildOperationType$Result$BuildCacheDescription
instanceKlass org/gradle/caching/internal/services/AbstractBuildCacheControllerFactory$1
instanceKlass org/gradle/caching/configuration/internal/DefaultBuildCacheConfiguration
instanceKlass org/gradle/caching/local/internal/DirectoryBuildCacheServiceFactory
instanceKlass  @bci org/gradle/api/internal/initialization/DefaultSharedModelDefaults processRegistrations ()V 13 <appendix> member <vmtarget> ; # org/gradle/api/internal/initialization/DefaultSharedModelDefaults$$Lambda+0x000001424d62f290
instanceKlass org/gradle/api/internal/initialization/DefaultSharedModelDefaults$DynamicMethods
instanceKlass org/gradle/api/internal/initialization/DefaultSharedModelDefaults$ModelDefaultRegistration
instanceKlass org/gradle/features/internal/binding/ModelDefault
instanceKlass org/gradle/api/internal/initialization/DefaultSharedModelDefaults
instanceKlass org/gradle/api/initialization/internal/SharedModelDefaultsInternal
instanceKlass  @bci org/gradle/initialization/DefaultToolchainManagement preventFromFurtherMutation ()V 44 <appendix> argL0 ; # org/gradle/initialization/DefaultToolchainManagement$$Lambda+0x000001424d62e1d8
instanceKlass  @bci org/gradle/initialization/DefaultToolchainManagement preventFromFurtherMutation ()V 34 <appendix> argL0 ; # org/gradle/initialization/DefaultToolchainManagement$$Lambda+0x000001424d62dfa8
instanceKlass  @bci org/gradle/initialization/DefaultToolchainManagement preventFromFurtherMutation ()V 24 <appendix> argL0 ; # org/gradle/initialization/DefaultToolchainManagement$$Lambda+0x000001424d62dd68
instanceKlass  @bci org/gradle/internal/management/DefaultDependencyResolutionManagement preventFromFurtherMutation ()V 25 <appendix> member <vmtarget> ; # org/gradle/internal/management/DefaultDependencyResolutionManagement$$Lambda+0x000001424d619000
instanceKlass  @bci org/gradle/internal/management/DefaultDependencyResolutionManagement preventFromFurtherMutation ()V 12 <appendix> member <vmtarget> ; # org/gradle/internal/management/DefaultDependencyResolutionManagement$$Lambda+0x000001424d618de8
instanceKlass org/gradle/util/internal/NameValidator
instanceKlass org/codehaus/groovy/runtime/ScriptBytecodeAdapter
instanceKlass org/gradle/internal/classpath/declarations/GroovyDynamicDispatchInterceptors
instanceKlass org/codehaus/groovy/reflection/AccessPermissionChecker
instanceKlass  @bci org/codehaus/groovy/reflection/ReflectionUtils makeAccessibleInPrivilegedAction (Ljava/lang/reflect/AccessibleObject;)Ljava/util/Optional; 1 <appendix> member <vmtarget> ; # org/codehaus/groovy/reflection/ReflectionUtils$$Lambda+0x000001424d62c680
instanceKlass org/gradle/api/initialization/ConfigurableIncludedBuild
instanceKlass org/gradle/internal/metaobject/DynamicInvokeResult
# instanceKlass java/lang/invoke/LambdaForm$MH+0x000001424d62b000
# instanceKlass java/lang/invoke/LambdaForm$MH+0x000001424d62ac00
# instanceKlass java/lang/invoke/LambdaForm$MH+0x000001424d62a800
instanceKlass org/gradle/internal/metaobject/InstrumentedMetaClass
instanceKlass  @bci org/gradle/internal/classpath/intercept/CallInterceptorResolver$ClosureCallInterceptorResolver <clinit> ()V 3 <appendix> argL0 ; # org/gradle/internal/classpath/intercept/CallInterceptorResolver$ClosureCallInterceptorResolver$$Lambda+0x000001424d61fb78
instanceKlass org/gradle/internal/classpath/intercept/CallInterceptorResolver$ClosureCallInterceptorResolver
instanceKlass  @bci org/gradle/internal/metaobject/BeanDynamicObject$MetaClassAdapter maybeAddCallInterceptionHooksToMetaclass (Ljava/lang/String;)V 14 <adapter> ; # java/lang/invoke/LambdaForm$MH+0x000001424d62a400
# instanceKlass java/lang/invoke/LambdaForm$MH+0x000001424d62a000
# instanceKlass java/lang/invoke/LambdaForm$MH+0x000001424d629c00
# instanceKlass java/lang/invoke/LambdaForm$MH+0x000001424d629800
instanceKlass  @bci org/codehaus/groovy/vmplugin/v8/Selector$MethodSelector setGuards (Ljava/lang/Object;)V 587 <appendix> argL0 ; # org/codehaus/groovy/vmplugin/v8/Selector$MethodSelector$$Lambda+0x000001424d61f748
instanceKlass  @bci org/codehaus/groovy/vmplugin/v8/Selector$MethodSelector setGuards (Ljava/lang/Object;)V 577 <appendix> argL0 ; # org/codehaus/groovy/vmplugin/v8/Selector$MethodSelector$$Lambda+0x000001424d61f518
instanceKlass  @bci org/codehaus/groovy/vmplugin/v8/Selector$MethodSelector setGuards (Ljava/lang/Object;)V 324 <appendix> argL0 ; # org/codehaus/groovy/vmplugin/v8/Selector$MethodSelector$$Lambda+0x000001424d61f2d8
instanceKlass  @bci org/codehaus/groovy/vmplugin/v8/Selector$MethodSelector setGuards (Ljava/lang/Object;)V 299 <appendix> argL0 ; # org/codehaus/groovy/vmplugin/v8/Selector$MethodSelector$$Lambda+0x000001424d61f098
# instanceKlass java/lang/invoke/LambdaForm$MH+0x000001424d629400
# instanceKlass java/lang/invoke/LambdaForm$MH+0x000001424d629000
# instanceKlass java/lang/invoke/LambdaForm$MH+0x000001424d628c00
instanceKlass java/lang/invoke/MethodHandleImpl$Makers$2
instanceKlass java/lang/invoke/MethodHandleImpl$Makers$1
instanceKlass java/lang/invoke/MethodHandleImpl$Makers
# instanceKlass java/lang/invoke/LambdaForm$MH+0x000001424d628800
# instanceKlass java/lang/invoke/LambdaForm$DMH+0x000001424d628400
# instanceKlass java/lang/invoke/LambdaForm$DMH+0x000001424d628000
# instanceKlass java/lang/invoke/LambdaForm$MH+0x000001424d627c00
# instanceKlass java/lang/invoke/LambdaForm$MH+0x000001424d627800
# instanceKlass java/lang/invoke/LambdaForm$MH+0x000001424d627400
instanceKlass org/codehaus/groovy/vmplugin/v8/TypeHelper
instanceKlass org/codehaus/groovy/runtime/wrappers/Wrapper
instanceKlass org/codehaus/groovy/runtime/typehandling/DefaultTypeTransformation
# instanceKlass java/lang/invoke/LambdaForm$MH+0x000001424d627000
# instanceKlass java/lang/invoke/LambdaForm$BMH+0x000001424d626c00
# instanceKlass java/lang/invoke/LambdaForm$DMH+0x000001424d626800
# instanceKlass java/lang/invoke/LambdaForm$DMH+0x000001424d626400
# instanceKlass java/lang/invoke/LambdaForm$DMH+0x000001424d626000
# instanceKlass java/lang/invoke/LambdaForm$DMH+0x000001424d625c00
# instanceKlass java/lang/invoke/LambdaForm$DMH+0x000001424d625800
instanceKlass org/codehaus/groovy/vmplugin/v8/IndyGuardsFiltersAndSignatures
instanceKlass org/codehaus/groovy/vmplugin/v8/Selector$1
instanceKlass org/codehaus/groovy/vmplugin/v8/Selector
instanceKlass  @bci org/codehaus/groovy/vmplugin/v8/IndyInterface lambda$fromCache$2 (Lorg/codehaus/groovy/vmplugin/v8/IndyInterface$FallbackSupplier;Lorg/codehaus/groovy/vmplugin/v8/CacheableCallSite;Ljava/lang/Object;)Lorg/codehaus/groovy/vmplugin/v8/MethodHandleWrapper; 9 <appendix> member <vmtarget> ; # org/codehaus/groovy/vmplugin/v8/IndyInterface$$Lambda+0x000001424d61d7f0
instanceKlass org/codehaus/groovy/runtime/memoize/MemoizeCache$ValueProvider
instanceKlass  @bci org/codehaus/groovy/vmplugin/v8/IndyInterface fromCache (Ljava/lang/invoke/MutableCallSite;Ljava/lang/Class;Ljava/lang/String;ILjava/lang/Boolean;Ljava/lang/Boolean;Ljava/lang/Boolean;Ljava/lang/Object;[Ljava/lang/Object;)Ljava/lang/Object; 44 <appendix> member <vmtarget> ; # org/codehaus/groovy/vmplugin/v8/IndyInterface$$Lambda+0x000001424d61d3d8
instanceKlass org/codehaus/groovy/vmplugin/v8/IndyInterface$FallbackSupplier
# instanceKlass java/lang/invoke/LambdaForm$MH+0x000001424d625400
# instanceKlass java/lang/invoke/LambdaForm$DMH+0x000001424d625000
# instanceKlass java/lang/invoke/LambdaForm$MH+0x000001424d624c00
# instanceKlass java/lang/invoke/LambdaForm$DMH+0x000001424d624800
# instanceKlass java/lang/invoke/LambdaForm$MH+0x000001424d624400
# instanceKlass java/lang/invoke/LambdaForm$DMH+0x000001424d624000
# instanceKlass java/lang/invoke/LambdaForm$MH+0x000001424d623c00
# instanceKlass java/lang/invoke/LambdaForm$DMH+0x000001424d623800
# instanceKlass java/lang/invoke/LambdaForm$MH+0x000001424d623400
# instanceKlass java/lang/invoke/LambdaForm$DMH+0x000001424d623000
# instanceKlass java/lang/invoke/LambdaForm$MH+0x000001424d622c00
# instanceKlass java/lang/invoke/LambdaForm$DMH+0x000001424d622800
# instanceKlass java/lang/invoke/LambdaForm$MH+0x000001424d622400
# instanceKlass java/lang/invoke/LambdaForm$MH+0x000001424d622000
# instanceKlass java/lang/invoke/LambdaForm$MH+0x000001424d621c00
# instanceKlass java/lang/invoke/LambdaForm$BMH+0x000001424d621800
# instanceKlass java/lang/invoke/LambdaForm$DMH+0x000001424d621400
instanceKlass  @bci org/codehaus/groovy/vmplugin/v8/IndyInterface$CallType <clinit> ()V 87 <appendix> argL0 ; # org/codehaus/groovy/vmplugin/v8/IndyInterface$CallType$$Lambda+0x000001424d61c860
instanceKlass  @bci org/codehaus/groovy/vmplugin/v8/IndyInterface <clinit> ()V 274 <appendix> argL0 ; # org/codehaus/groovy/vmplugin/v8/IndyInterface$$Lambda+0x000001424d61c230
# instanceKlass java/lang/invoke/LambdaForm$MH+0x000001424d621000
# instanceKlass java/lang/invoke/LambdaForm$MH+0x000001424d620c00
# instanceKlass java/lang/invoke/LambdaForm$MH+0x000001424d620800
instanceKlass java/lang/invoke/SwitchPoint
# instanceKlass java/lang/invoke/LambdaForm$DMH+0x000001424d620400
# instanceKlass java/lang/invoke/LambdaForm$DMH+0x000001424d620000
instanceKlass org/codehaus/groovy/vmplugin/v8/MethodHandleWrapper
instanceKlass org/codehaus/groovy/vmplugin/v8/IndyInterface
instanceKlass  @bci org/gradle/internal/classpath/intercept/DefaultCallSiteDecorator addInterceptor (Lorg/gradle/internal/instrumentation/api/groovybytecode/CallInterceptor;)V 37 <appendix> member <vmtarget> ; # org/gradle/internal/classpath/intercept/DefaultCallSiteDecorator$$Lambda+0x000001424d617890
instanceKlass  @bci org/gradle/internal/classpath/intercept/DefaultCallSiteDecorator <init> (Ljava/util/List;)V 44 <appendix> member <vmtarget> ; # org/gradle/internal/classpath/intercept/DefaultCallSiteDecorator$$Lambda+0x000001424d617668
instanceKlass  @bci org/gradle/internal/classpath/intercept/DefaultCallSiteInterceptorSet getCallInterceptors (Lorg/gradle/internal/instrumentation/api/types/BytecodeInterceptorFilter;)Ljava/util/List; 20 <appendix> member <vmtarget> ; # org/gradle/internal/classpath/intercept/DefaultCallSiteInterceptorSet$$Lambda+0x000001424d6171e0
instanceKlass org/gradle/internal/instrumentation/api/groovybytecode/PropertyAwareCallInterceptor
instanceKlass org/gradle/internal/instrumentation/api/groovybytecode/SignatureAwareCallInterceptor
instanceKlass org/gradle/internal/instrumentation/api/groovybytecode/InterceptScope
# instanceKlass java/lang/invoke/LambdaForm$DMH+0x000001424d609800
instanceKlass org/gradle/internal/instrumentation/api/groovybytecode/Invocation
instanceKlass org/gradle/internal/instrumentation/api/groovybytecode/AbstractCallInterceptor
instanceKlass org/gradle/internal/instrumentation/api/groovybytecode/FilterableCallInterceptor
instanceKlass java/lang/ProcessBuilder
# instanceKlass java/lang/invoke/LambdaForm$DMH+0x000001424d609400
instanceKlass org/gradle/internal/instrumentation/api/groovybytecode/CallInterceptor
instanceKlass org/gradle/internal/classpath/intercept/DefaultCallSiteDecorator
instanceKlass org/gradle/internal/classpath/intercept/CallInterceptorResolver
instanceKlass  @bci org/gradle/internal/classpath/intercept/CallInterceptorRegistry getGroovyCallDecorator (Lorg/gradle/internal/instrumentation/api/types/BytecodeInterceptorFilter;)Lorg/gradle/internal/classpath/intercept/CallSiteDecorator; 5 <appendix> member <vmtarget> ; # org/gradle/internal/classpath/intercept/CallInterceptorRegistry$$Lambda+0x000001424d60d160
instanceKlass org/gradle/internal/instrumentation/api/types/FilterableBytecodeInterceptorFactory$BytecodeUpgradeReportInterceptorFactory
instanceKlass org/gradle/internal/instrumentation/api/types/FilterableBytecodeInterceptor$BytecodeUpgradeReportInterceptor
instanceKlass org/gradle/internal/instrumentation/api/types/FilterableBytecodeInterceptorFactory$BytecodeUpgradeInterceptorFactory
instanceKlass org/gradle/internal/instrumentation/api/types/FilterableBytecodeInterceptor$BytecodeUpgradeInterceptor
instanceKlass org/gradle/internal/instrumentation/api/types/FilterableBytecodeInterceptorFactory$InstrumentationInterceptorFactory
instanceKlass org/gradle/internal/instrumentation/api/types/FilterableBytecodeInterceptorFactory
instanceKlass org/gradle/internal/instrumentation/api/types/FilterableBytecodeInterceptor$InstrumentationInterceptor
instanceKlass org/gradle/internal/instrumentation/api/types/FilterableBytecodeInterceptor
instanceKlass java/lang/invoke/DirectMethodHandle$1
instanceKlass  @bci org/gradle/internal/classpath/Instrumented <clinit> ()V 50 <appendix> argL0 ; # org/gradle/internal/classpath/Instrumented$$Lambda+0x000001424d607638
instanceKlass  @bci org/gradle/internal/classpath/Instrumented <clinit> ()V 34 <appendix> argL0 ; # org/gradle/internal/classpath/Instrumented$$Lambda+0x000001424d607428
instanceKlass  @bci org/gradle/internal/classpath/MethodHandleUtils lazyKotlinStaticDefaultHandle (Ljava/lang/Class;Ljava/lang/String;Ljava/lang/Class;[Ljava/lang/Class;)Lorg/gradle/internal/lazy/Lazy; 7 <appendix> member <vmtarget> ; # org/gradle/internal/classpath/MethodHandleUtils$$Lambda+0x000001424d607210
instanceKlass org/gradle/internal/classpath/MethodHandleUtils
instanceKlass kotlin/io/FilesKt__FilePathComponentsKt
# instanceKlass java/lang/invoke/LambdaForm$MH+0x000001424d609000
# instanceKlass java/lang/invoke/LambdaForm$MH+0x000001424d608c00
# instanceKlass java/lang/invoke/LambdaForm$BMH+0x000001424d608800
# instanceKlass java/lang/invoke/LambdaForm$DMH+0x000001424d608400
# instanceKlass java/lang/invoke/LambdaForm$MH+0x000001424d608000
# instanceKlass java/lang/invoke/LambdaForm$DMH+0x000001424d603c00
# instanceKlass java/lang/invoke/LambdaForm$DMH+0x000001424d603800
instanceKlass sun/invoke/util/ValueConversions$1
# instanceKlass java/lang/invoke/LambdaForm$DMH+0x000001424d603400
instanceKlass  @bci settings_2qfc3vc5pwjjdbs69qeyb4xmw run ()Ljava/lang/Object; 6 <bsm> form vmentry <vmtarget> ; # java/lang/invoke/LambdaForm$DMH+0x000001424d603000
instanceKlass org/gradle/internal/configuration/inputs/AccessTrackingProperties$Listener
instanceKlass org/gradle/api/internal/file/copy/CopyAction
instanceKlass org/gradle/api/internal/file/copy/CopySpecInternal
instanceKlass org/gradle/api/file/SyncSpec
instanceKlass org/gradle/api/internal/file/copy/FileCopier
instanceKlass org/gradle/api/internal/resources/DefaultResourceHandler
instanceKlass org/gradle/api/resources/TextResource
instanceKlass org/gradle/api/internal/resources/DefaultTextResourceFactory
instanceKlass org/gradle/api/internal/resources/DefaultResourceResolver
instanceKlass org/gradle/api/internal/resources/ResourceResolver
instanceKlass org/gradle/api/resources/TextResourceFactory
instanceKlass org/gradle/api/internal/resources/DefaultResourceHandler$Factory$FactoryImpl
instanceKlass org/gradle/api/internal/file/archive/DefaultDecompressionCoordinator
instanceKlass  @bci org/gradle/api/internal/artifacts/DependencyManagementBuildScopeServices createTextUrlResourceLoaderFactory (Lorg/gradle/api/internal/artifacts/ivyservice/modulecache/FileStoreAndIndexProvider;Lorg/gradle/api/internal/artifacts/repositories/transport/RepositoryTransportFactory;Lorg/gradle/internal/file/RelativeFilePathResolver;)Lorg/gradle/internal/resource/TextUriResourceLoader$Factory; 24 <appendix> member <vmtarget> ; # org/gradle/api/internal/artifacts/DependencyManagementBuildScopeServices$$Lambda+0x000001424d5b3a38
instanceKlass org/gradle/internal/metaobject/DynamicObjectUtil
instanceKlass org/gradle/api/internal/project/DefaultDynamicLookupRoutine
instanceKlass  @bci java/lang/reflect/Executable sharedToGenericString (IZ)Ljava/lang/String; 33 <appendix> argL0 ; # java/lang/reflect/Executable$$Lambda+0x000001424d5c14a0
instanceKlass org/gradle/internal/instantiation/generator/AsmBackedClassGenerator$NoOpBuilder
instanceKlass groovy/transform/Internal
instanceKlass org/gradle/api/tasks/WorkResult
instanceKlass org/gradle/api/resources/ResourceHandler
instanceKlass org/gradle/plugin/use/internal/PluginRequestCollector
# instanceKlass java/lang/invoke/LambdaForm$MH+0x000001424d602400
# instanceKlass java/lang/invoke/LambdaForm$MH+0x000001424d602000
# instanceKlass java/lang/invoke/LambdaForm$MH+0x000001424d601c00
# instanceKlass java/lang/invoke/LambdaForm$MH+0x000001424d601800
# instanceKlass java/lang/invoke/LambdaForm$MH+0x000001424d601400
# instanceKlass java/lang/invoke/LambdaForm$MH+0x000001424d601000
# instanceKlass java/lang/invoke/LambdaForm$MH+0x000001424d600c00
# instanceKlass java/lang/invoke/LambdaForm$MH+0x000001424d600800
# instanceKlass java/lang/invoke/LambdaForm$BMH+0x000001424d600400
# instanceKlass java/lang/invoke/LambdaForm$DMH+0x000001424d600000
instanceKlass com/google/common/collect/Count
instanceKlass org/gradle/api/internal/initialization/loadercache/DefaultClassLoaderCache$CachedClassLoader
instanceKlass  @bci org/gradle/api/internal/initialization/loadercache/DefaultClassLoaderCache createIfAbsent (Lorg/gradle/api/internal/initialization/loadercache/ClassLoaderId;Lorg/gradle/internal/classpath/ClassPath;Ljava/lang/ClassLoader;Ljava/util/function/Function;Lorg/gradle/internal/hash/HashCode;)Ljava/lang/ClassLoader; 9 <appendix> member <vmtarget> ; # org/gradle/api/internal/initialization/loadercache/DefaultClassLoaderCache$$Lambda+0x000001424d5bd438
instanceKlass  @bci org/gradle/groovy/scripts/internal/DefaultScriptCompilationHandler$ClassesDirCompiledScript prepareClassLoaderScope ()Lorg/gradle/api/internal/initialization/ClassLoaderScope; 93 <appendix> member <vmtarget> ; # org/gradle/groovy/scripts/internal/DefaultScriptCompilationHandler$ClassesDirCompiledScript$$Lambda+0x000001424d5bcf08
instanceKlass org/gradle/initialization/ClassLoaderScopeOrigin$Script
instanceKlass  @bci org/gradle/configuration/DefaultScriptPluginFactory$ScriptPluginImpl apply (Ljava/lang/Object;)V 306 <appendix> member <vmtarget> ; # org/gradle/configuration/DefaultScriptPluginFactory$ScriptPluginImpl$$Lambda+0x000001424d5bcad8
instanceKlass org/gradle/groovy/scripts/internal/BuildScriptData
instanceKlass org/gradle/internal/fingerprint/impl/DefaultFileSystemLocationFingerprint$1
instanceKlass org/gradle/internal/fingerprint/impl/DefaultFileSystemLocationFingerprint
instanceKlass  @bci org/gradle/api/internal/changedetection/state/PropertiesFileAwareClasspathResourceHasher matchesAnyFilters (Ljava/util/function/Supplier;)Z 15 <appendix> member <vmtarget> ; # org/gradle/api/internal/changedetection/state/PropertiesFileAwareClasspathResourceHasher$$Lambda+0x000001424d5bb960
instanceKlass  @bci org/gradle/internal/io/IoSupplier wrap (Lorg/gradle/internal/io/IoSupplier;)Ljava/util/function/Supplier; 1 <appendix> member <vmtarget> ; # org/gradle/internal/io/IoSupplier$$Lambda+0x000001424d5bb748
instanceKlass  @bci org/gradle/api/internal/changedetection/state/FallbackHandlingResourceHasher hash (Lorg/gradle/internal/fingerprint/hashing/RegularFileSnapshotContext;)Lorg/gradle/internal/hash/HashCode; 25 <appendix> member <vmtarget> ; # org/gradle/api/internal/changedetection/state/FallbackHandlingResourceHasher$$Lambda+0x000001424d5bb530
instanceKlass org/gradle/internal/io/IoSupplier
instanceKlass  @bci org/gradle/api/internal/changedetection/state/FallbackHandlingResourceHasher hash (Lorg/gradle/internal/fingerprint/hashing/RegularFileSnapshotContext;)Lorg/gradle/internal/hash/HashCode; 15 <appendix> member <vmtarget> ; # org/gradle/api/internal/changedetection/state/FallbackHandlingResourceHasher$$Lambda+0x000001424d5bb108
instanceKlass  @bci org/gradle/api/internal/changedetection/state/FallbackHandlingResourceHasher hash (Lorg/gradle/internal/fingerprint/hashing/RegularFileSnapshotContext;)Lorg/gradle/internal/hash/HashCode; 5 <appendix> member <vmtarget> ; # org/gradle/api/internal/changedetection/state/FallbackHandlingResourceHasher$$Lambda+0x000001424d5baec0
instanceKlass  @bci org/gradle/internal/fingerprint/classpath/impl/ClasspathFingerprintingStrategy$ClasspathFingerprintingVisitor hashContent (Lorg/gradle/internal/snapshot/RegularFileSnapshot;Lorg/gradle/internal/RelativePathSupplier;)Lorg/gradle/internal/hash/HashCode; 5 <appendix> member <vmtarget> ; # org/gradle/internal/fingerprint/classpath/impl/ClasspathFingerprintingStrategy$ClasspathFingerprintingVisitor$$Lambda+0x000001424d5baca8
instanceKlass org/gradle/api/internal/changedetection/state/DefaultRegularFileSnapshotContext
instanceKlass  @bci org/gradle/internal/snapshot/AbstractIncompleteFileSystemNode$2 lambda$createNodeFromChildren$1 (Lorg/gradle/internal/snapshot/FileSystemNode;)Z 7 <appendix> member <vmtarget> ; # org/gradle/internal/snapshot/AbstractIncompleteFileSystemNode$2$$Lambda+0x000001424d5ba840
instanceKlass  @bci org/gradle/internal/snapshot/AbstractIncompleteFileSystemNode anyChildMatches (Lorg/gradle/internal/snapshot/ChildMap;Ljava/util/function/Predicate;)Z 6 <appendix> argL0 ; # org/gradle/internal/snapshot/AbstractIncompleteFileSystemNode$$Lambda+0x000001424d5ba610
instanceKlass  @bci org/gradle/internal/snapshot/AbstractIncompleteFileSystemNode$2 createNodeFromChildren (Lorg/gradle/internal/snapshot/ChildMap;)Lorg/gradle/internal/snapshot/FileSystemNode; 2 <appendix> member <vmtarget> ; # org/gradle/internal/snapshot/AbstractIncompleteFileSystemNode$2$$Lambda+0x000001424d5ba3c8
instanceKlass org/gradle/internal/snapshot/PathUtil$1
instanceKlass org/gradle/internal/snapshot/AbstractStorePathRelationshipHandler
instanceKlass org/gradle/internal/snapshot/AbstractIncompleteFileSystemNode$2
instanceKlass  @bci org/gradle/internal/vfs/impl/DefaultSnapshotHierarchy rootSnapshotsUnder (Ljava/lang/String;)Ljava/util/stream/Stream; 13 <appendix> argL0 ; # org/gradle/internal/vfs/impl/DefaultSnapshotHierarchy$$Lambda+0x000001424d5b97f8
instanceKlass  @bci org/gradle/internal/vfs/impl/DefaultSnapshotHierarchy rootSnapshotsUnder (Ljava/lang/String;)Ljava/util/stream/Stream; 5 <appendix> argL0 ; # org/gradle/internal/vfs/impl/DefaultSnapshotHierarchy$$Lambda+0x000001424d5b95c8
instanceKlass org/gradle/api/internal/initialization/ClassLoaderScopeIdentifier$Id
instanceKlass org/gradle/model/dsl/internal/transform/ClosureCreationInterceptingVerifier
instanceKlass org/gradle/groovy/scripts/internal/FactoryBackedCompileOperation
instanceKlass org/gradle/groovy/scripts/internal/BuildScriptTransformer$1
instanceKlass org/gradle/groovy/scripts/internal/BuildScriptTransformer
instanceKlass  @bci org/gradle/plugin/management/internal/argumentloaded/ArgumentSourcedPluginHandler getArgumentSourcedPlugins ()Lorg/gradle/plugin/management/internal/PluginRequests; 12 <appendix> member <vmtarget> ; # org/gradle/plugin/management/internal/argumentloaded/ArgumentSourcedPluginHandler$$Lambda+0x000001424d5b8600
instanceKlass com/google/common/base/Platform$JdkPatternCompiler
instanceKlass com/google/common/base/PatternCompiler
instanceKlass com/google/common/base/Platform
instanceKlass com/google/common/base/Strings
instanceKlass  @bci org/gradle/plugin/management/internal/autoapply/CompositeAutoAppliedPluginRegistry getAutoAppliedPlugins (Lorg/gradle/api/initialization/Settings;)Lorg/gradle/plugin/management/internal/PluginRequests; 23 <appendix> argL0 ; # org/gradle/plugin/management/internal/autoapply/CompositeAutoAppliedPluginRegistry$$Lambda+0x000001424d5b3800
instanceKlass  @bci org/gradle/plugin/management/internal/autoapply/CompositeAutoAppliedPluginRegistry getAutoAppliedPlugins (Lorg/gradle/api/initialization/Settings;)Lorg/gradle/plugin/management/internal/PluginRequests; 10 <appendix> member <vmtarget> ; # org/gradle/plugin/management/internal/autoapply/CompositeAutoAppliedPluginRegistry$$Lambda+0x000001424d537d30
instanceKlass  @bci org/gradle/api/internal/collections/IterationOrderRetainingSetElementSource <clinit> ()V 0 <appendix> argL0 ; # org/gradle/api/internal/collections/IterationOrderRetainingSetElementSource$$Lambda+0x000001424d5b7be0
# instanceKlass java/lang/invoke/LambdaForm$MH+0x000001424d5b3400
# instanceKlass java/lang/invoke/LambdaForm$MH+0x000001424d5b3000
# instanceKlass java/lang/invoke/LambdaForm$MH+0x000001424d5b2c00
# instanceKlass java/lang/invoke/LambdaForm$MH+0x000001424d5b2800
# instanceKlass java/lang/invoke/LambdaForm$MH+0x000001424d5b2400
# instanceKlass java/lang/invoke/LambdaForm$MH+0x000001424d5b2000
instanceKlass org/gradle/api/internal/plugins/DefaultPluginManager$3
instanceKlass org/gradle/api/plugins/AppliedPlugin
instanceKlass org/gradle/api/internal/plugins/ApplyPluginBuildOperationType$Result
instanceKlass org/gradle/api/internal/plugins/DefaultPluginManager
instanceKlass org/gradle/api/internal/plugins/ImperativeOnlyPluginTarget
instanceKlass org/gradle/api/internal/plugins/ProjectFeatureDeclarationPluginTarget
# instanceKlass java/lang/invoke/LambdaForm$MH+0x000001424d5b1c00
# instanceKlass java/lang/invoke/LambdaForm$MH+0x000001424d5b1800
# instanceKlass java/lang/invoke/LambdaForm$MH+0x000001424d5b1400
# instanceKlass java/lang/invoke/LambdaForm$MH+0x000001424d5b1000
# instanceKlass java/lang/invoke/LambdaForm$MH+0x000001424d5b0c00
# instanceKlass java/lang/invoke/LambdaForm$MH+0x000001424d5b0800
# instanceKlass java/lang/invoke/LambdaForm$MH+0x000001424d5b0400
# instanceKlass java/lang/invoke/LambdaForm$MH+0x000001424d5b0000
# instanceKlass java/lang/invoke/LambdaForm$MH+0x000001424d5adc00
# instanceKlass java/lang/invoke/LambdaForm$MH+0x000001424d5ad800
# instanceKlass java/lang/invoke/LambdaForm$MH+0x000001424d5ad400
# instanceKlass java/lang/invoke/LambdaForm$MH+0x000001424d5ad000
instanceKlass org/gradle/groovy/scripts/internal/DefaultScriptRunnerFactory$ScriptRunnerImpl
instanceKlass org/gradle/groovy/scripts/internal/CrossBuildInMemoryCachingScriptClassCache$CachedCompiledScript
instanceKlass org/gradle/internal/classloader/ImplementationHashAware
instanceKlass org/gradle/groovy/scripts/internal/DefaultScriptCompilationHandler$ClassesDirCompiledScript
instanceKlass  @bci org/gradle/internal/classpath/DefaultCachedClasspathTransformer$ParallelTransformExecutor lambda$transformAll$5 (Ljava/util/Collection;Lorg/gradle/internal/classpath/DefaultCachedClasspathTransformer$ValueOrTransformProvider;)Ljava/util/List; 139 <appendix> member <vmtarget> ; # org/gradle/internal/classpath/DefaultCachedClasspathTransformer$ParallelTransformExecutor$$Lambda+0x000001424d5aed18
instanceKlass  @bci org/gradle/internal/snapshot/DirectorySnapshot accept (Lorg/gradle/internal/snapshot/RelativePathTracker;Lorg/gradle/internal/snapshot/RelativePathTrackingFileSystemSnapshotHierarchyVisitor;)Lorg/gradle/internal/snapshot/SnapshotVisitResult; 81 <appendix> member <vmtarget> ; # org/gradle/internal/snapshot/DirectorySnapshot$$Lambda+0x000001424d5ae8a0
instanceKlass  @bci org/gradle/internal/snapshot/DirectorySnapshot accept (Lorg/gradle/internal/snapshot/RelativePathTracker;Lorg/gradle/internal/snapshot/RelativePathTrackingFileSystemSnapshotHierarchyVisitor;)Lorg/gradle/internal/snapshot/SnapshotVisitResult; 69 <appendix> argL0 ; # org/gradle/internal/snapshot/DirectorySnapshot$$Lambda+0x000001424d5ae670
instanceKlass org/gradle/internal/fingerprint/classpath/impl/ClasspathFingerprintingStrategy$ClasspathFingerprintingVisitor$1
instanceKlass org/gradle/internal/fingerprint/hashing/RegularFileSnapshotContext
instanceKlass org/gradle/internal/fingerprint/classpath/impl/ClasspathFingerprintingStrategy$ClasspathFingerprintingVisitor
instanceKlass org/gradle/internal/snapshot/DirectorySnapshot$2
instanceKlass  @bci org/gradle/internal/snapshot/SnapshotUtil getRootHashes (Lorg/gradle/internal/snapshot/FileSystemSnapshot;)Lcom/google/common/collect/ImmutableListMultimap; 17 <appendix> member <vmtarget> ; # org/gradle/internal/snapshot/SnapshotUtil$$Lambda+0x000001424d5ab970
instanceKlass org/gradle/internal/snapshot/FileSystemSnapshot$1
instanceKlass org/gradle/internal/fingerprint/impl/DefaultCurrentFileCollectionFingerprint
instanceKlass  @bci org/gradle/internal/classpath/DefaultCachedClasspathTransformer$ParallelTransformExecutor lambda$transformAll$5 (Ljava/util/Collection;Lorg/gradle/internal/classpath/DefaultCachedClasspathTransformer$ValueOrTransformProvider;)Ljava/util/List; 92 <appendix> member <vmtarget> ; # org/gradle/internal/classpath/DefaultCachedClasspathTransformer$ParallelTransformExecutor$$Lambda+0x000001424d5ab048
instanceKlass  @bci org/gradle/internal/classpath/DefaultCachedClasspathTransformer$ParallelTransformExecutor lambda$transformAll$2 (Ljava/util/List;Ljava/util/List;Ljava/util/concurrent/Callable;)V 19 <adapter> ; # java/lang/invoke/LambdaForm$MH+0x000001424d5acc00
# instanceKlass java/lang/invoke/LambdaForm$DMH+0x000001424d5ac800
instanceKlass  @bci org/gradle/internal/classpath/DefaultCachedClasspathTransformer$ParallelTransformExecutor lambda$transformAll$2 (Ljava/util/List;Ljava/util/List;Ljava/util/concurrent/Callable;)V 19 <appendix> form vmentry <vmtarget> ; # java/lang/invoke/LambdaForm$DMH+0x000001424d5ac400
instanceKlass  @bci org/gradle/internal/classpath/DefaultCachedClasspathTransformer$ParallelTransformExecutor lambda$transformAll$2 (Ljava/util/List;Ljava/util/List;Ljava/util/concurrent/Callable;)V 19 <appendix> member <vmtarget> ; # org/gradle/internal/classpath/DefaultCachedClasspathTransformer$ParallelTransformExecutor$$Lambda+0x000001424d5aae30
instanceKlass  @cpi org/gradle/internal/classpath/DefaultCachedClasspathTransformer$ParallelTransformExecutor 244 form vmentry <vmtarget> ; # java/lang/invoke/LambdaForm$DMH+0x000001424d5ac000
instanceKlass  @bci org/gradle/internal/classpath/DefaultCachedClasspathTransformer$ParallelTransformExecutor lambda$transformAll$3 (Ljava/util/List;Ljava/util/List;Lorg/gradle/internal/Either;)V 9 <appendix> member <vmtarget> ; # org/gradle/internal/classpath/DefaultCachedClasspathTransformer$ParallelTransformExecutor$$Lambda+0x000001424d5aac08
instanceKlass  @bci org/gradle/internal/classpath/DefaultCachedClasspathTransformer$ParallelTransformExecutor lambda$transformAll$3 (Ljava/util/List;Ljava/util/List;Lorg/gradle/internal/Either;)V 2 <appendix> member <vmtarget> ; # org/gradle/internal/classpath/DefaultCachedClasspathTransformer$ParallelTransformExecutor$$Lambda+0x000001424d5aa9e0
instanceKlass  @bci org/gradle/internal/classpath/DefaultCachedClasspathTransformer$ParallelTransformExecutor lambda$transformAll$5 (Ljava/util/Collection;Lorg/gradle/internal/classpath/DefaultCachedClasspathTransformer$ValueOrTransformProvider;)Ljava/util/List; 78 <appendix> member <vmtarget> ; # org/gradle/internal/classpath/DefaultCachedClasspathTransformer$ParallelTransformExecutor$$Lambda+0x000001424d5aa7b8
instanceKlass  @bci org/gradle/internal/classpath/DefaultCachedClasspathTransformer cachedFile (Ljava/io/File;Lorg/gradle/internal/classpath/ClasspathFileTransformer;Ljava/util/Set;)Ljava/util/Optional; 61 <appendix> member <vmtarget> ; # org/gradle/internal/classpath/DefaultCachedClasspathTransformer$$Lambda+0x000001424d5aa5a0
instanceKlass  @bci org/gradle/internal/classpath/DefaultCachedClasspathTransformer$ParallelTransformExecutor transformAll (Ljava/util/Collection;Lorg/gradle/internal/classpath/DefaultCachedClasspathTransformer$ValueOrTransformProvider;)Ljava/util/List; 30 <appendix> member <vmtarget> ; # org/gradle/internal/classpath/DefaultCachedClasspathTransformer$ParallelTransformExecutor$$Lambda+0x000001424d5aa388
instanceKlass  @bci org/gradle/internal/classpath/DefaultCachedClasspathTransformer transformFiles (Lorg/gradle/internal/classpath/ClassPath;Lorg/gradle/internal/classpath/ClasspathFileTransformer;)Lorg/gradle/internal/classpath/ClassPath; 12 <appendix> member <vmtarget> ; # org/gradle/internal/classpath/DefaultCachedClasspathTransformer$$Lambda+0x000001424d5aa170
instanceKlass org/gradle/internal/classpath/DefaultCachedClasspathTransformer$ValueOrTransformProvider
instanceKlass  @bci org/gradle/internal/classpath/CustomClasspathFileTransformer createFileHasherWithConfig (Lorg/gradle/internal/hash/HashCode;Lorg/gradle/internal/classpath/ClasspathFileHasher;)Lorg/gradle/internal/classpath/ClasspathFileHasher; 2 <appendix> member <vmtarget> ; # org/gradle/internal/classpath/CustomClasspathFileTransformer$$Lambda+0x000001424d5a9d68
instanceKlass  @bci org/gradle/internal/classpath/DefaultCachedClasspathTransformer customClasspathFileTransformerFor (Lorg/gradle/internal/classpath/transforms/ClasspathElementTransformFactory;Lorg/gradle/internal/classpath/transforms/ClassTransform;)Lorg/gradle/internal/classpath/CustomClasspathFileTransformer; 9 <appendix> member <vmtarget> ; # org/gradle/internal/classpath/DefaultCachedClasspathTransformer$$Lambda+0x000001424d5a9b50
instanceKlass org/gradle/internal/classpath/ClasspathFileHasher
instanceKlass org/gradle/internal/classpath/CustomClasspathFileTransformer
instanceKlass org/gradle/groovy/scripts/internal/GroovyScriptClassCompiler$1
instanceKlass  @bci org/gradle/internal/execution/steps/WorkspaceResult getOutputAs (Ljava/lang/Class;)Lorg/gradle/internal/Try; 19 <appendix> member <vmtarget> ; # org/gradle/internal/execution/steps/WorkspaceResult$$Lambda+0x000001424d5a92c8
instanceKlass org/gradle/internal/scripts/BuildScriptCompilationAndInstrumentation$Output
instanceKlass  @bci org/gradle/internal/execution/steps/WorkspaceResult getOutputAs (Ljava/lang/Class;)Lorg/gradle/internal/Try; 5 <appendix> member <vmtarget> ; # org/gradle/internal/execution/steps/WorkspaceResult$$Lambda+0x000001424d5a8e80
instanceKlass org/gradle/groovy/scripts/internal/GroovyScriptClassCompiler$GroovyScriptCompilationAndInstrumentation$GroovyScriptCompilationOutput
instanceKlass org/gradle/internal/execution/workspace/ImmutableWorkspaceProvider$ConcurrentResult
instanceKlass org/gradle/internal/execution/steps/AssignImmutableWorkspaceStep$WorkspaceLoad
instanceKlass org/gradle/internal/execution/Execution$1
instanceKlass org/gradle/internal/execution/history/impl/DefaultExecutionOutputState
instanceKlass  @bci org/gradle/internal/execution/steps/AssignImmutableWorkspaceStep lambda$calculateOutputHashes$6 (Ljava/util/Map$Entry;)Ljava/util/stream/Stream; 15 <appendix> member <vmtarget> ; # org/gradle/internal/execution/steps/AssignImmutableWorkspaceStep$$Lambda+0x000001424d5a37f8
instanceKlass  @bci com/google/common/collect/CollectSpliterators$1WithCharacteristics forEachRemaining (Ljava/util/function/Consumer;)V 9 <appendix> member <vmtarget> ; # com/google/common/collect/CollectSpliterators$1WithCharacteristics$$Lambda+0x000001424d5a35d0
instanceKlass  @cpi com/google/common/collect/CollectSpliterators$1WithCharacteristics 118 form vmentry <vmtarget> ; # java/lang/invoke/LambdaForm$DMH+0x000001424d5a1c00
instanceKlass  @bci com/google/common/collect/CollectCollectors toImmutableListMultimap (Ljava/util/function/Function;Ljava/util/function/Function;)Ljava/util/stream/Collector; 31 <appendix> argL0 ; # com/google/common/collect/CollectCollectors$$Lambda+0x000001424d5a33a0
instanceKlass  @bci com/google/common/collect/CollectCollectors toImmutableListMultimap (Ljava/util/function/Function;Ljava/util/function/Function;)Ljava/util/stream/Collector; 26 <appendix> argL0 ; # com/google/common/collect/CollectCollectors$$Lambda+0x000001424d5a3168
instanceKlass  @bci com/google/common/collect/CollectCollectors toImmutableListMultimap (Ljava/util/function/Function;Ljava/util/function/Function;)Ljava/util/stream/Collector; 21 <appendix> member <vmtarget> ; # com/google/common/collect/CollectCollectors$$Lambda+0x000001424d5a2f40
instanceKlass  @bci com/google/common/collect/CollectCollectors toImmutableListMultimap (Ljava/util/function/Function;Ljava/util/function/Function;)Ljava/util/stream/Collector; 14 <appendix> argL0 ; # com/google/common/collect/CollectCollectors$$Lambda+0x000001424d5a2d30
instanceKlass  @bci org/gradle/internal/execution/steps/AssignImmutableWorkspaceStep calculateOutputHashes (Lcom/google/common/collect/ImmutableSortedMap;)Lcom/google/common/collect/ImmutableListMultimap; 22 <appendix> argL0 ; # org/gradle/internal/execution/steps/AssignImmutableWorkspaceStep$$Lambda+0x000001424d5a2b00
instanceKlass  @bci org/gradle/internal/execution/steps/AssignImmutableWorkspaceStep calculateOutputHashes (Lcom/google/common/collect/ImmutableSortedMap;)Lcom/google/common/collect/ImmutableListMultimap; 17 <appendix> argL0 ; # org/gradle/internal/execution/steps/AssignImmutableWorkspaceStep$$Lambda+0x000001424d5a28d0
instanceKlass  @bci org/gradle/internal/execution/steps/AssignImmutableWorkspaceStep calculateOutputHashes (Lcom/google/common/collect/ImmutableSortedMap;)Lcom/google/common/collect/ImmutableListMultimap; 7 <appendix> argL0 ; # org/gradle/internal/execution/steps/AssignImmutableWorkspaceStep$$Lambda+0x000001424d5a26a0
instanceKlass java/util/stream/Streams$RangeIntSpliterator
instanceKlass com/google/common/collect/CollectSpliterators$1WithCharacteristics
instanceKlass com/google/common/collect/CollectSpliterators
instanceKlass  @bci com/google/common/collect/ImmutableSortedMap$1EntrySet$1 spliterator ()Ljava/util/Spliterator; 8 <appendix> member <vmtarget> ; # com/google/common/collect/ImmutableSortedMap$1EntrySet$1$$Lambda+0x000001424d5a2000
instanceKlass  @cpi com/google/common/collect/ImmutableSortedMap$1EntrySet$1 98 form vmentry <vmtarget> ; # java/lang/invoke/LambdaForm$DMH+0x000001424d5a1800
instanceKlass org/gradle/internal/snapshot/CompositeFileSystemSnapshot
instanceKlass  @bci org/gradle/internal/snapshot/DirectorySnapshot getChildSnapshot (Lorg/gradle/internal/snapshot/VfsRelativePath;Lorg/gradle/internal/snapshot/CaseSensitivity;)Ljava/util/Optional; 15 <appendix> member <vmtarget> ; # org/gradle/internal/snapshot/DirectorySnapshot$$Lambda+0x000001424d5a7048
instanceKlass  @bci org/gradle/internal/snapshot/DirectorySnapshot getChildSnapshot (Lorg/gradle/internal/snapshot/VfsRelativePath;Lorg/gradle/internal/snapshot/CaseSensitivity;)Ljava/util/Optional; 6 <appendix> argL0 ; # org/gradle/internal/snapshot/DirectorySnapshot$$Lambda+0x000001424d5a6e38
instanceKlass org/gradle/internal/snapshot/SnapshotUtil$1
instanceKlass  @bci org/gradle/internal/snapshot/AbstractIncompleteFileSystemNode getSnapshot (Lorg/gradle/internal/snapshot/VfsRelativePath;Lorg/gradle/internal/snapshot/CaseSensitivity;)Ljava/util/Optional; 6 <appendix> argL0 ; # org/gradle/internal/snapshot/AbstractIncompleteFileSystemNode$$Lambda+0x000001424d5a69b8
instanceKlass org/gradle/api/internal/file/DelegatingFileCollectionStructureVisitor
instanceKlass org/gradle/internal/execution/OutputVisitor$OutputFileValueSupplier
instanceKlass org/gradle/internal/execution/InputVisitor$FileValueSupplier
instanceKlass org/gradle/api/internal/file/FileCollectionInternal$1
instanceKlass org/gradle/api/internal/file/FileCollectionInternal$Source
instanceKlass org/gradle/internal/execution/impl/DefaultOutputSnapshotter$1
instanceKlass org/gradle/internal/execution/history/ImmutableWorkspaceMetadata
instanceKlass org/gradle/caching/internal/origin/OriginMetadata
instanceKlass  @bci org/gradle/internal/execution/steps/AssignImmutableWorkspaceStep loadImmutableWorkspaceIfExists (Lorg/gradle/internal/execution/UnitOfWork;Lorg/gradle/internal/execution/workspace/ImmutableWorkspaceProvider$ImmutableWorkspace;)Lorg/gradle/internal/execution/steps/AssignImmutableWorkspaceStep$WorkspaceLoad; 80 <appendix> argL0 ; # org/gradle/internal/execution/steps/AssignImmutableWorkspaceStep$$Lambda+0x000001424d5a4410
instanceKlass org/gradle/internal/execution/steps/AssignImmutableWorkspaceStep$2
instanceKlass  @bci org/gradle/internal/vfs/impl/DefaultFileSystemAccess read (Ljava/lang/String;)Lorg/gradle/internal/snapshot/FileSystemLocationSnapshot; 21 <appendix> member <vmtarget> ; # org/gradle/internal/vfs/impl/DefaultFileSystemAccess$$Lambda+0x000001424d5a4000
instanceKlass  @bci org/gradle/internal/vfs/impl/DefaultSnapshotHierarchy hasDescendantsUnder (Ljava/lang/String;)Z 5 <appendix> argL0 ; # org/gradle/internal/vfs/impl/DefaultSnapshotHierarchy$$Lambda+0x000001424d59fc88
instanceKlass  @cpi org/gradle/internal/vfs/impl/DefaultSnapshotHierarchy 211 form vmentry <vmtarget> ; # java/lang/invoke/LambdaForm$DMH+0x000001424d5a1400
instanceKlass  @bci org/gradle/internal/snapshot/ChildMap$Entry withNode (Lorg/gradle/internal/snapshot/VfsRelativePath;Lorg/gradle/internal/snapshot/CaseSensitivity;Lorg/gradle/internal/snapshot/ChildMap$NodeHandler;)Ljava/lang/Object; 13 <appendix> member <vmtarget> ; # org/gradle/internal/snapshot/ChildMap$Entry$$Lambda+0x000001424d59fa70
instanceKlass org/gradle/internal/snapshot/SnapshotUtil$2
instanceKlass org/gradle/internal/snapshot/FileSystemLocationSnapshot$FileSystemLocationSnapshotTransformer
instanceKlass org/gradle/internal/snapshot/SnapshotUtil
instanceKlass  @bci org/gradle/internal/watch/registry/impl/HierarchicalFileWatcherUpdater handleVirtualFileSystemContentsChanged (Ljava/util/Collection;Ljava/util/Collection;Lorg/gradle/internal/snapshot/SnapshotHierarchy;)Z 9 <appendix> member <vmtarget> ; # org/gradle/internal/watch/registry/impl/HierarchicalFileWatcherUpdater$$Lambda+0x000001424d59f1d0
instanceKlass  @cpi org/gradle/internal/watch/registry/impl/HierarchicalFileWatcherUpdater 281 form vmentry <vmtarget> ; # java/lang/invoke/LambdaForm$DMH+0x000001424d5a1000
instanceKlass  @bci org/gradle/internal/watch/vfs/impl/WatchingVirtualFileSystem lambda$updateNotifyingListeners$1 (Lorg/gradle/internal/watch/registry/impl/SnapshotCollectingDiffListener;Lorg/gradle/internal/snapshot/SnapshotHierarchy;)V 3 <appendix> member <vmtarget> ; # org/gradle/internal/watch/vfs/impl/WatchingVirtualFileSystem$$Lambda+0x000001424d59efb8
instanceKlass org/gradle/internal/snapshot/SnapshotHierarchy$SnapshotDiffListener
instanceKlass  @bci org/gradle/internal/watch/vfs/impl/WatchingVirtualFileSystem withWatcherChangeErrorHandling (Lorg/gradle/internal/snapshot/SnapshotHierarchy;Ljava/lang/Runnable;)Lorg/gradle/internal/snapshot/SnapshotHierarchy; 4 <appendix> member <vmtarget> ; # org/gradle/internal/watch/vfs/impl/WatchingVirtualFileSystem$$Lambda+0x000001424d59ebb0
instanceKlass  @bci org/gradle/internal/watch/vfs/impl/WatchingVirtualFileSystem updateNotifyingListeners (Lorg/gradle/internal/vfs/impl/AbstractVirtualFileSystem$UpdateFunction;)Lorg/gradle/internal/snapshot/SnapshotHierarchy; 38 <appendix> member <vmtarget> ; # org/gradle/internal/watch/vfs/impl/WatchingVirtualFileSystem$$Lambda+0x000001424d59e998
instanceKlass  @bci org/gradle/internal/watch/registry/impl/SnapshotCollectingDiffListener nodeAdded (Lorg/gradle/internal/snapshot/FileSystemNode;)V 15 <appendix> member <vmtarget> ; # org/gradle/internal/watch/registry/impl/SnapshotCollectingDiffListener$$Lambda+0x000001424d59e770
instanceKlass  @bci org/gradle/internal/snapshot/AbstractIncompleteFileSystemNode rootSnapshots ()Ljava/util/stream/Stream; 19 <appendix> argL0 ; # org/gradle/internal/snapshot/AbstractIncompleteFileSystemNode$$Lambda+0x000001424d59e540
instanceKlass  @bci org/gradle/internal/snapshot/AbstractIncompleteFileSystemNode rootSnapshots ()Ljava/util/stream/Stream; 9 <appendix> argL0 ; # org/gradle/internal/snapshot/AbstractIncompleteFileSystemNode$$Lambda+0x000001424d59e310
instanceKlass org/gradle/internal/snapshot/AbstractIncompleteFileSystemNode
instanceKlass org/gradle/internal/watch/registry/impl/SnapshotCollectingDiffListener
instanceKlass  @bci org/gradle/internal/vfs/impl/AbstractVirtualFileSystem lambda$storeIfUnchanged$3 (Ljava/lang/String;JLjava/util/concurrent/atomic/AtomicBoolean;Lorg/gradle/internal/snapshot/FileSystemLocationSnapshot;Lorg/gradle/internal/snapshot/SnapshotHierarchy;)Lorg/gradle/internal/snapshot/SnapshotHierarchy; 29 <appendix> member <vmtarget> ; # org/gradle/internal/vfs/impl/AbstractVirtualFileSystem$$Lambda+0x000001424d59d990
instanceKlass org/gradle/internal/vfs/impl/AbstractVirtualFileSystem$UpdateFunction
instanceKlass  @bci org/gradle/internal/vfs/impl/AbstractVirtualFileSystem storeIfUnchanged (Ljava/lang/String;JLorg/gradle/internal/snapshot/FileSystemLocationSnapshot;)V 35 <adapter> ; # java/lang/invoke/LambdaForm$MH+0x000001424d5a0c00
# instanceKlass java/lang/invoke/LambdaForm$DMH+0x000001424d5a0800
instanceKlass  @bci org/gradle/internal/vfs/impl/AbstractVirtualFileSystem storeIfUnchanged (Ljava/lang/String;JLorg/gradle/internal/snapshot/FileSystemLocationSnapshot;)V 35 <appendix> form vmentry <vmtarget> ; # java/lang/invoke/LambdaForm$DMH+0x000001424d5a0400
instanceKlass  @bci org/gradle/internal/vfs/impl/AbstractVirtualFileSystem storeIfUnchanged (Ljava/lang/String;JLorg/gradle/internal/snapshot/FileSystemLocationSnapshot;)V 35 <appendix> member <vmtarget> ; # org/gradle/internal/vfs/impl/AbstractVirtualFileSystem$$Lambda+0x000001424d59d548
instanceKlass  @cpi org/gradle/internal/vfs/impl/AbstractVirtualFileSystem 286 form vmentry <vmtarget> ; # java/lang/invoke/LambdaForm$DMH+0x000001424d5a0000
instanceKlass org/gradle/internal/snapshot/AbstractListChildMap
instanceKlass org/gradle/api/internal/changedetection/state/CachingFileHasher$FileInfo
instanceKlass  @bci org/gradle/cache/internal/DefaultMultiProcessSafeIndexedCache getIfPresent (Ljava/lang/Object;)Ljava/lang/Object; 11 <appendix> member <vmtarget> ; # org/gradle/cache/internal/DefaultMultiProcessSafeIndexedCache$$Lambda+0x000001424d59cc08
instanceKlass  @bci org/gradle/cache/internal/ExclusiveCacheAccessingWorker read (Ljava/util/function/Supplier;)Ljava/lang/Object; 10 <appendix> member <vmtarget> ; # org/gradle/cache/internal/ExclusiveCacheAccessingWorker$$Lambda+0x000001424d59c9f0
instanceKlass  @bci org/gradle/cache/internal/AsyncCacheAccessDecoratedCache get (Ljava/lang/Object;)Ljava/lang/Object; 6 <appendix> member <vmtarget> ; # org/gradle/cache/internal/AsyncCacheAccessDecoratedCache$$Lambda+0x000001424d59c7d8
instanceKlass  @bci org/gradle/cache/internal/InMemoryDecoratedCache get (Ljava/lang/Object;)Ljava/lang/Object; 7 <appendix> member <vmtarget> ; # org/gradle/cache/internal/InMemoryDecoratedCache$$Lambda+0x000001424d59c5c0
instanceKlass  @bci org/gradle/cache/internal/DefaultMultiProcessSafeIndexedCache finishWork ()V 12 <appendix> member <vmtarget> ; # org/gradle/cache/internal/DefaultMultiProcessSafeIndexedCache$$Lambda+0x000001424d59b440
instanceKlass org/gradle/cache/internal/btree/BTreePersistentIndexedCache$DataBlockUpdateResult
instanceKlass org/gradle/internal/io/StreamByteBuffer$StreamByteBufferChunk
instanceKlass org/gradle/internal/io/StreamByteBuffer
instanceKlass org/gradle/cache/internal/btree/BTreePersistentIndexedCache$Lookup
instanceKlass org/gradle/cache/internal/btree/BTreePersistentIndexedCache$IndexEntry
instanceKlass  @bci org/gradle/cache/internal/DefaultMultiProcessSafeIndexedCache put (Ljava/lang/Object;Ljava/lang/Object;)V 12 <appendix> member <vmtarget> ; # org/gradle/cache/internal/DefaultMultiProcessSafeIndexedCache$$Lambda+0x000001424d59a1d8
instanceKlass org/gradle/cache/internal/btree/BTreePersistentIndexedCache$IndexRoot
instanceKlass com/google/common/primitives/Longs
instanceKlass org/gradle/cache/internal/btree/FreeListBlockStore$FreeListEntry
instanceKlass org/gradle/cache/internal/btree/BlockPointer
instanceKlass org/gradle/cache/internal/btree/ByteInput
instanceKlass org/gradle/cache/internal/btree/ByteOutput
instanceKlass org/gradle/cache/internal/btree/FreeListBlockStore$2
instanceKlass org/gradle/cache/internal/btree/FreeListBlockStore$1
instanceKlass org/gradle/cache/internal/btree/BTreePersistentIndexedCache$2
instanceKlass org/gradle/cache/internal/btree/BTreePersistentIndexedCache$1
instanceKlass org/gradle/cache/internal/btree/FreeListBlockStore
instanceKlass org/gradle/cache/internal/btree/StateCheckBlockStore
instanceKlass org/gradle/cache/internal/btree/Block
instanceKlass org/gradle/cache/internal/btree/FileBackedBlockStore
instanceKlass org/gradle/cache/internal/btree/CachingBlockStore
instanceKlass org/gradle/cache/internal/btree/KeyHasher
instanceKlass org/gradle/cache/internal/btree/BlockStore$Factory
instanceKlass org/gradle/cache/internal/btree/BlockPayload
instanceKlass org/gradle/cache/internal/btree/BlockStore
instanceKlass  @bci org/gradle/cache/internal/DefaultMultiProcessSafeIndexedCache getCache ()Lorg/gradle/cache/internal/btree/BTreePersistentIndexedCache; 12 <appendix> member <vmtarget> ; # org/gradle/cache/internal/DefaultMultiProcessSafeIndexedCache$$Lambda+0x000001424d592a70
instanceKlass org/gradle/cache/internal/ExclusiveCacheAccessingWorker$1
instanceKlass org/gradle/cache/internal/ExclusiveCacheAccessingWorker$FlushOperationsCommand
instanceKlass org/gradle/cache/internal/ExclusiveCacheAccessingWorker$ShutdownOperationsCommand
instanceKlass  @bci org/gradle/cache/internal/CrossProcessSynchronizingIndexedCache getIfPresent (Ljava/lang/Object;)Ljava/lang/Object; 6 <appendix> member <vmtarget> ; # org/gradle/cache/internal/CrossProcessSynchronizingIndexedCache$$Lambda+0x000001424d5921f0
instanceKlass org/gradle/internal/snapshot/ChildMap$Entry$PathRelationshipHandler
instanceKlass org/gradle/internal/snapshot/SingletonChildMap
instanceKlass org/gradle/internal/snapshot/ChildMapFactory
instanceKlass  @bci org/gradle/internal/snapshot/DirectorySnapshot <init> (Ljava/lang/String;Ljava/lang/String;Lorg/gradle/internal/file/FileMetadata$AccessType;Lorg/gradle/internal/hash/HashCode;Ljava/util/List;)V 13 <appendix> argL0 ; # org/gradle/internal/snapshot/DirectorySnapshot$$Lambda+0x000001424d5977c8
instanceKlass org/gradle/internal/snapshot/ChildMap$Entry
instanceKlass org/gradle/internal/snapshot/ChildMap$InvalidationHandler
instanceKlass  @bci java/util/Comparator comparing (Ljava/util/function/Function;Ljava/util/Comparator;)Ljava/util/Comparator; 12 <appendix> member <vmtarget> ; # java/util/Comparator$$Lambda+0x000001424d5c0a38
instanceKlass  @cpi java/util/Comparator 256 form vmentry <vmtarget> ; # java/lang/invoke/LambdaForm$DMH+0x000001424d590c00
instanceKlass  @bci org/gradle/internal/snapshot/FileSystemLocationSnapshot <clinit> ()V 5 <appendix> argL0 ; # org/gradle/internal/snapshot/FileSystemLocationSnapshot$$Lambda+0x000001424d596d68
instanceKlass  @bci org/gradle/internal/snapshot/FileSystemLocationSnapshot <clinit> ()V 0 <appendix> argL0 ; # org/gradle/internal/snapshot/FileSystemLocationSnapshot$$Lambda+0x000001424d596b38
instanceKlass org/gradle/internal/snapshot/MerkleDirectorySnapshotBuilder$Directory
instanceKlass java/nio/file/Files$3
instanceKlass java/nio/file/FileTreeWalker$Event
instanceKlass java/nio/file/FileTreeWalker$DirectoryNode
instanceKlass java/nio/file/FileTreeWalker
instanceKlass org/gradle/internal/snapshot/MerkleDirectorySnapshotBuilder
instanceKlass org/gradle/internal/snapshot/impl/FilteredTrackingMerkleDirectorySnapshotBuilder
instanceKlass org/gradle/internal/snapshot/DirectorySnapshotBuilder
instanceKlass  @bci org/gradle/internal/snapshot/impl/DirectorySnapshotter$PathVisitor <init> (Lorg/gradle/internal/snapshot/SnapshottingFilter$DirectoryWalkerPredicate;Ljava/util/concurrent/atomic/AtomicBoolean;Lorg/gradle/internal/hash/FileHasher;Lcom/google/common/collect/Interner;Lorg/gradle/internal/snapshot/impl/DirectorySnapshotter$DefaultExcludes;Lorg/gradle/internal/snapshot/impl/DirectorySnapshotterStatistics$Collector;Lorg/gradle/internal/snapshot/impl/DirectorySnapshotter$SymbolicLinkMapping;Ljava/util/Map;Ljava/util/function/Consumer;)V 41 <appendix> member <vmtarget> ; # org/gradle/internal/snapshot/impl/DirectorySnapshotter$PathVisitor$$Lambda+0x000001424d595c00
instanceKlass org/gradle/internal/snapshot/RelativePathTracker
instanceKlass org/gradle/internal/RelativePathSupplier
instanceKlass org/gradle/internal/snapshot/impl/DirectorySnapshotterStatistics$CollectingFileVisitor
instanceKlass  @bci org/gradle/internal/vfs/impl/DefaultFileSystemAccess lambda$snapshotAndReuse$11 (Ljava/lang/String;Lorg/gradle/internal/snapshot/SnapshottingFilter;Lcom/google/common/collect/ImmutableMap;Lorg/gradle/internal/vfs/VirtualFileSystem$VfsStorer;)Ljava/util/Optional; 179 <appendix> member <vmtarget> ; # org/gradle/internal/vfs/impl/DefaultFileSystemAccess$$Lambda+0x000001424d5950a8
instanceKlass org/gradle/internal/vfs/impl/DefaultFileSystemAccess$1
instanceKlass org/gradle/internal/file/impl/DefaultFileMetadata$1
instanceKlass org/gradle/internal/file/impl/DefaultFileMetadata
instanceKlass org/gradle/internal/file/FileMetadata
instanceKlass  @bci org/gradle/internal/vfs/impl/AbstractVirtualFileSystem storeWithAction (Ljava/lang/String;Lorg/gradle/internal/vfs/VirtualFileSystem$StoringAction;)Ljava/lang/Object; 12 <adapter> ; # java/lang/invoke/LambdaForm$MH+0x000001424d590800
instanceKlass  @bci org/gradle/internal/vfs/impl/AbstractVirtualFileSystem storeWithAction (Ljava/lang/String;Lorg/gradle/internal/vfs/VirtualFileSystem$StoringAction;)Ljava/lang/Object; 12 <appendix> form vmentry <vmtarget> ; # java/lang/invoke/LambdaForm$DMH+0x000001424d590400
instanceKlass  @bci org/gradle/internal/vfs/impl/AbstractVirtualFileSystem storeWithAction (Ljava/lang/String;Lorg/gradle/internal/vfs/VirtualFileSystem$StoringAction;)Ljava/lang/Object; 12 <appendix> member <vmtarget> ; # org/gradle/internal/vfs/impl/AbstractVirtualFileSystem$$Lambda+0x000001424d594000
instanceKlass  @cpi org/gradle/internal/vfs/impl/AbstractVirtualFileSystem 282 form vmentry <vmtarget> ; # java/lang/invoke/LambdaForm$DMH+0x000001424d590000
instanceKlass org/gradle/internal/vfs/impl/VersionHierarchy$1
instanceKlass  @bci org/gradle/internal/snapshot/PathUtil <clinit> ()V 46 <appendix> argL0 ; # org/gradle/internal/snapshot/PathUtil$$Lambda+0x000001424d58f8f8
instanceKlass  @bci org/gradle/internal/snapshot/PathUtil <clinit> ()V 38 <appendix> argL0 ; # org/gradle/internal/snapshot/PathUtil$$Lambda+0x000001424d58f670
instanceKlass org/gradle/internal/snapshot/PathUtil
instanceKlass org/gradle/internal/snapshot/VfsRelativePath
instanceKlass  @bci org/gradle/internal/vfs/impl/DefaultFileSystemAccess snapshotAndReuse (Ljava/lang/String;Lorg/gradle/internal/snapshot/SnapshottingFilter;Lcom/google/common/collect/ImmutableMap;)Ljava/util/Optional; 9 <appendix> member <vmtarget> ; # org/gradle/internal/vfs/impl/DefaultFileSystemAccess$$Lambda+0x000001424d58f010
instanceKlass org/gradle/internal/vfs/VirtualFileSystem$VfsStorer
instanceKlass org/gradle/internal/vfs/VirtualFileSystem$StoringAction
instanceKlass  @bci org/gradle/internal/vfs/impl/DefaultFileSystemAccess snapshot (Ljava/lang/String;Lorg/gradle/internal/snapshot/SnapshottingFilter;)Ljava/util/Optional; 10 <appendix> argL0 ; # org/gradle/internal/vfs/impl/DefaultFileSystemAccess$$Lambda+0x000001424d58ea00
instanceKlass org/gradle/internal/snapshot/SnapshottingFilter$1
instanceKlass org/gradle/internal/snapshot/SnapshottingFilter
instanceKlass  @bci org/gradle/internal/vfs/impl/DefaultFileSystemAccess lambda$readSnapshotFromLocation$10 (Ljava/lang/String;Ljava/util/function/Function;Ljava/util/function/Supplier;)Ljava/lang/Object; 9 <appendix> member <vmtarget> ; # org/gradle/internal/vfs/impl/DefaultFileSystemAccess$$Lambda+0x000001424d58e3c0
instanceKlass  @bci org/gradle/internal/vfs/impl/DefaultFileSystemAccess readSnapshotFromLocation (Ljava/lang/String;Ljava/util/function/Function;Ljava/util/function/Supplier;)Ljava/lang/Object; 18 <appendix> member <vmtarget> ; # org/gradle/internal/vfs/impl/DefaultFileSystemAccess$$Lambda+0x000001424d58e1a8
instanceKlass  @bci org/gradle/internal/snapshot/SnapshotHierarchy findSnapshot (Ljava/lang/String;)Ljava/util/Optional; 29 <appendix> member <vmtarget> ; # org/gradle/internal/snapshot/SnapshotHierarchy$$Lambda+0x000001424d58df70
instanceKlass  @bci org/gradle/internal/snapshot/SnapshotHierarchy findSnapshot (Ljava/lang/String;)Ljava/util/Optional; 14 <appendix> member <vmtarget> ; # org/gradle/internal/snapshot/SnapshotHierarchy$$Lambda+0x000001424d58dd28
instanceKlass  @bci org/gradle/internal/vfs/impl/DefaultFileSystemAccess read (Ljava/lang/String;)Lorg/gradle/internal/snapshot/FileSystemLocationSnapshot; 9 <appendix> member <vmtarget> ; # org/gradle/internal/vfs/impl/DefaultFileSystemAccess$$Lambda+0x000001424d58db10
instanceKlass  @bci org/gradle/internal/vfs/impl/DefaultFileSystemAccess read (Ljava/lang/String;)Lorg/gradle/internal/snapshot/FileSystemLocationSnapshot; 2 <appendix> argL0 ; # org/gradle/internal/vfs/impl/DefaultFileSystemAccess$$Lambda+0x000001424d58d8e0
instanceKlass  @bci org/gradle/internal/execution/steps/AssignImmutableWorkspaceStep execute (Lorg/gradle/internal/execution/UnitOfWork;Lorg/gradle/internal/execution/steps/IdentityContext;)Lorg/gradle/internal/execution/steps/WorkspaceResult; 42 <appendix> member <vmtarget> ; # org/gradle/internal/execution/steps/AssignImmutableWorkspaceStep$$Lambda+0x000001424d58d6c8
instanceKlass org/gradle/internal/execution/workspace/impl/CacheBasedImmutableWorkspaceProvider$1
instanceKlass  @bci org/gradle/cache/internal/AsyncCacheAccessDecoratedCache putLater (Ljava/lang/Object;Ljava/lang/Object;Ljava/lang/Runnable;)V 8 <appendix> member <vmtarget> ; # org/gradle/cache/internal/AsyncCacheAccessDecoratedCache$$Lambda+0x000001424d58d250
instanceKlass  @bci org/gradle/internal/execution/steps/ExecuteWorkBuildOperationFiringStep execute (Lorg/gradle/internal/execution/UnitOfWork;Lorg/gradle/internal/execution/steps/IdentityContext;)Lorg/gradle/internal/execution/steps/CachingResult; 20 <appendix> member <vmtarget> ; # org/gradle/internal/execution/steps/ExecuteWorkBuildOperationFiringStep$$Lambda+0x000001424d58d038
instanceKlass  @bci org/gradle/internal/execution/steps/ExecuteWorkBuildOperationFiringStep execute (Lorg/gradle/internal/execution/UnitOfWork;Lorg/gradle/internal/execution/steps/IdentityContext;)Lorg/gradle/internal/execution/steps/CachingResult; 9 <appendix> member <vmtarget> ; # org/gradle/internal/execution/steps/ExecuteWorkBuildOperationFiringStep$$Lambda+0x000001424d58ce00
instanceKlass  @bci org/gradle/internal/scripts/BuildScriptCompilationAndInstrumentation identify (Ljava/util/Map;Ljava/util/Map;)Lorg/gradle/internal/execution/Identity; 34 <appendix> member <vmtarget> ; # org/gradle/internal/scripts/BuildScriptCompilationAndInstrumentation$$Lambda+0x000001424d58cbe8
instanceKlass org/gradle/internal/execution/Identity
instanceKlass  @bci org/gradle/internal/scripts/BuildScriptCompilationAndInstrumentation identify (Ljava/util/Map;Ljava/util/Map;)Lorg/gradle/internal/execution/Identity; 11 <appendix> member <vmtarget> ; # org/gradle/internal/scripts/BuildScriptCompilationAndInstrumentation$$Lambda+0x000001424d58c7d0
instanceKlass  @bci com/google/common/collect/ImmutableSortedMap fromEntries (Ljava/util/Comparator;Z[Ljava/util/Map$Entry;I)Lcom/google/common/collect/ImmutableSortedMap; 152 <appendix> member <vmtarget> ; # com/google/common/collect/ImmutableSortedMap$$Lambda+0x000001424d58c540
instanceKlass org/gradle/internal/execution/impl/DefaultInputFingerprinter$InputFingerprints
instanceKlass  @bci org/gradle/groovy/scripts/internal/GroovyScriptClassCompiler$GroovyScriptCompilationAndInstrumentation visitImmutableInputs (Lorg/gradle/internal/execution/InputVisitor;)V 37 <appendix> member <vmtarget> ; # org/gradle/groovy/scripts/internal/GroovyScriptClassCompiler$GroovyScriptCompilationAndInstrumentation$$Lambda+0x000001424d58c0c8
instanceKlass  @bci org/gradle/groovy/scripts/internal/GroovyScriptClassCompiler$GroovyScriptCompilationAndInstrumentation visitImmutableInputs (Lorg/gradle/internal/execution/InputVisitor;)V 23 <appendix> member <vmtarget> ; # org/gradle/groovy/scripts/internal/GroovyScriptClassCompiler$GroovyScriptCompilationAndInstrumentation$$Lambda+0x000001424d58bc28
instanceKlass  @bci org/gradle/groovy/scripts/internal/GroovyScriptClassCompiler$GroovyScriptCompilationAndInstrumentation visitImmutableInputs (Lorg/gradle/internal/execution/InputVisitor;)V 9 <appendix> member <vmtarget> ; # org/gradle/groovy/scripts/internal/GroovyScriptClassCompiler$GroovyScriptCompilationAndInstrumentation$$Lambda+0x000001424d58ba10
instanceKlass  @bci org/gradle/internal/scripts/BuildScriptCompilationAndInstrumentation visitImmutableInputs (Lorg/gradle/internal/execution/InputVisitor;)V 12 <appendix> member <vmtarget> ; # org/gradle/internal/scripts/BuildScriptCompilationAndInstrumentation$$Lambda+0x000001424d58b7f8
instanceKlass org/gradle/internal/execution/InputVisitor$ValueSupplier
instanceKlass org/gradle/internal/execution/InputFingerprinter$Result
instanceKlass org/gradle/internal/execution/impl/DefaultInputFingerprinter$InputCollectingVisitor
instanceKlass org/gradle/api/internal/file/FileCollectionStructureVisitor$1
instanceKlass  @bci org/gradle/internal/execution/steps/IdentifyStep createIdentityContext (Lorg/gradle/internal/execution/UnitOfWork;Lorg/gradle/internal/execution/steps/ExecutionRequestContext;)Lorg/gradle/internal/execution/steps/IdentityContext; 102 <appendix> member <vmtarget> ; # org/gradle/internal/execution/steps/IdentifyStep$$Lambda+0x000001424d58a620
instanceKlass org/gradle/internal/snapshot/impl/SerializedLambdaQueries
instanceKlass org/gradle/internal/classloader/ClassLoaderVisitor
instanceKlass org/gradle/internal/snapshot/impl/ImplementationSnapshot
instanceKlass org/gradle/internal/execution/steps/IdentifyStep$ImplementationsBuilder
instanceKlass  @bci org/gradle/internal/execution/WorkValidationContext$TypeOriginInspector <clinit> ()V 0 <appendix> argL0 ; # org/gradle/internal/execution/WorkValidationContext$TypeOriginInspector$$Lambda+0x000001424d588698
instanceKlass org/gradle/internal/execution/impl/DefaultWorkValidationContext
instanceKlass org/gradle/internal/execution/impl/DefaultExecutionEngine$1
instanceKlass org/gradle/internal/execution/WorkOutput
instanceKlass org/gradle/internal/instrumentation/reporting/listener/MethodInterceptionListener
instanceKlass org/gradle/internal/scripts/BuildScriptCompilationAndInstrumentation
instanceKlass org/gradle/internal/execution/ImmutableUnitOfWork
instanceKlass  @bci org/gradle/cache/internal/DefaultCrossBuildInMemoryCacheFactory$AbstractCrossBuildInMemoryCache getIfPresent (Ljava/lang/Object;)Ljava/lang/Object; 6 <appendix> member <vmtarget> ; # org/gradle/cache/internal/DefaultCrossBuildInMemoryCacheFactory$AbstractCrossBuildInMemoryCache$$Lambda+0x000001424d586ec0
instanceKlass java/math/MutableBigInteger
instanceKlass org/gradle/groovy/scripts/internal/ScriptCacheKey
instanceKlass org/gradle/groovy/scripts/internal/NoDataCompileOperation
instanceKlass org/codehaus/groovy/control/CompilationUnit$SourceUnitOperation
instanceKlass org/codehaus/groovy/control/CompilationUnit$ISourceUnitOperation
instanceKlass org/codehaus/groovy/control/CompilationUnit$PhaseOperation
instanceKlass org/gradle/groovy/scripts/internal/Permits
instanceKlass org/codehaus/groovy/ast/GroovyCodeVisitor
instanceKlass org/gradle/plugin/use/internal/PluginUseScriptBlockMetadataCompiler
instanceKlass org/gradle/groovy/scripts/internal/InitialPassStatementTransformer
instanceKlass org/gradle/internal/resource/CachingTextResource
instanceKlass org/gradle/groovy/scripts/DelegatingScriptSource
instanceKlass org/gradle/groovy/scripts/DefaultScriptCompilerFactory$ScriptCompilerImpl
instanceKlass org/gradle/configuration/DefaultScriptTarget
instanceKlass  @bci org/gradle/configuration/DefaultScriptPluginFactory$ScriptPluginImpl apply (Ljava/lang/Object;)V 19 <appendix> member <vmtarget> ; # org/gradle/configuration/DefaultScriptPluginFactory$ScriptPluginImpl$$Lambda+0x000001424d582440
instanceKlass org/gradle/configuration/BuildOperationScriptPlugin$OperationDetails
instanceKlass org/gradle/configuration/ApplyScriptPluginBuildOperationType$Details
instanceKlass org/gradle/configuration/BuildOperationScriptPlugin$1
instanceKlass org/gradle/internal/code/DefaultUserCodeApplicationContext$CurrentApplication
instanceKlass org/gradle/internal/code/UserCodeApplicationContext$Application
instanceKlass  @bci org/gradle/configuration/BuildOperationScriptPlugin apply (Ljava/lang/Object;)V 66 <appendix> member <vmtarget> ; # org/gradle/configuration/BuildOperationScriptPlugin$$Lambda+0x000001424d5810f0
instanceKlass org/gradle/internal/code/UserCodeApplicationId
instanceKlass org/gradle/internal/code/DefaultUserCodeSource
instanceKlass org/gradle/configuration/BuildOperationScriptPlugin$2
instanceKlass org/gradle/internal/code/UserCodeSource
instanceKlass org/gradle/configuration/ApplyScriptPluginBuildOperationType$Result
instanceKlass org/gradle/configuration/BuildOperationScriptPlugin
instanceKlass org/gradle/internal/scripts/GradleScript
instanceKlass org/gradle/api/Script
instanceKlass org/gradle/configuration/ScriptTarget
instanceKlass org/gradle/configuration/DefaultScriptPluginFactory$ScriptPluginImpl
instanceKlass sun/nio/fs/WindowsPath$1
instanceKlass org/gradle/api/internal/cache/CacheDirUtil
instanceKlass  @bci org/gradle/api/internal/provider/AbstractProperty beforeRead (Lorg/gradle/internal/evaluation/EvaluationScopeContext;Lorg/gradle/internal/state/ModelObject;Lorg/gradle/api/internal/provider/ValueSupplier$ValueConsumer;)V 12 <appendix> member <vmtarget> ; # org/gradle/api/internal/provider/AbstractProperty$$Lambda+0x000001424d57ee80
instanceKlass  @bci it/unimi/dsi/fastutil/objects/ReferenceArrayList <clinit> ()V 26 <appendix> argL0 ; # it/unimi/dsi/fastutil/objects/ReferenceArrayList$$Lambda+0x000001424d57ec48
instanceKlass  @bci it/unimi/dsi/fastutil/objects/ReferenceArrayList <clinit> ()V 21 <appendix> argL0 ; # it/unimi/dsi/fastutil/objects/ReferenceArrayList$$Lambda+0x000001424d57ea28
instanceKlass  @bci it/unimi/dsi/fastutil/objects/ReferenceArrayList <clinit> ()V 16 <appendix> argL0 ; # it/unimi/dsi/fastutil/objects/ReferenceArrayList$$Lambda+0x000001424d57e818
instanceKlass it/unimi/dsi/fastutil/objects/ObjectListIterator
instanceKlass it/unimi/dsi/fastutil/objects/ObjectSpliterator
instanceKlass it/unimi/dsi/fastutil/Stack
instanceKlass it/unimi/dsi/fastutil/objects/ReferenceList
instanceKlass it/unimi/dsi/fastutil/objects/ReferenceCollection
instanceKlass  @bci org/gradle/internal/evaluation/EvaluationContext <init> ()V 6 <appendix> member <vmtarget> ; # org/gradle/internal/evaluation/EvaluationContext$$Lambda+0x000001424d57c390
instanceKlass org/gradle/internal/evaluation/EvaluationContext$PerThreadContext
instanceKlass org/gradle/internal/evaluation/EvaluationScopeContext
instanceKlass org/gradle/internal/evaluation/EvaluationContext
instanceKlass  @bci org/gradle/api/internal/cache/DefaultCacheConfigurations$ContextualErrorMessageProperty set (Lorg/gradle/api/provider/Provider;)V 3 <appendix> member <vmtarget> ; # org/gradle/api/internal/cache/DefaultCacheConfigurations$ContextualErrorMessageProperty$$Lambda+0x000001424d57bb48
instanceKlass  @bci org/gradle/api/internal/cache/DefaultCacheConfigurations$ContextualErrorMessageProperty value (Lorg/gradle/api/provider/Provider;)Lorg/gradle/api/internal/cache/DefaultCacheConfigurations$ContextualErrorMessageProperty; 3 <appendix> member <vmtarget> ; # org/gradle/api/internal/cache/DefaultCacheConfigurations$ContextualErrorMessageProperty$$Lambda+0x000001424d57b930
instanceKlass  @bci org/gradle/internal/event/DefaultListenerManager$ExclusiveEventBroadcast doRemove (Lorg/gradle/internal/event/DefaultListenerManager$ListenerDetails;)V 3 <appendix> member <vmtarget> ; # org/gradle/internal/event/DefaultListenerManager$ExclusiveEventBroadcast$$Lambda+0x000001424d57b718
instanceKlass org/gradle/internal/event/BroadcastDispatch$ActionInvocationHandler
instanceKlass  @bci org/gradle/internal/operations/notify/BuildOperationNotificationBridge$2 beforeSettings (Lorg/gradle/api/initialization/Settings;)V 21 <appendix> member <vmtarget> ; # org/gradle/internal/operations/notify/BuildOperationNotificationBridge$2$$Lambda+0x000001424d57b2c8
instanceKlass org/gradle/internal/extensibility/ExtensionsStorage$ExtensionHolder
instanceKlass org/gradle/api/plugins/ExtensionsSchema$ExtensionSchema
instanceKlass org/gradle/api/NamedDomainObjectCollectionSchema$NamedDomainObjectSchema
instanceKlass java/util/concurrent/locks/ReentrantReadWriteLock$WriteLock
instanceKlass java/util/concurrent/locks/ReentrantReadWriteLock$ReadLock
instanceKlass org/apache/groovy/plugin/GroovyRunnerRegistry
instanceKlass  @bci org/codehaus/groovy/runtime/metaclass/MetaClassRegistryImpl <init> (IZ)V 377 <appendix> member <vmtarget> ; # org/codehaus/groovy/runtime/metaclass/MetaClassRegistryImpl$$Lambda+0x000001424d57a358
instanceKlass java/util/EventObject
instanceKlass  @bci groovy/lang/MetaClassImpl makeStaticPropertyIndex ()V 8 <appendix> argL0 ; # groovy/lang/MetaClassImpl$$Lambda+0x000001424d579ef0
instanceKlass  @bci groovy/lang/MetaClassImpl getPropName (Ljava/lang/String;)Ljava/lang/String; 5 <appendix> member <vmtarget> ; # groovy/lang/MetaClassImpl$$Lambda+0x000001424d579cb8
instanceKlass  @bci groovy/lang/MetaClassImpl applyStrayPropertyMethods (Ljava/util/LinkedList;Ljava/util/Map;Z)V 45 <appendix> argL0 ; # groovy/lang/MetaClassImpl$$Lambda+0x000001424d579a88
instanceKlass  @bci groovy/lang/MetaClassImpl addMetaBeanProperty (Lgroovy/lang/MetaBeanProperty;)V 36 <appendix> argL0 ; # groovy/lang/MetaClassImpl$$Lambda+0x000001424d579858
instanceKlass  @bci groovy/lang/MetaClassImpl establishStaticMetaProperty (Lgroovy/lang/MetaProperty;)Lgroovy/lang/MetaProperty; 24 <appendix> argL0 ; # groovy/lang/MetaClassImpl$$Lambda+0x000001424d579618
instanceKlass org/codehaus/groovy/runtime/GroovyCategorySupport
instanceKlass  @bci org/codehaus/groovy/reflection/CachedMethod find (Ljava/lang/reflect/Method;)Lorg/codehaus/groovy/reflection/CachedMethod; 13 <appendix> argL0 ; # org/codehaus/groovy/reflection/CachedMethod$$Lambda+0x000001424d578f28
instanceKlass java/util/concurrent/locks/ReentrantReadWriteLock
instanceKlass java/util/concurrent/locks/ReadWriteLock
instanceKlass  @bci groovy/lang/MetaClassImpl inheritFields (Ljava/lang/Iterable;)V 78 <appendix> argL0 ; # groovy/lang/MetaClassImpl$$Lambda+0x000001424d578cf8
instanceKlass  @bci groovy/lang/MetaClassImpl inheritFields (Ljava/lang/Iterable;)V 35 <appendix> argL0 ; # groovy/lang/MetaClassImpl$$Lambda+0x000001424d578ac8
instanceKlass  @bci groovy/lang/MetaClassImpl inheritStaticInterfaceFields (Ljava/util/List;Ljava/util/Set;)V 110 <appendix> argL0 ; # groovy/lang/MetaClassImpl$$Lambda+0x000001424d578898
instanceKlass  @bci org/codehaus/groovy/reflection/CachedClass$1 lambda$initValue$2 ()[Lorg/codehaus/groovy/reflection/CachedField; 33 <appendix> argL0 ; # org/codehaus/groovy/reflection/CachedClass$1$$Lambda+0x000001424d578688
instanceKlass  @bci org/codehaus/groovy/reflection/CachedClass$1 lambda$initValue$2 ()[Lorg/codehaus/groovy/reflection/CachedField; 23 <appendix> argL0 ; # org/codehaus/groovy/reflection/CachedClass$1$$Lambda+0x000001424d578458
instanceKlass  @bci org/codehaus/groovy/reflection/CachedClass$1 lambda$initValue$2 ()[Lorg/codehaus/groovy/reflection/CachedField; 13 <appendix> argL0 ; # org/codehaus/groovy/reflection/CachedClass$1$$Lambda+0x000001424d578218
instanceKlass  @bci org/codehaus/groovy/reflection/CachedClass$1 initValue ()[Lorg/codehaus/groovy/reflection/CachedField; 1 <appendix> member <vmtarget> ; # org/codehaus/groovy/reflection/CachedClass$1$$Lambda+0x000001424d578000
instanceKlass  @bci groovy/lang/MetaClassImpl inheritStaticInterfaceFields (Ljava/util/List;Ljava/util/Set;)V 33 <appendix> argL0 ; # groovy/lang/MetaClassImpl$$Lambda+0x000001424d577980
instanceKlass java/beans/SimpleBeanInfo
instanceKlass java/beans/Transient
instanceKlass java/beans/BeanProperty
instanceKlass  @bci com/sun/beans/introspect/PropertyInfo get (Ljava/lang/Class;)Ljava/util/Map; 440 <appendix> argL0 ; # com/sun/beans/introspect/PropertyInfo$$Lambda+0x000001424d27bb50
instanceKlass com/sun/beans/WildcardTypeImpl
instanceKlass com/sun/beans/introspect/PropertyInfo
instanceKlass  @bci com/sun/beans/introspect/EventSetInfo get (Ljava/lang/Class;)Ljava/util/Map; 314 <appendix> argL0 ; # com/sun/beans/introspect/EventSetInfo$$Lambda+0x000001424d27b278
instanceKlass com/sun/beans/introspect/EventSetInfo
instanceKlass  @bci java/lang/reflect/Executable sharedToGenericString (IZ)Ljava/lang/String; 193 <appendix> argL0 ; # java/lang/reflect/Executable$$Lambda+0x000001424d27ac60
instanceKlass com/sun/beans/WeakCache
instanceKlass com/sun/beans/TypeResolver
instanceKlass java/beans/MethodRef
instanceKlass com/sun/beans/introspect/MethodInfo$MethodOrder
instanceKlass com/sun/beans/introspect/MethodInfo
instanceKlass com/sun/beans/util/Cache$Ref
instanceKlass com/sun/beans/util/Cache$CacheEntry
instanceKlass com/sun/beans/util/Cache
instanceKlass com/sun/beans/introspect/ClassInfo
instanceKlass javax/swing/SwingContainer
instanceKlass java/beans/JavaBean
instanceKlass com/sun/beans/finder/ClassFinder
instanceKlass com/sun/beans/finder/InstanceFinder
instanceKlass java/beans/WeakIdentityMap
instanceKlass java/beans/ThreadGroupContext
instanceKlass  @bci groovy/lang/MetaClassImpl addProperties ()V 29 <appendix> member <vmtarget> ; # groovy/lang/MetaClassImpl$$Lambda+0x000001424d577768
instanceKlass org/codehaus/groovy/runtime/callsite/CallSiteArray
instanceKlass org/codehaus/groovy/reflection/MixinInMetaClass
instanceKlass  @bci org/codehaus/groovy/runtime/metaclass/MetaMethodIndex getHeader (Ljava/lang/Class;)Lorg/codehaus/groovy/runtime/metaclass/MetaMethodIndex$Header; 6 <appendix> member <vmtarget> ; # org/codehaus/groovy/runtime/metaclass/MetaMethodIndex$$Lambda+0x000001424d576928
instanceKlass  @bci org/codehaus/groovy/reflection/CachedClass$2 lambda$initValue$4 ()[Lorg/codehaus/groovy/reflection/CachedConstructor; 44 <appendix> argL0 ; # org/codehaus/groovy/reflection/CachedClass$2$$Lambda+0x000001424d576718
instanceKlass  @bci org/codehaus/groovy/reflection/CachedClass$2 lambda$initValue$4 ()[Lorg/codehaus/groovy/reflection/CachedConstructor; 34 <appendix> member <vmtarget> ; # org/codehaus/groovy/reflection/CachedClass$2$$Lambda+0x000001424d5764e0
instanceKlass  @bci org/codehaus/groovy/reflection/CachedClass$2 lambda$initValue$4 ()[Lorg/codehaus/groovy/reflection/CachedConstructor; 23 <appendix> argL0 ; # org/codehaus/groovy/reflection/CachedClass$2$$Lambda+0x000001424d5762a0
instanceKlass  @bci org/codehaus/groovy/reflection/CachedClass$2 lambda$initValue$4 ()[Lorg/codehaus/groovy/reflection/CachedConstructor; 13 <appendix> argL0 ; # org/codehaus/groovy/reflection/CachedClass$2$$Lambda+0x000001424d576060
instanceKlass groovy/lang/ExpandoMetaClass$Callable
instanceKlass groovy/lang/ClosureInvokingMethod
instanceKlass org/codehaus/groovy/runtime/MethodKey
instanceKlass  @bci org/codehaus/groovy/reflection/CachedClass$2 initValue ()[Lorg/codehaus/groovy/reflection/CachedConstructor; 1 <appendix> member <vmtarget> ; # org/codehaus/groovy/reflection/CachedClass$2$$Lambda+0x000001424d574dc8
instanceKlass org/codehaus/groovy/runtime/metaclass/MetaMethodIndex$EntryIterator
instanceKlass  @bci groovy/lang/MetaClassImpl <clinit> ()V 112 <appendix> argL0 ; # groovy/lang/MetaClassImpl$$Lambda+0x000001424d5745f8
instanceKlass  @bci groovy/lang/MetaClassImpl <clinit> ()V 104 <appendix> argL0 ; # groovy/lang/MetaClassImpl$$Lambda+0x000001424d5743e8
instanceKlass  @bci groovy/lang/MetaClassImpl <clinit> ()V 55 <appendix> argL0 ; # groovy/lang/MetaClassImpl$$Lambda+0x000001424d5741b8
instanceKlass org/codehaus/groovy/runtime/GeneratedClosure
instanceKlass org/gradle/api/artifacts/DependencyArtifact
instanceKlass org/gradle/api/tasks/TaskDependency
instanceKlass org/gradle/api/artifacts/dsl/DependencyModifier
instanceKlass org/gradle/api/artifacts/DependencyConstraint
instanceKlass org/gradle/api/provider/ProviderConvertible
instanceKlass org/gradle/api/artifacts/dsl/DependencyCollector
instanceKlass org/gradle/api/artifacts/ExternalModuleDependency
instanceKlass org/gradle/api/artifacts/ExternalDependency
instanceKlass org/gradle/api/artifacts/ModuleVersionSelector
instanceKlass org/gradle/api/artifacts/dsl/Dependencies
instanceKlass org/gradle/api/internal/artifacts/dsl/dependencies/DependenciesExtensionModule
instanceKlass org/w3c/dom/Document
instanceKlass org/w3c/dom/NamedNodeMap
instanceKlass org/w3c/dom/UserDataHandler
instanceKlass org/w3c/dom/TypeInfo
instanceKlass org/w3c/dom/Attr
instanceKlass org/w3c/dom/Element
instanceKlass org/w3c/dom/Node
instanceKlass org/w3c/dom/NodeList
instanceKlass org/apache/groovy/xml/extensions/XmlExtensions
instanceKlass org/apache/groovy/dateutil/extensions/DateUtilStaticExtensions
instanceKlass org/apache/groovy/dateutil/extensions/DateUtilExtensions
instanceKlass org/gradle/api/internal/provider/MapPropertyExtensions
instanceKlass java/time/temporal/TemporalQuery
instanceKlass java/time/MonthDay
instanceKlass java/time/Year
instanceKlass java/time/OffsetTime
instanceKlass java/time/Period
instanceKlass java/time/OffsetDateTime
instanceKlass java/time/YearMonth
instanceKlass java/time/ZonedDateTime
instanceKlass java/time/chrono/ChronoZonedDateTime
instanceKlass java/time/chrono/ChronoPeriod
instanceKlass org/apache/groovy/datetime/extensions/DateTimeStaticExtensions
instanceKlass org/apache/groovy/datetime/extensions/DateTimeExtensions
instanceKlass  @bci org/codehaus/groovy/runtime/metaclass/MetaClassRegistryImpl$DefaultModuleListener onModule (Lorg/codehaus/groovy/runtime/m12n/ExtensionModule;)V 157 <appendix> argL0 ; # org/codehaus/groovy/runtime/metaclass/MetaClassRegistryImpl$DefaultModuleListener$$Lambda+0x000001424d571348
instanceKlass org/codehaus/groovy/runtime/metaclass/MethodHelper
instanceKlass java/nio/file/WatchKey
instanceKlass java/nio/file/WatchEvent$Modifier
instanceKlass java/nio/file/WatchEvent$Kind
instanceKlass java/nio/file/WatchService
instanceKlass  @bci org/codehaus/groovy/runtime/m12n/MetaInfExtensionModule newModule (Ljava/util/Properties;Ljava/lang/ClassLoader;)Lorg/codehaus/groovy/runtime/m12n/MetaInfExtensionModule; 134 <appendix> argL0 ; # org/codehaus/groovy/runtime/m12n/MetaInfExtensionModule$$Lambda+0x000001424d570cd8
instanceKlass  @bci org/codehaus/groovy/runtime/m12n/MetaInfExtensionModule newModule (Ljava/util/Properties;Ljava/lang/ClassLoader;)Lorg/codehaus/groovy/runtime/m12n/MetaInfExtensionModule; 99 <appendix> argL0 ; # org/codehaus/groovy/runtime/m12n/MetaInfExtensionModule$$Lambda+0x000001424d5708a0
instanceKlass  @bci org/codehaus/groovy/runtime/m12n/MetaInfExtensionModule newModule (Ljava/util/Properties;Ljava/lang/ClassLoader;)Lorg/codehaus/groovy/runtime/m12n/MetaInfExtensionModule; 44 <appendix> member <vmtarget> ; # org/codehaus/groovy/runtime/m12n/MetaInfExtensionModule$$Lambda+0x000001424d570668
instanceKlass org/codehaus/groovy/runtime/m12n/ExtensionModule
instanceKlass org/codehaus/groovy/runtime/m12n/PropertiesModuleFactory
instanceKlass org/codehaus/groovy/util/URLStreams
instanceKlass org/codehaus/groovy/runtime/metaclass/MetaClassRegistryImpl$DefaultModuleListener
instanceKlass org/codehaus/groovy/runtime/m12n/ExtensionModuleScanner
instanceKlass java/util/ResourceBundle$CacheKey
instanceKlass org/codehaus/groovy/runtime/DefaultGroovyStaticMethods
instanceKlass java/lang/constant/DynamicConstantDesc
instanceKlass java/lang/constant/ClassDesc
instanceKlass  @bci org/codehaus/groovy/runtime/metaclass/MetaClassRegistryImpl registerMethods (Ljava/lang/Class;ZZLjava/util/Map;)V 307 <appendix> argL0 ; # org/codehaus/groovy/runtime/metaclass/MetaClassRegistryImpl$$Lambda+0x000001424d56fa10
instanceKlass org/codehaus/groovy/runtime/RangeInfo
instanceKlass java/util/function/DoubleFunction
instanceKlass java/util/function/DoublePredicate
instanceKlass org/codehaus/groovy/vmplugin/v10/PluginDefaultGroovyMethods
instanceKlass  @bci org/codehaus/groovy/runtime/metaclass/MetaClassRegistryImpl createMetaMethodFromClass (Ljava/util/Map;Ljava/lang/Class;)V 28 <appendix> argL0 ; # org/codehaus/groovy/runtime/metaclass/MetaClassRegistryImpl$$Lambda+0x000001424d56f000
instanceKlass java/util/function/ToDoubleFunction
instanceKlass java/util/function/ToLongFunction
instanceKlass java/util/function/ToIntFunction
instanceKlass java/lang/ProcessHandle
instanceKlass java/lang/ProcessHandle$Info
instanceKlass  @bci org/codehaus/groovy/reflection/stdclasses/CachedSAMClass getSAMMethod (Ljava/lang/Class;)Ljava/lang/reflect/Method; 152 <appendix> member <vmtarget> ; # org/codehaus/groovy/reflection/stdclasses/CachedSAMClass$$Lambda+0x000001424d56b6c0
instanceKlass  @bci org/codehaus/groovy/reflection/stdclasses/CachedSAMClass getDeclaredMethods (Ljava/lang/Class;)[Ljava/lang/reflect/Method; 6 <appendix> member <vmtarget> ; # org/codehaus/groovy/reflection/stdclasses/CachedSAMClass$$Lambda+0x000001424d56b4a8
# instanceKlass org/codehaus/groovy/reflection/stdclasses/CachedSAMClass$$InjectedInvoker+0x000001424d56e000
instanceKlass org/codehaus/groovy/runtime/MetaClassHelper
# instanceKlass java/lang/invoke/LambdaForm$MH+0x000001424d56dc00
# instanceKlass java/lang/invoke/LambdaForm$MH+0x000001424d56d800
# instanceKlass java/lang/invoke/LambdaForm$MH+0x000001424d56d400
# instanceKlass java/lang/invoke/LambdaForm$MH+0x000001424d56d000
# instanceKlass org/codehaus/groovy/reflection/ReflectionUtils$$InjectedInvoker+0x000001424d56cc00
instanceKlass java/lang/invoke/MethodHandleImpl$BindCaller$InjectedInvokerHolder
# instanceKlass java/lang/invoke/LambdaForm$MH+0x000001424d56c800
instanceKlass java/lang/invoke/MethodHandleImpl$BindCaller
instanceKlass  @bci java/lang/SecurityManager nonExportedPkgs (Ljava/lang/module/ModuleDescriptor;)Ljava/util/Set; 92 <appendix> member <vmtarget> ; # java/lang/SecurityManager$$Lambda+0x000001424d271d98
instanceKlass  @bci java/lang/SecurityManager nonExportedPkgs (Ljava/lang/module/ModuleDescriptor;)Ljava/util/Set; 76 <appendix> argL0 ; # java/lang/SecurityManager$$Lambda+0x000001424d271b68
instanceKlass  @bci java/lang/SecurityManager nonExportedPkgs (Ljava/lang/module/ModuleDescriptor;)Ljava/util/Set; 66 <appendix> argL0 ; # java/lang/SecurityManager$$Lambda+0x000001424d271928
instanceKlass  @bci java/lang/SecurityManager nonExportedPkgs (Ljava/lang/module/ModuleDescriptor;)Ljava/util/Set; 47 <appendix> member <vmtarget> ; # java/lang/SecurityManager$$Lambda+0x000001424d271700
instanceKlass  @bci java/lang/SecurityManager nonExportedPkgs (Ljava/lang/module/ModuleDescriptor;)Ljava/util/Set; 31 <appendix> argL0 ; # java/lang/SecurityManager$$Lambda+0x000001424d2714d0
instanceKlass  @bci java/lang/SecurityManager nonExportedPkgs (Ljava/lang/module/ModuleDescriptor;)Ljava/util/Set; 21 <appendix> argL0 ; # java/lang/SecurityManager$$Lambda+0x000001424d271290
instanceKlass  @bci java/lang/SecurityManager addNonExportedPackages (Ljava/lang/ModuleLayer;)V 59 <appendix> argL0 ; # java/lang/SecurityManager$$Lambda+0x000001424d271070
instanceKlass  @bci java/lang/SecurityManager addNonExportedPackages (Ljava/lang/ModuleLayer;)V 49 <appendix> argL0 ; # java/lang/SecurityManager$$Lambda+0x000001424d270e40
instanceKlass  @bci java/lang/SecurityManager addNonExportedPackages (Ljava/lang/ModuleLayer;)V 39 <appendix> argL0 ; # java/lang/SecurityManager$$Lambda+0x000001424d270c10
instanceKlass  @bci java/lang/SecurityManager addNonExportedPackages (Ljava/lang/ModuleLayer;)V 29 <appendix> member <vmtarget> ; # java/lang/SecurityManager$$Lambda+0x000001424d2709c8
instanceKlass  @cpi java/lang/SecurityManager 518 form vmentry <vmtarget> ; # java/lang/invoke/LambdaForm$DMH+0x000001424d56c400
instanceKlass  @bci java/lang/SecurityManager addNonExportedPackages (Ljava/lang/ModuleLayer;)V 17 <appendix> argL0 ; # java/lang/SecurityManager$$Lambda+0x000001424d270798
instanceKlass  @bci org/codehaus/groovy/vmplugin/v9/Java9 <clinit> ()V 149 <appendix> argL0 ; # org/codehaus/groovy/vmplugin/v9/Java9$$Lambda+0x000001424d56ab20
instanceKlass  @bci org/codehaus/groovy/vmplugin/v9/Java9 isExported (Ljava/lang/module/ModuleDescriptor;Ljava/lang/String;)Z 10 <appendix> member <vmtarget> ; # org/codehaus/groovy/vmplugin/v9/Java9$$Lambda+0x000001424d56a8d8
instanceKlass  @bci org/codehaus/groovy/vmplugin/v9/Java9 isOpen (Ljava/lang/module/ModuleDescriptor;Ljava/lang/String;)Z 10 <appendix> member <vmtarget> ; # org/codehaus/groovy/vmplugin/v9/Java9$$Lambda+0x000001424d56a690
instanceKlass  @bci org/codehaus/groovy/vmplugin/v9/Java9 lambda$static$7 (Ljava/util/Map;Ljava/lang/module/ModuleDescriptor;)V 6 <appendix> member <vmtarget> ; # org/codehaus/groovy/vmplugin/v9/Java9$$Lambda+0x000001424d56a468
instanceKlass  @bci org/codehaus/groovy/vmplugin/v9/Java9 <clinit> ()V 37 <appendix> member <vmtarget> ; # org/codehaus/groovy/vmplugin/v9/Java9$$Lambda+0x000001424d56a240
instanceKlass  @cpi org/codehaus/groovy/vmplugin/v9/Java9 3442 form vmentry <vmtarget> ; # java/lang/invoke/LambdaForm$DMH+0x000001424d56c000
instanceKlass  @bci org/codehaus/groovy/vmplugin/v9/Java9 <clinit> ()V 26 <appendix> argL0 ; # org/codehaus/groovy/vmplugin/v9/Java9$$Lambda+0x000001424d56a010
instanceKlass org/codehaus/groovy/ast/Variable
instanceKlass org/codehaus/groovy/vmplugin/v8/Java8
instanceKlass org/codehaus/groovy/runtime/NumberAwareComparator
instanceKlass org/codehaus/groovy/runtime/StreamGroovyMethods
instanceKlass org/codehaus/groovy/runtime/EncodingGroovyMethods
instanceKlass org/codehaus/groovy/runtime/DefaultGroovyMethodsSupport
instanceKlass  @bci org/codehaus/groovy/vmplugin/VMPluginFactory createPlugin ()Lorg/codehaus/groovy/vmplugin/VMPlugin; 0 <appendix> argL0 ; # org/codehaus/groovy/vmplugin/VMPluginFactory$$Lambda+0x000001424d55ea08
instanceKlass org/apache/groovy/util/Maps
instanceKlass org/codehaus/groovy/vmplugin/VMPluginFactory
instanceKlass org/codehaus/groovy/reflection/ReflectionUtils
instanceKlass  @bci org/codehaus/groovy/reflection/CachedClass$3 lambda$initValue$4 ()[Lorg/codehaus/groovy/reflection/CachedMethod; 44 <appendix> argL0 ; # org/codehaus/groovy/reflection/CachedClass$3$$Lambda+0x000001424d55e210
instanceKlass  @bci org/codehaus/groovy/reflection/CachedClass$3 lambda$initValue$4 ()[Lorg/codehaus/groovy/reflection/CachedMethod; 34 <appendix> member <vmtarget> ; # org/codehaus/groovy/reflection/CachedClass$3$$Lambda+0x000001424d55dfd8
instanceKlass  @bci org/codehaus/groovy/reflection/CachedClass$3 lambda$initValue$4 ()[Lorg/codehaus/groovy/reflection/CachedMethod; 23 <appendix> argL0 ; # org/codehaus/groovy/reflection/CachedClass$3$$Lambda+0x000001424d55dd98
instanceKlass  @bci org/codehaus/groovy/reflection/CachedClass$3 lambda$initValue$4 ()[Lorg/codehaus/groovy/reflection/CachedMethod; 13 <appendix> argL0 ; # org/codehaus/groovy/reflection/CachedClass$3$$Lambda+0x000001424d55db58
instanceKlass org/codehaus/groovy/runtime/memoize/MemoizeCache
instanceKlass  @bci org/codehaus/groovy/reflection/CachedClass$3 initValue ()[Lorg/codehaus/groovy/reflection/CachedMethod; 1 <appendix> member <vmtarget> ; # org/codehaus/groovy/reflection/CachedClass$3$$Lambda+0x000001424d55c3b8
instanceKlass org/codehaus/groovy/transform/trait/Traits$Implemented
instanceKlass  @bci org/codehaus/groovy/reflection/stdclasses/CachedSAMClass <clinit> ()V 15 <appendix> argL0 ; # org/codehaus/groovy/reflection/stdclasses/CachedSAMClass$$Lambda+0x000001424d55bf98
instanceKlass  @bci org/codehaus/groovy/runtime/metaclass/MetaClassRegistryImpl registerMethods (Ljava/lang/Class;ZZLjava/util/Map;)V 142 <appendix> argL0 ; # org/codehaus/groovy/runtime/metaclass/MetaClassRegistryImpl$$Lambda+0x000001424d55bd68
instanceKlass org/codehaus/groovy/util/ReferenceType$HardRef
instanceKlass org/codehaus/groovy/util/ManagedReference
instanceKlass org/codehaus/groovy/reflection/ClassInfo$GlobalClassSet
instanceKlass org/codehaus/groovy/reflection/GroovyClassValue
instanceKlass org/codehaus/groovy/reflection/GroovyClassValueFactory
instanceKlass org/codehaus/groovy/reflection/ClassInfo$1
instanceKlass org/codehaus/groovy/reflection/GroovyClassValue$ComputeValue
instanceKlass org/codehaus/groovy/util/ComplexKeyHashMap$Entry
instanceKlass org/codehaus/groovy/util/ComplexKeyHashMap$EntryIterator
instanceKlass org/codehaus/groovy/util/ComplexKeyHashMap
instanceKlass org/codehaus/groovy/reflection/ReflectionCache
instanceKlass java/util/OptionalLong
instanceKlass java/util/OptionalDouble
instanceKlass java/util/stream/LongStream
instanceKlass java/util/stream/DoubleStream
instanceKlass java/lang/Process
instanceKlass java/util/Timer
instanceKlass java/util/TimerTask
instanceKlass groovy/lang/groovydoc/Groovydoc
instanceKlass groovy/lang/ListWithDefault
instanceKlass groovy/lang/Range
instanceKlass groovy/util/BufferedIterator
instanceKlass org/codehaus/groovy/reflection/GeneratedMetaMethod$DgmMethodRecord
instanceKlass groovy/lang/MetaClassRegistry$MetaClassCreationHandle
instanceKlass org/codehaus/groovy/runtime/m12n/ExtensionModuleRegistry
instanceKlass org/codehaus/groovy/util/Reference
instanceKlass org/codehaus/groovy/util/ReferenceManager
instanceKlass org/codehaus/groovy/util/ReferenceBundle
instanceKlass org/codehaus/groovy/util/ManagedConcurrentLinkedQueue
instanceKlass groovy/lang/MetaClassRegistryChangeEventListener
instanceKlass java/util/EventListener
instanceKlass org/codehaus/groovy/runtime/m12n/ExtensionModuleScanner$ExtensionModuleListener
instanceKlass org/codehaus/groovy/runtime/metaclass/MetaClassRegistryImpl
instanceKlass org/codehaus/groovy/runtime/InvokerHelper
instanceKlass org/gradle/api/internal/plugins/ExtraPropertiesExtensionInternal
instanceKlass org/gradle/internal/extensibility/ExtensionsStorage
instanceKlass org/gradle/api/plugins/ExtraPropertiesExtension
instanceKlass org/gradle/internal/extensibility/DefaultExtensionContainer
instanceKlass org/gradle/api/internal/plugins/ExtensionContainerInternal
instanceKlass org/gradle/api/internal/coerce/StringToEnumTransformer
instanceKlass org/gradle/internal/classpath/InstrumentedGroovyMetaClassHelper
instanceKlass org/codehaus/groovy/runtime/metaclass/MetaMethodIndex
instanceKlass org/codehaus/groovy/vmplugin/VMPlugin
instanceKlass org/codehaus/groovy/reflection/ClassInfo
instanceKlass org/codehaus/groovy/util/Finalizable
instanceKlass java/beans/BeanInfo
instanceKlass groovyjarjarasm/asm/ClassVisitor
instanceKlass org/codehaus/groovy/runtime/metaclass/MetaMethodIndex$Entry
instanceKlass org/codehaus/groovy/util/FastArray
instanceKlass org/codehaus/groovy/runtime/metaclass/MetaMethodIndex$Header
instanceKlass org/codehaus/groovy/reflection/CachedClass
instanceKlass org/codehaus/groovy/ast/ASTNode
instanceKlass org/codehaus/groovy/ast/NodeMetaDataHandler
instanceKlass groovy/lang/groovydoc/GroovydocHolder
instanceKlass org/codehaus/groovy/util/SingleKeyHashMap$Copier
instanceKlass org/codehaus/groovy/runtime/callsite/CallSite
instanceKlass groovy/lang/MetaClassImpl$MethodIndexAction
instanceKlass org/codehaus/groovy/reflection/ParameterTypes
instanceKlass groovy/lang/MetaClassImpl
instanceKlass groovy/lang/MutableMetaClass
instanceKlass org/gradle/internal/metaobject/BeanDynamicObject$MetaClassAdapter
instanceKlass org/gradle/api/internal/coerce/PropertySetTransformer
instanceKlass org/gradle/api/internal/coerce/MethodArgumentsTransformer
instanceKlass org/gradle/initialization/DefaultToolchainManagement
instanceKlass org/gradle/initialization/DefaultProjectDescriptor
instanceKlass  @bci java/io/WinNTFileSystem listRoots ()[Ljava/io/File; 38 <appendix> argL0 ; # java/io/WinNTFileSystem$$Lambda+0x000001424d26d6c0
instanceKlass  @bci java/io/WinNTFileSystem listRoots ()[Ljava/io/File; 28 <appendix> member <vmtarget> ; # java/io/WinNTFileSystem$$Lambda+0x000001424d26d478
instanceKlass  @bci java/io/WinNTFileSystem listRoots ()[Ljava/io/File; 17 <appendix> member <vmtarget> ; # java/io/WinNTFileSystem$$Lambda+0x000001424d26cd78
instanceKlass java/util/BitSet$1BitSetSpliterator
instanceKlass java/util/BitSet
instanceKlass org/gradle/initialization/DefaultProjectDescriptorRegistry
instanceKlass org/gradle/vcs/VcsMappings
instanceKlass org/gradle/vcs/internal/services/VersionControlServices$VersionControlSettingsServices
instanceKlass org/gradle/plugin/internal/PluginUseServices$SettingsScopeServices
instanceKlass org/gradle/api/internal/plugins/PluginTarget
instanceKlass org/gradle/internal/service/scopes/SettingsScopeServices
# instanceKlass java/lang/invoke/LambdaForm$MH+0x000001424d540000
# instanceKlass java/lang/invoke/LambdaForm$MH+0x000001424d539c00
# instanceKlass java/lang/invoke/LambdaForm$MH+0x000001424d539800
# instanceKlass java/lang/invoke/LambdaForm$MH+0x000001424d539400
# instanceKlass java/lang/invoke/LambdaForm$MH+0x000001424d539000
# instanceKlass java/lang/invoke/LambdaForm$MH+0x000001424d538c00
# instanceKlass java/lang/invoke/LambdaForm$MH+0x000001424d538800
instanceKlass org/gradle/initialization/IncludedBuildSpec
instanceKlass org/gradle/plugin/management/PluginManagementSpec
instanceKlass org/gradle/vcs/SourceControl
instanceKlass org/gradle/initialization/ProjectDescriptorRegistry
instanceKlass org/gradle/api/file/BuildLayout
instanceKlass org/gradle/initialization/ProjectDescriptorInternal
instanceKlass org/gradle/api/initialization/ProjectDescriptor
instanceKlass org/gradle/api/attributes/DocsType
instanceKlass org/gradle/api/internal/artifacts/JavaEcosystemAttributesDescriber
instanceKlass org/gradle/api/internal/artifacts/JavaEcosystemSupport$TargetJvmEnvironmentDisambiguationRules
instanceKlass org/gradle/api/internal/artifacts/JavaEcosystemSupport$TargetJvmEnvironmentCompatibilityRules
instanceKlass org/gradle/api/attributes/java/TargetJvmEnvironment
instanceKlass org/gradle/api/internal/attributes/DefaultOrderedDisambiguationRule
instanceKlass org/gradle/api/internal/attributes/DefaultOrderedCompatibilityRule
instanceKlass org/gradle/api/internal/attributes/AttributeMatchingRules
instanceKlass org/gradle/api/attributes/java/TargetJvmVersion
instanceKlass org/gradle/api/internal/artifacts/JavaEcosystemSupport$BundlingDisambiguationRules
instanceKlass org/gradle/api/internal/artifacts/JavaEcosystemSupport$BundlingCompatibilityRules
instanceKlass org/gradle/api/attributes/Bundling
instanceKlass  @bci org/gradle/api/internal/artifacts/JavaEcosystemSupport configureLibraryElements (Lorg/gradle/api/attributes/AttributesSchema;Lorg/gradle/api/model/ObjectFactory;)V 32 <appendix> member <vmtarget> ; # org/gradle/api/internal/artifacts/JavaEcosystemSupport$$Lambda+0x000001424d53d138
instanceKlass org/gradle/api/internal/artifacts/JavaEcosystemSupport$LibraryElementsDisambiguationRules
instanceKlass org/gradle/api/internal/artifacts/JavaEcosystemSupport$LibraryElementsCompatibilityRules
instanceKlass org/gradle/api/internal/artifacts/JavaEcosystemSupport$1
instanceKlass org/gradle/api/internal/artifacts/JavaEcosystemSupport$UsageDisambiguationRules
instanceKlass org/gradle/api/internal/artifacts/JavaEcosystemSupport$UsageCompatibilityRules
instanceKlass org/gradle/api/internal/artifacts/JavaEcosystemSupport
instanceKlass org/gradle/internal/resource/UriTextResource$UriResourceLocation
instanceKlass org/gradle/api/internal/initialization/ScriptClassPathResolutionContext
instanceKlass org/gradle/api/internal/initialization/DefaultScriptHandler
instanceKlass org/gradle/api/internal/DefaultMutationGuard$1
instanceKlass  @bci org/gradle/api/internal/artifacts/DefaultDependencyManagementServices newDetachedResolver (Lorg/gradle/api/internal/file/FileResolver;Lorg/gradle/api/internal/file/FileCollectionFactory;Lorg/gradle/api/internal/DomainObjectContext;)Lorg/gradle/api/internal/artifacts/DependencyResolutionServices; 68 <appendix> argL0 ; # org/gradle/api/internal/artifacts/DefaultDependencyManagementServices$$Lambda+0x000001424d52f998
instanceKlass org/gradle/api/internal/artifacts/LegacyResolutionParameters
instanceKlass org/gradle/api/internal/artifacts/ivyservice/ResolutionParameters$FailureResolutions
instanceKlass org/gradle/api/internal/artifacts/ivyservice/moduleconverter/AdhocRootComponentProvider
# instanceKlass java/lang/invoke/LambdaForm$MH+0x000001424d538400
# instanceKlass java/lang/invoke/LambdaForm$MH+0x000001424d538000
# instanceKlass java/lang/invoke/LambdaForm$MH+0x000001424d52dc00
# instanceKlass java/lang/invoke/LambdaForm$MH+0x000001424d52d800
# instanceKlass java/lang/invoke/LambdaForm$MH+0x000001424d52d400
# instanceKlass java/lang/invoke/LambdaForm$MH+0x000001424d52d000
# instanceKlass java/lang/invoke/LambdaForm$MH+0x000001424d52cc00
# instanceKlass java/lang/invoke/LambdaForm$MH+0x000001424d52c800
instanceKlass org/gradle/api/artifacts/ResolvableConfiguration
instanceKlass org/gradle/api/artifacts/ConsumableConfiguration
instanceKlass org/gradle/api/internal/artifacts/configurations/ConfigurationRole
instanceKlass org/gradle/api/artifacts/LegacyConfiguration
instanceKlass org/gradle/api/internal/file/AbstractFileCollection
instanceKlass org/gradle/api/internal/initialization/ResettableConfiguration
instanceKlass org/gradle/api/internal/artifacts/configurations/MutationValidator
instanceKlass org/gradle/api/internal/artifacts/configurations/ConfigurationInternal
instanceKlass org/gradle/internal/deprecation/DeprecatableConfiguration
instanceKlass org/gradle/api/artifacts/DependencyScopeConfiguration
# instanceKlass java/lang/invoke/LambdaForm$MH+0x000001424d52c400
# instanceKlass java/lang/invoke/LambdaForm$MH+0x000001424d52c000
# instanceKlass java/lang/invoke/LambdaForm$MH+0x000001424d52bc00
# instanceKlass java/lang/invoke/LambdaForm$MH+0x000001424d52b800
# instanceKlass java/lang/invoke/LambdaForm$MH+0x000001424d52b400
# instanceKlass java/lang/invoke/LambdaForm$MH+0x000001424d52b000
# instanceKlass java/lang/invoke/LambdaForm$MH+0x000001424d52ac00
# instanceKlass java/lang/invoke/LambdaForm$MH+0x000001424d52a800
# instanceKlass java/lang/invoke/LambdaForm$MH+0x000001424d52a400
# instanceKlass java/lang/invoke/LambdaForm$MH+0x000001424d52a000
# instanceKlass java/lang/invoke/LambdaForm$MH+0x000001424d529c00
# instanceKlass java/lang/invoke/LambdaForm$MH+0x000001424d529800
# instanceKlass java/lang/invoke/LambdaForm$MH+0x000001424d529400
# instanceKlass java/lang/invoke/LambdaForm$MH+0x000001424d529000
# instanceKlass java/lang/invoke/LambdaForm$MH+0x000001424d528c00
# instanceKlass java/lang/invoke/LambdaForm$MH+0x000001424d528800
# instanceKlass java/lang/invoke/LambdaForm$MH+0x000001424d528400
# instanceKlass java/lang/invoke/LambdaForm$MH+0x000001424d528000
# instanceKlass java/lang/invoke/LambdaForm$MH+0x000001424d522c00
# instanceKlass java/lang/invoke/LambdaForm$MH+0x000001424d522800
# instanceKlass java/lang/invoke/LambdaForm$MH+0x000001424d522400
instanceKlass org/gradle/api/artifacts/ComponentModuleMetadataDetails
instanceKlass org/gradle/api/artifacts/ComponentModuleMetadata
instanceKlass org/gradle/api/internal/artifacts/dsl/ComponentModuleMetadataContainer
instanceKlass org/gradle/api/internal/artifacts/dsl/ImmutableModuleReplacements
instanceKlass org/gradle/api/internal/artifacts/dsl/DefaultComponentModuleMetadataHandler
instanceKlass org/gradle/api/internal/provider/DefaultMapProperty$NoValueSupplier
instanceKlass org/gradle/api/internal/provider/ValidatingMapEntryCollector
instanceKlass org/gradle/api/internal/provider/DefaultMapProperty$EmptySupplier
instanceKlass org/gradle/api/internal/provider/MapSupplier
instanceKlass org/gradle/api/internal/provider/MapCollector
instanceKlass org/gradle/api/internal/provider/MapEntryCollector
instanceKlass org/gradle/api/internal/provider/MapPropertyInternal
instanceKlass org/gradle/api/internal/provider/MapProviderInternal
instanceKlass org/gradle/api/internal/attributes/AttributeEntry
# instanceKlass java/lang/invoke/LambdaForm$MH+0x000001424d522000
# instanceKlass java/lang/invoke/LambdaForm$MH+0x000001424d521c00
# instanceKlass java/lang/invoke/LambdaForm$DMH+0x000001424d521800
# instanceKlass java/lang/invoke/LambdaForm$MH+0x000001424d521400
# instanceKlass java/lang/invoke/LambdaForm$DMH+0x000001424d521000
# instanceKlass java/lang/invoke/LambdaForm$MH+0x000001424d520c00
# instanceKlass java/lang/invoke/LambdaForm$DMH+0x000001424d520800
# instanceKlass java/lang/invoke/LambdaForm$MH+0x000001424d520400
# instanceKlass java/lang/invoke/LambdaForm$DMH+0x000001424d520000
# instanceKlass java/lang/invoke/LambdaForm$MH+0x000001424d51fc00
# instanceKlass java/lang/invoke/LambdaForm$MH+0x000001424d51f800
# instanceKlass java/lang/invoke/LambdaForm$MH+0x000001424d51f400
# instanceKlass java/lang/invoke/LambdaForm$MH+0x000001424d51f000
# instanceKlass java/lang/invoke/LambdaForm$MH+0x000001424d51ec00
# instanceKlass java/lang/invoke/LambdaForm$MH+0x000001424d51e800
# instanceKlass java/lang/invoke/LambdaForm$MH+0x000001424d51e400
# instanceKlass java/lang/invoke/LambdaForm$MH+0x000001424d51e000
# instanceKlass java/lang/invoke/LambdaForm$MH+0x000001424d51dc00
# instanceKlass java/lang/invoke/LambdaForm$MH+0x000001424d51d800
# instanceKlass java/lang/invoke/LambdaForm$MH+0x000001424d51d400
# instanceKlass java/lang/invoke/LambdaForm$MH+0x000001424d51d000
# instanceKlass java/lang/invoke/LambdaForm$MH+0x000001424d51cc00
# instanceKlass java/lang/invoke/LambdaForm$MH+0x000001424d51c800
# instanceKlass java/lang/invoke/LambdaForm$MH+0x000001424d51c400
# instanceKlass java/lang/invoke/LambdaForm$MH+0x000001424d51c000
# instanceKlass java/lang/invoke/LambdaForm$MH+0x000001424d51bc00
# instanceKlass java/lang/invoke/LambdaForm$MH+0x000001424d51b800
# instanceKlass java/lang/invoke/LambdaForm$MH+0x000001424d51b400
# instanceKlass java/lang/invoke/LambdaForm$MH+0x000001424d51b000
# instanceKlass java/lang/invoke/LambdaForm$MH+0x000001424d51ac00
# instanceKlass java/lang/invoke/LambdaForm$MH+0x000001424d51a800
# instanceKlass java/lang/invoke/LambdaForm$MH+0x000001424d51a400
# instanceKlass java/lang/invoke/LambdaForm$MH+0x000001424d51a000
# instanceKlass java/lang/invoke/LambdaForm$MH+0x000001424d519c00
# instanceKlass java/lang/invoke/LambdaForm$BMH+0x000001424d519800
# instanceKlass java/lang/invoke/LambdaForm$DMH+0x000001424d519400
# instanceKlass java/lang/invoke/LambdaForm$DMH+0x000001424d519000
instanceKlass  @bci org/gradle/api/internal/artifacts/ivyservice/ResolutionExecutor <clinit> ()V 0 <appendix> argL0 ; # org/gradle/api/internal/artifacts/ivyservice/ResolutionExecutor$$Lambda+0x000001424d517b28
instanceKlass  @bci org/gradle/api/internal/artifacts/DefaultDependencyManagementServices$DependencyResolutionScopeServices createComponentMetadataProcessorFactory (Lorg/gradle/api/internal/artifacts/dsl/ComponentMetadataHandlerInternal;Lorg/gradle/internal/management/DependencyResolutionManagementInternal;Lorg/gradle/api/internal/DomainObjectContext;)Lorg/gradle/api/internal/artifacts/ComponentMetadataProcessorFactory; 15 <appendix> member <vmtarget> ; # org/gradle/api/internal/artifacts/DefaultDependencyManagementServices$DependencyResolutionScopeServices$$Lambda+0x000001424d517910
instanceKlass org/gradle/internal/component/external/model/AbstractConfigurationMetadata
instanceKlass org/gradle/internal/component/external/model/ImmutableCapabilities
instanceKlass org/gradle/internal/component/external/model/AbstractStatelessDerivationStrategy
instanceKlass org/gradle/api/internal/artifacts/dsl/MetadataRuleWrapper
instanceKlass org/gradle/api/internal/notations/ComponentIdentifierParserFactory
instanceKlass org/gradle/api/artifacts/DependencyConstraintMetadata
instanceKlass org/gradle/api/internal/catalog/parser/StrictVersionParser
instanceKlass org/gradle/api/internal/notations/DependencyStringNotationConverter
instanceKlass org/gradle/api/internal/notations/DependencyMetadataNotationParser
instanceKlass org/gradle/api/internal/artifacts/repositories/resolver/AbstractDependencyImpl
instanceKlass org/gradle/api/artifacts/DirectDependencyMetadata
instanceKlass org/gradle/api/artifacts/DependencyMetadata
instanceKlass org/gradle/internal/rules/DefaultRuleActionAdapter
instanceKlass org/gradle/api/artifacts/maven/PomModuleDescriptor
instanceKlass org/gradle/api/artifacts/ivy/IvyModuleDescriptor
instanceKlass org/gradle/internal/rules/DefaultRuleActionValidator
# instanceKlass java/lang/invoke/LambdaForm$MH+0x000001424d518c00
# instanceKlass java/lang/invoke/LambdaForm$MH+0x000001424d518800
# instanceKlass java/lang/invoke/LambdaForm$MH+0x000001424d518400
# instanceKlass java/lang/invoke/LambdaForm$MH+0x000001424d518000
# instanceKlass java/lang/invoke/LambdaForm$MH+0x000001424d513c00
# instanceKlass java/lang/invoke/LambdaForm$MH+0x000001424d513800
# instanceKlass java/lang/invoke/LambdaForm$MH+0x000001424d513400
instanceKlass org/gradle/api/internal/artifacts/dsl/ComponentMetadataRuleContainer
instanceKlass org/gradle/api/internal/artifacts/dsl/SpecConfigurableRule
instanceKlass org/gradle/internal/component/external/model/VariantDerivationStrategy
instanceKlass org/gradle/internal/rules/SpecRuleAction
instanceKlass org/gradle/internal/rules/RuleAction
instanceKlass org/gradle/internal/rules/RuleActionAdapter
instanceKlass org/gradle/internal/rules/RuleActionValidator
instanceKlass org/gradle/api/internal/artifacts/ComponentMetadataProcessor
# instanceKlass java/lang/invoke/LambdaForm$MH+0x000001424d513000
# instanceKlass java/lang/invoke/LambdaForm$MH+0x000001424d512c00
# instanceKlass java/lang/invoke/LambdaForm$MH+0x000001424d512800
# instanceKlass java/lang/invoke/LambdaForm$MH+0x000001424d512400
# instanceKlass java/lang/invoke/LambdaForm$MH+0x000001424d512000
# instanceKlass java/lang/invoke/LambdaForm$MH+0x000001424d511c00
# instanceKlass java/lang/invoke/LambdaForm$MH+0x000001424d511800
# instanceKlass java/lang/invoke/LambdaForm$MH+0x000001424d511400
instanceKlass  @bci org/gradle/internal/resolve/caching/ComponentMetadataRuleExecutor getKeyToSnapshotableTransformer ()Lorg/gradle/api/Transformer; 0 <appendix> argL0 ; # org/gradle/internal/resolve/caching/ComponentMetadataRuleExecutor$$Lambda+0x000001424d50ec60
instanceKlass  @bci org/gradle/internal/resolve/caching/ComponentMetadataRuleExecutor createValidator (Lorg/gradle/util/internal/BuildCommencedTimeProvider;)Lorg/gradle/internal/resolve/caching/CrossBuildCachingRuleExecutor$EntryValidator; 1 <appendix> member <vmtarget> ; # org/gradle/internal/resolve/caching/ComponentMetadataRuleExecutor$$Lambda+0x000001424d50ea48
# instanceKlass java/lang/invoke/LambdaForm$MH+0x000001424d511000
# instanceKlass java/lang/invoke/LambdaForm$MH+0x000001424d510c00
# instanceKlass java/lang/invoke/LambdaForm$MH+0x000001424d510800
# instanceKlass java/lang/invoke/LambdaForm$MH+0x000001424d510400
# instanceKlass java/lang/invoke/LambdaForm$MH+0x000001424d510000
# instanceKlass java/lang/invoke/LambdaForm$MH+0x000001424d50dc00
instanceKlass org/gradle/internal/component/model/ModuleConfigurationMetadata
instanceKlass org/gradle/internal/component/model/VariantResolveMetadata
instanceKlass org/gradle/internal/component/external/model/ExternalModuleVariantGraphResolveMetadata
instanceKlass org/gradle/internal/component/model/ConfigurationGraphResolveMetadata
instanceKlass org/gradle/internal/component/external/model/ModuleDependencyMetadata
instanceKlass org/gradle/internal/component/model/ConfigurationMetadata
instanceKlass org/gradle/internal/component/external/model/AbstractRealisedModuleResolveMetadataSerializationHelper
instanceKlass org/gradle/internal/component/external/model/VirtualComponentIdentifier
instanceKlass org/gradle/internal/component/external/model/ModuleComponentResolveMetadata
# instanceKlass java/lang/invoke/LambdaForm$MH+0x000001424d50d800
# instanceKlass java/lang/invoke/LambdaForm$MH+0x000001424d50d400
# instanceKlass java/lang/invoke/LambdaForm$MH+0x000001424d50d000
# instanceKlass java/lang/invoke/LambdaForm$MH+0x000001424d50cc00
# instanceKlass java/lang/invoke/LambdaForm$MH+0x000001424d50c800
# instanceKlass java/lang/invoke/LambdaForm$MH+0x000001424d50c400
# instanceKlass java/lang/invoke/LambdaForm$MH+0x000001424d50c000
instanceKlass  @bci org/gradle/api/internal/artifacts/transform/ConsumerProvidedVariantFinder <init> (Lorg/gradle/api/internal/artifacts/VariantTransformRegistry;Lorg/gradle/api/internal/attributes/AttributesSchemaInternal;Lorg/gradle/api/internal/attributes/AttributesFactory;Lorg/gradle/api/internal/attributes/AttributeSchemaServices;)V 40 <appendix> member <vmtarget> ; # org/gradle/api/internal/artifacts/transform/ConsumerProvidedVariantFinder$$Lambda+0x000001424d5070c0
instanceKlass org/gradle/api/internal/artifacts/transform/ConsumerProvidedVariantFinder$TransformCache
instanceKlass  @bci org/gradle/api/internal/artifacts/transform/ConsumerProvidedVariantFinder <init> (Lorg/gradle/api/internal/artifacts/VariantTransformRegistry;Lorg/gradle/api/internal/attributes/AttributesSchemaInternal;Lorg/gradle/api/internal/attributes/AttributesFactory;Lorg/gradle/api/internal/attributes/AttributeSchemaServices;)V 21 <appendix> member <vmtarget> ; # org/gradle/api/internal/artifacts/transform/ConsumerProvidedVariantFinder$$Lambda+0x000001424d506ca8
instanceKlass org/gradle/api/internal/artifacts/dsl/dependencies/GradlePluginVariantsSupport$TargetGradleVersionDisambiguationRule
instanceKlass org/gradle/api/internal/attributes/DefaultCompatibilityRuleChain$ExceptionHandler
instanceKlass org/gradle/api/internal/artifacts/dsl/dependencies/GradlePluginVariantsSupport$TargetGradleVersionCompatibilityRule
instanceKlass org/gradle/api/attributes/AttributeCompatibilityRule
instanceKlass org/gradle/api/attributes/plugin/GradlePluginApiVersion
instanceKlass org/gradle/api/internal/attributes/DefaultDisambiguationRuleChain$ExceptionHandler
instanceKlass org/gradle/internal/action/DefaultConfigurableRules
instanceKlass org/gradle/internal/action/ConfigurableRules
instanceKlass org/gradle/internal/action/InstantiatingAction
instanceKlass org/gradle/api/artifacts/CacheableRule
instanceKlass org/gradle/api/internal/DefaultActionConfiguration
instanceKlass org/gradle/internal/action/DefaultConfigurableRule
instanceKlass  @bci org/gradle/api/internal/artifacts/dsl/dependencies/PlatformSupport configureCategoryDisambiguationRule (Lorg/gradle/api/attributes/AttributesSchema;)V 19 <appendix> member <vmtarget> ; # org/gradle/api/internal/artifacts/dsl/dependencies/PlatformSupport$$Lambda+0x000001424d505f90
instanceKlass org/gradle/api/ActionConfiguration
instanceKlass org/gradle/api/internal/artifacts/dsl/dependencies/PlatformSupport$ComponentCategoryDisambiguationRule
instanceKlass org/gradle/api/attributes/AttributeDisambiguationRule
instanceKlass org/gradle/internal/action/ConfigurableRule
instanceKlass org/gradle/internal/action/InstantiatingAction$ExceptionHandler
instanceKlass org/objectweb/asm/signature/SignatureVisitor
instanceKlass org/gradle/api/internal/attributes/DefaultCompatibilityRuleChain
instanceKlass org/gradle/api/internal/attributes/DefaultDisambiguationRuleChain
instanceKlass org/gradle/api/attributes/CompatibilityRuleChain
instanceKlass org/gradle/api/attributes/DisambiguationRuleChain
instanceKlass org/gradle/api/internal/attributes/DefaultAttributeMatchingStrategy
instanceKlass org/gradle/api/attributes/AttributeMatchingStrategy
instanceKlass org/gradle/api/internal/attributes/DefaultAttributesSchema
instanceKlass org/gradle/api/attributes/Category$Impl
instanceKlass org/gradle/api/attributes/Category
instanceKlass org/gradle/api/artifacts/transform/TransformParameters$None
instanceKlass org/gradle/api/artifacts/transform/TransformParameters
instanceKlass org/gradle/api/artifacts/transform/TransformAction
instanceKlass org/gradle/api/internal/artifacts/transform/DefaultVariantTransformRegistry
# instanceKlass java/lang/invoke/LambdaForm$MH+0x000001424d503c00
# instanceKlass java/lang/invoke/LambdaForm$MH+0x000001424d503800
# instanceKlass java/lang/invoke/LambdaForm$MH+0x000001424d503400
# instanceKlass java/lang/invoke/LambdaForm$MH+0x000001424d503000
# instanceKlass java/lang/invoke/LambdaForm$MH+0x000001424d502c00
# instanceKlass java/lang/invoke/LambdaForm$MH+0x000001424d502800
# instanceKlass java/lang/invoke/LambdaForm$MH+0x000001424d502400
instanceKlass org/gradle/api/internal/artifacts/TransformRegistration
instanceKlass org/gradle/api/internal/artifacts/transform/Transform
instanceKlass org/gradle/internal/properties/PropertyVisitor
instanceKlass org/gradle/api/internal/artifacts/transform/DefaultTransformRegistrationFactory
# instanceKlass java/lang/invoke/LambdaForm$MH+0x000001424d502000
# instanceKlass java/lang/invoke/LambdaForm$MH+0x000001424d501c00
# instanceKlass java/lang/invoke/LambdaForm$MH+0x000001424d501800
# instanceKlass java/lang/invoke/LambdaForm$MH+0x000001424d501400
# instanceKlass java/lang/invoke/LambdaForm$MH+0x000001424d501000
# instanceKlass java/lang/invoke/LambdaForm$MH+0x000001424d500c00
# instanceKlass java/lang/invoke/LambdaForm$MH+0x000001424d500800
# instanceKlass java/lang/invoke/LambdaForm$MH+0x000001424d500400
# instanceKlass java/lang/invoke/LambdaForm$MH+0x000001424d500000
# instanceKlass java/lang/invoke/LambdaForm$MH+0x000001424d4ffc00
# instanceKlass java/lang/invoke/LambdaForm$MH+0x000001424d4ff800
# instanceKlass java/lang/invoke/LambdaForm$MH+0x000001424d4ff400
instanceKlass org/gradle/api/reflect/InjectionPointQualifier
instanceKlass org/gradle/api/internal/artifacts/transform/DefaultTransformInvocationFactory
# instanceKlass java/lang/invoke/LambdaForm$MH+0x000001424d4ff000
# instanceKlass java/lang/invoke/LambdaForm$MH+0x000001424d4fec00
# instanceKlass java/lang/invoke/LambdaForm$MH+0x000001424d4fe800
# instanceKlass java/lang/invoke/LambdaForm$MH+0x000001424d4fe400
# instanceKlass java/lang/invoke/LambdaForm$MH+0x000001424d4fe000
# instanceKlass java/lang/invoke/LambdaForm$MH+0x000001424d4fdc00
# instanceKlass java/lang/invoke/LambdaForm$MH+0x000001424d4fd800
instanceKlass org/gradle/api/internal/artifacts/DefaultDependencyManagementServices$TransformGradleUserHomeServices$1
instanceKlass org/gradle/api/internal/artifacts/DependencyManagementGradleUserHomeScopeServices$3
instanceKlass org/gradle/cache/ManualEvictionInMemoryCache
instanceKlass org/gradle/cache/internal/DefaultCrossBuildInMemoryCacheFactory$CrossBuildCacheRetainingDataFromPreviousBuild
instanceKlass  @bci org/gradle/api/internal/artifacts/DependencyManagementGradleUserHomeScopeServices createTransformWorkspaceServices (Lorg/gradle/cache/scopes/GlobalScopedCacheBuilderFactory;Lorg/gradle/cache/internal/CrossBuildInMemoryCacheFactory;Lorg/gradle/internal/file/FileAccessTimeJournal;Lorg/gradle/api/internal/cache/CacheConfigurationsInternal;Lorg/gradle/cache/FineGrainedCacheCleanupStrategyFactory;)Lorg/gradle/api/internal/artifacts/transform/ImmutableTransformWorkspaceServices; 22 <appendix> argL0 ; # org/gradle/api/internal/artifacts/DependencyManagementGradleUserHomeScopeServices$$Lambda+0x000001424d4f6f30
# instanceKlass java/lang/invoke/LambdaForm$MH+0x000001424d4fd400
# instanceKlass java/lang/invoke/LambdaForm$MH+0x000001424d4fd000
# instanceKlass java/lang/invoke/LambdaForm$MH+0x000001424d4fcc00
# instanceKlass java/lang/invoke/LambdaForm$MH+0x000001424d4fc800
# instanceKlass java/lang/invoke/LambdaForm$MH+0x000001424d4fc400
# instanceKlass java/lang/invoke/LambdaForm$MH+0x000001424d4fc000
# instanceKlass java/lang/invoke/LambdaForm$MH+0x000001424d4fbc00
# instanceKlass java/lang/invoke/LambdaForm$MH+0x000001424d4fb800
# instanceKlass java/lang/invoke/LambdaForm$MH+0x000001424d4fb400
# instanceKlass java/lang/invoke/LambdaForm$MH+0x000001424d4fb000
# instanceKlass java/lang/invoke/LambdaForm$MH+0x000001424d4fac00
# instanceKlass java/lang/invoke/LambdaForm$MH+0x000001424d4fa800
# instanceKlass java/lang/invoke/LambdaForm$MH+0x000001424d4fa400
# instanceKlass java/lang/invoke/LambdaForm$MH+0x000001424d4fa000
# instanceKlass java/lang/invoke/LambdaForm$MH+0x000001424d4f9c00
# instanceKlass java/lang/invoke/LambdaForm$MH+0x000001424d4f9800
# instanceKlass java/lang/invoke/LambdaForm$MH+0x000001424d4f9400
# instanceKlass java/lang/invoke/LambdaForm$MH+0x000001424d4f9000
# instanceKlass java/lang/invoke/LambdaForm$MH+0x000001424d4f8c00
instanceKlass org/gradle/internal/resolve/caching/CrossBuildCachingRuleExecutor$AnySerializer
instanceKlass  @bci org/gradle/internal/resolve/caching/ComponentMetadataSupplierRuleExecutor createValidator (Lorg/gradle/util/internal/BuildCommencedTimeProvider;)Lorg/gradle/internal/resolve/caching/CrossBuildCachingRuleExecutor$EntryValidator; 1 <appendix> member <vmtarget> ; # org/gradle/internal/resolve/caching/ComponentMetadataSupplierRuleExecutor$$Lambda+0x000001424d4f68a8
instanceKlass org/gradle/internal/resolve/caching/CrossBuildCachingRuleExecutor$CachedEntry
instanceKlass org/gradle/api/internal/artifacts/ivyservice/CacheExpirationControl
instanceKlass org/gradle/internal/resolve/caching/CrossBuildCachingRuleExecutor$EntryValidator
instanceKlass  @bci org/gradle/internal/resolve/caching/ComponentMetadataSupplierRuleExecutor <clinit> ()V 0 <appendix> argL0 ; # org/gradle/internal/resolve/caching/ComponentMetadataSupplierRuleExecutor$$Lambda+0x000001424d4f6098
instanceKlass org/gradle/api/artifacts/ResolvedModuleVersion
instanceKlass org/gradle/internal/resolve/caching/ImplicitInputRecorder
instanceKlass org/gradle/api/internal/artifacts/DependencyManagementBuildScopeServices$1
# instanceKlass java/lang/invoke/LambdaForm$MH+0x000001424d4f8800
# instanceKlass java/lang/invoke/LambdaForm$MH+0x000001424d4f8400
# instanceKlass java/lang/invoke/LambdaForm$MH+0x000001424d4f8000
# instanceKlass java/lang/invoke/LambdaForm$MH+0x000001424d4f3c00
# instanceKlass java/lang/invoke/LambdaForm$MH+0x000001424d4f3800
# instanceKlass java/lang/invoke/LambdaForm$MH+0x000001424d4f3400
# instanceKlass java/lang/invoke/LambdaForm$MH+0x000001424d4f3000
# instanceKlass java/lang/invoke/LambdaForm$MH+0x000001424d4f2c00
instanceKlass org/gradle/api/artifacts/ComponentMetadata
instanceKlass org/gradle/api/internal/artifacts/ivyservice/modulecache/ResolvedArtifactCaches
instanceKlass org/gradle/api/internal/artifacts/ivyservice/modulecache/artifacts/InMemoryModuleArtifactCache
instanceKlass  @bci org/gradle/api/internal/artifacts/DependencyManagementBuildTreeScopeServices createModuleRepositoryCacheProvider (Lorg/gradle/util/internal/BuildCommencedTimeProvider;Lorg/gradle/api/internal/artifacts/ImmutableModuleIdentifierFactory;Lorg/gradle/api/internal/artifacts/ivyservice/ArtifactCachesProvider;Lorg/gradle/api/internal/artifacts/ivyservice/resolveengine/result/AttributeContainerSerializer;Lorg/gradle/api/internal/artifacts/capability/CapabilitySelectorSerializer;Lorg/gradle/api/internal/artifacts/repositories/metadata/MavenMutableModuleMetadataFactory;Lorg/gradle/api/internal/artifacts/repositories/metadata/IvyMutableModuleMetadataFactory;Lorg/gradle/util/internal/SimpleMapInterner;Lorg/gradle/api/internal/artifacts/ivyservice/modulecache/FileStoreAndIndexProvider;Lorg/gradle/api/internal/artifacts/ivyservice/modulecache/ModuleSourcesSerializer;Lorg/gradle/internal/hash/ChecksumService;)Lorg/gradle/api/internal/artifacts/ivyservice/modulecache/ModuleRepositoryCacheProvider; 167 <appendix> membe ; # org/gradle/api/internal/artifacts/DependencyManagementBuildTreeScopeServices$$Lambda+0x000001424d4f55d8
instanceKlass  @bci org/gradle/api/internal/artifacts/DependencyManagementBuildTreeScopeServices createModuleRepositoryCacheProvider (Lorg/gradle/util/internal/BuildCommencedTimeProvider;Lorg/gradle/api/internal/artifacts/ImmutableModuleIdentifierFactory;Lorg/gradle/api/internal/artifacts/ivyservice/ArtifactCachesProvider;Lorg/gradle/api/internal/artifacts/ivyservice/resolveengine/result/AttributeContainerSerializer;Lorg/gradle/api/internal/artifacts/capability/CapabilitySelectorSerializer;Lorg/gradle/api/internal/artifacts/repositories/metadata/MavenMutableModuleMetadataFactory;Lorg/gradle/api/internal/artifacts/repositories/metadata/IvyMutableModuleMetadataFactory;Lorg/gradle/util/internal/SimpleMapInterner;Lorg/gradle/api/internal/artifacts/ivyservice/modulecache/FileStoreAndIndexProvider;Lorg/gradle/api/internal/artifacts/ivyservice/modulecache/ModuleSourcesSerializer;Lorg/gradle/internal/hash/ChecksumService;)Lorg/gradle/api/internal/artifacts/ivyservice/modulecache/ModuleRepositoryCacheProvider; 140 <appendix> membe ; # org/gradle/api/internal/artifacts/DependencyManagementBuildTreeScopeServices$$Lambda+0x000001424d4f53a0
instanceKlass  @bci org/gradle/api/internal/artifacts/DependencyManagementBuildTreeScopeServices createModuleRepositoryCacheProvider (Lorg/gradle/util/internal/BuildCommencedTimeProvider;Lorg/gradle/api/internal/artifacts/ImmutableModuleIdentifierFactory;Lorg/gradle/api/internal/artifacts/ivyservice/ArtifactCachesProvider;Lorg/gradle/api/internal/artifacts/ivyservice/resolveengine/result/AttributeContainerSerializer;Lorg/gradle/api/internal/artifacts/capability/CapabilitySelectorSerializer;Lorg/gradle/api/internal/artifacts/repositories/metadata/MavenMutableModuleMetadataFactory;Lorg/gradle/api/internal/artifacts/repositories/metadata/IvyMutableModuleMetadataFactory;Lorg/gradle/util/internal/SimpleMapInterner;Lorg/gradle/api/internal/artifacts/ivyservice/modulecache/FileStoreAndIndexProvider;Lorg/gradle/api/internal/artifacts/ivyservice/modulecache/ModuleSourcesSerializer;Lorg/gradle/internal/hash/ChecksumService;)Lorg/gradle/api/internal/artifacts/ivyservice/modulecache/ModuleRepositoryCacheProvider; 114 <appendix> membe ; # org/gradle/api/internal/artifacts/DependencyManagementBuildTreeScopeServices$$Lambda+0x000001424d4f5168
instanceKlass  @bci org/gradle/api/internal/artifacts/DependencyManagementBuildTreeScopeServices createModuleRepositoryCacheProvider (Lorg/gradle/util/internal/BuildCommencedTimeProvider;Lorg/gradle/api/internal/artifacts/ImmutableModuleIdentifierFactory;Lorg/gradle/api/internal/artifacts/ivyservice/ArtifactCachesProvider;Lorg/gradle/api/internal/artifacts/ivyservice/resolveengine/result/AttributeContainerSerializer;Lorg/gradle/api/internal/artifacts/capability/CapabilitySelectorSerializer;Lorg/gradle/api/internal/artifacts/repositories/metadata/MavenMutableModuleMetadataFactory;Lorg/gradle/api/internal/artifacts/repositories/metadata/IvyMutableModuleMetadataFactory;Lorg/gradle/util/internal/SimpleMapInterner;Lorg/gradle/api/internal/artifacts/ivyservice/modulecache/FileStoreAndIndexProvider;Lorg/gradle/api/internal/artifacts/ivyservice/modulecache/ModuleSourcesSerializer;Lorg/gradle/internal/hash/ChecksumService;)Lorg/gradle/api/internal/artifacts/ivyservice/modulecache/ModuleRepositoryCacheProvider; 88 <appendix> member ; # org/gradle/api/internal/artifacts/DependencyManagementBuildTreeScopeServices$$Lambda+0x000001424d4f4f30
instanceKlass  @bci org/gradle/api/internal/artifacts/DependencyManagementBuildTreeScopeServices createModuleRepositoryCacheProvider (Lorg/gradle/util/internal/BuildCommencedTimeProvider;Lorg/gradle/api/internal/artifacts/ImmutableModuleIdentifierFactory;Lorg/gradle/api/internal/artifacts/ivyservice/ArtifactCachesProvider;Lorg/gradle/api/internal/artifacts/ivyservice/resolveengine/result/AttributeContainerSerializer;Lorg/gradle/api/internal/artifacts/capability/CapabilitySelectorSerializer;Lorg/gradle/api/internal/artifacts/repositories/metadata/MavenMutableModuleMetadataFactory;Lorg/gradle/api/internal/artifacts/repositories/metadata/IvyMutableModuleMetadataFactory;Lorg/gradle/util/internal/SimpleMapInterner;Lorg/gradle/api/internal/artifacts/ivyservice/modulecache/FileStoreAndIndexProvider;Lorg/gradle/api/internal/artifacts/ivyservice/modulecache/ModuleSourcesSerializer;Lorg/gradle/internal/hash/ChecksumService;)Lorg/gradle/api/internal/artifacts/ivyservice/modulecache/ModuleRepositoryCacheProvider; 71 <adapter> ; # java/lang/invoke/LambdaForm$MH+0x000001424d4f2800
instanceKlass  @bci org/gradle/api/internal/artifacts/DependencyManagementBuildTreeScopeServices createModuleRepositoryCacheProvider (Lorg/gradle/util/internal/BuildCommencedTimeProvider;Lorg/gradle/api/internal/artifacts/ImmutableModuleIdentifierFactory;Lorg/gradle/api/internal/artifacts/ivyservice/ArtifactCachesProvider;Lorg/gradle/api/internal/artifacts/ivyservice/resolveengine/result/AttributeContainerSerializer;Lorg/gradle/api/internal/artifacts/capability/CapabilitySelectorSerializer;Lorg/gradle/api/internal/artifacts/repositories/metadata/MavenMutableModuleMetadataFactory;Lorg/gradle/api/internal/artifacts/repositories/metadata/IvyMutableModuleMetadataFactory;Lorg/gradle/util/internal/SimpleMapInterner;Lorg/gradle/api/internal/artifacts/ivyservice/modulecache/FileStoreAndIndexProvider;Lorg/gradle/api/internal/artifacts/ivyservice/modulecache/ModuleSourcesSerializer;Lorg/gradle/internal/hash/ChecksumService;)Lorg/gradle/api/internal/artifacts/ivyservice/modulecache/ModuleRepositoryCacheProvider; 71 <appendix> member ; # org/gradle/api/internal/artifacts/DependencyManagementBuildTreeScopeServices$$Lambda+0x000001424d4f4d08
instanceKlass org/gradle/api/internal/artifacts/ivyservice/modulecache/artifacts/DefaultModuleArtifactCache$CachedArtifactSerializer
instanceKlass org/gradle/api/internal/artifacts/ivyservice/modulecache/artifacts/DefaultModuleArtifactCache$ArtifactAtRepositoryKeySerializer
instanceKlass org/gradle/api/internal/artifacts/ivyservice/modulecache/artifacts/CachedArtifact
instanceKlass org/gradle/api/internal/artifacts/ivyservice/modulecache/artifacts/CachedArtifacts
instanceKlass org/gradle/api/internal/artifacts/ivyservice/modulecache/ModuleMetadataSerializer
instanceKlass org/gradle/api/internal/artifacts/ivyservice/modulecache/ModuleMetadataStore
instanceKlass org/gradle/api/internal/artifacts/ivyservice/modulecache/ModuleMetadataCache$CachedMetadata
instanceKlass org/gradle/api/internal/artifacts/ivyservice/modulecache/dynamicversions/ModuleVersionsCache$CachedModuleVersionList
instanceKlass  @bci org/gradle/api/internal/artifacts/DependencyManagementBuildTreeScopeServices createModuleRepositoryCacheProvider (Lorg/gradle/util/internal/BuildCommencedTimeProvider;Lorg/gradle/api/internal/artifacts/ImmutableModuleIdentifierFactory;Lorg/gradle/api/internal/artifacts/ivyservice/ArtifactCachesProvider;Lorg/gradle/api/internal/artifacts/ivyservice/resolveengine/result/AttributeContainerSerializer;Lorg/gradle/api/internal/artifacts/capability/CapabilitySelectorSerializer;Lorg/gradle/api/internal/artifacts/repositories/metadata/MavenMutableModuleMetadataFactory;Lorg/gradle/api/internal/artifacts/repositories/metadata/IvyMutableModuleMetadataFactory;Lorg/gradle/util/internal/SimpleMapInterner;Lorg/gradle/api/internal/artifacts/ivyservice/modulecache/FileStoreAndIndexProvider;Lorg/gradle/api/internal/artifacts/ivyservice/modulecache/ModuleSourcesSerializer;Lorg/gradle/internal/hash/ChecksumService;)Lorg/gradle/api/internal/artifacts/ivyservice/modulecache/ModuleRepositoryCacheProvider; 26 <appendix> member ; # org/gradle/api/internal/artifacts/DependencyManagementBuildTreeScopeServices$$Lambda+0x000001424d4eb808
# instanceKlass java/lang/invoke/LambdaForm$MH+0x000001424d4f2400
# instanceKlass java/lang/invoke/LambdaForm$MH+0x000001424d4f2000
# instanceKlass java/lang/invoke/LambdaForm$MH+0x000001424d4f1c00
# instanceKlass java/lang/invoke/LambdaForm$MH+0x000001424d4f1800
# instanceKlass java/lang/invoke/LambdaForm$MH+0x000001424d4f1400
# instanceKlass java/lang/invoke/LambdaForm$MH+0x000001424d4f1000
# instanceKlass java/lang/invoke/LambdaForm$MH+0x000001424d4f0c00
# instanceKlass java/lang/invoke/LambdaForm$MH+0x000001424d4f0800
# instanceKlass java/lang/invoke/LambdaForm$MH+0x000001424d4f0400
# instanceKlass java/lang/invoke/LambdaForm$MH+0x000001424d4f0000
# instanceKlass java/lang/invoke/LambdaForm$MH+0x000001424d4eac00
# instanceKlass java/lang/invoke/LambdaForm$MH+0x000001424d4ea800
instanceKlass org/gradle/internal/component/model/ModuleSources
instanceKlass org/gradle/api/internal/artifacts/ivyservice/ivyresolve/ModuleDescriptorHashCodec
instanceKlass org/gradle/api/internal/artifacts/repositories/metadata/MetadataFileSource
instanceKlass org/gradle/internal/component/model/PersistentModuleSource
instanceKlass org/gradle/internal/component/model/ModuleSource
instanceKlass org/gradle/api/internal/artifacts/repositories/metadata/DefaultMetadataFileSourceCodec
instanceKlass org/gradle/internal/component/model/PersistentModuleSource$Codec
instanceKlass it/unimi/dsi/fastutil/longs/Long2ObjectFunctions$SynchronizedFunction
instanceKlass it/unimi/dsi/fastutil/longs/Long2ObjectMaps
# instanceKlass java/lang/invoke/LambdaForm$MH+0x000001424d4ea400
instanceKlass org/gradle/api/internal/artifacts/DependencyManagementBuildScopeServices$2
instanceKlass  @bci org/gradle/api/internal/artifacts/ivyservice/ivyresolve/verification/DependencyVerificationOverride <clinit> ()V 0 <appendix> argL0 ; # org/gradle/api/internal/artifacts/ivyservice/ivyresolve/verification/DependencyVerificationOverride$$Lambda+0x000001424d4e7408
instanceKlass  @bci org/gradle/api/internal/artifacts/DependencyManagementBuildScopeServices createDependencyVerificationOverride (Lorg/gradle/api/internal/artifacts/ivyservice/ivyresolve/StartParameterResolutionOverride;Lorg/gradle/internal/operations/BuildOperationExecutor;Lorg/gradle/internal/hash/ChecksumService;Lorg/gradle/api/internal/artifacts/verification/signatures/SignatureVerificationServiceFactory;Lorg/gradle/api/internal/DocumentationRegistry;Lorg/gradle/internal/event/ListenerManager;Lorg/gradle/util/internal/BuildCommencedTimeProvider;Lorg/gradle/internal/service/ServiceRegistry;Lorg/gradle/internal/resource/local/FileResourceListener;)Lorg/gradle/api/internal/artifacts/ivyservice/ivyresolve/verification/DependencyVerificationOverride; 11 <appendix> member <vmtarget> ; # org/gradle/api/internal/artifacts/DependencyManagementBuildScopeServices$$Lambda+0x000001424d4e71f0
# instanceKlass java/lang/invoke/LambdaForm$MH+0x000001424d4ea000
# instanceKlass java/lang/invoke/LambdaForm$MH+0x000001424d4e9c00
# instanceKlass java/lang/invoke/LambdaForm$MH+0x000001424d4e9800
# instanceKlass java/lang/invoke/LambdaForm$MH+0x000001424d4e9400
# instanceKlass java/lang/invoke/LambdaForm$MH+0x000001424d4e9000
# instanceKlass java/lang/invoke/LambdaForm$MH+0x000001424d4e8c00
# instanceKlass java/lang/invoke/LambdaForm$MH+0x000001424d4e8800
# instanceKlass java/lang/invoke/LambdaForm$MH+0x000001424d4e8400
# instanceKlass java/lang/invoke/LambdaForm$MH+0x000001424d4e8000
instanceKlass org/gradle/api/internal/artifacts/verification/signatures/SignatureVerificationService
instanceKlass org/gradle/security/internal/PublicKeyService
instanceKlass org/gradle/api/internal/artifacts/verification/signatures/DefaultSignatureVerificationServiceFactory
# instanceKlass java/lang/invoke/LambdaForm$MH+0x000001424d4e6c00
# instanceKlass java/lang/invoke/LambdaForm$MH+0x000001424d4e6800
# instanceKlass java/lang/invoke/LambdaForm$MH+0x000001424d4e6400
# instanceKlass java/lang/invoke/LambdaForm$MH+0x000001424d4e6000
# instanceKlass java/lang/invoke/LambdaForm$MH+0x000001424d4e5c00
# instanceKlass java/lang/invoke/LambdaForm$MH+0x000001424d4e5800
# instanceKlass java/lang/invoke/LambdaForm$MH+0x000001424d4e5400
# instanceKlass java/lang/invoke/LambdaForm$MH+0x000001424d4e5000
# instanceKlass java/lang/invoke/LambdaForm$MH+0x000001424d4e4c00
# instanceKlass java/lang/invoke/LambdaForm$MH+0x000001424d4e4800
instanceKlass org/gradle/api/internal/artifacts/ivyservice/resolveengine/store/StoreSet
# instanceKlass java/lang/invoke/LambdaForm$MH+0x000001424d4e4400
# instanceKlass java/lang/invoke/LambdaForm$MH+0x000001424d4e4000
# instanceKlass java/lang/invoke/LambdaForm$MH+0x000001424d4e3c00
# instanceKlass java/lang/invoke/LambdaForm$MH+0x000001424d4e3800
# instanceKlass java/lang/invoke/LambdaForm$MH+0x000001424d4e3400
# instanceKlass java/lang/invoke/LambdaForm$MH+0x000001424d4e3000
# instanceKlass java/lang/invoke/LambdaForm$MH+0x000001424d4e2c00
# instanceKlass java/lang/invoke/LambdaForm$MH+0x000001424d4e2800
# instanceKlass java/lang/invoke/LambdaForm$MH+0x000001424d4e2400
# instanceKlass java/lang/invoke/LambdaForm$MH+0x000001424d4e2000
# instanceKlass java/lang/invoke/LambdaForm$MH+0x000001424d4e1c00
# instanceKlass java/lang/invoke/LambdaForm$MH+0x000001424d4e1800
# instanceKlass java/lang/invoke/LambdaForm$MH+0x000001424d4e1400
# instanceKlass java/lang/invoke/LambdaForm$MH+0x000001424d4e1000
# instanceKlass java/lang/invoke/LambdaForm$MH+0x000001424d4e0c00
# instanceKlass java/lang/invoke/LambdaForm$MH+0x000001424d4e0800
# instanceKlass java/lang/invoke/LambdaForm$MH+0x000001424d4e0400
instanceKlass  @bci org/gradle/api/internal/artifacts/DependencyManagementBuildTreeScopeServices createModuleRepositoryCacheProvider (Lorg/gradle/util/internal/BuildCommencedTimeProvider;Lorg/gradle/api/internal/artifacts/ImmutableModuleIdentifierFactory;Lorg/gradle/api/internal/artifacts/ivyservice/ArtifactCachesProvider;Lorg/gradle/api/internal/artifacts/ivyservice/resolveengine/result/AttributeContainerSerializer;Lorg/gradle/api/internal/artifacts/capability/CapabilitySelectorSerializer;Lorg/gradle/api/internal/artifacts/repositories/metadata/MavenMutableModuleMetadataFactory;Lorg/gradle/api/internal/artifacts/repositories/metadata/IvyMutableModuleMetadataFactory;Lorg/gradle/util/internal/SimpleMapInterner;Lorg/gradle/api/internal/artifacts/ivyservice/modulecache/FileStoreAndIndexProvider;Lorg/gradle/api/internal/artifacts/ivyservice/modulecache/ModuleSourcesSerializer;Lorg/gradle/internal/hash/ChecksumService;)Lorg/gradle/api/internal/artifacts/ivyservice/modulecache/ModuleRepositoryCacheProvider; 26 <appendix> form v ; # java/lang/invoke/LambdaForm$DMH+0x000001424d4e0000
instanceKlass org/gradle/api/internal/artifacts/dsl/dependencies/GradlePluginVariantsSupport
instanceKlass  @bci org/gradle/internal/component/resolution/failure/ResolutionFailureHandler configureAdditionalDataBuilder (Lorg/gradle/api/problems/internal/AdditionalDataBuilderFactory;)V 12 <appendix> argL0 ; # org/gradle/internal/component/resolution/failure/ResolutionFailureHandler$$Lambda+0x000001424d4de0f0
instanceKlass org/gradle/api/problems/internal/AdditionalDataBuilder
instanceKlass org/gradle/api/problems/internal/ResolutionFailureDataSpec
instanceKlass org/gradle/internal/component/resolution/failure/transform/TransformData
instanceKlass org/gradle/internal/component/resolution/failure/transform/TransformationChainData
instanceKlass org/gradle/internal/component/resolution/failure/transform/SourceVariantData
instanceKlass org/gradle/internal/component/resolution/failure/interfaces/GraphNodesValidationFailure
instanceKlass org/gradle/internal/component/resolution/failure/interfaces/GraphValidationFailure
instanceKlass org/gradle/internal/component/resolution/failure/interfaces/ArtifactSelectionFailure
instanceKlass org/gradle/internal/component/resolution/failure/interfaces/VariantSelectionByNameFailure
instanceKlass org/gradle/internal/component/resolution/failure/formatting/StyledAttributeDescriber
instanceKlass org/gradle/internal/component/resolution/failure/interfaces/VariantSelectionByAttributesFailure
instanceKlass org/gradle/internal/component/resolution/failure/interfaces/VariantSelectionFailure
instanceKlass  @bci org/gradle/internal/component/resolution/failure/ResolutionFailureDescriberRegistry registerDescriber (Ljava/lang/Class;Ljava/lang/Class;)V 23 <appendix> argL0 ; # org/gradle/internal/component/resolution/failure/ResolutionFailureDescriberRegistry$$Lambda+0x000001424d4d5a30
instanceKlass  @bci jdk/internal/reflect/MethodHandleIntegerFieldAccessorImpl setInt (Ljava/lang/Object;I)V 29 <adapter> ; # java/lang/invoke/LambdaForm$MH+0x000001424d4d2800
# instanceKlass java/lang/invoke/LambdaForm$DMH+0x000001424d4d2400
instanceKlass  @bci org/gradle/internal/instantiation/generator/AsmBackedClassGenerator$ClassBuilderImpl addManagedMethods (Ljava/util/List;Ljava/util/List;)V 116 <appendix> member <vmtarget> ; # org/gradle/internal/instantiation/generator/AsmBackedClassGenerator$ClassBuilderImpl$$Lambda+0x000001424d4c7bc8
instanceKlass  @bci org/gradle/internal/instantiation/generator/AsmBackedClassGenerator$ClassBuilderImpl addManagedMethods (Ljava/util/List;Ljava/util/List;)V 93 <adapter> ; # java/lang/invoke/LambdaForm$MH+0x000001424d4d2000
# instanceKlass java/lang/invoke/LambdaForm$DMH+0x000001424d4d1c00
instanceKlass  @bci org/gradle/internal/instantiation/generator/AsmBackedClassGenerator$ClassBuilderImpl addManagedMethods (Ljava/util/List;Ljava/util/List;)V 93 <appendix> form vmentry <vmtarget> ; # java/lang/invoke/LambdaForm$DMH+0x000001424d4d1800
instanceKlass  @bci org/gradle/internal/instantiation/generator/AsmBackedClassGenerator$ClassBuilderImpl addManagedMethods (Ljava/util/List;Ljava/util/List;)V 93 <appendix> member <vmtarget> ; # org/gradle/internal/instantiation/generator/AsmBackedClassGenerator$ClassBuilderImpl$$Lambda+0x000001424d4c79b0
instanceKlass  @cpi org/gradle/internal/instantiation/generator/AsmBackedClassGenerator$ClassBuilderImpl 1661 form vmentry <vmtarget> ; # java/lang/invoke/LambdaForm$DMH+0x000001424d4d1400
instanceKlass  @bci org/gradle/internal/instantiation/generator/AsmBackedClassGenerator$ClassBuilderImpl addManagedMethods (Ljava/util/List;Ljava/util/List;)V 72 <adapter> ; # java/lang/invoke/LambdaForm$MH+0x000001424d4d1000
# instanceKlass java/lang/invoke/LambdaForm$DMH+0x000001424d4d0c00
instanceKlass  @bci org/gradle/internal/instantiation/generator/AsmBackedClassGenerator$ClassBuilderImpl addManagedMethods (Ljava/util/List;Ljava/util/List;)V 72 <appendix> form vmentry <vmtarget> ; # java/lang/invoke/LambdaForm$DMH+0x000001424d4d0800
instanceKlass  @bci org/gradle/internal/instantiation/generator/AsmBackedClassGenerator$ClassBuilderImpl addManagedMethods (Ljava/util/List;Ljava/util/List;)V 72 <appendix> member <vmtarget> ; # org/gradle/internal/instantiation/generator/AsmBackedClassGenerator$ClassBuilderImpl$$Lambda+0x000001424d4c72d0
instanceKlass  @cpi org/gradle/internal/instantiation/generator/AsmBackedClassGenerator$ClassBuilderImpl 1658 form vmentry <vmtarget> ; # java/lang/invoke/LambdaForm$DMH+0x000001424d4d0400
instanceKlass  @bci org/gradle/internal/instantiation/generator/AsmBackedClassGenerator$ClassBuilderImpl addManagedMethods (Ljava/util/List;Ljava/util/List;)V 53 <appendix> member <vmtarget> ; # org/gradle/internal/instantiation/generator/AsmBackedClassGenerator$ClassBuilderImpl$$Lambda+0x000001424d4c6bf0
instanceKlass org/gradle/internal/component/resolution/failure/ResolutionCandidateAssessor$AssessedAttribute
instanceKlass org/gradle/api/internal/attributes/AttributeDescriber
instanceKlass org/gradle/internal/logging/text/TreeFormatter
instanceKlass org/gradle/internal/component/resolution/failure/ResolutionCandidateAssessor$AssessedCandidate
instanceKlass org/gradle/util/internal/VersionNumber
instanceKlass org/gradle/internal/component/resolution/failure/SelectionReasonAssessor$AssessedSelection$AssessedSelectionReason
instanceKlass org/gradle/internal/component/resolution/failure/describer/AbstractResolutionFailureDescriber
instanceKlass org/gradle/internal/component/resolution/failure/describer/ResolutionFailureDescriber
instanceKlass org/gradle/internal/component/resolution/failure/type/AbstractResolutionFailure
instanceKlass org/gradle/internal/component/resolution/failure/ResolutionFailureDescriberRegistry
instanceKlass org/gradle/internal/component/resolution/failure/interfaces/ResolutionFailure
# instanceKlass java/lang/invoke/LambdaForm$MH+0x000001424d4d0000
# instanceKlass java/lang/invoke/LambdaForm$MH+0x000001424d4c9c00
# instanceKlass java/lang/invoke/LambdaForm$MH+0x000001424d4c9800
# instanceKlass java/lang/invoke/LambdaForm$MH+0x000001424d4c9400
instanceKlass  @bci org/gradle/internal/model/InMemoryCacheFactory$IdentityLoadingCache <init> (ILjava/util/function/Function;)V 11 <appendix> member <vmtarget> ; # org/gradle/internal/model/InMemoryCacheFactory$IdentityLoadingCache$$Lambda+0x000001424d4c62c8
instanceKlass org/gradle/internal/model/InMemoryCacheFactory$IdentityKey
instanceKlass org/gradle/internal/model/InMemoryCacheFactory$IdentityLoadingCache
instanceKlass  @bci org/gradle/api/internal/attributes/AttributeSchemaServices <init> (Lorg/gradle/api/internal/attributes/immutable/ImmutableAttributesSchemaFactory;Lorg/gradle/api/internal/attributes/immutable/artifact/ImmutableArtifactTypeRegistryFactory;Lorg/gradle/internal/model/InMemoryCacheFactory;)V 22 <appendix> member <vmtarget> ; # org/gradle/api/internal/attributes/AttributeSchemaServices$$Lambda+0x000001424d4cb690
instanceKlass org/gradle/api/internal/attributes/matching/DefaultAttributeMatcher
instanceKlass org/gradle/api/internal/attributes/matching/AttributeMatcher
instanceKlass org/gradle/api/internal/artifacts/ivyservice/resolveengine/excludes/simple/DefaultExcludeNothing
instanceKlass org/gradle/api/internal/artifacts/ivyservice/resolveengine/excludes/specs/ExcludeNothing
instanceKlass org/gradle/api/internal/artifacts/ivyservice/resolveengine/excludes/factories/Unions
instanceKlass org/gradle/api/internal/artifacts/ivyservice/resolveengine/excludes/specs/ModuleExclude
instanceKlass org/gradle/api/internal/artifacts/ivyservice/resolveengine/excludes/specs/ModuleIdSetExclude
instanceKlass org/gradle/api/internal/artifacts/ivyservice/resolveengine/excludes/specs/ModuleIdExclude
instanceKlass org/gradle/api/internal/artifacts/ivyservice/resolveengine/excludes/specs/GroupExclude
instanceKlass org/gradle/api/internal/artifacts/ivyservice/resolveengine/excludes/specs/ExcludeAnyOf
instanceKlass org/gradle/api/internal/artifacts/ivyservice/resolveengine/excludes/specs/CompositeExclude
instanceKlass org/gradle/api/internal/artifacts/ivyservice/resolveengine/excludes/factories/AbstractIntersection
instanceKlass org/gradle/api/internal/artifacts/ivyservice/resolveengine/excludes/factories/Intersection
instanceKlass org/gradle/api/internal/artifacts/ivyservice/resolveengine/excludes/factories/Intersections
instanceKlass org/gradle/api/internal/artifacts/ivyservice/resolveengine/excludes/specs/ModuleSetExclude
instanceKlass org/gradle/api/internal/artifacts/ivyservice/resolveengine/excludes/specs/GroupSetExclude
instanceKlass org/gradle/api/internal/artifacts/ivyservice/resolveengine/excludes/simple/DefaultExcludeFactory
instanceKlass org/gradle/api/internal/artifacts/ivyservice/resolveengine/excludes/factories/DelegatingExcludeFactory
instanceKlass org/gradle/api/internal/artifacts/ivyservice/resolveengine/excludes/factories/CachingExcludeFactory$ConcurrentCache
instanceKlass org/gradle/api/internal/artifacts/ivyservice/resolveengine/excludes/factories/CachingExcludeFactory$MergeCaches
instanceKlass org/gradle/api/internal/artifacts/ivyservice/resolveengine/excludes/factories/ExcludeFactory
instanceKlass  @bci org/gradle/api/internal/artifacts/DefaultDependencyManagementServices$DependencyResolutionScopeServices createRepositoriesSupplier (Lorg/gradle/api/artifacts/dsl/RepositoryHandler;Lorg/gradle/internal/management/DependencyResolutionManagementInternal;Lorg/gradle/api/internal/DomainObjectContext;)Lorg/gradle/api/internal/artifacts/RepositoriesSupplier; 3 <appendix> member <vmtarget> ; # org/gradle/api/internal/artifacts/DefaultDependencyManagementServices$DependencyResolutionScopeServices$$Lambda+0x000001424d4c2710
instanceKlass com/google/common/collect/MapMakerInternalMap$StrongKeyDummyValueEntry$Helper
instanceKlass  @bci org/gradle/api/internal/collections/SortedSetElementSource <init> (Ljava/util/Comparator;)V 12 <appendix> argL0 ; # org/gradle/api/internal/collections/SortedSetElementSource$$Lambda+0x000001424d4c5180
instanceKlass org/gradle/api/Namer$Comparator
instanceKlass org/gradle/api/internal/collections/SortedSetElementSource
instanceKlass org/gradle/api/Named$Namer
# instanceKlass java/lang/invoke/LambdaForm$MH+0x000001424d4c9000
# instanceKlass java/lang/invoke/LambdaForm$MH+0x000001424d4c8c00
# instanceKlass java/lang/invoke/LambdaForm$MH+0x000001424d4c8800
# instanceKlass java/lang/invoke/LambdaForm$MH+0x000001424d4c8400
# instanceKlass java/lang/invoke/LambdaForm$MH+0x000001424d4c8000
instanceKlass org/gradle/declarative/dsl/model/annotations/internal/DeclarativeWithHiddenMembers
instanceKlass org/gradle/api/reflect/TypeOf
instanceKlass groovy/lang/Buildable
instanceKlass groovy/lang/Writable
instanceKlass  @bci org/gradle/internal/management/DefaultDependencyResolutionManagement <init> (Lorg/gradle/internal/code/UserCodeApplicationContext;Lorg/gradle/api/internal/artifacts/DependencyManagementServices;Lorg/gradle/api/model/ObjectFactory;Lorg/gradle/api/internal/CollectionCallbackActionDecorator;)V 82 <appendix> member <vmtarget> ; # org/gradle/internal/management/DefaultDependencyResolutionManagement$$Lambda+0x000001424d4c11a8
instanceKlass org/gradle/internal/management/DefaultDependencyResolutionManagement$ComponentMetadataRulesRegistar
instanceKlass org/gradle/api/initialization/dsl/VersionCatalogBuilder
instanceKlass org/gradle/api/reflect/HasPublicType
instanceKlass org/gradle/api/initialization/resolve/MutableVersionCatalogContainer
instanceKlass org/gradle/internal/management/DefaultDependencyResolutionManagement
instanceKlass  @bci org/gradle/api/internal/artifacts/DefaultArtifactRepositoryContainer <init> (Lorg/gradle/internal/reflect/Instantiator;Lorg/gradle/api/internal/CollectionCallbackActionDecorator;)V 27 <appendix> member <vmtarget> ; # org/gradle/api/internal/artifacts/DefaultArtifactRepositoryContainer$$Lambda+0x000001424d4b7300
instanceKlass  @bci org/gradle/api/internal/artifacts/DefaultArtifactRepositoryContainer <init> (Lorg/gradle/internal/reflect/Instantiator;Lorg/gradle/api/internal/CollectionCallbackActionDecorator;)V 17 <appendix> member <vmtarget> ; # org/gradle/api/internal/artifacts/DefaultArtifactRepositoryContainer$$Lambda+0x000001424d4b70e8
instanceKlass org/gradle/api/internal/collections/AbstractIterationOrderRetainingElementSource$RealizedElementCollectionIterator
instanceKlass org/gradle/api/internal/DefaultNamedDomainObjectCollection$UnfilteredIndex
instanceKlass  @bci org/gradle/api/internal/DefaultDomainObjectCollection <init> (Ljava/lang/Class;Lorg/gradle/api/internal/collections/ElementSource;Lorg/gradle/api/internal/collections/CollectionEventRegister;)V 37 <appendix> member <vmtarget> ; # org/gradle/api/internal/DefaultDomainObjectCollection$$Lambda+0x000001424d4bb890
instanceKlass org/gradle/api/internal/lambdas/SerializableLambdas$SerializableAction
instanceKlass org/gradle/api/internal/collections/DefaultCollectionEventRegister
instanceKlass  @bci org/gradle/api/internal/collections/AbstractIterationOrderRetainingElementSource <init> ()V 27 <appendix> argL0 ; # org/gradle/api/internal/collections/AbstractIterationOrderRetainingElementSource$$Lambda+0x000001424d4bb1d8
instanceKlass  @bci org/gradle/api/internal/collections/ListElementSource <clinit> ()V 0 <appendix> argL0 ; # org/gradle/api/internal/collections/ListElementSource$$Lambda+0x000001424d4bafc8
instanceKlass org/gradle/api/internal/collections/AbstractIterationOrderRetainingElementSource$ValuePointer
instanceKlass org/gradle/api/internal/collections/AbstractIterationOrderRetainingElementSource
instanceKlass org/gradle/api/internal/artifacts/DefaultArtifactRepositoryContainer$RepositoryNamer
instanceKlass java/lang/SafeVarargs
instanceKlass org/gradle/declarative/dsl/model/annotations/Adding
instanceKlass com/google/common/reflect/Types$WildcardTypeImpl
instanceKlass sun/reflect/generics/tree/ArrayTypeSignature
instanceKlass sun/reflect/generics/tree/IntSignature
instanceKlass com/google/common/reflect/Types$ClassOwnership$1LocalClass
instanceKlass com/google/common/reflect/Types$ParameterizedTypeImpl
instanceKlass com/google/common/reflect/Types
instanceKlass sun/reflect/misc/ReflectUtil
instanceKlass com/google/common/reflect/TypeResolver$TypeVariableKey
instanceKlass com/google/common/reflect/TypeResolver$TypeTable
instanceKlass com/google/common/reflect/TypeResolver
instanceKlass java/lang/reflect/AnnotatedType
instanceKlass com/google/common/reflect/TypeVisitor
instanceKlass com/google/common/reflect/Invokable
instanceKlass org/gradle/api/internal/collections/CollectionFilter
instanceKlass org/gradle/api/artifacts/repositories/FlatDirectoryArtifactRepository
instanceKlass org/gradle/api/artifacts/repositories/MavenArtifactRepository
instanceKlass org/gradle/api/artifacts/repositories/RepositoryContentDescriptor
instanceKlass org/gradle/api/artifacts/repositories/InclusiveRepositoryContentDescriptor
instanceKlass org/gradle/api/artifacts/repositories/IvyArtifactRepository
instanceKlass org/gradle/api/artifacts/repositories/MetadataSupplierAware
instanceKlass org/gradle/api/artifacts/repositories/AuthenticationSupported
instanceKlass org/gradle/api/artifacts/repositories/UrlArtifactRepository
instanceKlass org/gradle/api/internal/collections/IndexedElementSource
instanceKlass org/gradle/api/Rule
instanceKlass org/gradle/api/NamedDomainObjectCollectionSchema
instanceKlass org/gradle/api/internal/DefaultNamedDomainObjectCollection$Index
instanceKlass org/gradle/api/internal/collections/ElementSource
instanceKlass org/gradle/api/internal/collections/CollectionEventRegister
instanceKlass org/gradle/api/internal/collections/EventSubscriptionVerifier
instanceKlass org/gradle/api/internal/artifacts/dsl/RepositoryHandlerInternal
instanceKlass org/gradle/api/internal/artifacts/ivyservice/ivyresolve/parser/GradleModuleMetadataParser
instanceKlass org/gradle/api/internal/artifacts/ivyservice/ivyresolve/strategy/MavenVersionSelectorScheme
instanceKlass org/gradle/api/internal/artifacts/ivyservice/ivyresolve/parser/PomParent
instanceKlass org/gradle/api/internal/artifacts/ivyservice/ivyresolve/parser/AbstractModuleDescriptorParser
instanceKlass org/gradle/api/artifacts/repositories/AuthenticationContainer
instanceKlass org/gradle/api/artifacts/repositories/ArtifactRepository
instanceKlass org/gradle/api/internal/artifacts/repositories/DefaultBaseRepositoryFactory
# instanceKlass java/lang/invoke/LambdaForm$MH+0x000001424d4b1c00
# instanceKlass java/lang/invoke/LambdaForm$MH+0x000001424d4b1800
# instanceKlass java/lang/invoke/LambdaForm$MH+0x000001424d4b1400
# instanceKlass java/lang/invoke/LambdaForm$MH+0x000001424d4b1000
# instanceKlass java/lang/invoke/LambdaForm$MH+0x000001424d4b0c00
# instanceKlass java/lang/invoke/LambdaForm$MH+0x000001424d4b0800
# instanceKlass java/lang/invoke/LambdaForm$MH+0x000001424d4b0400
# instanceKlass java/lang/invoke/LambdaForm$MH+0x000001424d4b0000
# instanceKlass java/lang/invoke/LambdaForm$MH+0x000001424d4afc00
# instanceKlass java/lang/invoke/LambdaForm$MH+0x000001424d4af800
# instanceKlass java/lang/invoke/LambdaForm$MH+0x000001424d4af400
# instanceKlass java/lang/invoke/LambdaForm$MH+0x000001424d4af000
# instanceKlass java/lang/invoke/LambdaForm$MH+0x000001424d4aec00
# instanceKlass java/lang/invoke/LambdaForm$MH+0x000001424d4ae800
# instanceKlass java/lang/invoke/LambdaForm$MH+0x000001424d4ae400
# instanceKlass java/lang/invoke/LambdaForm$MH+0x000001424d4ae000
# instanceKlass java/lang/invoke/LambdaForm$MH+0x000001424d4adc00
# instanceKlass java/lang/invoke/LambdaForm$MH+0x000001424d4ad800
# instanceKlass java/lang/invoke/LambdaForm$MH+0x000001424d4ad400
# instanceKlass java/lang/invoke/LambdaForm$MH+0x000001424d4ad000
# instanceKlass java/lang/invoke/LambdaForm$MH+0x000001424d4acc00
# instanceKlass java/lang/invoke/LambdaForm$MH+0x000001424d4ac800
# instanceKlass java/lang/invoke/LambdaForm$MH+0x000001424d4ac400
instanceKlass org/gradle/internal/component/external/descriptor/Configuration
# instanceKlass java/lang/invoke/LambdaForm$MH+0x000001424d4ac000
instanceKlass org/gradle/api/internal/attributes/immutable/ImmutableAttributesSchema$ImmutableAttributeMatchingStrategy
instanceKlass org/gradle/internal/component/external/model/PreferJavaRuntimeVariant$PreferJarVariantUsageDisambiguationRule
instanceKlass org/gradle/internal/component/external/model/PreferJavaRuntimeVariant$PreferRuntimeVariantUsageDisambiguationRule
instanceKlass org/gradle/api/attributes/LibraryElements$Impl
instanceKlass org/gradle/api/attributes/LibraryElements
instanceKlass  @bci org/gradle/api/internal/model/NamedObjectInstantiator$2 <init> (Lorg/gradle/api/internal/model/NamedObjectInstantiator;Lorg/objectweb/asm/ClassVisitor;Lorg/gradle/model/internal/asm/AsmClassGenerator;Lorg/objectweb/asm/Type;)V 74 <appendix> member <vmtarget> ; # org/gradle/api/internal/model/NamedObjectInstantiator$2$$Lambda+0x000001424d4a3310
instanceKlass  @bci org/gradle/api/internal/model/NamedObjectInstantiator$2 <init> (Lorg/gradle/api/internal/model/NamedObjectInstantiator;Lorg/objectweb/asm/ClassVisitor;Lorg/gradle/model/internal/asm/AsmClassGenerator;Lorg/objectweb/asm/Type;)V 55 <appendix> member <vmtarget> ; # org/gradle/api/internal/model/NamedObjectInstantiator$2$$Lambda+0x000001424d4a2c38
instanceKlass org/gradle/api/attributes/Usage$Impl
instanceKlass  @bci org/gradle/api/internal/model/NamedObjectInstantiator$1 <init> (Lorg/gradle/api/internal/model/NamedObjectInstantiator;Lorg/objectweb/asm/ClassVisitor;Lorg/gradle/model/internal/asm/AsmClassGenerator;Lorg/objectweb/asm/Type;[Ljava/lang/String;Lorg/objectweb/asm/Type;)V 191 <appendix> member <vmtarget> ; # org/gradle/api/internal/model/NamedObjectInstantiator$1$$Lambda+0x000001424d4a2000
instanceKlass  @bci org/gradle/api/internal/model/NamedObjectInstantiator$1 <init> (Lorg/gradle/api/internal/model/NamedObjectInstantiator;Lorg/objectweb/asm/ClassVisitor;Lorg/gradle/model/internal/asm/AsmClassGenerator;Lorg/objectweb/asm/Type;[Ljava/lang/String;Lorg/objectweb/asm/Type;)V 176 <appendix> member <vmtarget> ; # org/gradle/api/internal/model/NamedObjectInstantiator$1$$Lambda+0x000001424d4a78f8
instanceKlass  @bci org/gradle/api/internal/model/NamedObjectInstantiator$1 <init> (Lorg/gradle/api/internal/model/NamedObjectInstantiator;Lorg/objectweb/asm/ClassVisitor;Lorg/gradle/model/internal/asm/AsmClassGenerator;Lorg/objectweb/asm/Type;[Ljava/lang/String;Lorg/objectweb/asm/Type;)V 161 <appendix> member <vmtarget> ; # org/gradle/api/internal/model/NamedObjectInstantiator$1$$Lambda+0x000001424d4a7220
instanceKlass  @bci org/gradle/api/internal/model/NamedObjectInstantiator$1 <init> (Lorg/gradle/api/internal/model/NamedObjectInstantiator;Lorg/objectweb/asm/ClassVisitor;Lorg/gradle/model/internal/asm/AsmClassGenerator;Lorg/objectweb/asm/Type;[Ljava/lang/String;Lorg/objectweb/asm/Type;)V 142 <appendix> member <vmtarget> ; # org/gradle/api/internal/model/NamedObjectInstantiator$1$$Lambda+0x000001424d4a6b48
instanceKlass  @bci org/gradle/api/internal/model/NamedObjectInstantiator$1 <init> (Lorg/gradle/api/internal/model/NamedObjectInstantiator;Lorg/objectweb/asm/ClassVisitor;Lorg/gradle/model/internal/asm/AsmClassGenerator;Lorg/objectweb/asm/Type;[Ljava/lang/String;Lorg/objectweb/asm/Type;)V 125 <appendix> member <vmtarget> ; # org/gradle/api/internal/model/NamedObjectInstantiator$1$$Lambda+0x000001424d4a6470
instanceKlass  @bci org/gradle/api/internal/model/NamedObjectInstantiator$1 <init> (Lorg/gradle/api/internal/model/NamedObjectInstantiator;Lorg/objectweb/asm/ClassVisitor;Lorg/gradle/model/internal/asm/AsmClassGenerator;Lorg/objectweb/asm/Type;[Ljava/lang/String;Lorg/objectweb/asm/Type;)V 108 <appendix> member <vmtarget> ; # org/gradle/api/internal/model/NamedObjectInstantiator$1$$Lambda+0x000001424d4a5d98
instanceKlass  @bci org/gradle/api/internal/model/NamedObjectInstantiator$1 <init> (Lorg/gradle/api/internal/model/NamedObjectInstantiator;Lorg/objectweb/asm/ClassVisitor;Lorg/gradle/model/internal/asm/AsmClassGenerator;Lorg/objectweb/asm/Type;[Ljava/lang/String;Lorg/objectweb/asm/Type;)V 91 <appendix> member <vmtarget> ; # org/gradle/api/internal/model/NamedObjectInstantiator$1$$Lambda+0x000001424d4a56c0
instanceKlass org/gradle/model/internal/type/ClassTypeWrapper
instanceKlass org/gradle/model/internal/type/TypeWrapper
instanceKlass org/gradle/model/internal/type/ModelType
instanceKlass org/gradle/model/internal/inspect/FormattingValidationProblemCollector
instanceKlass org/gradle/api/attributes/Usage
instanceKlass org/gradle/internal/resource/local/CompositeLocallyAvailableResourceFinder
instanceKlass org/gradle/internal/resource/local/ivy/PatternBasedLocallyAvailableResourceFinder$1
instanceKlass org/gradle/util/internal/MavenUtil
instanceKlass  @bci org/gradle/api/internal/artifacts/repositories/resolver/AbstractResourcePattern isOptionalToken ([Ljava/lang/String;)Z 38 <appendix> form vmentry <vmtarget> ; # java/lang/invoke/LambdaForm$MH+0x000001424d4a1800
# instanceKlass java/lang/invoke/LambdaForm$MH+0x000001424d4a1400
instanceKlass  @bci org/gradle/api/internal/artifacts/repositories/resolver/AbstractResourcePattern isOptionalToken ([Ljava/lang/String;)Z 38 <appendix> argL3 form vmentry <vmtarget> ; # java/lang/invoke/LambdaForm$MH+0x000001424d4a1000
# instanceKlass java/lang/invoke/LambdaForm$MH+0x000001424d4a0c00
instanceKlass  @bci org/gradle/api/internal/artifacts/repositories/resolver/AbstractResourcePattern isOptionalToken ([Ljava/lang/String;)Z 38 <appendix> argL2 form vmentry <vmtarget> ; # java/lang/invoke/LambdaForm$MH+0x000001424d4a0800
# instanceKlass java/lang/invoke/LambdaForm$MH+0x000001424d4a0400
# instanceKlass java/lang/invoke/LambdaForm$MH+0x000001424d4a0000
instanceKlass org/gradle/api/internal/artifacts/repositories/resolver/AbstractResourcePattern
instanceKlass  @bci org/gradle/internal/resource/local/LocallyAvailableResourceFinderSearchableFileStoreAdapter <init> (Lorg/gradle/internal/resource/local/FileStoreSearcher;Lorg/gradle/internal/hash/ChecksumService;)V 2 <appendix> member <vmtarget> ; # org/gradle/internal/resource/local/LocallyAvailableResourceFinderSearchableFileStoreAdapter$$Lambda+0x000001424d49bc18
instanceKlass  @bci org/gradle/internal/resource/local/ivy/LocallyAvailableResourceFinderFactory create ()Lorg/gradle/internal/resource/local/LocallyAvailableResourceFinder; 14 <appendix> member <vmtarget> ; # org/gradle/internal/resource/local/ivy/LocallyAvailableResourceFinderFactory$$Lambda+0x000001424d49c418
instanceKlass org/gradle/internal/resource/local/LocallyAvailableResourceCandidates
instanceKlass org/gradle/internal/resource/local/AbstractLocallyAvailableResourceFinder
instanceKlass  @bci org/gradle/internal/resource/local/ivy/LocallyAvailableResourceFinderFactory buildRootCachesDirectories (Lorg/gradle/api/internal/artifacts/ivyservice/ArtifactCachesProvider;)Ljava/util/List; 14 <appendix> member <vmtarget> ; # org/gradle/internal/resource/local/ivy/LocallyAvailableResourceFinderFactory$$Lambda+0x000001424d49c1f0
instanceKlass org/gradle/api/internal/artifacts/repositories/resolver/ResourcePattern
instanceKlass org/gradle/internal/resource/local/ivy/LocallyAvailableResourceFinderFactory
# instanceKlass java/lang/invoke/LambdaForm$MH+0x000001424d49b400
# instanceKlass java/lang/invoke/LambdaForm$MH+0x000001424d49b000
# instanceKlass java/lang/invoke/LambdaForm$MH+0x000001424d49ac00
# instanceKlass java/lang/invoke/LambdaForm$MH+0x000001424d49a800
# instanceKlass java/lang/invoke/LambdaForm$MH+0x000001424d49a400
instanceKlass org/gradle/api/internal/artifacts/repositories/transport/RepositoryTransport
instanceKlass org/gradle/api/internal/artifacts/ivyservice/resolutionstrategy/ExternalResourceCachePolicy
instanceKlass org/gradle/internal/resource/connector/ResourceConnectorSpecification
instanceKlass  @bci org/gradle/api/internal/artifacts/DependencyManagementBuildScopeServices createRepositoryTransportFactory (Lorg/gradle/api/internal/file/temp/TemporaryFileProvider;Lorg/gradle/api/internal/artifacts/ivyservice/modulecache/FileStoreAndIndexProvider;Lorg/gradle/util/internal/BuildCommencedTimeProvider;Lorg/gradle/api/internal/artifacts/ivyservice/ArtifactCachesProvider;Ljava/util/List;Lorg/gradle/internal/operations/BuildOperationRunner;Lorg/gradle/cache/internal/ProducerGuard;Lorg/gradle/internal/resource/local/FileResourceRepository;Lorg/gradle/internal/hash/ChecksumService;Lorg/gradle/api/internal/artifacts/ivyservice/ivyresolve/StartParameterResolutionOverride;)Lorg/gradle/api/internal/artifacts/repositories/transport/RepositoryTransportFactory; 17 <appendix> member <vmtarget> ; # org/gradle/api/internal/artifacts/DependencyManagementBuildScopeServices$$Lambda+0x000001424d497748
# instanceKlass java/lang/invoke/LambdaForm$MH+0x000001424d49a000
# instanceKlass java/lang/invoke/LambdaForm$MH+0x000001424d499c00
# instanceKlass java/lang/invoke/LambdaForm$MH+0x000001424d499800
# instanceKlass java/lang/invoke/LambdaForm$MH+0x000001424d499400
# instanceKlass java/lang/invoke/LambdaForm$MH+0x000001424d499000
# instanceKlass java/lang/invoke/LambdaForm$MH+0x000001424d498c00
# instanceKlass java/lang/invoke/LambdaForm$MH+0x000001424d498800
# instanceKlass java/lang/invoke/LambdaForm$MH+0x000001424d498400
# instanceKlass java/lang/invoke/LambdaForm$MH+0x000001424d498000
# instanceKlass java/lang/invoke/LambdaForm$MH+0x000001424d494c00
# instanceKlass java/lang/invoke/LambdaForm$MH+0x000001424d494800
instanceKlass  @bci org/gradle/api/internal/artifacts/DependencyManagementBuildTreeScopeServices createFileStoreAndIndexProvider (Lorg/gradle/util/internal/BuildCommencedTimeProvider;Lorg/gradle/api/internal/artifacts/ivyservice/ArtifactCachesProvider;Lorg/gradle/internal/resource/cached/DefaultExternalResourceFileStore$Factory;Lorg/gradle/api/internal/filestore/DefaultArtifactIdentifierFileStore$Factory;)Lorg/gradle/api/internal/artifacts/ivyservice/modulecache/FileStoreAndIndexProvider; 111 <appendix> member <vmtarget> ; # org/gradle/api/internal/artifacts/DependencyManagementBuildTreeScopeServices$$Lambda+0x000001424d497520
instanceKlass  @bci org/gradle/api/internal/artifacts/DependencyManagementBuildTreeScopeServices createFileStoreAndIndexProvider (Lorg/gradle/util/internal/BuildCommencedTimeProvider;Lorg/gradle/api/internal/artifacts/ivyservice/ArtifactCachesProvider;Lorg/gradle/internal/resource/cached/DefaultExternalResourceFileStore$Factory;Lorg/gradle/api/internal/filestore/DefaultArtifactIdentifierFileStore$Factory;)Lorg/gradle/api/internal/artifacts/ivyservice/modulecache/FileStoreAndIndexProvider; 80 <appendix> member <vmtarget> ; # org/gradle/api/internal/artifacts/DependencyManagementBuildTreeScopeServices$$Lambda+0x000001424d4972f8
instanceKlass  @bci org/gradle/api/internal/filestore/DefaultArtifactIdentifierFileStore <clinit> ()V 10 <appendix> argL0 ; # org/gradle/api/internal/filestore/DefaultArtifactIdentifierFileStore$$Lambda+0x000001424d4970e8
instanceKlass org/gradle/api/internal/filestore/DefaultArtifactIdentifierFileStore$1
instanceKlass  @bci org/gradle/api/internal/artifacts/DependencyManagementBuildTreeScopeServices createFileStoreAndIndexProvider (Lorg/gradle/util/internal/BuildCommencedTimeProvider;Lorg/gradle/api/internal/artifacts/ivyservice/ArtifactCachesProvider;Lorg/gradle/internal/resource/cached/DefaultExternalResourceFileStore$Factory;Lorg/gradle/api/internal/filestore/DefaultArtifactIdentifierFileStore$Factory;)Lorg/gradle/api/internal/artifacts/ivyservice/modulecache/FileStoreAndIndexProvider; 60 <appendix> member <vmtarget> ; # org/gradle/api/internal/artifacts/DependencyManagementBuildTreeScopeServices$$Lambda+0x000001424d496c90
instanceKlass org/gradle/internal/resource/cached/CachedExternalResource
instanceKlass org/gradle/internal/resource/metadata/ExternalResourceMetaData
instanceKlass org/gradle/internal/resource/cached/DefaultCachedExternalResourceIndex$CachedExternalResourceSerializer
instanceKlass org/gradle/internal/resource/cached/CachedItem
instanceKlass  @bci org/gradle/api/internal/artifacts/ivyservice/ArtifactCachesProvider withReadOnlyCache (Ljava/util/function/BiFunction;)Ljava/util/Optional; 8 <appendix> member <vmtarget> ; # org/gradle/api/internal/artifacts/ivyservice/ArtifactCachesProvider$$Lambda+0x000001424d496438
instanceKlass  @cpi org/gradle/api/internal/artifacts/ivyservice/ArtifactCachesProvider 87 form vmentry <vmtarget> ; # java/lang/invoke/LambdaForm$DMH+0x000001424d494400
instanceKlass  @bci org/gradle/api/internal/artifacts/DependencyManagementBuildTreeScopeServices createFileStoreAndIndexProvider (Lorg/gradle/util/internal/BuildCommencedTimeProvider;Lorg/gradle/api/internal/artifacts/ivyservice/ArtifactCachesProvider;Lorg/gradle/internal/resource/cached/DefaultExternalResourceFileStore$Factory;Lorg/gradle/api/internal/filestore/DefaultArtifactIdentifierFileStore$Factory;)Lorg/gradle/api/internal/artifacts/ivyservice/modulecache/FileStoreAndIndexProvider; 16 <appendix> member <vmtarget> ; # org/gradle/api/internal/artifacts/DependencyManagementBuildTreeScopeServices$$Lambda+0x000001424d496210
instanceKlass org/gradle/api/file/FileVisitor
instanceKlass org/gradle/internal/resource/local/LocallyAvailableResource
instanceKlass org/gradle/internal/resource/local/DefaultPathKeyFileStore
instanceKlass  @bci org/gradle/internal/resource/cached/DefaultExternalResourceFileStore <clinit> ()V 10 <appendix> argL0 ; # org/gradle/internal/resource/cached/DefaultExternalResourceFileStore$$Lambda+0x000001424d496000
instanceKlass org/gradle/api/Namer
instanceKlass org/gradle/internal/resource/cached/DefaultExternalResourceFileStore$1
instanceKlass org/gradle/internal/resource/local/GroupedAndNamedUniqueFileStore$Grouper
instanceKlass org/gradle/internal/resource/local/PathKeyFileStore
instanceKlass org/gradle/internal/hash/ChecksumHasher
instanceKlass org/gradle/internal/hash/DefaultChecksumService
# instanceKlass java/lang/invoke/LambdaForm$MH+0x000001424d494000
# instanceKlass java/lang/invoke/LambdaForm$MH+0x000001424d493c00
# instanceKlass java/lang/invoke/LambdaForm$MH+0x000001424d493800
# instanceKlass java/lang/invoke/LambdaForm$MH+0x000001424d493400
# instanceKlass java/lang/invoke/LambdaForm$MH+0x000001424d493000
instanceKlass org/gradle/api/internal/artifacts/mvnsettings/DefaultLocalMavenRepositoryLocator$CurrentSystemPropertyAccess
instanceKlass org/gradle/api/internal/artifacts/mvnsettings/DefaultLocalMavenRepositoryLocator$SystemPropertyAccess
instanceKlass org/gradle/api/internal/artifacts/mvnsettings/DefaultLocalMavenRepositoryLocator
instanceKlass org/gradle/api/internal/artifacts/mvnsettings/DefaultMavenFileLocations
instanceKlass org/apache/maven/settings/building/SettingsBuildingRequest
instanceKlass org/apache/maven/settings/io/SettingsReader
instanceKlass org/gradle/api/internal/artifacts/mvnsettings/DefaultMavenSettingsProvider
# instanceKlass java/lang/invoke/LambdaForm$MH+0x000001424d492c00
# instanceKlass java/lang/invoke/LambdaForm$MH+0x000001424d492800
# instanceKlass java/lang/invoke/LambdaForm$MH+0x000001424d492400
# instanceKlass java/lang/invoke/LambdaForm$MH+0x000001424d492000
# instanceKlass java/lang/invoke/LambdaForm$MH+0x000001424d491c00
# instanceKlass java/lang/invoke/LambdaForm$MH+0x000001424d491800
# instanceKlass java/lang/invoke/LambdaForm$MH+0x000001424d491400
# instanceKlass java/lang/invoke/LambdaForm$MH+0x000001424d491000
# instanceKlass java/lang/invoke/LambdaForm$MH+0x000001424d490c00
# instanceKlass java/lang/invoke/LambdaForm$MH+0x000001424d490800
# instanceKlass java/lang/invoke/LambdaForm$MH+0x000001424d490400
instanceKlass  @bci org/gradle/api/internal/artifacts/DependencyManagementBuildTreeScopeServices createModuleRepositoryCacheProvider (Lorg/gradle/util/internal/BuildCommencedTimeProvider;Lorg/gradle/api/internal/artifacts/ImmutableModuleIdentifierFactory;Lorg/gradle/api/internal/artifacts/ivyservice/ArtifactCachesProvider;Lorg/gradle/api/internal/artifacts/ivyservice/resolveengine/result/AttributeContainerSerializer;Lorg/gradle/api/internal/artifacts/capability/CapabilitySelectorSerializer;Lorg/gradle/api/internal/artifacts/repositories/metadata/MavenMutableModuleMetadataFactory;Lorg/gradle/api/internal/artifacts/repositories/metadata/IvyMutableModuleMetadataFactory;Lorg/gradle/util/internal/SimpleMapInterner;Lorg/gradle/api/internal/artifacts/ivyservice/modulecache/FileStoreAndIndexProvider;Lorg/gradle/api/internal/artifacts/ivyservice/modulecache/ModuleSourcesSerializer;Lorg/gradle/internal/hash/ChecksumService;)Lorg/gradle/api/internal/artifacts/ivyservice/modulecache/ModuleRepositoryCacheProvider; 71 <appendix> form v ; # java/lang/invoke/LambdaForm$DMH+0x000001424d490000
instanceKlass org/gradle/api/internal/file/DefaultFileSystemLocation
instanceKlass org/gradle/internal/locking/LockFileReaderWriter
instanceKlass org/gradle/api/internal/provider/AbstractCollectionProperty$NoValueSupplier
instanceKlass org/gradle/api/internal/provider/AbstractCollectionProperty$EmptySupplier
instanceKlass org/gradle/api/internal/provider/ValidatingValueCollector
instanceKlass  @bci org/gradle/api/internal/provider/DefaultListProperty <clinit> ()V 0 <appendix> argL0 ; # org/gradle/api/internal/provider/DefaultListProperty$$Lambda+0x000001424d48e320
instanceKlass org/gradle/api/internal/provider/CollectionSupplier
instanceKlass org/gradle/api/internal/provider/Collector
instanceKlass org/gradle/api/internal/file/FileSystemLocationPropertyInternal
instanceKlass org/gradle/api/internal/provider/ValueSanitizers$4
instanceKlass  @bci org/gradle/internal/locking/LockEntryFilterFactory <clinit> ()V 8 <appendix> argL0 ; # org/gradle/internal/locking/LockEntryFilterFactory$$Lambda+0x000001424d486618
instanceKlass  @bci org/gradle/internal/locking/LockEntryFilterFactory <clinit> ()V 0 <appendix> argL0 ; # org/gradle/internal/locking/LockEntryFilterFactory$$Lambda+0x000001424d4863f8
instanceKlass org/gradle/api/internal/artifacts/dsl/dependencies/LockEntryFilter
instanceKlass org/gradle/internal/locking/LockEntryFilterFactory
instanceKlass org/gradle/internal/locking/DependencyLockingNotationConverter
instanceKlass org/gradle/api/internal/artifacts/dsl/dependencies/DependencyLockingState
instanceKlass org/gradle/internal/locking/DefaultDependencyLockingProvider
# instanceKlass java/lang/invoke/LambdaForm$MH+0x000001424d48bc00
# instanceKlass java/lang/invoke/LambdaForm$MH+0x000001424d48b800
# instanceKlass java/lang/invoke/LambdaForm$MH+0x000001424d48b400
# instanceKlass java/lang/invoke/LambdaForm$MH+0x000001424d48b000
# instanceKlass java/lang/invoke/LambdaForm$MH+0x000001424d48ac00
# instanceKlass java/lang/invoke/LambdaForm$MH+0x000001424d48a800
# instanceKlass java/lang/invoke/LambdaForm$MH+0x000001424d48a400
# instanceKlass java/lang/invoke/LambdaForm$MH+0x000001424d48a000
instanceKlass  @bci org/gradle/internal/model/InMemoryCacheFactory$CalculatedValueCache <init> (Lorg/gradle/internal/DisplayName;Lorg/gradle/internal/model/CalculatedValueContainerFactory;ILjava/util/function/Function;)V 14 <appendix> member <vmtarget> ; # org/gradle/internal/model/InMemoryCacheFactory$CalculatedValueCache$$Lambda+0x000001424d47fc28
instanceKlass org/gradle/internal/model/InMemoryCacheFactory$CalculatedValueCache
instanceKlass  @bci org/gradle/composite/internal/DefaultBuildTreeLocalComponentProvider <init> (Lorg/gradle/internal/model/InMemoryCacheFactory;Lorg/gradle/api/internal/artifacts/ivyservice/projectmodule/LocalComponentCache;Lorg/gradle/api/internal/project/ProjectStateRegistry;Lorg/gradle/internal/build/BuildStateRegistry;Lorg/gradle/api/internal/attributes/immutable/ImmutableAttributesSchemaFactory;Lorg/gradle/api/internal/artifacts/ImmutableModuleIdentifierFactory;Lorg/gradle/internal/component/local/model/LocalComponentGraphResolveStateFactory;)V 53 <appendix> member <vmtarget> ; # org/gradle/composite/internal/DefaultBuildTreeLocalComponentProvider$$Lambda+0x000001424d485068
# instanceKlass java/lang/invoke/LambdaForm$MH+0x000001424d489c00
# instanceKlass java/lang/invoke/LambdaForm$MH+0x000001424d489800
# instanceKlass java/lang/invoke/LambdaForm$MH+0x000001424d489400
# instanceKlass java/lang/invoke/LambdaForm$MH+0x000001424d489000
# instanceKlass java/lang/invoke/LambdaForm$MH+0x000001424d488c00
# instanceKlass java/lang/invoke/LambdaForm$MH+0x000001424d488800
# instanceKlass java/lang/invoke/LambdaForm$MH+0x000001424d488400
# instanceKlass java/lang/invoke/LambdaForm$MH+0x000001424d488000
instanceKlass org/gradle/util/internal/WrapUtil
instanceKlass org/gradle/api/internal/artifacts/ivyservice/moduleconverter/dependencies/AbstractDependencyMetadataConverter
instanceKlass org/gradle/api/internal/artifacts/ivyservice/moduleconverter/dependencies/DependencyMetadataConverter
instanceKlass org/gradle/internal/component/model/LocalOriginDependencyMetadata
instanceKlass org/gradle/internal/component/model/ForcingDependencyMetadata
instanceKlass org/gradle/internal/component/model/DependencyMetadata
instanceKlass org/gradle/api/internal/artifacts/ivyservice/moduleconverter/dependencies/DefaultDependencyMetadataFactory
instanceKlass  @bci org/gradle/api/internal/attributes/immutable/ImmutableAttributesSchemaFactory <init> (Lorg/gradle/internal/model/InMemoryCacheFactory;)V 28 <appendix> member <vmtarget> ; # org/gradle/api/internal/attributes/immutable/ImmutableAttributesSchemaFactory$$Lambda+0x000001424d467a98
instanceKlass org/gradle/api/internal/attributes/immutable/ImmutableAttributesSchemaFactory$SchemaPair
instanceKlass org/gradle/api/internal/attributes/immutable/ImmutableAttributesSchema
instanceKlass org/gradle/internal/model/InMemoryCacheFactory$DefaultInterner
instanceKlass  @bci org/gradle/api/internal/artifacts/ivyservice/projectmodule/LocalComponentCache <clinit> ()V 0 <appendix> argL0 ; # org/gradle/api/internal/artifacts/ivyservice/projectmodule/LocalComponentCache$$Lambda+0x000001424d467458
instanceKlass org/gradle/api/internal/artifacts/GlobalDependencyResolutionRules$CompositeSubstitutionRules
instanceKlass org/gradle/api/internal/AbstractTask
instanceKlass org/gradle/api/internal/file/copy/CopySpecSource
instanceKlass org/gradle/api/file/CopySpec
instanceKlass org/gradle/api/file/CopyProcessingSpec
instanceKlass org/gradle/api/file/ContentFilterable
instanceKlass org/gradle/api/file/CopySourceSpec
instanceKlass org/gradle/api/artifacts/ConfigurablePublishArtifact
# instanceKlass java/lang/invoke/LambdaForm$MH+0x000001424d47f400
# instanceKlass java/lang/invoke/LambdaForm$MH+0x000001424d47f000
# instanceKlass java/lang/invoke/LambdaForm$MH+0x000001424d47ec00
# instanceKlass java/lang/invoke/LambdaForm$MH+0x000001424d47e800
# instanceKlass java/lang/invoke/LambdaForm$MH+0x000001424d47e400
instanceKlass org/gradle/api/internal/artifacts/configurations/DefaultConfigurationServicesBundle
# instanceKlass java/lang/invoke/LambdaForm$MH+0x000001424d47e000
# instanceKlass java/lang/invoke/LambdaForm$MH+0x000001424d47dc00
# instanceKlass java/lang/invoke/LambdaForm$MH+0x000001424d47d800
# instanceKlass java/lang/invoke/LambdaForm$MH+0x000001424d47d400
# instanceKlass java/lang/invoke/LambdaForm$MH+0x000001424d47d000
# instanceKlass java/lang/invoke/LambdaForm$MH+0x000001424d47cc00
# instanceKlass java/lang/invoke/LambdaForm$MH+0x000001424d47c800
# instanceKlass java/lang/invoke/LambdaForm$MH+0x000001424d47c400
# instanceKlass java/lang/invoke/LambdaForm$MH+0x000001424d47c000
# instanceKlass java/lang/invoke/LambdaForm$MH+0x000001424d47bc00
# instanceKlass java/lang/invoke/LambdaForm$MH+0x000001424d47b800
# instanceKlass java/lang/invoke/LambdaForm$MH+0x000001424d47b400
# instanceKlass java/lang/invoke/LambdaForm$MH+0x000001424d47b000
# instanceKlass java/lang/invoke/LambdaForm$MH+0x000001424d47ac00
# instanceKlass java/lang/invoke/LambdaForm$MH+0x000001424d47a800
# instanceKlass java/lang/invoke/LambdaForm$DMH+0x000001424d47a400
# instanceKlass java/lang/invoke/LambdaForm$MH+0x000001424d47a000
# instanceKlass java/lang/invoke/LambdaForm$MH+0x000001424d479c00
# instanceKlass java/lang/invoke/LambdaForm$MH+0x000001424d479800
# instanceKlass java/lang/invoke/LambdaForm$MH+0x000001424d479400
instanceKlass org/gradle/api/internal/provider/CredentialsProviderFactory
instanceKlass java/lang/invoke/SerializedLambda
instanceKlass org/gradle/api/provider/ValueSourceSpec
instanceKlass org/gradle/api/file/FileContents
instanceKlass org/gradle/process/ExecOutput
instanceKlass org/gradle/api/internal/provider/DefaultProviderFactory
# instanceKlass java/lang/invoke/LambdaForm$MH+0x000001424d479000
# instanceKlass java/lang/invoke/LambdaForm$MH+0x000001424d478c00
# instanceKlass java/lang/invoke/LambdaForm$MH+0x000001424d478800
# instanceKlass java/lang/invoke/LambdaForm$MH+0x000001424d478400
# instanceKlass java/lang/invoke/LambdaForm$MH+0x000001424d478000
# instanceKlass java/lang/invoke/LambdaForm$MH+0x000001424d473c00
# instanceKlass java/lang/invoke/LambdaForm$MH+0x000001424d473800
instanceKlass org/gradle/api/internal/provider/sources/process/DelegatingExecSpec
instanceKlass org/gradle/api/internal/provider/sources/process/DelegatingJavaExecSpec
instanceKlass org/gradle/api/internal/provider/sources/process/ProviderCompatibleBaseExecSpec
instanceKlass org/gradle/api/internal/provider/sources/process/DelegatingBaseExecSpec
instanceKlass org/gradle/process/internal/DefaultExecSpecFactory
instanceKlass org/gradle/internal/inspection/DefaultTypeParameterInspection
instanceKlass org/gradle/api/provider/ValueSourceParameters$None
instanceKlass org/gradle/api/provider/ValueSourceParameters
instanceKlass org/gradle/api/provider/ValueSource
instanceKlass org/gradle/internal/isolated/IsolationScheme
instanceKlass org/gradle/internal/inspection/TypeParameterInspection
instanceKlass org/gradle/api/internal/provider/DefaultValueSourceProviderFactory
# instanceKlass java/lang/invoke/LambdaForm$MH+0x000001424d473400
# instanceKlass java/lang/invoke/LambdaForm$MH+0x000001424d473000
# instanceKlass java/lang/invoke/LambdaForm$MH+0x000001424d472c00
# instanceKlass java/lang/invoke/LambdaForm$MH+0x000001424d472800
# instanceKlass java/lang/invoke/LambdaForm$MH+0x000001424d472400
# instanceKlass java/lang/invoke/LambdaForm$MH+0x000001424d472000
# instanceKlass java/lang/invoke/LambdaForm$MH+0x000001424d471c00
# instanceKlass java/lang/invoke/LambdaForm$MH+0x000001424d471800
# instanceKlass java/lang/invoke/LambdaForm$MH+0x000001424d471400
# instanceKlass java/lang/invoke/LambdaForm$MH+0x000001424d471000
# instanceKlass java/lang/invoke/LambdaForm$MH+0x000001424d470c00
# instanceKlass java/lang/invoke/LambdaForm$MH+0x000001424d470800
# instanceKlass java/lang/invoke/LambdaForm$MH+0x000001424d470400
# instanceKlass java/lang/invoke/LambdaForm$MH+0x000001424d470000
# instanceKlass java/lang/invoke/LambdaForm$MH+0x000001424d46fc00
# instanceKlass java/lang/invoke/LambdaForm$MH+0x000001424d46f800
# instanceKlass java/lang/invoke/LambdaForm$MH+0x000001424d46f400
# instanceKlass java/lang/invoke/LambdaForm$MH+0x000001424d46f000
# instanceKlass java/lang/invoke/LambdaForm$MH+0x000001424d46ec00
# instanceKlass java/lang/invoke/LambdaForm$MH+0x000001424d46e800
# instanceKlass java/lang/invoke/LambdaForm$MH+0x000001424d46e400
# instanceKlass java/lang/invoke/LambdaForm$MH+0x000001424d46e000
# instanceKlass java/lang/invoke/LambdaForm$MH+0x000001424d46dc00
# instanceKlass java/lang/invoke/LambdaForm$MH+0x000001424d46d800
instanceKlass org/gradle/process/internal/DefaultExecActionFactory$BuilderImpl
instanceKlass org/gradle/process/internal/ExecFactory$Builder
# instanceKlass java/lang/invoke/LambdaForm$MH+0x000001424d46d400
# instanceKlass java/lang/invoke/LambdaForm$MH+0x000001424d46d000
# instanceKlass java/lang/invoke/LambdaForm$MH+0x000001424d46cc00
# instanceKlass java/lang/invoke/LambdaForm$MH+0x000001424d46c800
# instanceKlass java/lang/invoke/LambdaForm$MH+0x000001424d46c400
# instanceKlass java/lang/invoke/LambdaForm$MH+0x000001424d46c000
# instanceKlass java/lang/invoke/LambdaForm$MH+0x000001424d46bc00
instanceKlass org/gradle/cache/internal/DefaultFileContentCacheFactory$DefaultFileContentCache
instanceKlass org/gradle/internal/jvm/DefaultJavaModuleDetector$ModuleInfoLocator
instanceKlass org/gradle/internal/jvm/DefaultJavaModuleDetector
instanceKlass org/gradle/cache/internal/FileContentCache
instanceKlass org/gradle/cache/internal/DefaultFileContentCacheFactory
# instanceKlass java/lang/invoke/LambdaForm$MH+0x000001424d46b800
# instanceKlass java/lang/invoke/LambdaForm$MH+0x000001424d46b400
# instanceKlass java/lang/invoke/LambdaForm$MH+0x000001424d46b000
# instanceKlass java/lang/invoke/LambdaForm$MH+0x000001424d46ac00
# instanceKlass java/lang/invoke/LambdaForm$MH+0x000001424d46a800
instanceKlass org/gradle/process/internal/JavaForkOptionsInternal
instanceKlass org/gradle/process/internal/ExecHandleBuilder
instanceKlass org/gradle/process/internal/ExecAction
instanceKlass org/gradle/process/ExecSpec
instanceKlass org/gradle/process/internal/JavaExecAction
instanceKlass org/gradle/process/JavaExecSpec
instanceKlass org/gradle/process/BaseExecSpec
instanceKlass org/gradle/process/JavaForkOptions
instanceKlass org/gradle/process/ProcessForkOptions
instanceKlass org/gradle/process/internal/ExecHandleListener
instanceKlass org/gradle/process/internal/DefaultExecActionFactory
# instanceKlass java/lang/invoke/LambdaForm$MH+0x000001424d46a400
# instanceKlass java/lang/invoke/LambdaForm$MH+0x000001424d46a000
# instanceKlass java/lang/invoke/LambdaForm$MH+0x000001424d469c00
# instanceKlass java/lang/invoke/LambdaForm$MH+0x000001424d469800
# instanceKlass java/lang/invoke/LambdaForm$MH+0x000001424d469400
# instanceKlass java/lang/invoke/LambdaForm$MH+0x000001424d469000
# instanceKlass java/lang/invoke/LambdaForm$MH+0x000001424d468c00
# instanceKlass java/lang/invoke/LambdaForm$MH+0x000001424d468800
instanceKlass org/gradle/api/internal/project/BuildScopedTaskResolver
instanceKlass org/gradle/api/internal/DefaultCollectionCallbackActionDecorator
# instanceKlass java/lang/invoke/LambdaForm$MH+0x000001424d468400
# instanceKlass java/lang/invoke/LambdaForm$MH+0x000001424d468000
instanceKlass org/gradle/vcs/internal/resolver/OncePerBuildInvocationVcsVersionWorkingDirResolver
instanceKlass org/gradle/vcs/internal/resolver/DefaultVcsVersionWorkingDirResolver
# instanceKlass java/lang/invoke/LambdaForm$MH+0x000001424d465c00
# instanceKlass java/lang/invoke/LambdaForm$MH+0x000001424d465800
# instanceKlass java/lang/invoke/LambdaForm$MH+0x000001424d465400
# instanceKlass java/lang/invoke/LambdaForm$MH+0x000001424d465000
# instanceKlass java/lang/invoke/LambdaForm$MH+0x000001424d464c00
# instanceKlass java/lang/invoke/LambdaForm$MH+0x000001424d464800
# instanceKlass java/lang/invoke/LambdaForm$MH+0x000001424d464400
# instanceKlass java/lang/invoke/LambdaForm$MH+0x000001424d464000
instanceKlass org/gradle/vcs/internal/VersionRef
instanceKlass org/gradle/vcs/internal/resolver/PersistentVcsMetadataCache$VersionRefSerializer
instanceKlass org/gradle/api/internal/artifacts/ivyservice/ivyresolve/strategy/CachingVersionSelectorScheme
instanceKlass org/gradle/api/internal/artifacts/ivyservice/ivyresolve/strategy/VersionSelector
instanceKlass org/gradle/api/internal/artifacts/ivyservice/ivyresolve/strategy/DefaultVersionSelectorScheme
instanceKlass org/gradle/api/internal/artifacts/ivyservice/ivyresolve/strategy/StaticVersionComparator
instanceKlass org/gradle/api/internal/artifacts/ivyservice/ivyresolve/strategy/DefaultVersionComparator
instanceKlass  @bci org/gradle/cache/internal/DefaultCacheCleanupStrategyFactory daily (Lorg/gradle/cache/CleanupAction;)Lorg/gradle/cache/CacheCleanupStrategy; 5 <appendix> argL0 ; # org/gradle/cache/internal/DefaultCacheCleanupStrategyFactory$$Lambda+0x000001424d460228
instanceKlass org/gradle/internal/time/TimestampSuppliers$1
instanceKlass org/gradle/internal/time/TimestampSuppliers
instanceKlass org/gradle/internal/file/nio/ModificationTimeFileAccessTimeJournal
instanceKlass org/gradle/vcs/internal/DefaultVcsMappingsStore
instanceKlass org/gradle/vcs/internal/DefaultVcsMappingFactory
instanceKlass org/gradle/vcs/internal/services/DefaultVersionControlSpecFactory
instanceKlass org/gradle/internal/typeconversion/CharSequenceNotationConverter
instanceKlass org/gradle/api/internal/notations/ModuleIdentifierNotationConverter
instanceKlass org/gradle/internal/resource/transport/sftp/SftpConnectorFactory
instanceKlass org/gradle/internal/resource/transport/sftp/LockableSftpClient
instanceKlass com/jcraft/jsch/HostKeyRepository
instanceKlass com/jcraft/jsch/Logger
instanceKlass org/gradle/internal/resource/transport/sftp/SftpClientFactory$SftpClientCreator
instanceKlass org/gradle/internal/resource/transport/http/HttpConnectorFactory
instanceKlass org/gradle/internal/resource/transport/http/HttpClient
instanceKlass org/gradle/internal/resource/transport/http/ApacheCommonsHttpClientFactory
instanceKlass org/gradle/internal/resource/transport/http/DefaultSslContextFactory
instanceKlass org/gradle/internal/resource/transport/gcp/gcs/GcsConnectorFactory
instanceKlass org/gradle/internal/resource/transport/aws/s3/S3ConnectorFactory
instanceKlass org/gradle/internal/resource/transport/file/FileConnectorFactory
instanceKlass org/gradle/api/internal/artifacts/DefaultDependencyManagementServices$DefaultDependencyResolutionServices
instanceKlass org/gradle/api/internal/artifacts/ivyservice/moduleconverter/RootComponentProvider
instanceKlass org/gradle/api/internal/artifacts/ivyservice/DefaultConfigurationResolver
instanceKlass org/gradle/api/internal/artifacts/ConfigurationResolver
instanceKlass org/gradle/api/internal/artifacts/ivyservice/DefaultConfigurationResolver$Factory
instanceKlass org/gradle/api/internal/artifacts/ivyservice/ShortCircuitingResolutionExecutor
instanceKlass org/gradle/api/artifacts/ResolvedConfiguration
instanceKlass org/gradle/api/internal/artifacts/ivyservice/LenientConfigurationInternal
instanceKlass org/gradle/api/artifacts/LenientConfiguration
instanceKlass org/gradle/api/internal/artifacts/ivyservice/resolveengine/graph/DependencyGraphVisitor
instanceKlass org/gradle/api/internal/artifacts/ivyservice/resolveengine/artifact/VisitedArtifactSet
instanceKlass org/gradle/api/internal/artifacts/transform/TransformUpstreamDependenciesResolver
instanceKlass org/gradle/api/internal/artifacts/ivyservice/resolveengine/graph/results/VisitedGraphResults
instanceKlass org/gradle/api/internal/artifacts/ivyservice/resolveengine/artifact/DependencyArtifactsVisitor
instanceKlass org/gradle/api/internal/artifacts/ivyservice/ResolutionExecutor
instanceKlass org/gradle/api/internal/attributes/AttributeDescriberRegistry
instanceKlass org/gradle/internal/component/model/GraphVariantSelector
instanceKlass org/gradle/api/internal/artifacts/ivyservice/resolveengine/graph/conflicts/CandidateModule
instanceKlass org/gradle/api/internal/artifacts/ivyservice/resolveengine/graph/RootGraphNode
instanceKlass org/gradle/api/internal/artifacts/ivyservice/resolveengine/graph/builder/NodeState
instanceKlass org/gradle/api/internal/artifacts/ivyservice/resolveengine/graph/DependencyGraphNode
instanceKlass org/gradle/api/internal/artifacts/ivyservice/resolveengine/graph/ResolvedGraphVariant
instanceKlass org/gradle/internal/component/resolution/failure/ReportableAsProblem
instanceKlass org/apache/commons/lang3/tuple/Pair
instanceKlass org/gradle/api/internal/artifacts/ivyservice/resolveengine/graph/builder/DependencyGraphBuilder
instanceKlass org/gradle/api/internal/artifacts/ivyservice/resolveengine/ModuleConflictResolver
instanceKlass org/gradle/api/internal/artifacts/ivyservice/dependencysubstitution/DependencySubstitutionApplicator
instanceKlass org/gradle/api/internal/artifacts/ivyservice/resolveengine/DependencyGraphResolver
instanceKlass org/gradle/api/artifacts/query/ArtifactResolutionQuery
instanceKlass org/gradle/api/internal/artifacts/query/DefaultArtifactResolutionQueryFactory
instanceKlass org/gradle/api/internal/artifacts/DefaultComponentSelectorConverter
instanceKlass org/gradle/api/internal/artifacts/transform/VariantDefinition
instanceKlass org/gradle/api/internal/artifacts/transform/ConsumerProvidedVariantFinder
instanceKlass org/gradle/api/internal/artifacts/ivyservice/projectmodule/ProjectDependencyResolver
instanceKlass org/gradle/internal/resolve/resolver/DependencyToComponentIdResolver
instanceKlass org/gradle/internal/resolve/resolver/ComponentMetaDataResolver
instanceKlass org/gradle/api/internal/artifacts/ivyservice/projectmodule/DefaultLocalComponentRegistry
instanceKlass org/gradle/api/internal/artifacts/ivyservice/projectmodule/LocalComponentRegistry
instanceKlass org/gradle/api/internal/artifacts/ComponentSelectorConverter
instanceKlass org/gradle/api/internal/artifacts/configurations/CachePolicy
instanceKlass org/gradle/api/internal/artifacts/transform/DefaultTransformedVariantFactory$VariantKey
instanceKlass org/gradle/api/internal/artifacts/ivyservice/resolveengine/artifact/ResolvedArtifactSet$TransformSourceVisitor
instanceKlass org/gradle/api/internal/artifacts/transform/DefaultTransformedVariantFactory
instanceKlass org/gradle/api/internal/artifacts/transform/TransformedVariantFactory
instanceKlass org/gradle/api/internal/artifacts/GlobalDependencyResolutionRules
instanceKlass org/gradle/api/internal/artifacts/ConfigurationResolver$Factory
instanceKlass org/gradle/api/internal/artifacts/configurations/ResolutionStrategyFactory
instanceKlass org/gradle/api/internal/artifacts/configurations/DefaultConfigurationFactory
instanceKlass org/gradle/api/internal/artifacts/dsl/DefaultComponentMetadataHandler
instanceKlass org/gradle/api/internal/artifacts/ResolveExceptionMapper
instanceKlass org/gradle/api/artifacts/dsl/DependencyLockingHandler
instanceKlass org/gradle/internal/component/resolution/failure/ResolutionFailureHandler
instanceKlass org/gradle/internal/component/resolution/failure/transform/TransformedVariantConverter
instanceKlass org/gradle/api/file/ProjectLayout
instanceKlass org/gradle/api/internal/artifacts/repositories/DefaultUrlArtifactRepository$Factory
instanceKlass org/gradle/api/internal/artifacts/ComponentModuleMetadataHandlerInternal
instanceKlass org/gradle/api/internal/artifacts/ComponentMetadataProcessorFactory
instanceKlass org/gradle/api/internal/artifacts/dsl/ComponentMetadataHandlerInternal
instanceKlass org/gradle/api/internal/artifacts/RepositoriesSupplier
instanceKlass org/gradle/api/artifacts/dsl/ArtifactHandler
instanceKlass org/gradle/api/internal/artifacts/dsl/PublishArtifactNotationParserFactory
instanceKlass org/gradle/api/artifacts/dsl/DependencyHandler
instanceKlass org/gradle/api/internal/artifacts/type/ArtifactTypeRegistry
instanceKlass org/gradle/api/internal/artifacts/query/ArtifactResolutionQueryFactory
instanceKlass org/gradle/api/artifacts/dsl/ComponentModuleMetadataHandler
instanceKlass org/gradle/api/artifacts/dsl/ComponentMetadataHandler
instanceKlass org/gradle/api/artifacts/dsl/DependencyConstraintHandler
instanceKlass org/gradle/api/internal/artifacts/configurations/ConfigurationContainerInternal
instanceKlass org/gradle/api/internal/artifacts/configurations/RoleBasedConfigurationContainerInternal
instanceKlass  @bci org/gradle/api/internal/artifacts/DefaultDependencyManagementServices lambda$newDetachedResolver$0 (Lorg/gradle/api/internal/file/FileResolver;Lorg/gradle/api/internal/file/FileCollectionFactory;Lorg/gradle/api/internal/DomainObjectContext;Lorg/gradle/internal/service/ServiceRegistration;)V 21 <appendix> argL0 ; # org/gradle/api/internal/artifacts/DefaultDependencyManagementServices$$Lambda+0x000001424d446f80
instanceKlass org/gradle/api/internal/artifacts/AnonymousModule
instanceKlass org/gradle/api/internal/artifacts/Module
instanceKlass org/gradle/api/internal/artifacts/configurations/DependencyMetaDataProvider
instanceKlass org/gradle/api/internal/artifacts/dsl/dependencies/DependencyLockingProvider
instanceKlass org/gradle/api/internal/artifacts/transform/TransformInvocationFactory
instanceKlass org/gradle/api/internal/artifacts/BaseRepositoryFactory
instanceKlass org/gradle/api/internal/artifacts/ivyservice/ivyresolve/parser/MetaDataParser
instanceKlass org/gradle/api/internal/artifacts/VariantTransformRegistry
instanceKlass org/gradle/api/internal/artifacts/transform/TransformRegistrationFactory
instanceKlass org/gradle/api/internal/artifacts/ArtifactPublicationServices
instanceKlass org/gradle/api/internal/ConfigurationServicesBundle
instanceKlass org/gradle/api/internal/artifacts/transform/MutableTransformWorkspaceServices
instanceKlass org/gradle/internal/file/ReservedFileSystemLocation
instanceKlass org/gradle/api/internal/attributes/AttributesSchemaInternal
instanceKlass org/gradle/api/attributes/AttributesSchema
instanceKlass org/gradle/api/internal/artifacts/DefaultDependencyManagementServices$DependencyResolutionScopeServices
instanceKlass org/gradle/api/internal/artifacts/DefaultDependencyManagementServices$TransformGradleUserHomeServices
instanceKlass  @bci org/gradle/api/internal/artifacts/DefaultDependencyManagementServices newDetachedResolver (Lorg/gradle/api/internal/file/FileResolver;Lorg/gradle/api/internal/file/FileCollectionFactory;Lorg/gradle/api/internal/DomainObjectContext;)Lorg/gradle/api/internal/artifacts/DependencyResolutionServices; 13 <appendix> member <vmtarget> ; # org/gradle/api/internal/artifacts/DefaultDependencyManagementServices$$Lambda+0x000001424d444f28
instanceKlass org/gradle/internal/model/CalculatedModelValue
instanceKlass org/gradle/api/internal/initialization/StandaloneDomainObjectContext
instanceKlass org/gradle/initialization/SettingsFactory$SettingsServiceRegistryFactory
instanceKlass org/gradle/internal/service/scopes/ServiceRegistryFactory
# instanceKlass java/lang/invoke/LambdaForm$MH+0x000001424d451000
# instanceKlass java/lang/invoke/LambdaForm$MH+0x000001424d450c00
# instanceKlass java/lang/invoke/LambdaForm$MH+0x000001424d450800
# instanceKlass java/lang/invoke/LambdaForm$MH+0x000001424d450400
# instanceKlass java/lang/invoke/LambdaForm$DMH+0x000001424d450000
instanceKlass org/gradle/internal/resource/ResourceLocation
instanceKlass org/gradle/internal/resource/UriTextResource
instanceKlass org/gradle/groovy/scripts/TextResourceScriptSource
instanceKlass org/gradle/initialization/BuildOperationSettingsProcessor$2$1
instanceKlass org/gradle/initialization/EvaluateSettingsBuildOperationType$Details
instanceKlass org/gradle/initialization/BuildOperationSettingsProcessor$2
instanceKlass  @bci org/gradle/invocation/DefaultGradle getClassLoaderScope ()Lorg/gradle/api/internal/initialization/ClassLoaderScope; 9 <appendix> member <vmtarget> ; # org/gradle/invocation/DefaultGradle$$Lambda+0x000001424d44cbc8
instanceKlass org/gradle/internal/scripts/ScriptResolutionResultReporter
instanceKlass org/gradle/initialization/DirectoryInitScriptFinder
instanceKlass org/gradle/initialization/CompositeInitScriptFinder
instanceKlass org/gradle/initialization/InitScriptFinder
instanceKlass org/gradle/api/internal/properties/DefaultGradlePropertiesController$LoadedBuildScopedState
instanceKlass org/gradle/internal/extensions/stdlib/CastExtensionsKt
instanceKlass kotlin/text/StringsKt__AppendableKt
instanceKlass org/gradle/internal/extensions/stdlib/MapExtensionsKt
instanceKlass org/gradle/internal/cc/impl/services/DefaultEnvironment$DefaultProperties
instanceKlass org/gradle/initialization/Environment$Properties
instanceKlass  @bci org/gradle/initialization/properties/DefaultGradleProperties getPropertiesWithPrefix (Ljava/lang/String;)Ljava/util/Map; 26 <appendix> argL0 ; # org/gradle/initialization/properties/DefaultGradleProperties$$Lambda+0x000001424d449998
instanceKlass  @bci org/gradle/initialization/properties/DefaultGradleProperties getPropertiesWithPrefix (Ljava/lang/String;)Ljava/util/Map; 21 <appendix> argL0 ; # org/gradle/initialization/properties/DefaultGradleProperties$$Lambda+0x000001424d449768
instanceKlass  @bci org/gradle/initialization/properties/DefaultGradleProperties getPropertiesWithPrefix (Ljava/lang/String;)Ljava/util/Map; 11 <appendix> member <vmtarget> ; # org/gradle/initialization/properties/DefaultGradleProperties$$Lambda+0x000001424d449520
instanceKlass org/gradle/initialization/properties/DefaultGradleProperties
instanceKlass org/gradle/initialization/DefaultSettingsPreparer$2$2
instanceKlass org/gradle/initialization/LoadBuildBuildOperationType$Details
instanceKlass org/gradle/initialization/DefaultSettingsPreparer$2
instanceKlass org/gradle/initialization/DefaultSettingsPreparer$1
instanceKlass org/gradle/initialization/BuildIdentifiedProgressDetails
instanceKlass  @bci org/gradle/internal/model/StateTransitionController doTransition (Lorg/gradle/internal/model/StateTransitionController$State;Lorg/gradle/internal/model/StateTransitionController$State;Ljava/lang/Runnable;)V 4 <appendix> member <vmtarget> ; # org/gradle/internal/model/StateTransitionController$$Lambda+0x000001424d448648
instanceKlass  @bci org/gradle/internal/model/StateTransitionController transitionIfNotPreviously (Lorg/gradle/internal/model/StateTransitionController$State;Lorg/gradle/internal/model/StateTransitionController$State;Ljava/lang/Runnable;)V 8 <appendix> member <vmtarget> ; # org/gradle/internal/model/StateTransitionController$$Lambda+0x000001424d448430
instanceKlass  @bci org/gradle/initialization/VintageBuildModelController prepareSettings ()V 11 <appendix> member <vmtarget> ; # org/gradle/initialization/VintageBuildModelController$$Lambda+0x000001424d448218
instanceKlass  @bci org/gradle/internal/model/StateTransitionController notInState (Lorg/gradle/internal/model/StateTransitionController$State;Ljava/util/function/Supplier;)Ljava/lang/Object; 7 <appendix> member <vmtarget> ; # org/gradle/internal/model/StateTransitionController$$Lambda+0x000001424d448000
instanceKlass  @bci org/gradle/internal/build/DefaultBuildLifecycleController configureProjects ()V 16 <appendix> member <vmtarget> ; # org/gradle/internal/build/DefaultBuildLifecycleController$$Lambda+0x000001424d443de8
instanceKlass  @bci org/gradle/internal/build/DefaultBuildToolingModelController tryRunConfiguration (Ljava/lang/Runnable;)Lorg/gradle/internal/Try; 1 <appendix> member <vmtarget> ; # org/gradle/internal/build/DefaultBuildToolingModelController$$Lambda+0x000001424d443bd0
instanceKlass  @bci org/gradle/internal/build/DefaultBuildToolingModelController configureBuild ()Lorg/gradle/internal/Try; 9 <appendix> member <vmtarget> ; # org/gradle/internal/build/DefaultBuildToolingModelController$$Lambda+0x000001424d4439b8
instanceKlass org/gradle/plugins/ide/internal/tooling/idea/IsolatedIdeaModuleInternal
instanceKlass org/gradle/plugins/ide/internal/tooling/model/IsolatedGradleProjectInternal
instanceKlass org/gradle/tooling/model/build/Help
instanceKlass org/gradle/tooling/model/cpp/CppProject
instanceKlass org/gradle/internal/build/DefaultBuildToolingModelController
instanceKlass org/gradle/tooling/model/dsl/GradleDslBaseScriptModel
instanceKlass org/gradle/plugins/ide/internal/tooling/GradleDslBaseScriptModelBuilder
instanceKlass org/gradle/tooling/provider/model/internal/PluginApplyingBuilder
instanceKlass org/gradle/plugins/ide/idea/model/IdeaModule
instanceKlass java/util/stream/Nodes$IntArrayNode
instanceKlass java/util/stream/Node$Builder$OfInt
instanceKlass  @bci java/util/stream/IntPipeline toArray ()[I 1 <appendix> argL0 ; # java/util/stream/IntPipeline$$Lambda+0x000001424d269780
instanceKlass org/gradle/plugins/ide/internal/tooling/IsolatedIdeaModuleInternalBuilder
instanceKlass org/gradle/plugins/ide/internal/tooling/IsolatedGradleProjectInternalBuilder
instanceKlass org/gradle/plugins/ide/internal/tooling/HelpBuilder
instanceKlass org/gradle/plugins/ide/internal/tooling/BuildEnvironmentBuilder
instanceKlass org/gradle/tooling/model/gradle/ProjectPublications
instanceKlass org/gradle/plugins/ide/internal/tooling/PublicationsBuilder
instanceKlass org/gradle/plugins/ide/internal/tooling/model/TaskNameComparator
instanceKlass org/gradle/tooling/model/gradle/BuildInvocations
instanceKlass org/gradle/plugins/ide/internal/tooling/BuildInvocationsBuilder
instanceKlass org/gradle/tooling/model/idea/BasicIdeaProject
instanceKlass org/gradle/plugins/ide/internal/tooling/BasicIdeaModelBuilder
instanceKlass org/gradle/tooling/model/gradle/GradleBuild
instanceKlass org/gradle/tooling/model/BuildModel
instanceKlass org/gradle/plugins/ide/internal/tooling/model/PartialBasicGradleProject
instanceKlass org/gradle/plugins/ide/internal/tooling/GradleBuildBuilder
instanceKlass org/gradle/plugins/ide/internal/configurer/HierarchicalElementAdapter
instanceKlass org/gradle/plugins/ide/internal/configurer/AbstractUniqueProjectNameProvider
instanceKlass org/gradle/tooling/model/eclipse/EclipseProject
instanceKlass org/gradle/tooling/model/eclipse/HierarchicalEclipseProject
instanceKlass org/gradle/tooling/model/HasGradleProject
instanceKlass org/objectweb/asm/TypePath
instanceKlass org/objectweb/asm/TypeReference
instanceKlass org/gradle/plugins/ide/eclipse/model/AbstractClasspathEntry
instanceKlass org/gradle/plugins/ide/eclipse/model/ClasspathEntry
instanceKlass org/objectweb/asm/Opcodes
instanceKlass org/objectweb/asm/Handle
instanceKlass org/objectweb/asm/Context
instanceKlass org/objectweb/asm/ClassReader
instanceKlass com/google/common/io/ByteArrayDataInput
instanceKlass com/google/common/io/ByteArrayDataOutput
instanceKlass com/google/common/io/ByteStreams
instanceKlass org/gradle/tooling/model/GradleModuleVersion
instanceKlass org/gradle/plugins/ide/internal/tooling/EclipseModelBuilder
instanceKlass org/gradle/plugins/ide/internal/tooling/RunEclipseTasksBuilder
instanceKlass org/gradle/tooling/model/eclipse/RunClosedProjectBuildDependencies
instanceKlass org/gradle/plugins/ide/internal/tooling/RunBuildDependenciesTaskBuilder
instanceKlass org/gradle/tooling/provider/model/ParameterizedToolingModelBuilder
instanceKlass org/gradle/tooling/model/idea/IdeaProject
instanceKlass org/gradle/plugins/ide/internal/tooling/IdeaModelBuilder
instanceKlass org/gradle/tooling/model/GradleProject
instanceKlass org/gradle/tooling/model/ProjectModel
instanceKlass org/gradle/tooling/model/BuildableElement
instanceKlass org/gradle/tooling/model/HierarchicalElement
instanceKlass org/gradle/tooling/model/Element
instanceKlass org/gradle/tooling/model/Model
instanceKlass org/gradle/plugins/ide/internal/tooling/model/LaunchableGradleTask
instanceKlass org/gradle/tooling/internal/protocol/InternalLaunchable
instanceKlass org/gradle/tooling/internal/gradle/GradleProjectIdentity
instanceKlass org/gradle/tooling/internal/gradle/GradleBuildIdentity
instanceKlass org/gradle/plugins/ide/internal/tooling/GradleProjectBuilder
instanceKlass org/gradle/tooling/internal/protocol/cpp/InternalCppTestSuite
instanceKlass org/gradle/tooling/internal/protocol/cpp/InternalCppLibrary
instanceKlass org/gradle/tooling/internal/protocol/cpp/InternalCppApplication
instanceKlass org/gradle/language/cpp/internal/tooling/DefaultCppComponentModel
instanceKlass org/gradle/language/cpp/CppComponent
instanceKlass org/gradle/language/ComponentWithTargetMachines
instanceKlass org/gradle/language/ComponentWithDependencies
instanceKlass org/gradle/language/ComponentWithBinaries
instanceKlass org/gradle/language/cpp/internal/tooling/CppModelBuilder
instanceKlass kotlin/collections/ArraysUtilJVM
instanceKlass kotlin/collections/ArraysKt__ArraysJVMKt
instanceKlass kotlin/collections/CollectionsKt__CollectionsJVMKt
instanceKlass org/gradle/kotlin/dsl/tooling/builders/KotlinBuildScriptTemplateModelBuilder
instanceKlass org/gradle/declarative/dsl/tooling/builders/DeclarativeSchemaModelBuilder
instanceKlass org/gradle/tooling/provider/model/internal/BuildScopeModelBuilder
instanceKlass  @bci org/gradle/internal/service/scopes/BuildScopeServices createBuildScopedToolingModelBuilders (Ljava/util/List;Lorg/gradle/internal/operations/BuildOperationRunner;Lorg/gradle/api/internal/project/ProjectStateRegistry;Lorg/gradle/internal/code/UserCodeApplicationContext;)Lorg/gradle/tooling/provider/model/internal/DefaultToolingModelBuilderRegistry; 18 <appendix> member <vmtarget> ; # org/gradle/internal/service/scopes/BuildScopeServices$$Lambda+0x000001424d433bd0
instanceKlass org/gradle/tooling/provider/model/internal/DefaultToolingModelBuilderRegistry$RegistrationImpl
instanceKlass org/gradle/tooling/provider/model/internal/DefaultToolingModelBuilderRegistry$VoidToolingModelBuilder
instanceKlass org/gradle/tooling/provider/model/internal/ToolingModelBuilderLookup$Builder
instanceKlass org/gradle/tooling/provider/model/internal/ToolingModelBuilderLookup$Registration
# instanceKlass java/lang/invoke/LambdaForm$MH+0x000001424d437800
# instanceKlass java/lang/invoke/LambdaForm$MH+0x000001424d437400
# instanceKlass java/lang/invoke/LambdaForm$MH+0x000001424d437000
# instanceKlass java/lang/invoke/LambdaForm$MH+0x000001424d436c00
instanceKlass org/gradle/plugins/ide/internal/tooling/IdeaModelBuilderInternal
instanceKlass org/gradle/plugins/ide/internal/tooling/GradleProjectBuilderInternal
instanceKlass org/gradle/plugins/ide/internal/tooling/ToolingModelServices$BuildScopeToolingServices$1
# instanceKlass java/lang/invoke/LambdaForm$MH+0x000001424d436800
# instanceKlass java/lang/invoke/LambdaForm$MH+0x000001424d436400
# instanceKlass java/lang/invoke/LambdaForm$MH+0x000001424d436000
# instanceKlass java/lang/invoke/LambdaForm$MH+0x000001424d435c00
# instanceKlass java/lang/invoke/LambdaForm$MH+0x000001424d435800
# instanceKlass java/lang/invoke/LambdaForm$MH+0x000001424d435400
# instanceKlass java/lang/invoke/LambdaForm$MH+0x000001424d435000
# instanceKlass java/lang/invoke/LambdaForm$MH+0x000001424d434c00
# instanceKlass java/lang/invoke/LambdaForm$MH+0x000001424d434800
# instanceKlass java/lang/invoke/LambdaForm$MH+0x000001424d434400
instanceKlass org/gradle/tooling/provider/model/internal/DefaultIntermediateToolingModelProvider
instanceKlass org/gradle/api/internal/project/DefaultProjectTaskLister
instanceKlass org/gradle/kotlin/dsl/tooling/builders/internal/KotlinScriptingModelBuildersServices$BuildScopeToolingServices$createIdeBuildScopeToolingModelBuilderRegistryAction$1
instanceKlass org/gradle/declarative/dsl/tooling/builders/internal/BuildScopeToolingServices$createIdeBuildScopeToolingModelBuilderRegistryAction$1
# instanceKlass java/lang/invoke/LambdaForm$MH+0x000001424d434000
instanceKlass  @bci org/gradle/internal/buildtree/DefaultBuildTreeModelCreator$DefaultBuildTreeModelController locateBuilderForBuildTarget (Lorg/gradle/internal/build/BuildState;Lorg/gradle/internal/buildtree/ToolingModelRequestContext;)Lorg/gradle/tooling/provider/model/internal/ToolingModelScope; 6 <appendix> member <vmtarget> ; # org/gradle/internal/buildtree/DefaultBuildTreeModelCreator$DefaultBuildTreeModelController$$Lambda+0x000001424d432998
instanceKlass org/gradle/tooling/provider/model/internal/ToolingModelScope
instanceKlass org/gradle/internal/build/BuildToolingModelController
instanceKlass org/gradle/internal/buildtree/DefaultBuildTreeModelCreator$DefaultBuildTreeModelController$1
instanceKlass org/gradle/internal/buildtree/ToolingModelRequestContext
instanceKlass  @bci org/gradle/internal/cc/impl/barrier/BarrierAwareBuildTreeModelCreator fromBuildModel (Lorg/gradle/internal/buildtree/BuildTreeModelAction;)Ljava/lang/Object; 12 <appendix> member <vmtarget> ; # org/gradle/internal/cc/impl/barrier/BarrierAwareBuildTreeModelCreator$$Lambda+0x000001424d415558
instanceKlass org/gradle/internal/Try
instanceKlass  @bci org/gradle/internal/buildtree/DefaultBuildTreeLifecycleController runFromBuildModel (Lorg/gradle/internal/buildtree/BuildTreeModelAction;)Lorg/gradle/internal/build/ExecutionResult; 2 <appendix> member <vmtarget> ; # org/gradle/internal/buildtree/DefaultBuildTreeLifecycleController$$Lambda+0x000001424d431858
instanceKlass org/gradle/internal/buildtree/DefaultBuildTreeModelCreator$DefaultBuildTreeModelController
instanceKlass org/gradle/internal/configuration/inputs/NoOpInputsListener
instanceKlass org/gradle/internal/configuration/inputs/InstrumentedInputs
instanceKlass  @bci org/gradle/internal/cc/impl/barrier/BarrierAwareBuildTreeModelCreator beforeTasks (Lorg/gradle/internal/buildtree/BuildTreeModelAction;)V 12 <appendix> member <vmtarget> ; # org/gradle/internal/cc/impl/barrier/BarrierAwareBuildTreeModelCreator$$Lambda+0x000001424d415340
instanceKlass kotlin/Unit
instanceKlass  @bci org/gradle/internal/model/StateTransitionController lambda$transition$8 (Lorg/gradle/internal/model/StateTransitionController$State;Lorg/gradle/internal/model/StateTransitionController$State;Ljava/util/function/Supplier;)Ljava/lang/Object; 4 <appendix> member <vmtarget> ; # org/gradle/internal/model/StateTransitionController$$Lambda+0x000001424d430430
instanceKlass  @bci org/gradle/internal/model/StateTransitionController transition (Lorg/gradle/internal/model/StateTransitionController$State;Lorg/gradle/internal/model/StateTransitionController$State;Ljava/util/function/Supplier;)Ljava/lang/Object; 8 <appendix> member <vmtarget> ; # org/gradle/internal/model/StateTransitionController$$Lambda+0x000001424d430218
instanceKlass  @bci org/gradle/internal/buildtree/DefaultBuildTreeLifecycleController runBuild (Ljava/util/function/Supplier;)Ljava/lang/Object; 12 <appendix> member <vmtarget> ; # org/gradle/internal/buildtree/DefaultBuildTreeLifecycleController$$Lambda+0x000001424d430000
instanceKlass  @bci org/gradle/internal/buildtree/DefaultBuildTreeLifecycleController fromBuildModel (ZLorg/gradle/internal/buildtree/BuildTreeModelAction;)Ljava/lang/Object; 4 <adapter> ; # java/lang/invoke/LambdaForm$MH+0x000001424d42cc00
# instanceKlass java/lang/invoke/LambdaForm$DMH+0x000001424d42c800
instanceKlass  @bci org/gradle/internal/buildtree/DefaultBuildTreeLifecycleController fromBuildModel (ZLorg/gradle/internal/buildtree/BuildTreeModelAction;)Ljava/lang/Object; 4 <appendix> form vmentry <vmtarget> ; # java/lang/invoke/LambdaForm$DMH+0x000001424d42c400
instanceKlass  @bci org/gradle/internal/buildtree/DefaultBuildTreeLifecycleController fromBuildModel (ZLorg/gradle/internal/buildtree/BuildTreeModelAction;)Ljava/lang/Object; 4 <appendix> member <vmtarget> ; # org/gradle/internal/buildtree/DefaultBuildTreeLifecycleController$$Lambda+0x000001424d42dd10
instanceKlass org/gradle/internal/build/ExecutionResult
instanceKlass org/gradle/internal/buildtree/BuildTreeModelTarget
instanceKlass org/gradle/tooling/internal/provider/runner/BuildModelActionRunner$ModelCreateAction
instanceKlass  @bci org/gradle/internal/buildtree/ProblemReportingBuildActionRunner getRootProjectBuildDirCollectingListener (Lorg/gradle/internal/buildtree/BuildTreeLifecycleController;)Lorg/gradle/internal/buildtree/ProblemReportingBuildActionRunner$RootProjectBuildDirCollectingListener; 14 <appendix> member <vmtarget> ; # org/gradle/internal/buildtree/ProblemReportingBuildActionRunner$$Lambda+0x000001424d42d4a8
instanceKlass  @bci org/gradle/internal/event/DefaultListenerManager$ExclusiveEventBroadcast doSetLogger (Lorg/gradle/internal/event/DefaultListenerManager$ListenerDetails;)V 3 <appendix> member <vmtarget> ; # org/gradle/internal/event/DefaultListenerManager$ExclusiveEventBroadcast$$Lambda+0x000001424d42d000
instanceKlass  @bci org/gradle/internal/model/StateTransitionController inState (Lorg/gradle/internal/model/StateTransitionController$State;Ljava/util/function/Supplier;)Ljava/lang/Object; 7 <appendix> member <vmtarget> ; # org/gradle/internal/model/StateTransitionController$$Lambda+0x000001424d42fde8
instanceKlass  @bci org/gradle/internal/model/StateTransitionController inState (Lorg/gradle/internal/model/StateTransitionController$State;Ljava/lang/Runnable;)V 3 <appendix> member <vmtarget> ; # org/gradle/internal/model/StateTransitionController$$Lambda+0x000001424d42fbd0
instanceKlass  @bci org/gradle/internal/buildtree/DefaultBuildTreeLifecycleController beforeBuild (Ljava/util/function/Consumer;)V 9 <appendix> member <vmtarget> ; # org/gradle/internal/buildtree/DefaultBuildTreeLifecycleController$$Lambda+0x000001424d42f9b8
instanceKlass  @bci org/gradle/launcher/exec/BuildOutcomeReportingBuildActionRunner run (Lorg/gradle/internal/invocation/BuildAction;Lorg/gradle/internal/buildtree/BuildTreeLifecycleController;)Lorg/gradle/internal/buildtree/BuildActionRunner$Result; 53 <appendix> member <vmtarget> ; # org/gradle/launcher/exec/BuildOutcomeReportingBuildActionRunner$$Lambda+0x000001424d42f790
instanceKlass org/gradle/api/internal/tasks/execution/statistics/TaskExecutionStatisticsEventAdapter
instanceKlass org/gradle/execution/taskgraph/TaskListenerInternal
instanceKlass org/gradle/tooling/internal/provider/FileSystemWatchingBuildActionRunner$1
instanceKlass org/gradle/internal/watch/options/FileSystemWatchingSettingsFinalizedProgressDetails
instanceKlass org/gradle/internal/operations/notify/BuildOperationNotificationBridge$Finished
instanceKlass org/gradle/internal/operations/OperationFinishEvent
instanceKlass org/gradle/internal/watch/vfs/impl/WatchingVirtualFileSystem$1$1
instanceKlass org/gradle/internal/watch/vfs/BuildStartedFileSystemWatchingBuildOperationType$Result
instanceKlass  @bci org/gradle/internal/watch/registry/impl/AbstractFileWatcherUpdater update (Lorg/gradle/internal/snapshot/SnapshotHierarchy;)V 58 <appendix> member <vmtarget> ; # org/gradle/internal/watch/registry/impl/AbstractFileWatcherUpdater$$Lambda+0x000001424d42e468
instanceKlass  @bci org/gradle/internal/watch/registry/impl/AbstractFileWatcherUpdater hasWatchableContent (Ljava/util/stream/Stream;Lorg/gradle/internal/watch/registry/impl/WatchableHierarchies;)Z 2 <appendix> member <vmtarget> ; # org/gradle/internal/watch/registry/impl/AbstractFileWatcherUpdater$$Lambda+0x000001424d42e220
instanceKlass  @bci org/gradle/internal/watch/registry/impl/AbstractFileWatcherUpdater resolveWatchedFiles (Lorg/gradle/internal/watch/registry/impl/WatchableHierarchies;Lorg/gradle/internal/snapshot/SnapshotHierarchy;)Lorg/gradle/internal/file/FileHierarchySet; 29 <appendix> argL0 ; # org/gradle/internal/watch/registry/impl/AbstractFileWatcherUpdater$$Lambda+0x000001424d42e000
instanceKlass  @bci org/gradle/internal/watch/registry/impl/AbstractFileWatcherUpdater resolveWatchedFiles (Lorg/gradle/internal/watch/registry/impl/WatchableHierarchies;Lorg/gradle/internal/snapshot/SnapshotHierarchy;)Lorg/gradle/internal/file/FileHierarchySet; 16 <appendix> member <vmtarget> ; # org/gradle/internal/watch/registry/impl/AbstractFileWatcherUpdater$$Lambda+0x000001424d42bc38
instanceKlass  @bci org/gradle/internal/watch/registry/impl/AbstractFileWatcherUpdater resolveWatchedFiles (Lorg/gradle/internal/watch/registry/impl/WatchableHierarchies;Lorg/gradle/internal/snapshot/SnapshotHierarchy;)Lorg/gradle/internal/file/FileHierarchySet; 4 <appendix> argL0 ; # org/gradle/internal/watch/registry/impl/AbstractFileWatcherUpdater$$Lambda+0x000001424d42ba08
instanceKlass java/util/ArrayDeque$DeqSpliterator
instanceKlass  @bci org/gradle/internal/watch/registry/impl/WatchableHierarchies checkThatNothingExistsInNewWatchableHierarchy (Ljava/lang/String;Lorg/gradle/internal/snapshot/SnapshotHierarchy;)V 24 <appendix> member <vmtarget> ; # org/gradle/internal/watch/registry/impl/WatchableHierarchies$$Lambda+0x000001424d42b3c0
instanceKlass  @bci org/gradle/internal/watch/registry/impl/WatchableHierarchies checkThatNothingExistsInNewWatchableHierarchy (Ljava/lang/String;Lorg/gradle/internal/snapshot/SnapshotHierarchy;)V 8 <appendix> member <vmtarget> ; # org/gradle/internal/watch/registry/impl/WatchableHierarchies$$Lambda+0x000001424d42b178
instanceKlass  @bci org/gradle/internal/watch/vfs/impl/WatchingVirtualFileSystem startWatching (Lorg/gradle/internal/snapshot/SnapshotHierarchy;Lorg/gradle/internal/watch/registry/WatchMode;Ljava/util/List;)Lorg/gradle/internal/snapshot/SnapshotHierarchy; 85 <appendix> member <vmtarget> ; # org/gradle/internal/watch/vfs/impl/WatchingVirtualFileSystem$$Lambda+0x000001424d42af50
instanceKlass  @bci org/gradle/internal/watch/registry/impl/WatchableHierarchies updateUnwatchableFilesOnBuildStart (Lorg/gradle/internal/snapshot/SnapshotHierarchy;Lorg/gradle/internal/watch/registry/impl/WatchableHierarchies$Invalidator;Ljava/util/List;)Lorg/gradle/internal/snapshot/SnapshotHierarchy; 19 <appendix> argL0 ; # org/gradle/internal/watch/registry/impl/WatchableHierarchies$$Lambda+0x000001424d42ad30
instanceKlass  @bci org/gradle/internal/Combiners nonCombining ()Ljava/util/function/BinaryOperator; 0 <appendix> argL0 ; # org/gradle/internal/Combiners$$Lambda+0x000001424d42aaf8
instanceKlass org/gradle/internal/Combiners
instanceKlass  @bci org/gradle/internal/watch/registry/impl/WatchableHierarchies removeUnprovenHierarchies (Lorg/gradle/internal/snapshot/SnapshotHierarchy;Lorg/gradle/internal/watch/registry/impl/WatchableHierarchies$Invalidator;Lorg/gradle/internal/watch/registry/WatchMode;)Lorg/gradle/internal/snapshot/SnapshotHierarchy; 13 <appendix> member <vmtarget> ; # org/gradle/internal/watch/registry/impl/WatchableHierarchies$$Lambda+0x000001424d42a6d8
instanceKlass  @bci org/gradle/internal/watch/registry/impl/DefaultFileWatcherProbeRegistry unprovenHierarchies ()Ljava/util/stream/Stream; 24 <appendix> argL0 ; # org/gradle/internal/watch/registry/impl/DefaultFileWatcherProbeRegistry$$Lambda+0x000001424d42a4a8
instanceKlass  @bci org/gradle/internal/watch/registry/impl/DefaultFileWatcherProbeRegistry unprovenHierarchies ()Ljava/util/stream/Stream; 14 <appendix> argL0 ; # org/gradle/internal/watch/registry/impl/DefaultFileWatcherProbeRegistry$$Lambda+0x000001424d42a268
instanceKlass  @cpi org/gradle/api/internal/catalog/DefaultDependenciesAccessors 712 form vmentry <vmtarget> ; # java/lang/invoke/LambdaForm$DMH+0x000001424d42c000
instanceKlass org/gradle/internal/watch/registry/impl/DefaultFileWatcherProbeRegistry$WatchProbe
instanceKlass  @bci org/gradle/internal/watch/registry/impl/HierarchicalFileWatcherUpdater createInvalidator ()Lorg/gradle/internal/watch/registry/impl/WatchableHierarchies$Invalidator; 0 <appendix> argL0 ; # org/gradle/internal/watch/registry/impl/HierarchicalFileWatcherUpdater$$Lambda+0x000001424d429e28
instanceKlass org/gradle/internal/watch/registry/impl/WatchableHierarchies$Invalidator
instanceKlass  @bci org/gradle/internal/watch/registry/impl/DefaultFileWatcherRegistry createAndStartEventConsumerThread (Lorg/gradle/internal/watch/registry/FileWatcherRegistry$ChangeHandler;)Ljava/lang/Thread; 28 <appendix> member <vmtarget> ; # org/gradle/internal/watch/registry/impl/DefaultFileWatcherRegistry$$Lambda+0x000001424d429a20
instanceKlass  @bci org/gradle/internal/watch/registry/impl/DefaultFileWatcherRegistry createAndStartEventConsumerThread (Lorg/gradle/internal/watch/registry/FileWatcherRegistry$ChangeHandler;)Ljava/lang/Thread; 6 <appendix> member <vmtarget> ; # org/gradle/internal/watch/registry/impl/DefaultFileWatcherRegistry$$Lambda+0x000001424d429808
instanceKlass org/gradle/internal/watch/registry/impl/DefaultFileWatcherRegistry$MutableFileWatchingStatistics
instanceKlass org/gradle/fileevents/FileWatchEvent$Handler
instanceKlass org/gradle/internal/watch/registry/FileWatcherRegistry$FileWatchingStatistics
instanceKlass org/gradle/internal/watch/registry/impl/DefaultFileWatcherRegistry
instanceKlass  @bci org/gradle/internal/watch/registry/impl/WindowsFileWatcherRegistryFactory createFileWatcherUpdater (Lorg/gradle/fileevents/internal/WindowsFileEventFunctions$WindowsFileWatcher;Lorg/gradle/internal/watch/registry/FileWatcherProbeRegistry;Lorg/gradle/internal/watch/registry/impl/WatchableHierarchies;)Lorg/gradle/internal/watch/registry/FileWatcherUpdater; 11 <appendix> member <vmtarget> ; # org/gradle/internal/watch/registry/impl/WindowsFileWatcherRegistryFactory$$Lambda+0x000001424d428d20
instanceKlass org/gradle/internal/watch/registry/impl/AbstractFileWatcherUpdater$MovedDirectoryHandler
instanceKlass  @bci org/gradle/internal/watch/registry/impl/HierarchicalFileWatcherUpdater$FileSystemLocationToWatchValidator <clinit> ()V 0 <appendix> argL0 ; # org/gradle/internal/watch/registry/impl/HierarchicalFileWatcherUpdater$FileSystemLocationToWatchValidator$$Lambda+0x000001424d428920
instanceKlass org/gradle/internal/watch/registry/impl/HierarchicalFileWatcherUpdater$FileSystemLocationToWatchValidator
instanceKlass org/gradle/internal/watch/registry/impl/AbstractFileWatcherUpdater
instanceKlass org/gradle/internal/file/FileHierarchySet$RootVisitor
instanceKlass org/gradle/internal/watch/registry/impl/WatchableHierarchies
instanceKlass org/gradle/fileevents/internal/AbstractFileEventFunctions$AbstractFileWatcher
instanceKlass org/gradle/fileevents/FileWatchEvent
instanceKlass org/gradle/fileevents/internal/AbstractFileEventFunctions$NativeFileWatcherCallback
instanceKlass  @bci org/gradle/internal/watch/registry/impl/AbstractFileWatcherRegistryFactory createFileWatcherRegistry (Lorg/gradle/internal/watch/registry/FileWatcherRegistry$ChangeHandler;)Lorg/gradle/internal/watch/registry/FileWatcherRegistry; 15 <appendix> argL0 ; # org/gradle/internal/watch/registry/impl/AbstractFileWatcherRegistryFactory$$Lambda+0x000001424d426790
instanceKlass org/gradle/internal/watch/registry/impl/DefaultFileWatcherProbeRegistry
instanceKlass org/gradle/internal/watch/vfs/impl/WatchingVirtualFileSystem$BroadcastingChangeHandler
instanceKlass org/gradle/internal/watch/vfs/impl/WatchingVirtualFileSystem$InvalidateVfsChangeHandler
instanceKlass org/gradle/internal/watch/vfs/impl/WatchingVirtualFileSystem$CompositeChangeHandler
instanceKlass org/gradle/internal/watch/vfs/impl/WatchingVirtualFileSystem$FilterChangesToOutputsChangesHandler
instanceKlass  @bci org/gradle/internal/watch/vfs/impl/WatchingVirtualFileSystem$1 call (Lorg/gradle/internal/operations/BuildOperationContext;)Lorg/gradle/internal/snapshot/SnapshotHierarchy; 56 <appendix> member <vmtarget> ; # org/gradle/internal/watch/vfs/impl/WatchingVirtualFileSystem$1$$Lambda+0x000001424d425850
instanceKlass  @bci org/gradle/internal/watch/vfs/impl/DefaultWatchableFileSystemDetector detectUnsupportedFileSystems ()Ljava/util/stream/Stream; 24 <appendix> argL0 ; # org/gradle/internal/watch/vfs/impl/DefaultWatchableFileSystemDetector$$Lambda+0x000001424d425620
instanceKlass  @bci org/gradle/internal/watch/vfs/impl/DefaultWatchableFileSystemDetector detectUnsupportedFileSystems ()Ljava/util/stream/Stream; 14 <appendix> argL0 ; # org/gradle/internal/watch/vfs/impl/DefaultWatchableFileSystemDetector$$Lambda+0x000001424d4253e0
instanceKlass net/rubygrapefruit/platform/internal/FileSystemList$DefaultCaseSensitivity
instanceKlass net/rubygrapefruit/platform/internal/DefaultFileSystemInfo
instanceKlass net/rubygrapefruit/platform/file/FileSystemInfo
instanceKlass net/rubygrapefruit/platform/internal/jni/PosixFileSystemFunctions
instanceKlass net/rubygrapefruit/platform/file/CaseSensitivity
instanceKlass net/rubygrapefruit/platform/internal/FileSystemList
instanceKlass org/gradle/api/internal/tasks/execution/ExecuteTaskBuildOperationDetails
instanceKlass org/gradle/internal/operations/trace/CustomOperationTraceSerialization
instanceKlass org/gradle/api/internal/tasks/execution/ExecuteTaskBuildOperationType$Details
instanceKlass org/gradle/internal/watch/vfs/BuildStartedFileSystemWatchingBuildOperationType$Details$1
instanceKlass org/gradle/internal/watch/vfs/BuildStartedFileSystemWatchingBuildOperationType$Details
instanceKlass org/gradle/internal/watch/vfs/FileSystemWatchingStatistics
instanceKlass org/gradle/internal/watch/vfs/impl/WatchingVirtualFileSystem$1
instanceKlass  @bci org/gradle/internal/watch/vfs/impl/WatchingVirtualFileSystem afterBuildStarted (Lorg/gradle/internal/watch/registry/WatchMode;Lorg/gradle/internal/watch/vfs/VfsLogging;Lorg/gradle/internal/operations/BuildOperationRunner;)Z 26 <appendix> member <vmtarget> ; # org/gradle/internal/watch/vfs/impl/WatchingVirtualFileSystem$$Lambda+0x000001424d423260
instanceKlass org/slf4j/helpers/NamedLoggerBase
instanceKlass org/gradle/configuration/internal/DefaultListenerBuildOperationDecorator
instanceKlass com/google/common/util/concurrent/AbstractFuture$Failure
instanceKlass com/google/common/util/concurrent/AbstractFuture$Cancellation
instanceKlass com/google/common/util/concurrent/AbstractFuture$DelegatingToFuture
instanceKlass com/google/common/util/concurrent/Platform
instanceKlass com/google/common/util/concurrent/Uninterruptibles
instanceKlass org/gradle/api/tasks/util/internal/CachingPatternSpecFactory$CachingSpec
instanceKlass org/gradle/api/internal/file/RelativePathSpec
instanceKlass org/gradle/api/internal/file/pattern/AnythingMatcher
instanceKlass org/gradle/api/internal/file/pattern/FixedPatternStep
instanceKlass org/gradle/api/internal/file/pattern/HasSuffixPatternStep
instanceKlass org/gradle/api/internal/file/pattern/HasPrefixPatternStep
instanceKlass org/gradle/api/internal/file/pattern/HasPrefixAndSuffixPatternStep
instanceKlass org/gradle/api/internal/file/pattern/AnyWildcardPatternStep
instanceKlass org/gradle/api/internal/file/pattern/PatternStep
instanceKlass org/gradle/api/internal/file/pattern/PatternStepFactory
instanceKlass org/gradle/api/internal/file/pattern/FixedStepPathMatcher
instanceKlass org/gradle/api/internal/file/pattern/GreedyPathMatcher
instanceKlass org/gradle/api/internal/file/pattern/EndOfPathMatcher
instanceKlass org/gradle/api/internal/file/pattern/PatternMatcher
instanceKlass org/gradle/api/internal/file/pattern/PathMatcher
instanceKlass org/gradle/api/internal/file/pattern/PatternMatcherFactory
instanceKlass com/google/common/base/Stopwatch
instanceKlass com/google/common/util/concurrent/AbstractFuture$Listener
instanceKlass com/google/common/util/concurrent/AbstractFutureState$Waiter
instanceKlass com/google/common/util/concurrent/LazyLogger
instanceKlass com/google/common/util/concurrent/AbstractFutureState$AtomicHelper
instanceKlass com/google/common/util/concurrent/internal/InternalFutureFailureAccess
instanceKlass com/google/common/util/concurrent/AbstractFuture$Trusted
instanceKlass com/google/common/util/concurrent/ListenableFuture
instanceKlass org/gradle/api/tasks/util/internal/CachingPatternSpecFactory$1
instanceKlass org/gradle/api/tasks/util/internal/CachingPatternSpecFactory$SpecKey
instanceKlass  @bci org/gradle/launcher/exec/RootBuildLifecycleBuildActionExecutor execute (Lorg/gradle/internal/invocation/BuildAction;)Lorg/gradle/internal/buildtree/BuildActionRunner$Result; 86 <appendix> member <vmtarget> ; # org/gradle/launcher/exec/RootBuildLifecycleBuildActionExecutor$$Lambda+0x000001424d413c28
instanceKlass org/gradle/initialization/buildsrc/BuildSrcDetector
instanceKlass  @bci org/gradle/internal/watch/vfs/impl/WatchingVirtualFileSystem registerWatchableHierarchy (Ljava/io/File;)V 3 <appendix> member <vmtarget> ; # org/gradle/internal/watch/vfs/impl/WatchingVirtualFileSystem$$Lambda+0x000001424d4137e0
instanceKlass org/gradle/internal/exceptions/WorkTypeAware
instanceKlass org/gradle/internal/buildtree/DefaultBuildTreeLifecycleController
instanceKlass org/gradle/internal/buildtree/BuildTreeLifecycleController
instanceKlass org/gradle/internal/cc/impl/VintageBuildTreeWorkController
instanceKlass org/gradle/internal/buildtree/BuildTreeWorkController
instanceKlass org/gradle/internal/buildtree/IntermediateBuildActionRunner
instanceKlass org/gradle/internal/buildtree/BuildTreeModelController
instanceKlass org/gradle/internal/buildtree/DefaultBuildTreeModelCreator
instanceKlass org/gradle/internal/cc/impl/barrier/BarrierAwareBuildTreeModelCreator
instanceKlass org/gradle/internal/buildtree/BuildTreeModelCreator
instanceKlass org/gradle/internal/buildtree/DefaultBuildTreeWorkPreparer
instanceKlass org/gradle/internal/cc/impl/barrier/BarrierAwareBuildTreeWorkPreparer
instanceKlass org/gradle/internal/buildtree/BuildTreeWorkPreparer
instanceKlass org/gradle/internal/buildtree/DefaultBuildTreeFinishExecutor
instanceKlass org/gradle/composite/internal/OperationFiringBuildTreeFinishExecutor$3
instanceKlass org/gradle/composite/internal/OperationFiringBuildTreeFinishExecutor$2
instanceKlass org/gradle/operations/lifecycle/FinishRootBuildTreeBuildOperationType$Result
instanceKlass org/gradle/operations/lifecycle/FinishRootBuildTreeBuildOperationType$Details
instanceKlass org/gradle/composite/internal/OperationFiringBuildTreeFinishExecutor
instanceKlass org/gradle/internal/buildtree/DefaultBuildTreeWorkExecutor
instanceKlass org/gradle/internal/buildtree/BuildOperationFiringBuildTreeWorkExecutor$1
instanceKlass org/gradle/operations/lifecycle/RunRequestedWorkBuildOperationType$Details
instanceKlass org/gradle/internal/buildtree/BuildOperationFiringBuildTreeWorkExecutor
# instanceKlass java/lang/invoke/LambdaForm$MH+0x000001424d41a000
# instanceKlass java/lang/invoke/LambdaForm$MH+0x000001424d419c00
# instanceKlass java/lang/invoke/LambdaForm$MH+0x000001424d419800
# instanceKlass java/lang/invoke/LambdaForm$MH+0x000001424d419400
# instanceKlass java/lang/invoke/LambdaForm$MH+0x000001424d419000
# instanceKlass java/lang/invoke/LambdaForm$MH+0x000001424d418c00
# instanceKlass java/lang/invoke/LambdaForm$MH+0x000001424d418800
# instanceKlass java/lang/invoke/LambdaForm$MH+0x000001424d418400
# instanceKlass java/lang/invoke/LambdaForm$DMH+0x000001424d418000
instanceKlass org/gradle/internal/cc/impl/models/DefaultToolingModelParameterCarrierFactory
instanceKlass org/gradle/api/internal/configuration/DefaultBuildFeature
instanceKlass  @bci org/gradle/api/internal/configuration/DefaultBuildFeatures <init> (Lorg/gradle/api/internal/StartParameterInternal;Lorg/gradle/internal/buildtree/BuildModelParameters;)V 29 <appendix> member <vmtarget> ; # org/gradle/api/internal/configuration/DefaultBuildFeatures$$Lambda+0x000001424d410668
instanceKlass  @bci org/gradle/api/internal/configuration/DefaultBuildFeatures <init> (Lorg/gradle/api/internal/StartParameterInternal;Lorg/gradle/internal/buildtree/BuildModelParameters;)V 10 <appendix> member <vmtarget> ; # org/gradle/api/internal/configuration/DefaultBuildFeatures$$Lambda+0x000001424d410450
instanceKlass org/gradle/api/configuration/BuildFeature
instanceKlass org/gradle/api/internal/configuration/DefaultBuildFeatures
instanceKlass org/gradle/execution/BuildOperationFiringBuildWorkerExecutor
instanceKlass org/gradle/execution/SelectedTaskExecutionAction
instanceKlass org/gradle/internal/build/DefaultBuildWorkPreparer
instanceKlass org/gradle/internal/build/BuildOperationFiringBuildWorkPreparer
instanceKlass org/gradle/execution/plan/ToPlannedNodeConverterRegistry$MissingToPlannedNodeConverter
instanceKlass  @bci org/apache/commons/lang3/stream/LangCollectors joining (Ljava/lang/CharSequence;Ljava/lang/CharSequence;Ljava/lang/CharSequence;Ljava/util/function/Function;)Ljava/util/stream/Collector; 23 <appendix> argL0 ; # org/apache/commons/lang3/stream/LangCollectors$$Lambda+0x000001424d40f548
instanceKlass  @bci org/apache/commons/lang3/stream/LangCollectors joining (Ljava/lang/CharSequence;Ljava/lang/CharSequence;Ljava/lang/CharSequence;Ljava/util/function/Function;)Ljava/util/stream/Collector; 18 <appendix> argL0 ; # org/apache/commons/lang3/stream/LangCollectors$$Lambda+0x000001424d40f310
instanceKlass  @bci org/apache/commons/lang3/stream/LangCollectors joining (Ljava/lang/CharSequence;Ljava/lang/CharSequence;Ljava/lang/CharSequence;Ljava/util/function/Function;)Ljava/util/stream/Collector; 13 <appendix> member <vmtarget> ; # org/apache/commons/lang3/stream/LangCollectors$$Lambda+0x000001424d40f0e8
instanceKlass  @bci org/apache/commons/lang3/stream/LangCollectors joining (Ljava/lang/CharSequence;Ljava/lang/CharSequence;Ljava/lang/CharSequence;Ljava/util/function/Function;)Ljava/util/stream/Collector; 7 <appendix> member <vmtarget> ; # org/apache/commons/lang3/stream/LangCollectors$$Lambda+0x000001424d40eed0
instanceKlass org/apache/commons/lang3/stream/LangCollectors$SimpleCollector
instanceKlass org/apache/commons/lang3/stream/LangCollectors
instanceKlass  @bci org/apache/commons/lang3/StringUtils join ([Ljava/lang/Object;Ljava/lang/String;II)Ljava/lang/String; 33 <appendix> argL0 ; # org/apache/commons/lang3/StringUtils$$Lambda+0x000001424d40e870
instanceKlass java/util/stream/SliceOps
instanceKlass org/apache/commons/lang3/stream/Streams
instanceKlass org/gradle/execution/plan/ExecutionPlan
# instanceKlass java/lang/invoke/LambdaForm$MH+0x000001424d40b400
# instanceKlass java/lang/invoke/LambdaForm$MH+0x000001424d40b000
# instanceKlass java/lang/invoke/LambdaForm$MH+0x000001424d40ac00
# instanceKlass java/lang/invoke/LambdaForm$MH+0x000001424d40a800
# instanceKlass java/lang/invoke/LambdaForm$MH+0x000001424d40a400
# instanceKlass java/lang/invoke/LambdaForm$MH+0x000001424d40a000
# instanceKlass java/lang/invoke/LambdaForm$MH+0x000001424d409c00
# instanceKlass java/lang/invoke/LambdaForm$MH+0x000001424d409800
instanceKlass org/gradle/internal/graph/CachingDirectedGraphWalker$GraphWithEmptyEdges
instanceKlass org/gradle/api/internal/tasks/CachingTaskDependencyResolveContext$TaskGraphImpl
instanceKlass org/gradle/internal/graph/DirectedGraphWithEdgeValues
instanceKlass org/gradle/internal/graph/CachingDirectedGraphWalker
instanceKlass org/gradle/internal/graph/DirectedGraph
instanceKlass org/gradle/api/internal/tasks/AbstractTaskDependencyResolveContext
instanceKlass org/gradle/api/internal/tasks/TaskDependencyResolveContext
instanceKlass org/gradle/api/internal/artifacts/transform/ToPlannedTransformStepConverter
instanceKlass org/gradle/internal/taskgraph/CalculateTaskGraphBuildOperationType$TaskIdentity
instanceKlass org/gradle/internal/taskgraph/NodeIdentity
instanceKlass org/gradle/execution/plan/PlannedNodeInternal
instanceKlass org/gradle/internal/taskgraph/CalculateTaskGraphBuildOperationType$PlannedNode
instanceKlass org/gradle/execution/plan/ToPlannedTaskConverter
instanceKlass  @bci org/gradle/execution/plan/TaskNodeFactory <init> (Lorg/gradle/api/internal/GradleInternal;Lorg/gradle/composite/internal/BuildTreeWorkGraphController;Lorg/gradle/execution/plan/NodeValidator;Lorg/gradle/internal/operations/BuildOperationRunner;Lorg/gradle/execution/plan/ExecutionNodeAccessHierarchies;Lorg/gradle/api/problems/internal/InternalProblems;)V 49 <appendix> member <vmtarget> ; # org/gradle/execution/plan/TaskNodeFactory$$Lambda+0x000001424d40c688
instanceKlass org/gradle/execution/plan/TaskNodeFactory$DefaultTypeOriginInspectorFactory
# instanceKlass java/lang/invoke/LambdaForm$MH+0x000001424d409400
# instanceKlass java/lang/invoke/LambdaForm$MH+0x000001424d409000
# instanceKlass java/lang/invoke/LambdaForm$MH+0x000001424d408c00
# instanceKlass java/lang/invoke/LambdaForm$MH+0x000001424d408800
# instanceKlass java/lang/invoke/LambdaForm$MH+0x000001424d408400
# instanceKlass java/lang/invoke/LambdaForm$MH+0x000001424d408000
instanceKlass org/gradle/execution/plan/SingleFileTreeElementMatcher
instanceKlass org/gradle/execution/plan/ValuedVfsHierarchy
instanceKlass org/gradle/execution/plan/ExecutionNodeAccessHierarchy$AbstractNodeAccessVisitor
instanceKlass org/gradle/execution/plan/ValuedVfsHierarchy$ValueVisitor
instanceKlass org/gradle/execution/plan/ExecutionNodeAccessHierarchy
instanceKlass org/gradle/internal/build/BuildModelLifecycleListener
instanceKlass org/gradle/execution/plan/BuildWorkPlan
instanceKlass org/gradle/internal/build/DefaultBuildLifecycleController
instanceKlass org/gradle/internal/model/StateTransitionController$CurrentState
instanceKlass org/gradle/internal/model/StateTransitionController
instanceKlass org/gradle/internal/model/StateTransitionController$State
instanceKlass org/gradle/initialization/VintageBuildModelController
instanceKlass org/gradle/initialization/DefaultTaskExecutionPreparer
instanceKlass org/gradle/execution/EntryTaskSelector$Context
instanceKlass org/gradle/execution/TaskNameResolvingBuildTaskScheduler
instanceKlass org/gradle/execution/DefaultTasksBuildTaskScheduler
# instanceKlass java/lang/invoke/LambdaForm$MH+0x000001424d402000
# instanceKlass java/lang/invoke/LambdaForm$MH+0x000001424d401c00
# instanceKlass java/lang/invoke/LambdaForm$MH+0x000001424d401800
# instanceKlass java/lang/invoke/LambdaForm$MH+0x000001424d401400
# instanceKlass java/lang/invoke/LambdaForm$MH+0x000001424d401000
# instanceKlass java/lang/invoke/LambdaForm$MH+0x000001424d400c00
instanceKlass  @bci org/gradle/execution/selection/DefaultBuildTaskSelector relativeToBuild (Lorg/gradle/internal/build/BuildState;)Lorg/gradle/execution/selection/BuildTaskSelector$BuildSpecificSelector; 2 <appendix> member <vmtarget> ; # org/gradle/execution/selection/DefaultBuildTaskSelector$$Lambda+0x000001424d404f00
instanceKlass org/gradle/execution/commandline/CommandLineTaskConfigurer
# instanceKlass java/lang/invoke/LambdaForm$MH+0x000001424d400800
# instanceKlass java/lang/invoke/LambdaForm$MH+0x000001424d400400
instanceKlass org/gradle/api/internal/tasks/options/OptionValueNotationParserFactory
# instanceKlass java/lang/invoke/LambdaForm$MH+0x000001424d400000
# instanceKlass java/lang/invoke/LambdaForm$MH+0x000001424d3ffc00
# instanceKlass java/lang/invoke/LambdaForm$MH+0x000001424d3ff800
# instanceKlass java/lang/invoke/LambdaForm$MH+0x000001424d3ff400
# instanceKlass java/lang/invoke/LambdaForm$MH+0x000001424d3ff000
# instanceKlass java/lang/invoke/LambdaForm$MH+0x000001424d3fec00
# instanceKlass java/lang/invoke/LambdaForm$MH+0x000001424d3fe800
# instanceKlass java/lang/invoke/LambdaForm$MH+0x000001424d3fe400
# instanceKlass java/lang/invoke/LambdaForm$MH+0x000001424d3fe000
# instanceKlass java/lang/invoke/LambdaForm$MH+0x000001424d3fdc00
# instanceKlass java/lang/invoke/LambdaForm$MH+0x000001424d3fd800
# instanceKlass java/lang/invoke/LambdaForm$MH+0x000001424d3fd400
# instanceKlass java/lang/invoke/LambdaForm$MH+0x000001424d3fd000
# instanceKlass java/lang/invoke/LambdaForm$MH+0x000001424d3fcc00
# instanceKlass java/lang/invoke/LambdaForm$MH+0x000001424d3fc800
# instanceKlass java/lang/invoke/LambdaForm$BMH+0x000001424d3fc400
# instanceKlass java/lang/invoke/LambdaForm$DMH+0x000001424d3fc000
# instanceKlass java/lang/invoke/LambdaForm$DMH+0x000001424d3fbc00
instanceKlass org/gradle/configuration/DefaultInitScriptProcessor
# instanceKlass java/lang/invoke/LambdaForm$MH+0x000001424d3fb800
# instanceKlass java/lang/invoke/LambdaForm$MH+0x000001424d3fb400
# instanceKlass java/lang/invoke/LambdaForm$MH+0x000001424d3fb000
# instanceKlass java/lang/invoke/LambdaForm$MH+0x000001424d3fac00
# instanceKlass java/lang/invoke/LambdaForm$MH+0x000001424d3fa800
instanceKlass org/gradle/initialization/SettingsFactory
instanceKlass org/gradle/initialization/ScriptEvaluatingSettingsProcessor
instanceKlass org/gradle/initialization/SettingsEvaluatedCallbackFiringSettingsProcessor
instanceKlass org/gradle/features/internal/initialization/SharedModelDefaultsSettingsProcessor
instanceKlass org/gradle/initialization/RootBuildCacheControllerSettingsProcessor
instanceKlass org/gradle/initialization/BuildOperationSettingsProcessor$1
instanceKlass org/gradle/initialization/EvaluateSettingsBuildOperationType$Result
instanceKlass org/gradle/initialization/BuildOperationSettingsProcessor
# instanceKlass java/lang/invoke/LambdaForm$MH+0x000001424d3fa400
# instanceKlass java/lang/invoke/LambdaForm$MH+0x000001424d3fa000
# instanceKlass java/lang/invoke/LambdaForm$MH+0x000001424d3f9c00
# instanceKlass java/lang/invoke/LambdaForm$MH+0x000001424d3f9800
# instanceKlass java/lang/invoke/LambdaForm$MH+0x000001424d3f9400
# instanceKlass java/lang/invoke/LambdaForm$MH+0x000001424d3f9000
# instanceKlass java/lang/invoke/LambdaForm$MH+0x000001424d3f8c00
# instanceKlass java/lang/invoke/LambdaForm$MH+0x000001424d3f8800
# instanceKlass java/lang/invoke/LambdaForm$MH+0x000001424d3f8400
instanceKlass org/gradle/internal/resource/TextResource
instanceKlass org/gradle/internal/resource/DefaultTextFileResourceLoader
instanceKlass org/gradle/api/internal/properties/DefaultGradlePropertiesController$BuildPropertyScope
instanceKlass org/gradle/api/internal/properties/GradlePropertyScope$Build
instanceKlass org/gradle/api/internal/properties/GradlePropertyScope
instanceKlass  @bci org/gradle/api/internal/properties/DefaultGradlePropertiesController getOrCreateGradleProperties (Lorg/gradle/api/artifacts/component/BuildIdentifier;)Lorg/gradle/api/internal/properties/DefaultGradlePropertiesController$BuildScopedGradleProperties; 6 <appendix> member <vmtarget> ; # org/gradle/api/internal/properties/DefaultGradlePropertiesController$$Lambda+0x000001424d3f5568
instanceKlass org/gradle/api/internal/properties/DefaultGradlePropertiesController$ScopedGradleProperties
instanceKlass org/gradle/api/internal/artifacts/DefaultBuildIdentifier
# instanceKlass java/lang/invoke/LambdaForm$MH+0x000001424d3f8000
instanceKlass org/gradle/configuration/DefaultScriptPluginFactory
instanceKlass org/gradle/configuration/ScriptPluginFactorySelector$1
instanceKlass org/gradle/configuration/ScriptPluginFactorySelector$ProviderInstantiator
instanceKlass org/gradle/configuration/ScriptPlugin
instanceKlass org/gradle/api/Plugin
instanceKlass org/gradle/configuration/ScriptPluginFactorySelector
# instanceKlass java/lang/invoke/LambdaForm$MH+0x000001424d3f3c00
# instanceKlass java/lang/invoke/LambdaForm$MH+0x000001424d3f3800
# instanceKlass java/lang/invoke/LambdaForm$MH+0x000001424d3f3400
# instanceKlass java/lang/invoke/LambdaForm$MH+0x000001424d3f3000
# instanceKlass java/lang/invoke/LambdaForm$MH+0x000001424d3f2c00
# instanceKlass java/lang/invoke/LambdaForm$MH+0x000001424d3f2800
# instanceKlass java/lang/invoke/LambdaForm$MH+0x000001424d3f2400
# instanceKlass java/lang/invoke/LambdaForm$MH+0x000001424d3f2000
# instanceKlass java/lang/invoke/LambdaForm$MH+0x000001424d3f1c00
# instanceKlass java/lang/invoke/LambdaForm$MH+0x000001424d3f1800
# instanceKlass java/lang/invoke/LambdaForm$MH+0x000001424d3f1400
instanceKlass org/gradle/groovy/scripts/Transformer
instanceKlass org/gradle/groovy/scripts/internal/StatementTransformer
instanceKlass org/gradle/configuration/project/DefaultCompileOperationFactory
# instanceKlass java/lang/invoke/LambdaForm$MH+0x000001424d3f1000
# instanceKlass java/lang/invoke/LambdaForm$MH+0x000001424d3f0c00
# instanceKlass java/lang/invoke/LambdaForm$MH+0x000001424d3f0800
# instanceKlass java/lang/invoke/LambdaForm$MH+0x000001424d3f0400
# instanceKlass java/lang/invoke/LambdaForm$MH+0x000001424d3f0000
# instanceKlass java/lang/invoke/LambdaForm$MH+0x000001424d3ebc00
# instanceKlass java/lang/invoke/LambdaForm$MH+0x000001424d3eb800
# instanceKlass java/lang/invoke/LambdaForm$MH+0x000001424d3eb400
instanceKlass org/gradle/plugin/use/PluginId
instanceKlass  @bci org/gradle/cache/internal/DefaultCrossBuildInMemoryCacheFactory$DefaultClassMap getCacheScope (Ljava/lang/Class;)Ljava/util/Map; 17 <appendix> argL0 ; # org/gradle/cache/internal/DefaultCrossBuildInMemoryCacheFactory$DefaultClassMap$$Lambda+0x000001424d3ef2f8
instanceKlass org/gradle/plugin/management/internal/DefaultPluginResolutionStrategy
instanceKlass  @bci org/gradle/plugin/internal/PluginUseServices$BuildScopeServices createPluginDependencyResolutionServices (Lorg/gradle/api/internal/artifacts/DependencyManagementServices;)Lorg/gradle/plugin/use/internal/PluginDependencyResolutionServices; 5 <appendix> member <vmtarget> ; # org/gradle/plugin/internal/PluginUseServices$BuildScopeServices$$Lambda+0x000001424d39ed88
instanceKlass org/gradle/plugin/use/resolve/internal/PluginArtifactRepositories
instanceKlass org/gradle/api/artifacts/dsl/RepositoryHandler
instanceKlass org/gradle/api/artifacts/ArtifactRepositoryContainer
instanceKlass org/gradle/api/NamedDomainObjectList
instanceKlass  @bci org/gradle/plugin/use/resolve/service/internal/ClientInjectedClasspathPluginResolver <clinit> ()V 0 <appendix> argL0 ; # org/gradle/plugin/use/resolve/service/internal/ClientInjectedClasspathPluginResolver$$Lambda+0x000001424d39e988
instanceKlass  @cpi org/codehaus/groovy/vmplugin/v8/IndyInterface 532 form vmentry <vmtarget> ; # java/lang/invoke/LambdaForm$DMH+0x000001424d3eb000
# instanceKlass java/lang/invoke/LambdaForm$MH+0x000001424d3eac00
# instanceKlass java/lang/invoke/LambdaForm$MH+0x000001424d3ea800
# instanceKlass java/lang/invoke/LambdaForm$MH+0x000001424d3ea400
# instanceKlass java/lang/invoke/LambdaForm$MH+0x000001424d3ea000
# instanceKlass java/lang/invoke/LambdaForm$MH+0x000001424d3e9c00
# instanceKlass java/lang/invoke/LambdaForm$MH+0x000001424d3e9800
# instanceKlass java/lang/invoke/LambdaForm$MH+0x000001424d3e9400
# instanceKlass java/lang/invoke/LambdaForm$MH+0x000001424d3e9000
instanceKlass org/gradle/api/internal/artifacts/DefaultDependencyManagementServices
instanceKlass  @bci org/gradle/internal/service/scopes/GradleUserHomeScopeServices createCorePluginRegistryProvider (Lorg/gradle/initialization/ClassLoaderScopeRegistry;Lorg/gradle/api/internal/plugins/PluginInspector;)Lorg/gradle/api/internal/plugins/CorePluginRegistryProvider; 16 <appendix> member <vmtarget> ; # org/gradle/internal/service/scopes/GradleUserHomeScopeServices$$Lambda+0x000001424d3eeb10
instanceKlass org/gradle/api/internal/plugins/PluginImplementation
instanceKlass org/gradle/api/internal/plugins/PotentialPlugin
instanceKlass org/gradle/model/internal/inspect/ModelRuleSourceDetector$1
instanceKlass com/google/common/collect/MapMakerInternalMap$AbstractStrongKeyEntry
instanceKlass com/google/common/collect/MapMakerInternalMap$WeakValueEntry
instanceKlass com/google/common/collect/MapMakerInternalMap$StrongKeyWeakValueEntry$Helper
instanceKlass org/gradle/api/internal/initialization/ClassLoaderScopeIdentifier
instanceKlass org/gradle/api/internal/initialization/AbstractClassLoaderScope
instanceKlass org/gradle/initialization/ClassLoaderScopeOrigin
instanceKlass org/gradle/api/internal/initialization/loadercache/ClassLoaderId
instanceKlass org/gradle/initialization/ClassLoaderScopeId
instanceKlass org/gradle/initialization/DefaultClassLoaderScopeRegistry
instanceKlass org/gradle/api/internal/initialization/loadercache/DefaultClassLoaderCache$ClassLoaderSpec
instanceKlass org/gradle/api/internal/initialization/loadercache/DefaultClassLoaderCache
# instanceKlass java/lang/invoke/LambdaForm$MH+0x000001424d3e8c00
# instanceKlass java/lang/invoke/LambdaForm$MH+0x000001424d3e8800
instanceKlass org/gradle/plugin/management/internal/autoapply/CompositeAutoAppliedPluginRegistry
instanceKlass org/gradle/plugin/management/internal/DefaultPluginHandler
instanceKlass org/gradle/groovy/scripts/internal/BuildScopeInMemoryCachingScriptClassCompiler
instanceKlass org/gradle/groovy/scripts/ScriptCompiler
instanceKlass org/gradle/groovy/scripts/DefaultScriptCompilerFactory
# instanceKlass java/lang/invoke/LambdaForm$MH+0x000001424d3e8400
# instanceKlass java/lang/invoke/LambdaForm$MH+0x000001424d3e8000
instanceKlass org/gradle/groovy/scripts/ScriptRunner
instanceKlass org/gradle/groovy/scripts/internal/DefaultScriptRunnerFactory
instanceKlass org/gradle/groovy/scripts/internal/BuildOperationBackedScriptCompilationHandler$1
instanceKlass org/gradle/internal/scripts/CompileScriptBuildOperationType$Result
instanceKlass org/gradle/groovy/scripts/internal/BuildOperationBackedScriptCompilationHandler
instanceKlass org/gradle/internal/classpath/transforms/ClassTransform
# instanceKlass java/lang/invoke/LambdaForm$MH+0x000001424d3e3c00
# instanceKlass java/lang/invoke/LambdaForm$MH+0x000001424d3e3800
# instanceKlass java/lang/invoke/LambdaForm$MH+0x000001424d3e3400
# instanceKlass java/lang/invoke/LambdaForm$MH+0x000001424d3e3000
# instanceKlass java/lang/invoke/LambdaForm$MH+0x000001424d3e2c00
# instanceKlass java/lang/invoke/LambdaForm$MH+0x000001424d3e2800
# instanceKlass java/lang/invoke/LambdaForm$MH+0x000001424d3e2400
# instanceKlass java/lang/invoke/LambdaForm$MH+0x000001424d3e2000
# instanceKlass java/lang/invoke/LambdaForm$MH+0x000001424d3e1c00
# instanceKlass java/lang/invoke/LambdaForm$MH+0x000001424d3e1800
# instanceKlass java/lang/invoke/LambdaForm$MH+0x000001424d3e1400
# instanceKlass java/lang/invoke/LambdaForm$MH+0x000001424d3e1000
# instanceKlass java/lang/invoke/LambdaForm$BMH+0x000001424d3e0c00
# instanceKlass java/lang/invoke/LambdaForm$DMH+0x000001424d3e0800
# instanceKlass java/lang/invoke/LambdaForm$DMH+0x000001424d3e0400
instanceKlass  @bci org/gradle/internal/classpath/types/GradleCoreInstrumentationTypeRegistry <init> (Lorg/gradle/internal/hash/StreamHasher;Lorg/gradle/api/internal/classpath/RuntimeApiInfo;)V 55 <appendix> member <vmtarget> ; # org/gradle/internal/classpath/types/GradleCoreInstrumentationTypeRegistry$$Lambda+0x000001424d3e5290
instanceKlass  @bci org/gradle/internal/classpath/types/GradleCoreInstrumentationTypeRegistry <init> (Lorg/gradle/internal/hash/StreamHasher;Lorg/gradle/api/internal/classpath/RuntimeApiInfo;)V 37 <appendix> member <vmtarget> ; # org/gradle/internal/classpath/types/GradleCoreInstrumentationTypeRegistry$$Lambda+0x000001424d3e5078
instanceKlass  @bci org/gradle/internal/classpath/types/GradleCoreInstrumentationTypeRegistry <init> (Lorg/gradle/internal/hash/StreamHasher;Lorg/gradle/api/internal/classpath/RuntimeApiInfo;)V 19 <appendix> member <vmtarget> ; # org/gradle/internal/classpath/types/GradleCoreInstrumentationTypeRegistry$$Lambda+0x000001424d3e4e60
instanceKlass org/gradle/cache/internal/FineGrainedMarkAndSweepLeastRecentlyUsedCacheCleanup$MarkAndSweepCacheEntrySoftDeleter
instanceKlass org/gradle/cache/internal/DefaultCacheFactory$ReferenceTrackingFineGrainedCache
instanceKlass org/gradle/cache/internal/DefaultFineGrainedPersistentCache
instanceKlass  @bci org/gradle/cache/internal/DefaultCacheFactory openFineGrained (Ljava/io/File;Ljava/lang/String;Lorg/gradle/cache/FineGrainedCacheCleanupStrategy;)Lorg/gradle/cache/FineGrainedPersistentCache; 26 <appendix> member <vmtarget> ; # org/gradle/cache/internal/DefaultCacheFactory$$Lambda+0x000001424d3dbda8
instanceKlass org/gradle/cache/internal/DefaultFineGrainedCacheCleanupStrategyFactory$1
instanceKlass org/gradle/cache/FineGrainedMarkAndSweepCacheCleanupStrategy$FineGrainedCacheEntrySoftDeleter
instanceKlass org/gradle/cache/internal/FineGrainedMarkAndSweepLeastRecentlyUsedCacheCleanup
instanceKlass  @bci org/gradle/internal/execution/workspace/impl/CacheBasedImmutableWorkspaceProvider createWorkspaceProvider (Lorg/gradle/cache/FineGrainedCacheBuilder;Lorg/gradle/internal/file/FileAccessTimeJournal;Lorg/gradle/api/internal/cache/CacheConfigurationsInternal;Lorg/gradle/cache/FineGrainedCacheCleanupStrategyFactory;)Lorg/gradle/internal/execution/workspace/impl/CacheBasedImmutableWorkspaceProvider; 23 <appendix> member <vmtarget> ; # org/gradle/internal/execution/workspace/impl/CacheBasedImmutableWorkspaceProvider$$Lambda+0x000001424d3db538
instanceKlass org/gradle/internal/execution/workspace/ImmutableWorkspaceProvider$ImmutableWorkspace
instanceKlass org/gradle/internal/execution/workspace/impl/CacheBasedImmutableWorkspaceProvider
instanceKlass org/gradle/cache/internal/DefaultFineGrainedCacheBuilder
# instanceKlass java/lang/invoke/LambdaForm$MH+0x000001424d3e0000
# instanceKlass java/lang/invoke/LambdaForm$MH+0x000001424d3d9c00
# instanceKlass java/lang/invoke/LambdaForm$MH+0x000001424d3d9800
# instanceKlass java/lang/invoke/LambdaForm$MH+0x000001424d3d9400
instanceKlass org/gradle/cache/FineGrainedMarkAndSweepCacheCleanupStrategy
instanceKlass org/gradle/cache/FineGrainedCacheCleanupStrategy
instanceKlass org/gradle/cache/internal/DefaultFineGrainedCacheCleanupStrategyFactory
instanceKlass org/gradle/internal/execution/impl/DefaultInputFingerprinter
# instanceKlass java/lang/invoke/LambdaForm$MH+0x000001424d3d9000
# instanceKlass java/lang/invoke/LambdaForm$MH+0x000001424d3d8c00
instanceKlass  @bci org/gradle/internal/execution/impl/DefaultFileCollectionFingerprinterRegistry entriesFrom (Ljava/util/Collection;)Ljava/util/List; 6 <appendix> argL0 ; # org/gradle/internal/execution/impl/DefaultFileCollectionFingerprinterRegistry$$Lambda+0x000001424d3da460
instanceKlass org/gradle/internal/execution/impl/DefaultFileCollectionFingerprinterRegistry
instanceKlass org/gradle/api/internal/changedetection/state/CachingFileSystemLocationSnapshotHasher
instanceKlass org/gradle/api/internal/changedetection/state/LineEndingNormalizingInputStreamHasher
instanceKlass org/gradle/internal/execution/impl/DefaultFileNormalizationSpec
instanceKlass org/gradle/internal/execution/FileNormalizationSpec
instanceKlass  @bci org/gradle/internal/fingerprint/impl/FileCollectionFingerprinterRegistrations registrationsFor (Lorg/gradle/internal/fingerprint/LineEndingSensitivity;Lorg/gradle/internal/fingerprint/DirectorySensitivity;Ljava/util/stream/Stream;)Ljava/util/stream/Stream; 13 <appendix> member <vmtarget> ; # org/gradle/internal/fingerprint/impl/FileCollectionFingerprinterRegistrations$$Lambda+0x000001424d3df0b8
instanceKlass org/gradle/internal/execution/impl/FingerprinterRegistration
instanceKlass  @bci org/gradle/internal/fingerprint/impl/FileCollectionFingerprinterRegistrations registrationsFor (Lorg/gradle/internal/fingerprint/LineEndingSensitivity;Lorg/gradle/internal/fingerprint/DirectorySensitivity;Ljava/util/stream/Stream;)Ljava/util/stream/Stream; 1 <appendix> argL0 ; # org/gradle/internal/fingerprint/impl/FileCollectionFingerprinterRegistrations$$Lambda+0x000001424d3dec78
instanceKlass org/gradle/internal/fingerprint/FileSystemLocationFingerprint
instanceKlass  @bci org/gradle/internal/fingerprint/impl/AbstractDirectorySensitiveFingerprintingStrategy <init> (Ljava/lang/String;Lorg/gradle/internal/fingerprint/DirectorySensitivity;Lorg/gradle/internal/fingerprint/hashing/ConfigurableNormalizer;)V 4 <appendix> member <vmtarget> ; # org/gradle/internal/fingerprint/impl/AbstractDirectorySensitiveFingerprintingStrategy$$Lambda+0x000001424d3ddf08
instanceKlass  @bci org/gradle/internal/fingerprint/DirectorySensitivity <clinit> ()V 25 <appendix> argL0 ; # org/gradle/internal/fingerprint/DirectorySensitivity$$Lambda+0x000001424d3dd3c0
instanceKlass  @bci org/gradle/internal/fingerprint/DirectorySensitivity <clinit> ()V 7 <appendix> argL0 ; # org/gradle/internal/fingerprint/DirectorySensitivity$$Lambda+0x000001424d3dd180
instanceKlass  @cpi org/gradle/api/internal/collections/IterationOrderRetainingSetElementSource 211 form vmentry <vmtarget> ; # java/lang/invoke/LambdaForm$DMH+0x000001424d3d8800
instanceKlass  @bci org/gradle/internal/fingerprint/impl/FileCollectionFingerprinterRegistrations lambda$new$1 (Lorg/gradle/api/internal/changedetection/state/ResourceSnapshotterCacheService;Lorg/gradle/api/internal/changedetection/state/ResourceFilter;Lorg/gradle/api/internal/changedetection/state/ResourceEntryFilter;Ljava/util/Map;Lorg/gradle/api/internal/cache/StringInterner;Ljava/util/List;Lorg/gradle/internal/fingerprint/LineEndingSensitivity;)Ljava/util/stream/Stream; 33 <appendix> member <vmtarget> ; # org/gradle/internal/fingerprint/impl/FileCollectionFingerprinterRegistrations$$Lambda+0x000001424d3dcf48
instanceKlass org/gradle/internal/fingerprint/impl/FileCollectionFingerprinterRegistrations$1
instanceKlass org/gradle/api/internal/changedetection/state/LineEndingNormalizingFileSystemLocationSnapshotHasher$1
instanceKlass org/gradle/api/internal/changedetection/state/LineEndingNormalizingFileSystemLocationSnapshotHasher
instanceKlass org/gradle/internal/fingerprint/hashing/FileSystemLocationSnapshotHasher$1
instanceKlass  @bci org/gradle/internal/fingerprint/impl/FileCollectionFingerprinterRegistrations <init> (Lorg/gradle/api/internal/cache/StringInterner;Lorg/gradle/api/internal/changedetection/state/ResourceSnapshotterCacheService;Lorg/gradle/api/internal/changedetection/state/ResourceFilter;Lorg/gradle/api/internal/changedetection/state/ResourceEntryFilter;Ljava/util/Map;)V 21 <appendix> member <vmtarget> ; # org/gradle/internal/fingerprint/impl/FileCollectionFingerprinterRegistrations$$Lambda+0x000001424d3d7c98
instanceKlass  @bci org/gradle/internal/tools/api/ApiClassExtractor$Builder <init> (Lorg/gradle/internal/tools/api/ApiMemberWriterFactory;)V 5 <appendix> argL0 ; # org/gradle/internal/tools/api/ApiClassExtractor$Builder$$Lambda+0x000001424d3d7198
instanceKlass  @bci org/gradle/internal/tools/api/ApiClassExtractor withWriter (Lorg/gradle/internal/tools/api/ApiMemberWriterAdapter;)Lorg/gradle/internal/tools/api/ApiClassExtractor$Builder; 5 <appendix> member <vmtarget> ; # org/gradle/internal/tools/api/ApiClassExtractor$$Lambda+0x000001424d3d6f80
instanceKlass org/gradle/internal/tools/api/ApiMemberWriterFactory
instanceKlass org/gradle/internal/tools/api/ApiClassExtractor$Builder
instanceKlass org/gradle/internal/tools/api/ApiClassExtractor
instanceKlass  @bci org/gradle/internal/tools/api/impl/JavaApiMemberWriter adapter ()Lorg/gradle/internal/tools/api/ApiMemberWriterAdapter; 0 <appendix> argL0 ; # org/gradle/internal/tools/api/impl/JavaApiMemberWriter$$Lambda+0x000001424d3d5ff0
instanceKlass org/gradle/internal/tools/api/ApiMemberWriterAdapter
instanceKlass org/gradle/internal/tools/api/impl/JavaApiMemberWriter
instanceKlass org/gradle/internal/tools/api/ApiMemberWriter
instanceKlass org/gradle/api/internal/changedetection/state/AbiExtractingClasspathResourceHasher
instanceKlass org/gradle/internal/fingerprint/classpath/CompileClasspathFingerprinter
instanceKlass org/gradle/internal/fingerprint/hashing/FileSystemLocationSnapshotHasher
instanceKlass org/gradle/api/internal/changedetection/state/SplitResourceSnapshotterCacheService
# instanceKlass java/lang/invoke/LambdaForm$MH+0x000001424d3d8400
# instanceKlass java/lang/invoke/LambdaForm$MH+0x000001424d3d8000
instanceKlass org/gradle/internal/execution/steps/ChoosePipelineStep
instanceKlass org/gradle/internal/execution/steps/IdentityCacheStep
instanceKlass org/gradle/internal/execution/ExecutionEngine$Request
instanceKlass org/gradle/internal/execution/impl/DefaultExecutionEngine
instanceKlass org/gradle/internal/execution/steps/OverlappingOutputsFilter
instanceKlass org/gradle/internal/execution/steps/CachingContext
instanceKlass org/gradle/internal/execution/history/AfterExecutionState
instanceKlass org/gradle/internal/execution/steps/SkipUpToDateStep
instanceKlass org/gradle/internal/execution/steps/ValidationFinishedContext
instanceKlass org/gradle/internal/execution/steps/BeforeExecutionContext
instanceKlass org/gradle/internal/execution/history/changes/IncrementalInputProperties
instanceKlass org/gradle/internal/execution/InputVisitor
instanceKlass org/gradle/internal/execution/UnitOfWork
instanceKlass org/gradle/internal/execution/steps/MutableStep
instanceKlass org/gradle/internal/execution/ExecutionContext
instanceKlass org/gradle/internal/execution/Execution
instanceKlass org/gradle/internal/execution/steps/ExecuteStep
instanceKlass org/gradle/internal/execution/steps/CancelExecutionStep
instanceKlass org/gradle/internal/execution/steps/TimeoutStep
instanceKlass org/gradle/internal/execution/steps/PreCreateOutputParentsStep
instanceKlass org/gradle/internal/execution/steps/BroadcastChangingOutputsStep
instanceKlass  @bci org/gradle/internal/execution/steps/AfterExecutionOutputFilter <clinit> ()V 0 <appendix> argL0 ; # org/gradle/internal/execution/steps/AfterExecutionOutputFilter$$Lambda+0x000001424d3cb398
instanceKlass  @cpi org/gradle/internal/execution/steps/AfterExecutionOutputFilter 40 form vmentry <vmtarget> ; # java/lang/invoke/LambdaForm$DMH+0x000001424d3c9000
instanceKlass org/gradle/internal/execution/steps/ExecutionRequestContext
instanceKlass org/gradle/internal/execution/steps/IdentifyingContext
instanceKlass org/gradle/internal/execution/steps/ValidatingContext
instanceKlass org/gradle/internal/execution/steps/BuildOperationStep
instanceKlass org/gradle/caching/internal/CacheableEntity
instanceKlass org/gradle/internal/execution/steps/BuildCacheStep
instanceKlass org/gradle/internal/execution/steps/NeverUpToDateStep
instanceKlass org/gradle/internal/execution/steps/legacy/MarkSnapshottingInputsFinishedStep
instanceKlass org/gradle/internal/Either
instanceKlass org/gradle/internal/execution/caching/CachingState$Disabled
instanceKlass org/gradle/internal/execution/caching/CachingState
instanceKlass org/gradle/internal/execution/caching/CachingDisabledReason
instanceKlass org/gradle/internal/execution/caching/CachingStateFactory
instanceKlass org/gradle/internal/execution/steps/AbstractResolveCachingStateStep
instanceKlass org/gradle/internal/execution/ImplementationVisitor
instanceKlass org/gradle/internal/execution/steps/ValidateStep
instanceKlass org/gradle/internal/execution/history/BeforeExecutionState
instanceKlass org/gradle/internal/execution/history/ExecutionInputState
instanceKlass org/gradle/internal/execution/steps/CaptureImmutableStateBeforeExecutionStep
instanceKlass org/gradle/internal/execution/steps/legacy/MarkSnapshottingInputsStartedStep
instanceKlass org/gradle/internal/execution/history/ExecutionOutputState
instanceKlass org/gradle/internal/execution/steps/Context
instanceKlass org/gradle/internal/snapshot/FileSystemSnapshotHierarchyVisitor
instanceKlass org/gradle/internal/execution/ExecutionEngine$Result
instanceKlass org/gradle/internal/execution/steps/Result
instanceKlass org/gradle/internal/execution/steps/AssignImmutableWorkspaceStep
instanceKlass  @bci org/gradle/internal/service/scopes/ExecutionBuildServices createExecutionEngine (Lorg/gradle/caching/internal/controller/BuildCacheController;Lorg/gradle/initialization/BuildCancellationToken;Lorg/gradle/internal/scopeids/id/BuildInvocationScopeId;Lorg/gradle/internal/operations/BuildOperationRunner;Lorg/gradle/internal/operations/BuildOperationProgressEventEmitter;Lorg/gradle/internal/execution/BuildOutputCleanupRegistry;Lorg/gradle/internal/hash/ClassLoaderHierarchyHasher;Lorg/gradle/internal/operations/CurrentBuildOperationRef;Lorg/gradle/internal/file/Deleter;Lorg/gradle/internal/execution/ExecutionProblemHandler;Lorg/gradle/internal/execution/history/changes/ExecutionStateChangeDetector;Lorg/gradle/internal/vfs/FileSystemAccess;Lorg/gradle/internal/execution/history/ImmutableWorkspaceMetadataStore;Lorg/gradle/internal/execution/OutputChangeListener;Lorg/gradle/internal/execution/WorkInputListeners;Lorg/gradle/internal/execution/history/OutputFilesRepository;Lorg/gradle/internal/execution/OutputSna ; # org/gradle/internal/service/scopes/ExecutionBuildServices$$Lambda+0x000001424d3bf690
# instanceKlass java/lang/invoke/LambdaForm$MH+0x000001424d3c8c00
# instanceKlass java/lang/invoke/LambdaForm$MH+0x000001424d3c8800
# instanceKlass java/lang/invoke/LambdaForm$MH+0x000001424d3c8400
# instanceKlass java/lang/invoke/LambdaForm$MH+0x000001424d3c8000
# instanceKlass java/lang/invoke/LambdaForm$MH+0x000001424d3c7c00
# instanceKlass java/lang/invoke/LambdaForm$MH+0x000001424d3c7800
# instanceKlass java/lang/invoke/LambdaForm$MH+0x000001424d3c7400
# instanceKlass java/lang/invoke/LambdaForm$MH+0x000001424d3c7000
# instanceKlass java/lang/invoke/LambdaForm$MH+0x000001424d3c6c00
# instanceKlass java/lang/invoke/LambdaForm$MH+0x000001424d3c6800
# instanceKlass java/lang/invoke/LambdaForm$MH+0x000001424d3c6400
# instanceKlass java/lang/invoke/LambdaForm$MH+0x000001424d3c6000
# instanceKlass java/lang/invoke/LambdaForm$MH+0x000001424d3c5c00
# instanceKlass java/lang/invoke/LambdaForm$MH+0x000001424d3c5800
# instanceKlass java/lang/invoke/LambdaForm$MH+0x000001424d3c5400
# instanceKlass java/lang/invoke/LambdaForm$MH+0x000001424d3c5000
# instanceKlass java/lang/invoke/LambdaForm$MH+0x000001424d3c4c00
# instanceKlass java/lang/invoke/LambdaForm$MH+0x000001424d3c4800
# instanceKlass java/lang/invoke/LambdaForm$MH+0x000001424d3c4400
# instanceKlass java/lang/invoke/LambdaForm$MH+0x000001424d3c4000
# instanceKlass java/lang/invoke/LambdaForm$MH+0x000001424d3c3c00
# instanceKlass java/lang/invoke/LambdaForm$MH+0x000001424d3c3800
# instanceKlass java/lang/invoke/LambdaForm$MH+0x000001424d3c3400
# instanceKlass java/lang/invoke/LambdaForm$MH+0x000001424d3c3000
# instanceKlass java/lang/invoke/LambdaForm$MH+0x000001424d3c2c00
# instanceKlass java/lang/invoke/LambdaForm$DMH+0x000001424d3c2800
# instanceKlass java/lang/invoke/LambdaForm$MH+0x000001424d3c2400
# instanceKlass java/lang/invoke/LambdaForm$BMH+0x000001424d3c2000
# instanceKlass java/lang/invoke/LambdaForm$DMH+0x000001424d3c1c00
instanceKlass org/gradle/internal/execution/timeout/Timeout
instanceKlass org/gradle/internal/execution/timeout/impl/DefaultTimeoutHandler
instanceKlass org/gradle/internal/execution/history/impl/DefaultOverlappingOutputDetector
instanceKlass org/gradle/internal/execution/OutputVisitor
instanceKlass org/gradle/internal/execution/impl/DefaultOutputSnapshotter
instanceKlass org/gradle/internal/snapshot/FileSystemLocationSnapshot$FileSystemLocationSnapshotVisitor
instanceKlass org/gradle/internal/execution/history/impl/DefaultOutputFilesRepository
instanceKlass org/gradle/cache/internal/DefaultPersistentDirectoryCache$Initializer
instanceKlass  @bci org/gradle/cache/internal/DefaultCacheFactory openPersistentCache (Ljava/io/File;Ljava/lang/String;Ljava/util/Map;Lorg/gradle/cache/LockOptions;Ljava/util/function/Consumer;Lorg/gradle/cache/CacheCleanupStrategy;)Lorg/gradle/cache/PersistentCache; 24 <appendix> argL0 ; # org/gradle/cache/internal/DefaultCacheFactory$$Lambda+0x000001424d3bddd8
instanceKlass org/gradle/internal/execution/history/impl/DefaultImmutableWorkspaceMetadataStore
instanceKlass  @bci org/gradle/internal/service/scopes/VirtualFileSystemServices$BuildSessionServices createFileSystemAccess (Lorg/gradle/internal/hash/FileHasher;Lorg/gradle/internal/event/ListenerManager;Lorg/gradle/internal/file/FileMetadataAccessor;Lorg/gradle/api/internal/cache/StringInterner;Lorg/gradle/internal/vfs/VirtualFileSystem;Lorg/gradle/internal/vfs/FileSystemAccess$WriteListener;Lorg/gradle/internal/snapshot/impl/DirectorySnapshotterStatistics$Collector;)Lorg/gradle/internal/vfs/FileSystemAccess; 38 <appendix> member <vmtarget> ; # org/gradle/internal/service/scopes/VirtualFileSystemServices$BuildSessionServices$$Lambda+0x000001424d3bd2b0
# instanceKlass java/lang/invoke/LambdaForm$MH+0x000001424d3c1800
# instanceKlass java/lang/invoke/LambdaForm$MH+0x000001424d3c1400
# instanceKlass java/lang/invoke/LambdaForm$MH+0x000001424d3c1000
# instanceKlass java/lang/invoke/LambdaForm$MH+0x000001424d3c0c00
# instanceKlass java/lang/invoke/LambdaForm$MH+0x000001424d3c0800
# instanceKlass java/lang/invoke/LambdaForm$MH+0x000001424d3c0400
# instanceKlass java/lang/invoke/LambdaForm$MH+0x000001424d3c0000
# instanceKlass java/lang/invoke/LambdaForm$MH+0x000001424d3bbc00
instanceKlass org/gradle/api/internal/changedetection/state/SplitFileHasher
# instanceKlass java/lang/invoke/LambdaForm$MH+0x000001424d3bb800
# instanceKlass java/lang/invoke/LambdaForm$MH+0x000001424d3bb400
# instanceKlass java/lang/invoke/LambdaForm$MH+0x000001424d3bb000
# instanceKlass java/lang/invoke/LambdaForm$MH+0x000001424d3bac00
# instanceKlass java/lang/invoke/LambdaForm$MH+0x000001424d3ba800
# instanceKlass java/lang/invoke/LambdaForm$MH+0x000001424d3ba400
# instanceKlass java/lang/invoke/LambdaForm$MH+0x000001424d3ba000
# instanceKlass java/lang/invoke/LambdaForm$MH+0x000001424d3b9c00
# instanceKlass java/lang/invoke/LambdaForm$MH+0x000001424d3b9800
instanceKlass org/gradle/internal/execution/history/changes/ChangeVisitor
instanceKlass org/gradle/internal/execution/history/changes/InputFileChanges
instanceKlass org/gradle/internal/execution/history/changes/ChangeContainer
instanceKlass org/gradle/internal/execution/history/changes/DefaultExecutionStateChangeDetector
instanceKlass org/gradle/internal/execution/impl/DefaultExecutionProblemHandler
instanceKlass org/gradle/api/internal/file/AbstractFileResolver$2
instanceKlass org/apache/commons/io/FilenameUtils
instanceKlass org/gradle/internal/typeconversion/NotationConverterToNotationParserAdapter$ResultImpl
instanceKlass kotlin/jvm/functions/Function0
instanceKlass org/gradle/util/internal/DeferredUtil
instanceKlass org/gradle/caching/BuildCacheServiceFactory$Describer
instanceKlass org/gradle/caching/internal/services/AbstractBuildCacheControllerFactory
# instanceKlass java/lang/invoke/LambdaForm$MH+0x000001424d3b9400
# instanceKlass java/lang/invoke/LambdaForm$MH+0x000001424d3b9000
# instanceKlass java/lang/invoke/LambdaForm$MH+0x000001424d3b8c00
# instanceKlass java/lang/invoke/LambdaForm$MH+0x000001424d3b8800
# instanceKlass java/lang/invoke/LambdaForm$MH+0x000001424d3b8400
# instanceKlass java/lang/invoke/LambdaForm$MH+0x000001424d3b8000
# instanceKlass java/lang/invoke/LambdaForm$MH+0x000001424d3b5c00
# instanceKlass java/lang/invoke/LambdaForm$MH+0x000001424d3b5800
instanceKlass  @bci org/gradle/caching/internal/BuildCacheServices$2 createOriginMetadataFactory (Lorg/gradle/internal/scopeids/id/BuildInvocationScopeId;)Lorg/gradle/caching/internal/origin/OriginMetadataFactory; 11 <appendix> argL0 ; # org/gradle/caching/internal/BuildCacheServices$2$$Lambda+0x000001424d3b6000
instanceKlass org/gradle/caching/internal/origin/OriginMetadataFactory$PropertiesConfigurator
instanceKlass org/gradle/caching/internal/BuildCacheServices$FilePermissionsAccessAdapter
instanceKlass  @bci java/util/regex/Pattern negate (Ljava/util/regex/Pattern$CharPredicate;)Ljava/util/regex/Pattern$CharPredicate; 1 <appendix> member <vmtarget> ; # java/util/regex/Pattern$$Lambda+0x800000031
instanceKlass org/gradle/caching/internal/packaging/impl/TarBuildCacheEntryPacker
instanceKlass org/gradle/caching/internal/packaging/impl/GZipBuildCacheEntryPacker
# instanceKlass java/lang/invoke/LambdaForm$MH+0x000001424d3b5400
# instanceKlass java/lang/invoke/LambdaForm$MH+0x000001424d3b5000
# instanceKlass java/lang/invoke/LambdaForm$MH+0x000001424d3b4c00
# instanceKlass java/lang/invoke/LambdaForm$MH+0x000001424d3b4800
# instanceKlass java/lang/invoke/LambdaForm$MH+0x000001424d3b4400
# instanceKlass java/lang/invoke/LambdaForm$MH+0x000001424d3b4000
instanceKlass org/gradle/internal/file/ThreadLocalBufferProvider
instanceKlass org/gradle/caching/internal/packaging/impl/DefaultTarPackerFileSystemSupport
instanceKlass org/gradle/caching/internal/controller/NoOpBuildCacheController
instanceKlass org/gradle/caching/internal/controller/impl/LifecycleAwareBuildCacheControllerFactory$DelegatingBuildCacheController
instanceKlass org/gradle/groovy/scripts/internal/DefaultScriptCompilationHandler$NoOpGroovyResourceLoader
instanceKlass org/gradle/groovy/scripts/internal/CompileOperation
instanceKlass org/codehaus/groovy/control/CompilerConfiguration
instanceKlass groovy/lang/GroovyResourceLoader
instanceKlass org/gradle/groovy/scripts/internal/CompiledScript
instanceKlass com/google/common/base/NullnessCasts
instanceKlass com/google/common/base/AbstractIterator
instanceKlass  @bci com/google/common/base/Splitter on (Lcom/google/common/base/CharMatcher;)Lcom/google/common/base/Splitter; 10 <appendix> member <vmtarget> ; # com/google/common/base/Splitter$$Lambda+0x000001424d3ab000
instanceKlass com/google/common/base/Splitter$Strategy
instanceKlass com/google/common/base/CharMatcher
instanceKlass com/google/common/base/CommonPattern
instanceKlass com/google/common/base/Splitter
instanceKlass org/gradle/configuration/DefaultImportsReader$2
instanceKlass com/google/common/io/Java8Compatibility
instanceKlass com/google/common/io/LineBuffer
instanceKlass com/google/common/io/LineReader
instanceKlass com/google/common/io/CharStreams
instanceKlass org/gradle/configuration/DefaultImportsReader$1
instanceKlass com/google/common/io/Resources
instanceKlass org/gradle/configuration/DefaultImportsReader
instanceKlass org/gradle/plugin/use/resolve/internal/PluginResolution
instanceKlass org/gradle/composite/internal/plugins/CompositeBuildPluginResolverContributor$PluginResult
instanceKlass org/gradle/composite/internal/plugins/CompositeBuildPluginResolverContributor$CompositeBuildPluginResolver
instanceKlass org/gradle/api/internal/artifacts/dsl/dependencies/UnknownProjectFinder
instanceKlass org/gradle/api/artifacts/ProjectDependency
instanceKlass org/gradle/api/artifacts/ModuleDependency
instanceKlass org/gradle/api/artifacts/Dependency
# instanceKlass java/lang/invoke/LambdaForm$MH+0x000001424d3aa000
# instanceKlass java/lang/invoke/LambdaForm$MH+0x000001424d3a9c00
# instanceKlass java/lang/invoke/LambdaForm$MH+0x000001424d3a9800
# instanceKlass java/lang/invoke/LambdaForm$MH+0x000001424d3a9400
# instanceKlass java/lang/invoke/LambdaForm$MH+0x000001424d3a9000
# instanceKlass java/lang/invoke/LambdaForm$MH+0x000001424d3a8c00
# instanceKlass java/lang/invoke/LambdaForm$MH+0x000001424d3a8800
# instanceKlass java/lang/invoke/LambdaForm$MH+0x000001424d3a8400
# instanceKlass java/lang/invoke/LambdaForm$MH+0x000001424d3a8000
# instanceKlass java/lang/invoke/LambdaForm$MH+0x000001424d3a3c00
# instanceKlass java/lang/invoke/LambdaForm$MH+0x000001424d3a3800
instanceKlass org/gradle/internal/service/scopes/BrokenBuildsCapturingListener
instanceKlass org/gradle/plugin/management/internal/autoapply/InjectedAutoAppliedPluginRegistry
instanceKlass org/gradle/configuration/DefaultProjectsPreparer
instanceKlass org/gradle/configuration/BuildTreePreparingProjectsPreparer
instanceKlass org/gradle/configuration/BuildOperationFiringProjectsPreparer$1
instanceKlass org/gradle/initialization/ConfigureBuildBuildOperationType$Result
instanceKlass org/gradle/configuration/BuildOperationFiringProjectsPreparer
# instanceKlass java/lang/invoke/LambdaForm$MH+0x000001424d3a3400
# instanceKlass java/lang/invoke/LambdaForm$MH+0x000001424d3a3000
# instanceKlass java/lang/invoke/LambdaForm$MH+0x000001424d3a2c00
# instanceKlass java/lang/invoke/LambdaForm$MH+0x000001424d3a2800
# instanceKlass java/lang/invoke/LambdaForm$MH+0x000001424d3a2400
# instanceKlass java/lang/invoke/LambdaForm$MH+0x000001424d3a2000
# instanceKlass java/lang/invoke/LambdaForm$MH+0x000001424d3a1c00
# instanceKlass java/lang/invoke/LambdaForm$MH+0x000001424d3a1800
instanceKlass org/gradle/initialization/InstantiatingBuildLoader
instanceKlass org/gradle/initialization/ProjectPropertySettingBuildLoader
instanceKlass org/gradle/initialization/NotifyingBuildLoader$1
instanceKlass org/gradle/initialization/NotifyProjectsLoadedBuildOperationType$Result
instanceKlass org/gradle/initialization/NotifyingBuildLoader
# instanceKlass java/lang/invoke/LambdaForm$MH+0x000001424d3a1400
# instanceKlass java/lang/invoke/LambdaForm$MH+0x000001424d3a1000
# instanceKlass java/lang/invoke/LambdaForm$MH+0x000001424d3a0c00
instanceKlass org/gradle/initialization/properties/DefaultGradlePropertiesLoader
instanceKlass org/gradle/api/internal/properties/DefaultGradlePropertiesController
instanceKlass org/gradle/initialization/properties/DefaultSystemPropertiesInstaller
instanceKlass org/gradle/api/internal/artifacts/ivyservice/dependencysubstitution/DependencySubstitutionsInternal
instanceKlass org/gradle/api/artifacts/DependencySubstitutions
instanceKlass org/gradle/composite/internal/IncludedBuildDependencySubstitutionsBuilder
instanceKlass org/gradle/api/internal/artifacts/dsl/CapabilityNotationParserFactory$1
instanceKlass org/gradle/api/internal/artifacts/dsl/CapabilityNotationParserFactory
# instanceKlass java/lang/invoke/LambdaForm$MH+0x000001424d3a0800
# instanceKlass java/lang/invoke/LambdaForm$MH+0x000001424d3a0400
# instanceKlass java/lang/invoke/LambdaForm$MH+0x000001424d3a0000
# instanceKlass java/lang/invoke/LambdaForm$MH+0x000001424d39bc00
# instanceKlass java/lang/invoke/LambdaForm$MH+0x000001424d39b800
instanceKlass org/gradle/api/internal/artifacts/DependencyManagementBuildSessionScopeServices$1
instanceKlass org/gradle/internal/typeconversion/NotationParserBuilder$LazyDisplayName
instanceKlass org/gradle/internal/typeconversion/JustReturningParser
instanceKlass org/gradle/internal/model/InMemoryCacheFactory$DefaultLoadingCache
instanceKlass  @bci org/gradle/internal/typeconversion/CachingNotationConverter <init> (Lorg/gradle/internal/typeconversion/NotationConverter;Lorg/gradle/internal/model/InMemoryCacheFactory;)V 27 <appendix> member <vmtarget> ; # org/gradle/internal/typeconversion/CachingNotationConverter$$Lambda+0x000001424d393488
instanceKlass org/gradle/internal/typeconversion/TypedNotationConverter
instanceKlass org/gradle/internal/typeconversion/CachingNotationConverter
instanceKlass  @bci org/gradle/internal/model/CalculatedValueContainerFactory <init> (Lorg/gradle/internal/resources/ProjectLeaseRegistry;Lorg/gradle/internal/service/ServiceRegistry;)V 16 <appendix> member <vmtarget> ; # org/gradle/internal/model/CalculatedValueContainerFactory$$Lambda+0x000001424d392df8
instanceKlass org/gradle/api/internal/tasks/NodeExecutionContext
instanceKlass org/gradle/composite/internal/DefaultBuildableCompositeBuildContext
instanceKlass org/gradle/api/artifacts/ConfigurationContainer
instanceKlass org/gradle/initialization/buildsrc/GradlePluginApiVersionAttributeConfigurationAction
instanceKlass org/gradle/initialization/buildsrc/GroovyBuildSrcProjectConfigurationAction
instanceKlass org/gradle/kotlin/dsl/tooling/builders/BuildSrcClassPathModeConfigurationAction
instanceKlass  @bci org/gradle/internal/service/CachingServiceLocator getAll (Ljava/lang/Class;)Ljava/util/List; 14 <appendix> member <vmtarget> ; # org/gradle/internal/service/CachingServiceLocator$$Lambda+0x000001424d3927e0
instanceKlass org/gradle/configuration/project/PluginsProjectConfigureActions
instanceKlass org/gradle/api/internal/InternalAction
instanceKlass org/gradle/configuration/project/ProjectConfigureAction
instanceKlass org/gradle/initialization/buildsrc/BuildSrcProjectConfigurationAction
instanceKlass org/gradle/initialization/buildsrc/BuildSrcBuildListenerFactory
instanceKlass org/gradle/initialization/buildsrc/BuildSourceBuilder$1
instanceKlass org/gradle/initialization/buildsrc/BuildBuildSrcBuildOperationType$Result
# instanceKlass java/lang/invoke/LambdaForm$MH+0x000001424d39b400
# instanceKlass java/lang/invoke/LambdaForm$MH+0x000001424d39b000
# instanceKlass java/lang/invoke/LambdaForm$MH+0x000001424d39ac00
# instanceKlass java/lang/invoke/LambdaForm$MH+0x000001424d39a800
# instanceKlass java/lang/invoke/LambdaForm$MH+0x000001424d39a400
# instanceKlass java/lang/invoke/LambdaForm$MH+0x000001424d39a000
# instanceKlass java/lang/invoke/LambdaForm$MH+0x000001424d399c00
# instanceKlass java/lang/invoke/LambdaForm$MH+0x000001424d399800
instanceKlass org/gradle/internal/work/DefaultSynchronizer
# instanceKlass java/lang/invoke/LambdaForm$MH+0x000001424d399400
# instanceKlass java/lang/invoke/LambdaForm$MH+0x000001424d399000
# instanceKlass java/lang/invoke/LambdaForm$MH+0x000001424d398c00
# instanceKlass java/lang/invoke/LambdaForm$MH+0x000001424d398800
# instanceKlass java/lang/invoke/LambdaForm$MH+0x000001424d398400
instanceKlass org/gradle/cache/internal/BuildScopeCacheDir
# instanceKlass java/lang/invoke/LambdaForm$MH+0x000001424d398000
# instanceKlass java/lang/invoke/LambdaForm$MH+0x000001424d397c00
# instanceKlass java/lang/invoke/LambdaForm$MH+0x000001424d397800
# instanceKlass java/lang/invoke/LambdaForm$MH+0x000001424d397400
# instanceKlass java/lang/invoke/LambdaForm$MH+0x000001424d397000
# instanceKlass java/lang/invoke/LambdaForm$MH+0x000001424d396c00
# instanceKlass java/lang/invoke/LambdaForm$MH+0x000001424d396800
# instanceKlass java/lang/invoke/LambdaForm$MH+0x000001424d396400
# instanceKlass java/lang/invoke/LambdaForm$MH+0x000001424d396000
# instanceKlass java/lang/invoke/LambdaForm$MH+0x000001424d395c00
# instanceKlass java/lang/invoke/LambdaForm$MH+0x000001424d395800
# instanceKlass java/lang/invoke/LambdaForm$MH+0x000001424d395400
# instanceKlass java/lang/invoke/LambdaForm$MH+0x000001424d395000
instanceKlass org/gradle/internal/buildtree/DefaultBuildTreeWorkGraphPreparer
instanceKlass org/gradle/execution/selection/DefaultBuildTaskSelector
# instanceKlass java/lang/invoke/LambdaForm$MH+0x000001424d394c00
# instanceKlass java/lang/invoke/LambdaForm$MH+0x000001424d394800
# instanceKlass java/lang/invoke/LambdaForm$MH+0x000001424d394400
# instanceKlass java/lang/invoke/LambdaForm$MH+0x000001424d394000
instanceKlass org/gradle/util/internal/NameMatcher
instanceKlass org/gradle/execution/TaskSelection
instanceKlass org/gradle/execution/TaskSelector$SelectionContext
instanceKlass org/gradle/execution/TaskSelectionResult
instanceKlass org/gradle/api/tasks/TaskContainer
instanceKlass org/gradle/api/PolymorphicDomainObjectContainer
instanceKlass org/gradle/api/NamedDomainObjectContainer
instanceKlass org/gradle/api/tasks/TaskCollection
instanceKlass org/gradle/execution/TaskNameResolver
instanceKlass org/gradle/execution/DefaultTaskSelector
instanceKlass org/gradle/execution/plan/DefaultPlanExecutor$MergedQueues
instanceKlass org/gradle/execution/plan/DefaultPlanExecutor$WorkerStats
instanceKlass org/gradle/execution/plan/DefaultPlanExecutor$WorkerState
instanceKlass org/gradle/execution/plan/DefaultPlanExecutor$ExecutorState
# instanceKlass java/lang/invoke/LambdaForm$MH+0x000001424d38e800
# instanceKlass java/lang/invoke/LambdaForm$MH+0x000001424d38e400
# instanceKlass java/lang/invoke/LambdaForm$MH+0x000001424d38e000
# instanceKlass java/lang/invoke/LambdaForm$MH+0x000001424d38dc00
instanceKlass org/gradle/internal/id/LongIdGenerator
instanceKlass  @bci org/gradle/api/internal/initialization/DefaultScriptClassPathResolver <init> (Lorg/gradle/internal/instrumentation/agent/AgentStatus;Lorg/gradle/api/invocation/Gradle;Lorg/gradle/internal/instrumentation/reporting/PropertyUpgradeReportConfig;)V 20 <appendix> member <vmtarget> ; # org/gradle/api/internal/initialization/DefaultScriptClassPathResolver$$Lambda+0x000001424d38b6e8
instanceKlass  @bci org/gradle/internal/lazy/Lazy atomic ()Lorg/gradle/internal/lazy/Lazy$Factory; 0 <appendix> argL0 ; # org/gradle/internal/lazy/Lazy$$Lambda+0x000001424d38b4d8
instanceKlass org/gradle/internal/lazy/AtomicLazy
instanceKlass org/gradle/api/internal/initialization/transform/registration/InstrumentationTransformRegisterer
instanceKlass org/gradle/api/attributes/Attribute
instanceKlass org/gradle/internal/instrumentation/reporting/ErrorReportingMethodInterceptionReportCollector
instanceKlass org/gradle/util/internal/GUtil$1
instanceKlass org/gradle/internal/build/DefaultPublicBuildPath
# instanceKlass java/lang/invoke/LambdaForm$MH+0x000001424d38d800
instanceKlass org/gradle/internal/operations/BuildOperationExecutionContext
instanceKlass org/gradle/internal/operations/BuildOperationQueue
instanceKlass org/gradle/internal/operations/DefaultBuildOperationQueueFactory
instanceKlass org/gradle/internal/operations/DefaultBuildOperationExecutor
# instanceKlass java/lang/invoke/LambdaForm$MH+0x000001424d38d400
# instanceKlass java/lang/invoke/LambdaForm$MH+0x000001424d38d000
# instanceKlass java/lang/invoke/LambdaForm$MH+0x000001424d38cc00
# instanceKlass java/lang/invoke/LambdaForm$MH+0x000001424d38c800
# instanceKlass java/lang/invoke/LambdaForm$MH+0x000001424d38c400
# instanceKlass java/lang/invoke/LambdaForm$MH+0x000001424d38c000
# instanceKlass java/lang/invoke/LambdaForm$MH+0x000001424d383c00
instanceKlass org/gradle/api/internal/lambdas/SerializableLambdas
instanceKlass  @bci org/gradle/api/internal/DefaultMutationGuard <init> ()V 5 <appendix> argL0 ; # org/gradle/api/internal/DefaultMutationGuard$$Lambda+0x000001424d389810
instanceKlass org/gradle/api/internal/lambdas/SerializableLambdas$SerializableSupplier
instanceKlass org/gradle/api/internal/DefaultMutationGuard
instanceKlass org/gradle/api/internal/project/BuildOperationCrossProjectConfigurator
instanceKlass org/gradle/internal/ImmutableActionSet
instanceKlass  @bci org/gradle/internal/instantiation/generator/AsmBackedClassGenerator$ClassBuilderImpl applyServiceInjectionToGetter (Lorg/gradle/internal/instantiation/generator/AbstractClassGenerator$PropertyMetadata;Ljava/lang/Class;Lorg/gradle/internal/instantiation/generator/AbstractClassGenerator$MethodMetadata;)V 64 <appendix> member <vmtarget> ; # org/gradle/internal/instantiation/generator/AsmBackedClassGenerator$ClassBuilderImpl$$Lambda+0x000001424d387150
instanceKlass  @bci org/gradle/internal/fingerprint/impl/FileCollectionFingerprinterRegistrations <init> (Lorg/gradle/api/internal/cache/StringInterner;Lorg/gradle/api/internal/changedetection/state/ResourceSnapshotterCacheService;Lorg/gradle/api/internal/changedetection/state/ResourceFilter;Lorg/gradle/api/internal/changedetection/state/ResourceEntryFilter;Ljava/util/Map;)V 21 <appendix> form vmentry <vmtarget> ; # java/lang/invoke/LambdaForm$DMH+0x000001424d383800
instanceKlass  @bci org/gradle/internal/instantiation/generator/AsmBackedClassGenerator$ClassBuilderImpl addConventionSetter (Ljava/lang/reflect/Method;Lorg/gradle/internal/instantiation/generator/AbstractClassGenerator$PropertyMetadata;)V 49 <appendix> member <vmtarget> ; # org/gradle/internal/instantiation/generator/AsmBackedClassGenerator$ClassBuilderImpl$$Lambda+0x000001424d386a78
instanceKlass  @cpi org/gradle/api/internal/project/ProjectLifecycleController 194 form vmentry <vmtarget> ; # java/lang/invoke/LambdaForm$DMH+0x000001424d383400
instanceKlass  @bci org/gradle/internal/instantiation/generator/AbstractClassGenerator isManagedProperty (Lorg/gradle/internal/instantiation/generator/AbstractClassGenerator$PropertyMetadata;)Z 26 <appendix> member <vmtarget> ; # org/gradle/internal/instantiation/generator/AbstractClassGenerator$$Lambda+0x000001424d386830
instanceKlass org/gradle/api/model/ManagedType
instanceKlass org/gradle/api/plugins/PluginContainer
instanceKlass org/gradle/api/plugins/PluginCollection
instanceKlass org/gradle/invocation/DefaultGradle$DefaultGradleLifecycle
instanceKlass org/gradle/api/internal/plugins/DefaultObjectConfigurationAction
instanceKlass org/gradle/api/plugins/ObjectConfigurationAction
instanceKlass org/gradle/util/Path
instanceKlass org/gradle/initialization/SettingsState
instanceKlass org/gradle/api/internal/initialization/ClassLoaderScope
instanceKlass org/gradle/api/internal/SettingsInternal
instanceKlass org/gradle/api/initialization/Settings
instanceKlass org/gradle/internal/MutableActionSet
instanceKlass org/gradle/api/ProjectEvaluationListener
instanceKlass org/gradle/api/invocation/GradleLifecycle
instanceKlass org/gradle/api/internal/project/AbstractPluginAware
# instanceKlass java/lang/invoke/LambdaForm$MH+0x000001424d383000
# instanceKlass java/lang/invoke/LambdaForm$MH+0x000001424d382c00
# instanceKlass java/lang/invoke/LambdaForm$MH+0x000001424d382800
# instanceKlass java/lang/invoke/LambdaForm$MH+0x000001424d382400
instanceKlass  @bci org/gradle/internal/build/AbstractBuildState <init> (Lorg/gradle/internal/buildtree/BuildTreeState;Lorg/gradle/api/internal/BuildDefinition;Lorg/gradle/internal/build/BuildState;)V 60 <appendix> member <vmtarget> ; # org/gradle/internal/build/AbstractBuildState$$Lambda+0x000001424d37f8a0
instanceKlass  @bci org/gradle/internal/build/AbstractBuildState <init> (Lorg/gradle/internal/buildtree/BuildTreeState;Lorg/gradle/api/internal/BuildDefinition;Lorg/gradle/internal/build/BuildState;)V 42 <appendix> member <vmtarget> ; # org/gradle/internal/build/AbstractBuildState$$Lambda+0x000001424d37f688
instanceKlass  @bci org/gradle/internal/build/AbstractBuildState <init> (Lorg/gradle/internal/buildtree/BuildTreeState;Lorg/gradle/api/internal/BuildDefinition;Lorg/gradle/internal/build/BuildState;)V 24 <appendix> member <vmtarget> ; # org/gradle/internal/build/AbstractBuildState$$Lambda+0x000001424d37f470
instanceKlass org/gradle/vcs/internal/services/VersionControlServices$VcsResolverFactory
instanceKlass org/gradle/api/internal/artifacts/ivyservice/ivyresolve/ResolverProviderFactory
instanceKlass org/gradle/vcs/internal/resolver/VcsVersionWorkingDirResolver
instanceKlass org/gradle/vcs/internal/services/VersionControlServices$VersionControlBuildServices
instanceKlass org/gradle/profile/BuildProfileServices$2
instanceKlass org/gradle/process/internal/DefaultExecOperations
instanceKlass org/gradle/process/internal/services/ProcessServices$BuildProcessServices
instanceKlass org/gradle/plugins/ide/internal/configurer/UniqueProjectNameProvider
instanceKlass org/gradle/plugins/ide/internal/tooling/ToolingModelServices$BuildScopeToolingServices
instanceKlass org/gradle/plugin/use/tracker/internal/PluginVersionTracker
instanceKlass org/gradle/api/internal/plugins/PluginDescriptorLocator
instanceKlass org/gradle/plugin/use/resolve/internal/PluginResolutionVisitor
instanceKlass org/gradle/plugin/use/internal/DefaultPluginRequestApplicator
instanceKlass org/gradle/plugin/use/resolve/internal/PluginResolver
instanceKlass org/gradle/plugin/use/internal/PluginResolverFactory
instanceKlass org/gradle/features/internal/binding/ProjectTypeBindingBuilderInternal
instanceKlass org/gradle/features/binding/ProjectTypeBindingBuilder
instanceKlass org/gradle/features/internal/binding/ProjectFeatureBindingBuilderInternal
instanceKlass org/gradle/features/binding/ProjectFeatureBindingBuilder
instanceKlass org/gradle/features/internal/binding/DefaultProjectFeatureDeclarations
# instanceKlass java/lang/invoke/LambdaForm$MH+0x000001424d382000
# instanceKlass java/lang/invoke/LambdaForm$MH+0x000001424d381c00
# instanceKlass java/lang/invoke/LambdaForm$MH+0x000001424d381800
# instanceKlass java/lang/invoke/LambdaForm$MH+0x000001424d381400
# instanceKlass java/lang/invoke/LambdaForm$MH+0x000001424d381000
# instanceKlass java/lang/invoke/LambdaForm$MH+0x000001424d380c00
# instanceKlass java/lang/invoke/LambdaForm$MH+0x000001424d380800
# instanceKlass java/lang/invoke/LambdaForm$BMH+0x000001424d380400
# instanceKlass java/lang/invoke/LambdaForm$DMH+0x000001424d380000
instanceKlass  @bci com/google/common/collect/CollectCollectors toImmutableMap (Ljava/util/function/Function;Ljava/util/function/Function;)Ljava/util/stream/Collector; 27 <appendix> argL0 ; # com/google/common/collect/CollectCollectors$$Lambda+0x000001424d37e200
instanceKlass  @bci com/google/common/collect/CollectCollectors toImmutableMap (Ljava/util/function/Function;Ljava/util/function/Function;)Ljava/util/stream/Collector; 22 <appendix> argL0 ; # com/google/common/collect/CollectCollectors$$Lambda+0x000001424d37dfc8
instanceKlass  @bci com/google/common/collect/CollectCollectors toImmutableMap (Ljava/util/function/Function;Ljava/util/function/Function;)Ljava/util/stream/Collector; 17 <appendix> member <vmtarget> ; # com/google/common/collect/CollectCollectors$$Lambda+0x000001424d37dda0
instanceKlass  @bci com/google/common/collect/CollectCollectors toImmutableMap (Ljava/util/function/Function;Ljava/util/function/Function;)Ljava/util/stream/Collector; 10 <appendix> argL0 ; # com/google/common/collect/CollectCollectors$$Lambda+0x000001424d37db90
instanceKlass  @bci com/google/common/collect/CollectCollectors <clinit> ()V 75 <appendix> argL0 ; # com/google/common/collect/CollectCollectors$$Lambda+0x000001424d37d960
instanceKlass  @bci com/google/common/collect/CollectCollectors <clinit> ()V 70 <appendix> argL0 ; # com/google/common/collect/CollectCollectors$$Lambda+0x000001424d37d728
instanceKlass  @bci com/google/common/collect/CollectCollectors <clinit> ()V 65 <appendix> argL0 ; # com/google/common/collect/CollectCollectors$$Lambda+0x000001424d37d508
instanceKlass com/google/common/collect/RangeGwtSerializationDependencies
instanceKlass  @bci com/google/common/collect/CollectCollectors <clinit> ()V 60 <appendix> argL0 ; # com/google/common/collect/CollectCollectors$$Lambda+0x000001424d37ce90
instanceKlass com/google/common/collect/ImmutableRangeSet$Builder
instanceKlass com/google/common/collect/SortedIterable
instanceKlass com/google/common/collect/AbstractRangeSet
instanceKlass com/google/common/collect/RangeSet
instanceKlass  @bci com/google/common/collect/CollectCollectors <clinit> ()V 45 <appendix> argL0 ; # com/google/common/collect/CollectCollectors$$Lambda+0x000001424d3797c8
instanceKlass  @bci com/google/common/collect/CollectCollectors <clinit> ()V 40 <appendix> argL0 ; # com/google/common/collect/CollectCollectors$$Lambda+0x000001424d379590
instanceKlass  @bci com/google/common/collect/CollectCollectors <clinit> ()V 35 <appendix> argL0 ; # com/google/common/collect/CollectCollectors$$Lambda+0x000001424d379370
instanceKlass  @bci com/google/common/collect/CollectCollectors <clinit> ()V 30 <appendix> argL0 ; # com/google/common/collect/CollectCollectors$$Lambda+0x000001424d379160
instanceKlass  @bci com/google/common/collect/CollectCollectors <clinit> ()V 15 <appendix> argL0 ; # com/google/common/collect/CollectCollectors$$Lambda+0x000001424d378f30
instanceKlass  @bci com/google/common/collect/CollectCollectors <clinit> ()V 10 <appendix> argL0 ; # com/google/common/collect/CollectCollectors$$Lambda+0x000001424d378cf8
instanceKlass  @bci com/google/common/collect/CollectCollectors <clinit> ()V 5 <appendix> argL0 ; # com/google/common/collect/CollectCollectors$$Lambda+0x000001424d378ad8
instanceKlass  @bci com/google/common/collect/CollectCollectors <clinit> ()V 0 <appendix> argL0 ; # com/google/common/collect/CollectCollectors$$Lambda+0x000001424d3788c8
instanceKlass com/google/common/collect/CollectCollectors
instanceKlass  @bci java/util/function/Function identity ()Ljava/util/function/Function; 0 <appendix> argL0 ; # java/util/function/Function$$Lambda+0x000001424d153060
instanceKlass  @bci org/gradle/internal/properties/bean/DefaultPropertyWalker <init> (Lorg/gradle/internal/properties/annotations/TypeMetadataStore;Lorg/gradle/internal/properties/bean/ImplementationResolver;Ljava/util/Collection;)V 26 <appendix> argL0 ; # org/gradle/internal/properties/bean/DefaultPropertyWalker$$Lambda+0x000001424d3784a0
instanceKlass  @bci org/gradle/internal/properties/annotations/AbstractTypeMetadataWalker$InstanceTypeMetadataWalker <init> (Lorg/gradle/internal/properties/annotations/TypeMetadataStore;Ljava/lang/Class;)V 3 <appendix> argL0 ; # org/gradle/internal/properties/annotations/AbstractTypeMetadataWalker$InstanceTypeMetadataWalker$$Lambda+0x000001424d378290
instanceKlass org/gradle/internal/properties/annotations/AbstractTypeMetadataWalker
instanceKlass org/gradle/internal/properties/annotations/TypeMetadataWalker$InstanceMetadataWalker
instanceKlass org/gradle/internal/properties/annotations/TypeMetadataWalker$StaticMetadataWalker
instanceKlass org/gradle/internal/properties/annotations/TypeMetadataWalker
instanceKlass org/gradle/api/internal/tasks/properties/ScriptSourceAwareImplementationResolver
instanceKlass org/gradle/internal/properties/annotations/TypeMetadataWalker$TypeMetadataVisitor
instanceKlass org/gradle/internal/properties/bean/DefaultPropertyWalker
instanceKlass  @bci java/util/function/Predicate isEqual (Ljava/lang/Object;)Ljava/util/function/Predicate; 14 <appendix> member <vmtarget> ; # java/util/function/Predicate$$Lambda+0x000001424d267708
instanceKlass  @bci org/gradle/internal/properties/annotations/DefaultTypeMetadataStore calculateDisplayName (Ljava/util/Collection;)Ljava/lang/String; 6 <appendix> argL0 ; # org/gradle/internal/properties/annotations/DefaultTypeMetadataStore$$Lambda+0x000001424d377cb8
instanceKlass  @bci org/gradle/internal/properties/annotations/DefaultTypeMetadataStore <init> (Ljava/util/Collection;Ljava/util/Collection;Ljava/util/Collection;Ljava/util/Collection;Ljava/util/Collection;Lorg/gradle/internal/reflect/annotations/TypeAnnotationMetadataStore;Lorg/gradle/internal/properties/annotations/PropertyTypeResolver;Lorg/gradle/cache/internal/ClassCacheFactory;Lorg/gradle/internal/properties/annotations/MissingPropertyAnnotationHandler;)V 36 <appendix> argL0 ; # org/gradle/internal/properties/annotations/DefaultTypeMetadataStore$$Lambda+0x000001424d377a68
instanceKlass  @bci org/gradle/internal/properties/annotations/DefaultTypeMetadataStore <init> (Ljava/util/Collection;Ljava/util/Collection;Ljava/util/Collection;Ljava/util/Collection;Ljava/util/Collection;Lorg/gradle/internal/reflect/annotations/TypeAnnotationMetadataStore;Lorg/gradle/internal/properties/annotations/PropertyTypeResolver;Lorg/gradle/cache/internal/ClassCacheFactory;Lorg/gradle/internal/properties/annotations/MissingPropertyAnnotationHandler;)V 14 <appendix> argL0 ; # org/gradle/internal/properties/annotations/DefaultTypeMetadataStore$$Lambda+0x000001424d377818
instanceKlass org/gradle/internal/properties/annotations/TypeMetadata
instanceKlass org/gradle/internal/properties/annotations/FunctionMetadata
instanceKlass org/gradle/internal/properties/annotations/PropertyMetadata
instanceKlass org/gradle/internal/properties/annotations/DefaultTypeMetadataStore
instanceKlass org/gradle/api/internal/tasks/properties/DefaultPropertyTypeResolver
instanceKlass org/gradle/internal/properties/bean/ImplementationResolver
instanceKlass org/gradle/internal/properties/annotations/PropertyTypeResolver
instanceKlass org/gradle/internal/properties/annotations/TypeMetadataStore
instanceKlass org/gradle/api/internal/tasks/properties/InspectionSchemeFactory$InspectionSchemeImpl
instanceKlass  @bci org/gradle/internal/properties/annotations/MissingPropertyAnnotationHandler <clinit> ()V 8 <appendix> argL0 ; # org/gradle/internal/properties/annotations/MissingPropertyAnnotationHandler$$Lambda+0x000001424d376400
instanceKlass  @bci org/gradle/internal/properties/annotations/MissingPropertyAnnotationHandler <clinit> ()V 0 <appendix> argL0 ; # org/gradle/internal/properties/annotations/MissingPropertyAnnotationHandler$$Lambda+0x000001424d3761f0
instanceKlass org/gradle/internal/reflect/annotations/PropertyAnnotationMetadata
instanceKlass org/gradle/internal/properties/annotations/MissingPropertyAnnotationHandler
instanceKlass org/gradle/api/internal/tasks/properties/InspectionScheme
# instanceKlass java/lang/invoke/LambdaForm$MH+0x000001424d374c00
# instanceKlass java/lang/invoke/LambdaForm$MH+0x000001424d374800
# instanceKlass java/lang/invoke/LambdaForm$MH+0x000001424d374400
# instanceKlass java/lang/invoke/LambdaForm$MH+0x000001424d374000
# instanceKlass java/lang/invoke/LambdaForm$MH+0x000001424d368400
instanceKlass org/apache/commons/lang3/ObjectUtils$Null
instanceKlass org/apache/commons/lang3/ObjectUtils
instanceKlass  @bci org/apache/commons/lang3/builder/HashCodeBuilder <clinit> ()V 0 <appendix> argL0 ; # org/apache/commons/lang3/builder/HashCodeBuilder$$Lambda+0x000001424d3731e8
instanceKlass org/apache/commons/lang3/builder/HashCodeBuilder
instanceKlass org/apache/commons/lang3/builder/Builder
instanceKlass com/google/common/base/Equivalence$Wrapper
instanceKlass org/gradle/internal/reflect/Methods
instanceKlass org/gradle/internal/lazy/FixedLazy
instanceKlass  @bci org/gradle/internal/reflect/annotations/impl/DefaultTypeAnnotationMetadataStore collectIgnoredPackagePrefixes (Ljava/util/Collection;)Lcom/google/common/collect/ImmutableSet; 6 <appendix> argL0 ; # org/gradle/internal/reflect/annotations/impl/DefaultTypeAnnotationMetadataStore$$Lambda+0x000001424d371748
instanceKlass  @bci org/gradle/internal/service/scopes/ExecutionGlobalServices createAnnotationMetadataStore (Lorg/gradle/cache/internal/CrossBuildInMemoryCacheFactory;Lorg/gradle/internal/service/scopes/ExecutionGlobalServices$AnnotationHandlerRegistar;)Lorg/gradle/internal/reflect/annotations/TypeAnnotationMetadataStore; 121 <appendix> argL0 ; # org/gradle/internal/service/scopes/ExecutionGlobalServices$$Lambda+0x000001424d369d90
instanceKlass org/gradle/internal/scripts/ScriptOrigin
instanceKlass org/gradle/api/internal/DomainObjectCollectionInternal
instanceKlass org/gradle/internal/metaobject/PropertyMixIn
instanceKlass org/gradle/internal/metaobject/MethodMixIn
instanceKlass org/gradle/api/NamedDomainObjectSet
instanceKlass org/gradle/api/DomainObjectSet
instanceKlass org/gradle/api/NamedDomainObjectCollection
instanceKlass org/gradle/api/DomainObjectCollection
instanceKlass org/gradle/util/internal/ConfigureUtil$WrappedConfigureAction
instanceKlass  @bci org/gradle/internal/service/scopes/ExecutionGlobalServices createAnnotationMetadataStore (Lorg/gradle/cache/internal/CrossBuildInMemoryCacheFactory;Lorg/gradle/internal/service/scopes/ExecutionGlobalServices$AnnotationHandlerRegistar;)Lorg/gradle/internal/reflect/annotations/TypeAnnotationMetadataStore; 65 <appendix> argL0 ; # org/gradle/internal/service/scopes/ExecutionGlobalServices$$Lambda+0x000001424d36b8c0
instanceKlass  @bci org/gradle/internal/service/scopes/ExecutionGlobalServices createAnnotationMetadataStore (Lorg/gradle/cache/internal/CrossBuildInMemoryCacheFactory;Lorg/gradle/internal/service/scopes/ExecutionGlobalServices$AnnotationHandlerRegistar;)Lorg/gradle/internal/reflect/annotations/TypeAnnotationMetadataStore; 60 <appendix> argL0 ; # org/gradle/internal/service/scopes/ExecutionGlobalServices$$Lambda+0x000001424d36b690
instanceKlass org/gradle/internal/reflect/annotations/AnnotationCategory$1
instanceKlass org/gradle/features/annotations/BindsProjectFeature
instanceKlass org/gradle/features/annotations/BindsProjectType
instanceKlass org/gradle/features/annotations/RegistersProjectFeatures
instanceKlass org/gradle/internal/reflect/annotations/impl/DefaultTypeAnnotationMetadataStore$1
instanceKlass org/gradle/internal/reflect/validation/TypeValidationContext
instanceKlass org/gradle/internal/reflect/annotations/HasAnnotationMetadata
instanceKlass org/gradle/internal/reflect/annotations/TypeAnnotationMetadata
instanceKlass org/gradle/internal/reflect/annotations/impl/DefaultTypeAnnotationMetadataStore
instanceKlass  @bci org/gradle/internal/service/scopes/ExecutionGlobalServices lambda$createAnnotationRegistry$1 (Ljava/util/List;Lcom/google/common/collect/ImmutableSet$Builder;)V 2 <appendix> member <vmtarget> ; # org/gradle/internal/service/scopes/ExecutionGlobalServices$$Lambda+0x000001424d36a218
instanceKlass  @bci org/gradle/internal/service/scopes/ExecutionGlobalServices createAnnotationRegistry (Ljava/util/List;)Lorg/gradle/internal/service/scopes/ExecutionGlobalServices$AnnotationHandlerRegistar; 1 <appendix> member <vmtarget> ; # org/gradle/internal/service/scopes/ExecutionGlobalServices$$Lambda+0x000001424d36a000
instanceKlass org/gradle/api/tasks/CacheableTask
instanceKlass org/gradle/api/tasks/UntrackedTask
instanceKlass org/gradle/work/DisableCachingByDefault
instanceKlass org/gradle/api/artifacts/transform/CacheableTransform
instanceKlass org/gradle/internal/properties/annotations/AbstractTypeAnnotationHandler
instanceKlass org/gradle/plugin/management/internal/PluginResolutionStrategyInternal
instanceKlass org/gradle/plugin/management/PluginResolutionStrategy
instanceKlass org/gradle/api/internal/artifacts/DependencyResolutionServices
instanceKlass org/gradle/plugin/use/internal/PluginDependencyResolutionServices
instanceKlass org/gradle/plugin/use/resolve/internal/PluginArtifactRepositoriesProvider
instanceKlass org/gradle/plugin/use/internal/PluginRepositoryHandlerProvider
instanceKlass org/gradle/plugin/use/resolve/service/internal/ClientInjectedClasspathPluginResolver
instanceKlass org/gradle/plugin/internal/PluginUseServices$BuildScopeServices
instanceKlass org/gradle/platform/base/internal/registry/ComponentModelBaseServices$BuildScopeServices
instanceKlass org/gradle/nativeplatform/toolchain/internal/metadata/CompilerMetaDataProvider
instanceKlass org/gradle/nativeplatform/toolchain/internal/metadata/CompilerMetaDataProviderFactory
instanceKlass org/gradle/api/internal/resolve/ProjectModelResolver
instanceKlass org/gradle/nativeplatform/internal/resolve/LibraryBinaryLocator
instanceKlass org/gradle/nativeplatform/internal/resolve/NativeDependencyResolver
instanceKlass org/gradle/nativeplatform/internal/resolve/NativeDependencyResolverServices
instanceKlass org/gradle/cache/internal/FileContentCacheFactory$Calculator
instanceKlass org/gradle/language/nativeplatform/internal/incremental/sourceparser/CachingCSourceParser
instanceKlass org/gradle/language/nativeplatform/internal/incremental/sourceparser/CSourceParser
instanceKlass org/gradle/language/nativeplatform/internal/incremental/DefaultCompilationStateCacheFactory
instanceKlass org/gradle/language/nativeplatform/internal/incremental/CompilationStateCacheFactory
instanceKlass org/gradle/language/cpp/internal/NativeDependencyCache
instanceKlass org/gradle/language/base/artifact/SourcesArtifact
instanceKlass org/gradle/language/jvm/internal/JvmLanguageServices$ComponentRegistrationAction
instanceKlass org/gradle/language/java/artifact/JavadocArtifact
instanceKlass org/gradle/jvm/JvmLibrary
instanceKlass org/gradle/platform/base/Library
instanceKlass org/gradle/language/java/internal/JavaLanguageServices$JavaBuildScopeServices
instanceKlass org/gradle/tooling/provider/model/ToolingModelBuilder
instanceKlass org/gradle/language/cpp/internal/tooling/ToolingNativeServices$ToolingModelRegistration
instanceKlass org/gradle/kotlin/dsl/tooling/builders/internal/KotlinScriptingModelBuildersServices$BuildScopeToolingServices
# instanceKlass java/lang/invoke/LambdaForm$DMH+0x000001424d368000
instanceKlass org/gradle/kotlin/dsl/provider/KotlinScriptEvaluator
instanceKlass org/gradle/kotlin/dsl/provider/PluginRequestsHandler
instanceKlass org/gradle/kotlin/dsl/provider/ClassPathModeExceptionCollector
instanceKlass org/gradle/kotlin/dsl/provider/KotlinScriptClassPathProvider
instanceKlass org/gradle/api/internal/classpath/GradleApiClasspathProvider
instanceKlass org/gradle/kotlin/dsl/provider/BuildServices
instanceKlass org/gradle/kotlin/dsl/concurrent/BuildServices
instanceKlass org/gradle/kotlin/dsl/accessors/Stage1BlocksAccessorClassPathGenerator
instanceKlass org/gradle/kotlin/dsl/accessors/ProjectAccessorsClassPathGenerator
instanceKlass org/gradle/kotlin/dsl/concurrent/AsyncIOScopeFactory
instanceKlass org/gradle/kotlin/dsl/accessors/BuildScopeServices
instanceKlass org/gradle/jvm/toolchain/internal/JavaToolchain
instanceKlass org/gradle/jvm/toolchain/JavaInstallationMetadata
instanceKlass org/gradle/jvm/toolchain/internal/JavaToolchainSpecInternal$Key
instanceKlass org/gradle/jvm/toolchain/internal/JavaToolchainQueryService
instanceKlass org/gradle/jvm/toolchain/JavaToolchainRequest
instanceKlass org/gradle/jvm/toolchain/internal/install/DefaultJavaToolchainProvisioningService
instanceKlass org/gradle/jvm/toolchain/internal/install/JavaToolchainProvisioningService
instanceKlass org/gradle/jvm/toolchain/internal/install/SecureFileDownloader
instanceKlass org/gradle/jvm/toolchain/internal/DefaultToolchainExternalResourceFactory
instanceKlass org/gradle/internal/resource/ExternalResourceFactory
instanceKlass org/gradle/internal/jvm/inspection/DefaultJavaInstallationRegistry
instanceKlass org/gradle/internal/jvm/inspection/JavaInstallationRegistry
instanceKlass org/gradle/jvm/toolchain/internal/WindowsInstallationSupplier
instanceKlass org/gradle/jvm/toolchain/internal/OsXInstallationSupplier
instanceKlass org/gradle/jvm/toolchain/internal/LinuxInstallationSupplier
instanceKlass org/xml/sax/ErrorHandler
instanceKlass org/gradle/jvm/toolchain/internal/MavenToolchainsInstallationSupplier
instanceKlass org/gradle/jvm/toolchain/internal/SdkmanInstallationSupplier
instanceKlass org/gradle/jvm/toolchain/internal/JabbaInstallationSupplier
instanceKlass org/gradle/jvm/toolchain/internal/IntellijInstallationSupplier
instanceKlass org/gradle/jvm/toolchain/internal/AsdfInstallationSupplier
instanceKlass org/gradle/jvm/toolchain/internal/InstallationSupplier
instanceKlass org/gradle/jvm/toolchain/internal/DefaultOsXJavaHomeCommand
instanceKlass org/gradle/jvm/toolchain/internal/OsXJavaHomeCommand
instanceKlass org/gradle/jvm/internal/services/ProviderBackedToolchainConfiguration
instanceKlass org/gradle/jvm/toolchain/internal/ToolchainConfiguration
instanceKlass org/gradle/jvm/toolchain/JvmToolchainManagement
instanceKlass org/gradle/jvm/toolchain/internal/JavaToolchainResolverRegistryInternal
instanceKlass org/gradle/jvm/toolchain/JavaToolchainResolverRegistry
instanceKlass org/gradle/jvm/toolchain/internal/JdkCacheDirectory
instanceKlass org/gradle/jvm/internal/services/ToolchainsJvmServices$BuildServices
instanceKlass org/gradle/internal/jvm/inspection/InvalidJvmInstallationCacheInvalidator
instanceKlass  @bci org/gradle/jvm/internal/services/PlatformJvmServices$1 configure (Lorg/gradle/internal/service/ServiceRegistration;Lorg/gradle/internal/jvm/inspection/JvmMetadataDetector;)V 8 <appendix> member <vmtarget> ; # org/gradle/jvm/internal/services/PlatformJvmServices$1$$Lambda+0x000001424d355cf8
instanceKlass  @bci org/gradle/internal/jvm/inspection/JvmInstallationMetadata$DefaultJvmInstallationMetadata <init> (Ljava/io/File;Ljava/lang/String;Ljava/lang/String;Ljava/lang/String;Ljava/lang/String;Ljava/lang/String;Ljava/lang/String;Ljava/lang/String;Ljava/lang/String;)V 6 <appendix> member <vmtarget> ; # org/gradle/internal/jvm/inspection/JvmInstallationMetadata$DefaultJvmInstallationMetadata$$Lambda+0x000001424d35b488
instanceKlass org/gradle/internal/jvm/inspection/JvmInstallationMetadata$DefaultJvmInstallationMetadata
instanceKlass  @bci org/gradle/internal/jvm/inspection/CachingJvmMetadataDetector getMetadata (Lorg/gradle/jvm/toolchain/internal/InstallationLocation;)Lorg/gradle/internal/jvm/inspection/JvmInstallationMetadata; 16 <appendix> member <vmtarget> ; # org/gradle/internal/jvm/inspection/CachingJvmMetadataDetector$$Lambda+0x000001424d35ad58
instanceKlass org/gradle/jvm/toolchain/internal/InstallationLocation
instanceKlass org/gradle/internal/jvm/inspection/InvalidInstallationWarningReporter
instanceKlass org/gradle/internal/jvm/inspection/JvmInstallationMetadata
instanceKlass org/gradle/internal/jvm/inspection/DefaultJvmMetadataDetector
instanceKlass org/gradle/internal/jvm/inspection/ReportingJvmMetadataDetector
instanceKlass org/gradle/internal/jvm/inspection/CachingJvmMetadataDetector
instanceKlass org/gradle/internal/jvm/inspection/ConditionalInvalidation
instanceKlass org/gradle/process/internal/ClientExecHandleBuilder
instanceKlass org/gradle/process/internal/BaseExecHandleBuilder
instanceKlass org/gradle/process/internal/DefaultClientExecHandleBuilderFactory
# instanceKlass java/lang/invoke/LambdaForm$MH+0x000001424d35c800
# instanceKlass java/lang/invoke/LambdaForm$MH+0x000001424d35c400
instanceKlass org/gradle/jvm/internal/services/PlatformJvmServices$1
# instanceKlass java/lang/invoke/LambdaForm$DMH+0x000001424d35c000
instanceKlass org/gradle/internal/execution/OutputChangeListener
instanceKlass org/gradle/internal/execution/history/OutputsCleaner
instanceKlass org/gradle/internal/execution/steps/DeferredExecutionAwareStep
instanceKlass org/gradle/internal/execution/steps/AfterExecutionOutputFilter
instanceKlass org/gradle/internal/execution/steps/Step
instanceKlass org/gradle/internal/execution/ExecutionProblemHandler
instanceKlass org/gradle/internal/execution/history/OutputFilesRepository
instanceKlass org/gradle/internal/execution/history/ExecutionHistoryStore
instanceKlass org/gradle/internal/execution/history/ExecutionHistoryCacheAccess
instanceKlass org/gradle/internal/service/scopes/ExecutionBuildServices
instanceKlass org/gradle/authentication/http/HttpHeaderAuthentication
instanceKlass org/gradle/authentication/http/DigestAuthentication
instanceKlass org/gradle/authentication/http/BasicAuthentication
instanceKlass org/gradle/internal/resource/transport/http/HttpResourcesServices$AuthenticationSchemeAction
instanceKlass org/gradle/internal/authentication/AbstractAuthentication
instanceKlass org/gradle/internal/authentication/AuthenticationInternal
instanceKlass org/gradle/authentication/aws/AwsImAuthentication
instanceKlass org/gradle/authentication/Authentication
instanceKlass org/gradle/internal/resource/transport/aws/s3/S3ResourcesServices$AuthenticationSchemeAction
instanceKlass org/gradle/internal/isolate/actions/services/DefaultIsolatedProjectEvaluationListenerProvider
instanceKlass org/gradle/invocation/IsolatedProjectEvaluationListenerProvider
instanceKlass org/gradle/api/flow/FlowScope
instanceKlass org/gradle/internal/flow/services/FlowServices$FlowServicesProvider
instanceKlass org/gradle/internal/flow/services/FlowParametersInstantiator
instanceKlass org/gradle/internal/flow/services/FlowScheduler
instanceKlass org/gradle/internal/flow/services/DefaultFlowProviders
instanceKlass org/gradle/api/flow/FlowProviders
instanceKlass org/gradle/internal/scan/config/BuildScanConfig
instanceKlass org/gradle/internal/enterprise/impl/legacy/LegacyGradleEnterprisePluginCheckInService
instanceKlass org/gradle/internal/scan/eob/BuildScanEndOfBuildNotifier
instanceKlass org/gradle/internal/scan/config/BuildScanConfigProvider
instanceKlass org/gradle/internal/enterprise/impl/legacy/DefaultBuildScanScopeIds
instanceKlass org/gradle/internal/scan/scopeids/BuildScanScopeIds
instanceKlass org/gradle/internal/enterprise/impl/DefaultGradleEnterprisePluginRequiredServices
instanceKlass org/gradle/internal/enterprise/impl/DefaultDevelocityBuildLifecycleService
instanceKlass org/gradle/internal/enterprise/DevelocityBuildLifecycleService
instanceKlass org/gradle/internal/enterprise/GradleEnterprisePluginCheckInResult
instanceKlass org/gradle/internal/enterprise/core/GradleEnterprisePluginAdapter
instanceKlass org/gradle/internal/enterprise/impl/DefaultGradleEnterprisePluginCheckInService
instanceKlass org/gradle/internal/enterprise/GradleEnterprisePluginCheckInService
instanceKlass org/gradle/internal/enterprise/GradleEnterprisePluginRequiredServices
instanceKlass org/gradle/internal/enterprise/impl/DefaultGradleEnterprisePluginAdapterFactory
instanceKlass org/gradle/internal/enterprise/impl/GradleEnterprisePluginAutoApplicationListener
instanceKlass org/gradle/plugin/use/internal/PluginRequestApplicator$PluginApplicationListener
# instanceKlass java/lang/invoke/LambdaForm$MH+0x000001424d354800
# instanceKlass java/lang/invoke/LambdaForm$MH+0x000001424d354400
# instanceKlass java/lang/invoke/LambdaForm$MH+0x000001424d354000
instanceKlass org/gradle/declarative/dsl/model/annotations/HiddenInDefinition
instanceKlass org/gradle/api/HasImplicitReceiver
instanceKlass org/gradle/features/internal/binding/ModelDefaultsHandler
instanceKlass org/gradle/internal/declarativedsl/interpreter/DeclarativeKotlinScriptEvaluator
instanceKlass org/gradle/internal/declarativedsl/evaluationSchema/InterpretationSchemaBuilder
instanceKlass org/gradle/internal/declarativedsl/provider/BuildServices
instanceKlass org/gradle/internal/cc/impl/fingerprint/ClassLoaderScopesFingerprintController
instanceKlass org/gradle/internal/cc/impl/ConfigurationCacheClassLoaderScopeRegistryListener
instanceKlass org/gradle/internal/cc/impl/serialize/ScopeLookup
instanceKlass org/gradle/internal/cc/base/problems/AbstractProblemsListener
instanceKlass org/gradle/internal/cc/impl/DefaultConfigurationCacheIO
instanceKlass org/gradle/internal/cc/impl/ConfigurationCacheIncludedBuildIO
instanceKlass org/gradle/internal/cc/impl/ConfigurationCacheBuildTreeIO
instanceKlass org/gradle/internal/cc/impl/ConfigurationCacheOperationIO
instanceKlass org/gradle/internal/cc/impl/serialize/DefaultConfigurationCacheCodecs
instanceKlass org/gradle/internal/cc/impl/serialize/ConfigurationCacheCodecs
instanceKlass org/gradle/internal/cc/impl/DefaultConfigurationCacheHost
instanceKlass org/gradle/internal/cc/impl/ConfigurationCacheHost
instanceKlass org/gradle/internal/cc/base/serialize/HostServiceProvider
instanceKlass org/gradle/api/internal/tasks/TaskExecutionAccessChecker
instanceKlass org/gradle/internal/cc/impl/WorkGraphLoadingState
instanceKlass org/gradle/internal/cc/impl/ConfigurationCacheServices$TaskExecutionAccessCheckerProvider
instanceKlass org/gradle/internal/cc/impl/RelevantProjectsRegistry
instanceKlass org/gradle/api/internal/artifacts/configurations/ProjectComponentObservationListener
instanceKlass org/gradle/configuration/project/ProjectEvaluator
instanceKlass org/gradle/internal/cc/impl/BuildModelControllerServices$VintageModelProvider
instanceKlass org/gradle/api/internal/project/CrossProjectModelAccess
instanceKlass org/gradle/invocation/GradleLifecycleActionExecutor
instanceKlass org/gradle/api/internal/project/DynamicLookupRoutine
instanceKlass org/gradle/internal/cc/impl/BuildModelControllerServices$VintageIsolatedProjectsProvider
instanceKlass org/gradle/internal/build/BuildModelController
instanceKlass org/gradle/internal/cc/impl/BuildModelControllerServices$VintageBuildControllerProvider
# instanceKlass java/lang/invoke/LambdaForm$MH+0x000001424d34d000
# instanceKlass java/lang/invoke/LambdaForm$MH+0x000001424d34cc00
# instanceKlass java/lang/invoke/LambdaForm$MH+0x000001424d34c800
# instanceKlass java/lang/invoke/LambdaForm$MH+0x000001424d34c400
# instanceKlass java/lang/invoke/LambdaForm$MH+0x000001424d34c000
instanceKlass org/gradle/internal/cc/impl/BuildModelControllerServices
instanceKlass org/gradle/internal/authentication/DefaultAuthenticationSchemeRegistry
instanceKlass org/gradle/internal/authentication/AuthenticationSchemeRegistry
instanceKlass org/gradle/ide/xcode/internal/xcodeproj/GidGenerator
instanceKlass org/gradle/ide/xcode/internal/services/XcodeServices$1
instanceKlass org/gradle/declarative/dsl/tooling/builders/internal/BuildScopeToolingServices
instanceKlass org/gradle/composite/internal/plugins/CompositeBuildPluginResolverContributor
instanceKlass org/gradle/plugin/use/resolve/internal/PluginResolverContributor
instanceKlass org/gradle/caching/configuration/internal/BuildCacheConfigurationInternal
instanceKlass org/gradle/caching/configuration/BuildCacheConfiguration
instanceKlass org/gradle/caching/internal/controller/impl/LifecycleAwareBuildCacheController
instanceKlass org/gradle/caching/internal/controller/BuildCacheController
instanceKlass org/gradle/caching/internal/packaging/BuildCacheEntryPacker
instanceKlass org/gradle/caching/internal/packaging/impl/FilePermissionAccess
instanceKlass org/gradle/caching/internal/services/BuildCacheControllerFactory
instanceKlass org/gradle/caching/internal/packaging/impl/TarPackerFileSystemSupport
instanceKlass org/gradle/caching/internal/BuildCacheServices$3
instanceKlass org/gradle/caching/http/internal/HttpBuildCacheServiceServices$GradleVersionProvidingRequestCustomizer
instanceKlass org/gradle/caching/http/internal/HttpBuildCacheRequestCustomizer
instanceKlass org/gradle/caching/http/internal/DefaultHttpBuildCacheServiceFactory
instanceKlass org/gradle/caching/BuildCacheServiceFactory
instanceKlass org/gradle/caching/configuration/AbstractBuildCache
instanceKlass org/gradle/caching/configuration/BuildCache
instanceKlass org/gradle/caching/configuration/internal/DefaultBuildCacheServiceRegistration
instanceKlass org/gradle/caching/configuration/internal/BuildCacheServiceRegistration
instanceKlass org/gradle/maven/MavenPomArtifact
instanceKlass org/gradle/maven/MavenModule
instanceKlass org/gradle/api/publish/maven/internal/publisher/MavenPublishers
instanceKlass org/gradle/api/publish/maven/internal/dependencies/VersionRangeMapper
instanceKlass org/gradle/api/publish/maven/internal/MavenPublishServices$ComponentRegistrationAction
instanceKlass org/gradle/ivy/IvyDescriptorArtifact
instanceKlass org/gradle/api/component/Artifact
instanceKlass org/gradle/api/internal/component/DefaultComponentTypeRegistry$DefaultComponentTypeRegistration
instanceKlass org/gradle/ivy/IvyModule
instanceKlass org/gradle/api/component/Component
instanceKlass org/gradle/api/internal/component/ComponentTypeRegistration
instanceKlass org/gradle/api/internal/component/DefaultComponentTypeRegistry
instanceKlass org/gradle/api/publish/ivy/internal/publisher/IvyPublisher
instanceKlass org/gradle/api/publish/ivy/internal/IvyServices$BuildServices
instanceKlass org/gradle/api/publish/internal/mapping/ComponentDependencyResolver
instanceKlass org/gradle/api/publish/internal/mapping/VariantDependencyResolver
instanceKlass org/gradle/api/publish/internal/mapping/DefaultDependencyCoordinateResolverFactory
instanceKlass org/gradle/api/publish/internal/mapping/DependencyCoordinateResolverFactory
instanceKlass org/gradle/api/publish/internal/validation/DuplicatePublicationTracker
instanceKlass org/gradle/api/internal/artifacts/ivyservice/projectmodule/DefaultProjectDependencyPublicationResolver$VariantCoordinateResolver
instanceKlass org/gradle/api/component/SoftwareComponent
instanceKlass org/gradle/api/internal/artifacts/ivyservice/projectmodule/DefaultProjectDependencyPublicationResolver
instanceKlass org/gradle/api/internal/artifacts/ivyservice/projectmodule/ProjectDependencyPublicationResolver
instanceKlass org/gradle/api/internal/tasks/testing/TestReportGenerator
instanceKlass org/gradle/api/internal/tasks/testing/DefaultTestEventReporter
instanceKlass org/gradle/api/internal/tasks/testing/TestEventReporterInternal
instanceKlass org/gradle/api/internal/tasks/testing/GroupTestEventReporterInternal
instanceKlass org/gradle/api/tasks/testing/GroupTestEventReporter
instanceKlass org/gradle/api/tasks/testing/TestEventReporter
instanceKlass org/gradle/api/internal/tasks/testing/TestDescriptorInternal
instanceKlass org/gradle/api/internal/tasks/testing/DefaultTestEventReporterFactory
instanceKlass org/gradle/api/internal/tasks/testing/TestEventReporterFactoryInternal
instanceKlass org/gradle/api/tasks/testing/TestEventReporterFactory
instanceKlass org/gradle/api/internal/tasks/testing/TestingBasePluginServices$TestingBuildScopeServices
instanceKlass org/gradle/initialization/DefaultJdkToolsInitializer
instanceKlass org/gradle/api/internal/tasks/compile/incremental/IncrementalCompilerFactory
instanceKlass org/gradle/api/internal/tasks/compile/incremental/classpath/ClassSetAnalyzer
instanceKlass org/gradle/api/internal/tasks/compile/incremental/analyzer/ClassDependenciesAnalyzer
instanceKlass org/gradle/api/internal/tasks/CompileServices$BuildScopeCompileServices
instanceKlass org/gradle/api/internal/project/IsolatedAntBuilder
instanceKlass org/gradle/api/internal/project/ant/AntModuleServices$AntBuildScopeServices
instanceKlass org/gradle/api/internal/artifacts/DependencyManagementManagedTypesFactory
instanceKlass org/gradle/api/internal/artifacts/ivyservice/ivyresolve/ResolverProviderFactories
instanceKlass org/gradle/api/internal/artifacts/MetadataResolutionContext
instanceKlass org/gradle/api/internal/artifacts/ivyservice/ivyresolve/ComponentResolvers
instanceKlass org/gradle/api/internal/artifacts/ivyservice/ivyresolve/ModuleComponentRepository
instanceKlass org/gradle/api/artifacts/result/ResolvedArtifactResult
instanceKlass org/gradle/api/artifacts/result/ArtifactResult
instanceKlass org/gradle/api/internal/artifacts/ivyservice/ivyresolve/ExternalModuleComponentResolverFactory
instanceKlass org/gradle/api/internal/artifacts/ivyservice/resolveengine/artifact/ResolvedArtifactSetResolver
instanceKlass org/gradle/internal/resource/local/LocallyAvailableExternalResource
instanceKlass org/gradle/internal/resource/ExternalResource
instanceKlass org/gradle/internal/resource/local/FileResourceConnector
instanceKlass org/gradle/api/internal/artifacts/transform/TransformStepNodeDependencyResolver
instanceKlass java/lang/FunctionalInterface
instanceKlass org/gradle/internal/component/external/model/ModuleComponentArtifactMetadata
instanceKlass org/gradle/api/internal/runtimeshaded/RuntimeShadedJarFactory
instanceKlass org/gradle/internal/resource/local/LocallyAvailableResourceFinder
instanceKlass org/gradle/api/internal/artifacts/ivyservice/resolveengine/excludes/ModuleExclusions
instanceKlass org/gradle/api/internal/artifacts/transform/TransformExecutionListener
instanceKlass org/gradle/internal/verifier/HttpRedirectVerifier
instanceKlass org/gradle/internal/resource/TextUriResourceLoader$Factory
instanceKlass org/gradle/api/internal/artifacts/ivyservice/ivyresolve/verification/DependencyVerificationOverride
instanceKlass org/gradle/internal/management/DependencyResolutionManagementInternal
instanceKlass org/gradle/api/initialization/resolve/DependencyResolutionManagement
instanceKlass org/gradle/initialization/DependenciesAccessors
instanceKlass org/gradle/api/internal/artifacts/dsl/CapabilityNotationParser
instanceKlass org/gradle/api/internal/artifacts/DefaultProjectDependencyFactory
instanceKlass org/gradle/internal/resolve/caching/CrossBuildCachingRuleExecutor
instanceKlass org/gradle/internal/resolve/caching/CachingRuleExecutor
instanceKlass org/gradle/api/internal/artifacts/repositories/transport/RepositoryTransportFactory
instanceKlass org/gradle/internal/resource/local/FileResourceRepository
instanceKlass org/gradle/internal/resource/ExternalResourceRepository
instanceKlass org/gradle/api/internal/artifacts/dsl/dependencies/DependencyFactoryInternal
instanceKlass org/gradle/api/artifacts/dsl/DependencyFactory
instanceKlass org/gradle/api/internal/artifacts/ivyservice/ivyresolve/strategy/VersionComparator
instanceKlass org/gradle/api/internal/artifacts/ivyservice/ivyresolve/strategy/VersionSelectorScheme
instanceKlass org/gradle/api/internal/artifacts/mvnsettings/LocalMavenRepositoryLocator
instanceKlass org/gradle/api/internal/artifacts/mvnsettings/MavenSettingsProvider
instanceKlass org/gradle/api/internal/artifacts/mvnsettings/MavenFileLocations
instanceKlass org/gradle/internal/resource/TextUriResourceLoader
instanceKlass org/gradle/api/internal/artifacts/repositories/resolver/ExternalResourceAccessor
instanceKlass org/gradle/api/internal/artifacts/dsl/dependencies/DependencyConstraintFactoryInternal
instanceKlass org/gradle/api/artifacts/dsl/DependencyConstraintFactory
instanceKlass org/gradle/api/internal/artifacts/dsl/dependencies/ProjectFinder
instanceKlass org/gradle/api/internal/artifacts/verification/signatures/SignatureVerificationServiceFactory
instanceKlass org/gradle/api/internal/artifacts/DependencyManagementBuildScopeServices
instanceKlass org/gradle/api/internal/initialization/DefaultBuildLogicBuilder
instanceKlass org/gradle/internal/cleanup/DefaultBuildOutputCleanupRegistry
instanceKlass org/gradle/internal/execution/BuildOutputCleanupRegistry
instanceKlass org/gradle/api/internal/initialization/BuildLogicBuilder
instanceKlass org/gradle/api/internal/artifacts/DependencyManagementServices
instanceKlass org/gradle/api/internal/initialization/ScriptHandlerInternal
instanceKlass org/gradle/api/initialization/dsl/ScriptHandler
instanceKlass org/gradle/api/internal/initialization/DefaultScriptHandlerFactory
instanceKlass org/gradle/api/internal/initialization/DefaultScriptClassPathResolver
instanceKlass org/gradle/internal/composite/DefaultBuildIncluder
instanceKlass org/gradle/internal/build/ExportedTaskNode
instanceKlass org/gradle/internal/build/BuildWorkGraph
instanceKlass org/gradle/internal/build/DefaultBuildWorkGraphController
instanceKlass org/gradle/internal/build/BuildWorkGraphController
instanceKlass org/gradle/execution/plan/WorkNodeDependencyResolver
instanceKlass org/gradle/execution/plan/TaskNodeDependencyResolver
instanceKlass org/gradle/execution/plan/DependencyResolver
instanceKlass org/gradle/api/internal/tasks/WorkDependencyResolver
instanceKlass org/gradle/execution/plan/SelfExecutingNode
instanceKlass org/gradle/execution/plan/Node
instanceKlass org/gradle/internal/execution/WorkValidationContext
instanceKlass org/gradle/internal/execution/WorkValidationContext$TypeOriginInspector
instanceKlass org/gradle/execution/plan/DefaultNodeValidator
instanceKlass org/gradle/execution/plan/NodeValidator
instanceKlass org/gradle/initialization/layout/ResolvedBuildLayout
instanceKlass org/gradle/internal/build/BuildIncluder
instanceKlass org/gradle/initialization/DefaultSettingsPreparer
instanceKlass org/gradle/initialization/SettingsPreparer
instanceKlass org/gradle/api/internal/project/ProjectInternal
instanceKlass org/gradle/model/internal/registry/ModelRegistryScope
instanceKlass org/gradle/api/internal/DomainObjectContext
instanceKlass org/gradle/api/internal/file/HasScriptServices
instanceKlass org/gradle/api/internal/project/ProjectIdentifier
instanceKlass org/gradle/api/internal/project/ProjectFactory
instanceKlass org/gradle/api/internal/project/IProjectFactory
instanceKlass org/gradle/api/internal/file/DefaultArchiveOperations
instanceKlass org/gradle/api/file/ArchiveOperations
instanceKlass org/gradle/api/internal/file/DefaultFileSystemOperations
instanceKlass org/gradle/api/file/FileSystemOperations
instanceKlass org/gradle/api/resources/internal/ReadableResourceInternal
instanceKlass org/gradle/api/resources/ReadableResource
instanceKlass org/gradle/api/resources/Resource
instanceKlass org/gradle/internal/resource/LocalBinaryResource
instanceKlass org/gradle/internal/resource/ReadableContent
instanceKlass org/gradle/internal/resource/Resource
instanceKlass org/gradle/api/internal/file/delete/DeleteSpecInternal
instanceKlass org/gradle/api/file/DeleteSpec
instanceKlass org/gradle/api/internal/file/DefaultFileOperations
instanceKlass org/gradle/api/internal/file/FileOperations
# instanceKlass java/lang/invoke/LambdaForm$MH+0x000001424d339400
# instanceKlass java/lang/invoke/LambdaForm$MH+0x000001424d339000
# instanceKlass java/lang/invoke/LambdaForm$MH+0x000001424d338c00
# instanceKlass java/lang/invoke/LambdaForm$MH+0x000001424d338800
# instanceKlass java/lang/invoke/LambdaForm$MH+0x000001424d338400
# instanceKlass java/lang/invoke/LambdaForm$DMH+0x000001424d338000
instanceKlass org/gradle/tooling/provider/model/internal/BuildScopeToolingModelBuilderRegistryAction
instanceKlass org/gradle/api/initialization/SharedModelDefaults
instanceKlass org/gradle/features/internal/binding/ProjectFeatureDeclarations
instanceKlass org/gradle/internal/management/ToolchainManagementInternal
instanceKlass org/gradle/internal/FinalizableValue
instanceKlass org/gradle/api/toolchain/management/ToolchainManagement
instanceKlass org/gradle/api/internal/plugins/PluginManagerInternal
instanceKlass org/gradle/api/plugins/PluginManager
instanceKlass org/gradle/initialization/InitScriptHandler
instanceKlass org/gradle/api/internal/initialization/ScriptHandlerFactory
instanceKlass org/gradle/initialization/buildsrc/BuildSourceBuilder
instanceKlass org/gradle/api/internal/initialization/ScriptClassPathResolver
instanceKlass org/gradle/execution/plan/TaskDependencyResolver
instanceKlass org/gradle/execution/plan/TaskNodeFactory
instanceKlass org/gradle/api/internal/project/DefaultProjectRegistry
instanceKlass org/gradle/api/internal/project/ProjectRegistry
instanceKlass org/gradle/api/provider/ProviderFactory
instanceKlass org/gradle/execution/plan/OrdinalGroupFactory
instanceKlass org/gradle/api/internal/tasks/TaskStatistics
instanceKlass org/gradle/plugin/use/internal/PluginRequestApplicator
instanceKlass org/gradle/plugin/management/internal/PluginHandler
instanceKlass org/gradle/plugin/management/internal/argumentloaded/ArgumentSourcedPluginHandler
instanceKlass org/gradle/plugin/management/internal/autoapply/AutoAppliedPluginHandler
instanceKlass org/gradle/execution/plan/ExecutionPlanFactory
instanceKlass org/gradle/execution/selection/BuildTaskSelector$BuildSpecificSelector
instanceKlass org/gradle/execution/plan/ExecutionNodeAccessHierarchies
instanceKlass org/gradle/configuration/ConfigurationTargetIdentifier
instanceKlass org/gradle/groovy/scripts/internal/GroovyScriptClassCompiler
instanceKlass org/gradle/internal/execution/ExecutionEngine
instanceKlass org/gradle/tooling/provider/model/internal/DefaultToolingModelBuilderRegistry
instanceKlass org/gradle/tooling/provider/model/internal/ToolingModelBuilderLookup
instanceKlass org/gradle/tooling/provider/model/ToolingModelBuilderRegistry
instanceKlass org/gradle/api/internal/properties/GradleProperties
instanceKlass org/gradle/api/internal/provider/sources/process/ProcessOutputProviderFactory
instanceKlass org/gradle/api/internal/provider/sources/process/ExecSpecFactory
instanceKlass org/gradle/execution/commandline/CommandLineTaskParser
instanceKlass org/gradle/api/internal/tasks/options/OptionReader
instanceKlass org/gradle/api/services/internal/DefaultBuildServicesRegistry
instanceKlass org/gradle/api/services/internal/BuildServiceRegistryInternal
instanceKlass org/gradle/api/services/BuildServiceRegistry
instanceKlass org/gradle/groovy/scripts/internal/DefaultScriptCompilationHandler
instanceKlass org/gradle/api/internal/resources/DefaultResourceHandler$Factory
instanceKlass org/gradle/api/internal/resources/ApiTextResourceAdapter$Factory
instanceKlass org/gradle/buildinit/specs/internal/BuildInitSpecRegistry
instanceKlass org/gradle/api/internal/GradleInternal
instanceKlass org/gradle/execution/taskgraph/TaskExecutionGraphInternal
instanceKlass org/gradle/api/execution/TaskExecutionGraph
instanceKlass org/gradle/execution/plan/NodeExecutor
instanceKlass org/gradle/execution/BuildTaskScheduler
instanceKlass org/gradle/api/internal/project/ProjectTaskLister
instanceKlass org/gradle/initialization/SettingsProcessor
instanceKlass org/gradle/configuration/ProjectsPreparer
instanceKlass org/gradle/groovy/scripts/internal/ScriptRunnerFactory
instanceKlass org/gradle/api/internal/plugins/PluginAwareInternal
instanceKlass org/gradle/configuration/InitScriptProcessor
instanceKlass org/gradle/internal/build/PublicBuildPath
instanceKlass org/gradle/groovy/scripts/ScriptCompilerFactory
instanceKlass org/gradle/groovy/scripts/internal/ScriptClassCompiler
instanceKlass org/gradle/configuration/ScriptPluginFactory
instanceKlass org/gradle/initialization/BuildLoader
instanceKlass org/gradle/api/internal/project/taskfactory/ITaskFactory
instanceKlass org/gradle/internal/actor/ActorFactory
instanceKlass org/gradle/internal/build/BuildWorkPreparer
instanceKlass org/gradle/cache/scopes/BuildScopedCacheBuilderFactory
instanceKlass org/gradle/tooling/provider/model/internal/IntermediateToolingModelProvider
instanceKlass org/gradle/groovy/scripts/internal/ScriptCompilationHandler
instanceKlass org/gradle/api/invocation/BuildInvocationDetails
instanceKlass org/gradle/initialization/TaskExecutionPreparer
instanceKlass org/gradle/api/internal/provider/ValueSourceProviderFactory
instanceKlass org/gradle/process/ExecOperations
instanceKlass org/gradle/internal/resource/TextFileResourceLoader
instanceKlass org/gradle/configuration/CompileOperationFactory
instanceKlass org/gradle/internal/buildoption/FeatureFlag
instanceKlass org/gradle/internal/operations/logging/BuildOperationLoggerFactory
instanceKlass org/gradle/api/internal/component/ComponentTypeRegistry
instanceKlass org/gradle/execution/BuildWorkExecutor
instanceKlass org/gradle/api/internal/tasks/TaskResolver
instanceKlass org/gradle/internal/service/scopes/BuildScopeServices
instanceKlass org/gradle/internal/composite/IncludedBuildInternal
instanceKlass org/gradle/api/initialization/IncludedBuild
instanceKlass org/gradle/internal/buildtree/BuildTreeFinishExecutor
instanceKlass org/gradle/internal/buildtree/BuildTreeWorkExecutor
instanceKlass org/gradle/internal/build/AbstractBuildState
instanceKlass org/gradle/internal/Actions$NullAction
instanceKlass org/gradle/internal/Actions
instanceKlass org/gradle/plugin/management/internal/PluginRequests$EmptyPluginRequests
instanceKlass org/gradle/plugin/management/internal/PluginRequests
instanceKlass org/gradle/api/internal/BuildDefinition
instanceKlass org/gradle/api/problems/internal/ProblemsProgressEventEmitterHolder
instanceKlass org/gradle/initialization/BuildOptionBuildOperationProgressEventsEmitter$2
instanceKlass org/gradle/operations/configuration/IsolatedProjectsSettingsFinalizedProgressDetails
instanceKlass org/gradle/internal/operations/notify/BuildOperationNotificationBridge$Progress
instanceKlass org/gradle/internal/operations/OperationProgressEvent
instanceKlass org/gradle/initialization/BuildOptionBuildOperationProgressEventsEmitter$1
instanceKlass org/gradle/internal/configurationcache/options/ConfigurationCacheSettingsFinalizedProgressDetails
# instanceKlass java/lang/invoke/LambdaForm$MH+0x000001424d329400
# instanceKlass java/lang/invoke/LambdaForm$MH+0x000001424d329000
# instanceKlass java/lang/invoke/LambdaForm$MH+0x000001424d328c00
# instanceKlass java/lang/invoke/LambdaForm$MH+0x000001424d328800
# instanceKlass java/lang/invoke/LambdaForm$MH+0x000001424d328400
# instanceKlass java/lang/invoke/LambdaForm$MH+0x000001424d328000
instanceKlass org/gradle/internal/extensions/stdlib/ThreadLocalDelegate$Companion
instanceKlass org/gradle/internal/extensions/stdlib/ThreadLocalDelegate
instanceKlass org/gradle/internal/extensions/stdlib/ThreadLocalDelegateKt
instanceKlass org/gradle/internal/cc/impl/InputTrackingState$inputTrackingDisabledCounterForThread$2
instanceKlass kotlin/jvm/internal/CallableReference$NoReceiver
instanceKlass kotlin/reflect/KMutableProperty$Setter
instanceKlass kotlin/reflect/KProperty$Getter
instanceKlass kotlin/reflect/KFunction
instanceKlass kotlin/reflect/KProperty$Accessor
instanceKlass kotlin/jvm/internal/CallableReference
instanceKlass kotlin/jvm/internal/KotlinGenericDeclaration
instanceKlass kotlin/reflect/KMutableProperty1
instanceKlass kotlin/reflect/KMutableProperty
instanceKlass kotlin/reflect/KProperty1
instanceKlass kotlin/reflect/KProperty
instanceKlass kotlin/reflect/KCallable
instanceKlass org/gradle/internal/buildoption/DefaultFeatureFlags
instanceKlass org/gradle/internal/resources/AbstractResourceLockRegistry$ResourceLockProducer
instanceKlass  @bci java/util/Comparator comparing (Ljava/util/function/Function;)Ljava/util/Comparator; 6 <appendix> member <vmtarget> ; # java/util/Comparator$$Lambda+0x000001424d266688
instanceKlass  @cpi org/gradle/internal/watch/registry/impl/AbstractFileWatcherUpdater 400 form vmentry <vmtarget> ; # java/lang/invoke/LambdaForm$DMH+0x000001424d323c00
instanceKlass  @bci org/gradle/internal/buildtree/ProblemReportingBuildActionRunner <init> (Lorg/gradle/internal/exception/ExceptionAnalyser;Lorg/gradle/internal/initialization/layout/BuildTreeLocations;Ljava/util/List;Lorg/gradle/internal/buildtree/BuildActionRunner;)V 21 <appendix> argL0 ; # org/gradle/internal/buildtree/ProblemReportingBuildActionRunner$$Lambda+0x000001424d31a248
instanceKlass org/gradle/launcher/exec/ChainingBuildActionRunner
instanceKlass org/gradle/internal/buildtree/ProblemReportingBuildActionRunner
instanceKlass org/gradle/launcher/exec/BuildOutcomeReportingBuildActionRunner
instanceKlass org/gradle/tooling/internal/provider/FileSystemWatchingBuildActionRunner
instanceKlass org/gradle/launcher/exec/BuildCompletionNotifyingBuildActionRunner
# instanceKlass java/lang/invoke/LambdaForm$MH+0x000001424d323800
# instanceKlass java/lang/invoke/LambdaForm$MH+0x000001424d323400
# instanceKlass java/lang/invoke/LambdaForm$DMH+0x000001424d323000
# instanceKlass java/lang/invoke/LambdaForm$MH+0x000001424d322c00
# instanceKlass java/lang/invoke/LambdaForm$DMH+0x000001424d322800
# instanceKlass java/lang/invoke/LambdaForm$MH+0x000001424d322400
# instanceKlass java/lang/invoke/LambdaForm$MH+0x000001424d322000
# instanceKlass java/lang/invoke/LambdaForm$MH+0x000001424d321c00
# instanceKlass java/lang/invoke/LambdaForm$MH+0x000001424d321800
# instanceKlass java/lang/invoke/LambdaForm$MH+0x000001424d321400
# instanceKlass java/lang/invoke/LambdaForm$MH+0x000001424d321000
# instanceKlass java/lang/invoke/LambdaForm$MH+0x000001424d320c00
# instanceKlass java/lang/invoke/LambdaForm$MH+0x000001424d320800
# instanceKlass java/lang/invoke/LambdaForm$MH+0x000001424d320400
# instanceKlass java/lang/invoke/LambdaForm$MH+0x000001424d320000
# instanceKlass java/lang/invoke/LambdaForm$MH+0x000001424d31fc00
# instanceKlass java/lang/invoke/LambdaForm$MH+0x000001424d31f800
# instanceKlass java/lang/invoke/LambdaForm$MH+0x000001424d31f400
# instanceKlass java/lang/invoke/LambdaForm$MH+0x000001424d31f000
# instanceKlass java/lang/invoke/LambdaForm$MH+0x000001424d31ec00
# instanceKlass java/lang/invoke/LambdaForm$MH+0x000001424d31e800
# instanceKlass java/lang/invoke/LambdaForm$MH+0x000001424d31e400
# instanceKlass java/lang/invoke/LambdaForm$MH+0x000001424d31e000
# instanceKlass java/lang/invoke/LambdaForm$MH+0x000001424d31dc00
# instanceKlass java/lang/invoke/LambdaForm$MH+0x000001424d31d800
# instanceKlass java/lang/invoke/LambdaForm$MH+0x000001424d31d400
# instanceKlass java/lang/invoke/LambdaForm$MH+0x000001424d31d000
# instanceKlass java/lang/invoke/LambdaForm$MH+0x000001424d31cc00
# instanceKlass java/lang/invoke/LambdaForm$BMH+0x000001424d31c800
# instanceKlass java/lang/invoke/LambdaForm$DMH+0x000001424d31c400
# instanceKlass java/lang/invoke/LambdaForm$DMH+0x000001424d31c000
instanceKlass org/gradle/api/problems/internal/DefaultProblemReporter
instanceKlass org/gradle/api/problems/internal/AdditionalDataBuilderFactory$4
instanceKlass org/gradle/api/problems/internal/PropertyTraceData
instanceKlass org/gradle/api/problems/internal/PropertyTraceDataSpec
instanceKlass org/gradle/api/problems/internal/AdditionalDataBuilderFactory$3
instanceKlass org/gradle/api/problems/internal/TypeValidationData
instanceKlass org/gradle/api/problems/internal/TypeValidationDataSpec
instanceKlass org/gradle/api/problems/internal/AdditionalDataBuilderFactory$2
instanceKlass org/gradle/api/problems/internal/DeprecationData
instanceKlass org/gradle/api/problems/internal/DeprecationDataSpec
instanceKlass org/gradle/api/problems/internal/AdditionalDataBuilderFactory$1
instanceKlass org/gradle/api/problems/internal/GeneralData
instanceKlass org/gradle/api/problems/AdditionalData
instanceKlass org/gradle/api/problems/internal/AdditionalDataBuilderFactory$DataTypeAndProvider
instanceKlass org/gradle/api/problems/internal/GeneralDataSpec
instanceKlass org/gradle/api/problems/internal/AdditionalDataSpec
instanceKlass org/gradle/api/problems/internal/AdditionalDataBuilderFactory
instanceKlass org/gradle/api/problems/internal/ProblemsInfrastructure
instanceKlass org/gradle/api/problems/internal/InternalProblemBuilder
instanceKlass org/gradle/api/problems/internal/InternalProblemSpec
instanceKlass org/gradle/api/problems/internal/InternalProblemReporter
instanceKlass org/gradle/api/problems/ProblemReporter
instanceKlass org/gradle/api/problems/internal/DefaultProblems
# instanceKlass java/lang/invoke/LambdaForm$MH+0x000001424d316400
# instanceKlass java/lang/invoke/LambdaForm$MH+0x000001424d316000
# instanceKlass java/lang/invoke/LambdaForm$MH+0x000001424d315c00
# instanceKlass java/lang/invoke/LambdaForm$MH+0x000001424d315800
# instanceKlass java/lang/invoke/LambdaForm$MH+0x000001424d315400
# instanceKlass java/lang/invoke/LambdaForm$MH+0x000001424d315000
# instanceKlass java/lang/invoke/LambdaForm$MH+0x000001424d314c00
# instanceKlass java/lang/invoke/LambdaForm$MH+0x000001424d314800
# instanceKlass java/lang/invoke/LambdaForm$MH+0x000001424d314400
# instanceKlass java/lang/invoke/LambdaForm$MH+0x000001424d314000
instanceKlass org/gradle/internal/snapshot/impl/ArrayOfPrimitiveValueSnapshot
instanceKlass org/gradle/internal/snapshot/impl/AbstractSetSnapshot
instanceKlass org/gradle/internal/snapshot/impl/AbstractListSnapshot
instanceKlass org/gradle/internal/snapshot/impl/AbstractArraySnapshot
instanceKlass org/gradle/internal/snapshot/impl/EnumValueSnapshot
instanceKlass org/gradle/internal/snapshot/impl/JavaSerializedValueSnapshot
instanceKlass org/gradle/internal/snapshot/impl/NullValueSnapshot
instanceKlass org/gradle/internal/snapshot/impl/AbstractManagedValueSnapshot
instanceKlass org/gradle/internal/snapshot/impl/AbstractScalarValueSnapshot
instanceKlass org/gradle/internal/snapshot/impl/AbstractMapSnapshot
instanceKlass org/gradle/internal/snapshot/impl/IsolatableSerializerRegistry$IsolatableSerializer
instanceKlass com/google/common/collect/Synchronized$SynchronizedObject
instanceKlass com/google/common/collect/Table
instanceKlass com/google/common/collect/Synchronized
instanceKlass com/google/common/collect/SortedSetMultimap
instanceKlass com/google/common/collect/Multimaps
instanceKlass com/google/common/collect/MultimapBuilder$LinkedHashSetSupplier
instanceKlass com/google/common/collect/MultimapBuilder$MultimapBuilderWithKeys
instanceKlass com/google/common/collect/MultimapBuilder
instanceKlass org/gradle/internal/problems/DefaultProblemDiagnosticsFactory$DefaultProblemStream
# instanceKlass java/lang/invoke/LambdaForm$MH+0x000001424d30b000
# instanceKlass java/lang/invoke/LambdaForm$MH+0x000001424d30ac00
# instanceKlass java/lang/invoke/LambdaForm$MH+0x000001424d30a800
# instanceKlass java/lang/invoke/LambdaForm$MH+0x000001424d30a400
# instanceKlass java/lang/invoke/LambdaForm$MH+0x000001424d30a000
# instanceKlass java/lang/invoke/LambdaForm$MH+0x000001424d309c00
# instanceKlass java/lang/invoke/LambdaForm$MH+0x000001424d309800
# instanceKlass java/lang/invoke/LambdaForm$MH+0x000001424d309400
# instanceKlass java/lang/invoke/LambdaForm$MH+0x000001424d309000
# instanceKlass java/lang/invoke/LambdaForm$MH+0x000001424d308c00
instanceKlass org/gradle/internal/problems/DefaultProblemDiagnosticsFactory$1
instanceKlass org/gradle/internal/problems/DefaultProblemDiagnosticsFactory$CopyStackTraceTransFormer
instanceKlass org/gradle/internal/code/DefaultUserCodeApplicationContext
instanceKlass  @bci org/gradle/internal/problems/DefaultProblemLocationAnalyzer <clinit> ()V 0 <appendix> argL0 ; # org/gradle/internal/problems/DefaultProblemLocationAnalyzer$$Lambda+0x000001424d304a20
instanceKlass  @cpi org/gradle/internal/snapshot/PathUtil 193 form vmentry <vmtarget> ; # java/lang/invoke/LambdaForm$DMH+0x000001424d308800
instanceKlass org/gradle/internal/problems/failure/StackFramePredicate
instanceKlass org/gradle/composite/internal/DefaultIncludedBuildRegistry
# instanceKlass java/lang/invoke/LambdaForm$MH+0x000001424d308400
# instanceKlass java/lang/invoke/LambdaForm$MH+0x000001424d308000
# instanceKlass java/lang/invoke/LambdaForm$MH+0x000001424d303c00
# instanceKlass java/lang/invoke/LambdaForm$MH+0x000001424d303800
# instanceKlass java/lang/invoke/LambdaForm$MH+0x000001424d303400
# instanceKlass java/lang/invoke/LambdaForm$MH+0x000001424d303000
# instanceKlass java/lang/invoke/LambdaForm$MH+0x000001424d302c00
# instanceKlass java/lang/invoke/LambdaForm$MH+0x000001424d302800
# instanceKlass java/lang/invoke/LambdaForm$MH+0x000001424d302400
# instanceKlass java/lang/invoke/LambdaForm$MH+0x000001424d302000
instanceKlass org/gradle/problems/internal/services/SummarizerStrategy
instanceKlass  @bci org/gradle/problems/internal/services/ProblemsBuildTreeServices createProblemSummarizer (Lorg/gradle/internal/operations/BuildOperationProgressEventEmitter;Lorg/gradle/internal/operations/CurrentBuildOperationRef;Ljava/util/Collection;Lorg/gradle/internal/buildoption/InternalOptions;Lorg/gradle/api/problems/internal/ProblemReportCreator;Lorg/gradle/internal/execution/WorkExecutionTracker;Lorg/gradle/api/internal/StartParameterInternal;)Lorg/gradle/api/problems/internal/ProblemSummarizer; 35 <appendix> member <vmtarget> ; # org/gradle/problems/internal/services/ProblemsBuildTreeServices$$Lambda+0x000001424d3041f0
instanceKlass org/gradle/api/problems/internal/TaskIdentityProvider
instanceKlass org/gradle/problems/internal/emitters/ConsoleProblemEmitter
instanceKlass org/gradle/problems/internal/emitters/BuildOperationBasedProblemEmitter
instanceKlass org/gradle/problems/internal/services/DefaultProblemSummarizer
# instanceKlass java/lang/invoke/LambdaForm$MH+0x000001424d301c00
# instanceKlass java/lang/invoke/LambdaForm$MH+0x000001424d301800
# instanceKlass java/lang/invoke/LambdaForm$MH+0x000001424d301400
# instanceKlass java/lang/invoke/LambdaForm$MH+0x000001424d301000
# instanceKlass java/lang/invoke/LambdaForm$MH+0x000001424d300c00
# instanceKlass java/lang/invoke/LambdaForm$MH+0x000001424d300800
# instanceKlass java/lang/invoke/LambdaForm$MH+0x000001424d300400
# instanceKlass java/lang/invoke/LambdaForm$MH+0x000001424d300000
# instanceKlass java/lang/invoke/LambdaForm$MH+0x000001424d2fdc00
instanceKlass org/gradle/internal/execution/DefaultWorkExecutionTracker$OperationListener
instanceKlass org/gradle/internal/execution/DefaultWorkExecutionTracker
instanceKlass org/gradle/internal/configuration/problems/FailureDecorator
instanceKlass  @bci org/gradle/internal/configuration/problems/CommonReport <init> (Lorg/gradle/internal/concurrent/ExecutorFactory;Lorg/gradle/api/internal/file/temp/TemporaryFileProvider;Lorg/gradle/internal/buildoption/InternalOptions;Ljava/lang/String;Ljava/lang/String;Z)V 96 <appendix> member <vmtarget> ; # org/gradle/internal/configuration/problems/CommonReport$$Lambda+0x000001424d2ff000
instanceKlass org/gradle/internal/cc/impl/problems/JsonSource
instanceKlass kotlin/jvm/functions/Function1
instanceKlass kotlin/Function
instanceKlass org/gradle/internal/configuration/problems/CommonReport$State
instanceKlass org/gradle/internal/configuration/problems/CommonReport$Companion
instanceKlass kotlin/coroutines/Continuation
instanceKlass org/gradle/problems/internal/impl/DefaultProblemsReportCreator
# instanceKlass java/lang/invoke/LambdaForm$MH+0x000001424d2fd800
# instanceKlass java/lang/invoke/LambdaForm$MH+0x000001424d2fd400
# instanceKlass java/lang/invoke/LambdaForm$MH+0x000001424d2fd000
# instanceKlass java/lang/invoke/LambdaForm$MH+0x000001424d2fcc00
# instanceKlass java/lang/invoke/LambdaForm$MH+0x000001424d2fc800
# instanceKlass java/lang/invoke/LambdaForm$MH+0x000001424d2fc400
# instanceKlass java/lang/invoke/LambdaForm$MH+0x000001424d2fc000
# instanceKlass java/lang/invoke/LambdaForm$MH+0x000001424d2fbc00
# instanceKlass java/lang/invoke/LambdaForm$MH+0x000001424d2fb800
# instanceKlass java/lang/invoke/LambdaForm$MH+0x000001424d2fb400
# instanceKlass java/lang/invoke/LambdaForm$MH+0x000001424d2fb000
# instanceKlass java/lang/invoke/LambdaForm$MH+0x000001424d2fac00
# instanceKlass java/lang/invoke/LambdaForm$MH+0x000001424d2fa800
# instanceKlass java/lang/invoke/LambdaForm$MH+0x000001424d2fa400
# instanceKlass java/lang/invoke/LambdaForm$MH+0x000001424d2fa000
# instanceKlass java/lang/invoke/LambdaForm$MH+0x000001424d2f9c00
# instanceKlass java/lang/invoke/LambdaForm$MH+0x000001424d2f9800
# instanceKlass java/lang/invoke/LambdaForm$MH+0x000001424d2f9400
# instanceKlass java/lang/invoke/LambdaForm$MH+0x000001424d2f9000
# instanceKlass java/lang/invoke/LambdaForm$DMH+0x000001424d2f8c00
# instanceKlass java/lang/invoke/LambdaForm$MH+0x000001424d2f8800
# instanceKlass java/lang/invoke/LambdaForm$MH+0x000001424d2f8400
# instanceKlass java/lang/invoke/LambdaForm$MH+0x000001424d2f8000
# instanceKlass java/lang/invoke/LambdaForm$MH+0x000001424d2f3c00
# instanceKlass java/lang/invoke/LambdaForm$MH+0x000001424d2f3800
# instanceKlass java/lang/invoke/LambdaForm$MH+0x000001424d2f3400
# instanceKlass java/lang/invoke/LambdaForm$MH+0x000001424d2f3000
# instanceKlass java/lang/invoke/LambdaForm$MH+0x000001424d2f2c00
instanceKlass org/gradle/tooling/internal/provider/serialization/DefaultPayloadClassLoaderRegistry$DetailsToClassLoaderTransformer
instanceKlass org/gradle/tooling/internal/provider/serialization/DefaultPayloadClassLoaderRegistry$ClassLoaderToDetailsTransformer
instanceKlass org/gradle/tooling/internal/provider/serialization/ClassLoaderCache$Transformer
instanceKlass org/gradle/tooling/internal/provider/serialization/DefaultPayloadClassLoaderRegistry
instanceKlass org/gradle/tooling/internal/provider/serialization/ClassLoaderDetails
instanceKlass org/gradle/tooling/internal/provider/serialization/DeserializeMap
instanceKlass org/gradle/tooling/internal/provider/serialization/SerializeMap
instanceKlass org/gradle/tooling/internal/provider/serialization/WellKnownClassLoaderRegistry
instanceKlass org/gradle/internal/classloader/DelegatingClassLoader
instanceKlass org/gradle/api/internal/initialization/loadercache/ModelClassLoaderFactory
instanceKlass org/gradle/internal/daemon/serialization/DaemonSidePayloadClassLoaderFactory
instanceKlass org/gradle/internal/classpath/DefaultCachedClasspathTransformer$ParallelTransformExecutor
instanceKlass org/gradle/internal/file/impl/SingleDepthFileAccessTracker
instanceKlass org/gradle/cache/internal/DefaultCacheCleanupStrategy
instanceKlass  @bci org/gradle/internal/classpath/DefaultClasspathTransformerCacheFactory createCacheCleanupStrategy (Lorg/gradle/internal/file/FileAccessTimeJournal;)Lorg/gradle/cache/CacheCleanupStrategy; 23 <appendix> member <vmtarget> ; # org/gradle/internal/classpath/DefaultClasspathTransformerCacheFactory$$Lambda+0x000001424d2f5180
instanceKlass  @bci org/gradle/api/internal/cache/DefaultCacheConfigurations getCleanupFrequency ()Lorg/gradle/api/provider/Provider; 5 <appendix> member <vmtarget> ; # org/gradle/api/internal/cache/DefaultCacheConfigurations$$Lambda+0x000001424d2f4ac8
instanceKlass  @bci org/gradle/api/internal/cache/DefaultCacheConfigurations$DefaultCacheResourceConfiguration getEntryRetentionTimestampSupplier ()Ljava/util/function/Supplier; 1 <appendix> member <vmtarget> ; # org/gradle/api/internal/cache/DefaultCacheConfigurations$DefaultCacheResourceConfiguration$$Lambda+0x000001424d2f48b0
instanceKlass org/gradle/cache/internal/SingleDepthFilesFinder
instanceKlass  @bci org/gradle/internal/versionedcache/UnusedVersionsCacheCleanup <init> (Ljava/util/regex/Pattern;Lorg/gradle/internal/versionedcache/CacheVersionMapping;Lorg/gradle/internal/versionedcache/UsedGradleVersions;)V 2 <appendix> member <vmtarget> ; # org/gradle/internal/versionedcache/UnusedVersionsCacheCleanup$$Lambda+0x000001424d2f4000
instanceKlass org/gradle/cache/internal/AbstractCacheCleanup
instanceKlass org/gradle/cache/internal/CompositeCleanupAction$Builder
instanceKlass org/gradle/cache/internal/CompositeCleanupAction
# instanceKlass java/lang/invoke/LambdaForm$MH+0x000001424d2f2800
# instanceKlass java/lang/invoke/LambdaForm$MH+0x000001424d2f2400
# instanceKlass java/lang/invoke/LambdaForm$MH+0x000001424d2f2000
# instanceKlass java/lang/invoke/LambdaForm$MH+0x000001424d2f1c00
# instanceKlass java/lang/invoke/LambdaForm$MH+0x000001424d2f1800
# instanceKlass java/lang/invoke/LambdaForm$MH+0x000001424d2f1400
# instanceKlass java/lang/invoke/LambdaForm$MH+0x000001424d2f1000
# instanceKlass java/lang/invoke/LambdaForm$MH+0x000001424d2f0c00
# instanceKlass java/lang/invoke/LambdaForm$MH+0x000001424d2f0800
# instanceKlass java/lang/invoke/LambdaForm$MH+0x000001424d2f0400
instanceKlass  @bci org/gradle/api/internal/artifacts/DependencyManagementBuildScopeServices createRepositoryTransportFactory (Lorg/gradle/api/internal/file/temp/TemporaryFileProvider;Lorg/gradle/api/internal/artifacts/ivyservice/modulecache/FileStoreAndIndexProvider;Lorg/gradle/util/internal/BuildCommencedTimeProvider;Lorg/gradle/api/internal/artifacts/ivyservice/ArtifactCachesProvider;Ljava/util/List;Lorg/gradle/internal/operations/BuildOperationRunner;Lorg/gradle/cache/internal/ProducerGuard;Lorg/gradle/internal/resource/local/FileResourceRepository;Lorg/gradle/internal/hash/ChecksumService;Lorg/gradle/api/internal/artifacts/ivyservice/ivyresolve/StartParameterResolutionOverride;)Lorg/gradle/api/internal/artifacts/repositories/transport/RepositoryTransportFactory; 17 <appendix> form vmentry <vmtarget> ; # java/lang/invoke/LambdaForm$DMH+0x000001424d2f0000
instanceKlass org/gradle/internal/classpath/ClasspathBuilder$EntryBuilder
instanceKlass org/gradle/internal/classpath/InPlaceClasspathBuilder
instanceKlass org/gradle/api/internal/initialization/DefaultBuildLogicBuildQueue
instanceKlass org/gradle/api/internal/initialization/BuildLogicBuildQueue
instanceKlass org/gradle/api/internal/project/taskfactory/TaskIdentityFactory
instanceKlass org/gradle/internal/problems/DefaultProblemDiagnosticsFactory
instanceKlass org/gradle/internal/operations/RunnableBuildOperation
instanceKlass org/gradle/execution/TaskPathProjectEvaluator
instanceKlass org/gradle/execution/ProjectConfigurer
instanceKlass org/gradle/internal/buildtree/DeprecationsReporter
instanceKlass org/gradle/api/internal/provider/DefaultConfigurationTimeBarrier
instanceKlass org/gradle/api/internal/project/ProjectState
instanceKlass org/gradle/api/internal/project/DefaultProjectStateRegistry
instanceKlass org/gradle/internal/buildtree/BuildInclusionCoordinator
instanceKlass org/gradle/initialization/BuildOptionBuildOperationProgressEventsEmitter
instanceKlass org/gradle/internal/buildtree/BuildTreeLifecycleListener
instanceKlass org/gradle/internal/build/BuildLifecycleController
instanceKlass org/gradle/internal/build/DefaultBuildLifecycleControllerFactory
instanceKlass org/gradle/internal/build/BuildLifecycleControllerFactory
instanceKlass org/gradle/vcs/internal/VcsResolver
instanceKlass org/gradle/vcs/internal/resolver/VcsVersionSelectionCache
instanceKlass org/gradle/vcs/internal/VcsMappingFactory
instanceKlass org/gradle/vcs/internal/VersionControlSpecFactory
instanceKlass org/gradle/vcs/internal/services/VersionControlServices$VersionControlBuildTreeServices
instanceKlass org/gradle/tooling/internal/provider/runner/AbstractClientProvidedBuildActionRunner$ClientAction
instanceKlass org/gradle/tooling/internal/provider/runner/AbstractClientProvidedBuildActionRunner
instanceKlass org/gradle/execution/EntryTaskSelector
instanceKlass org/gradle/tooling/internal/provider/runner/TestExecutionRequestActionRunner
instanceKlass org/gradle/internal/buildtree/BuildTreeModelAction
instanceKlass org/gradle/tooling/internal/provider/runner/BuildModelActionRunner
instanceKlass org/gradle/tooling/internal/provider/runner/BuildControllerFactory
instanceKlass org/gradle/launcher/exec/RootBuildLifecycleBuildActionExecutor
instanceKlass org/gradle/internal/enterprise/core/GradleEnterprisePluginManager
instanceKlass org/gradle/tooling/internal/provider/LauncherServices$ToolingBuildTreeScopeServices
instanceKlass org/gradle/profile/BuildProfileServices$1
instanceKlass org/gradle/api/problems/internal/ProblemEmitter
instanceKlass org/gradle/api/problems/internal/TaskIdentity
instanceKlass org/gradle/api/internal/TaskInternal
instanceKlass org/gradle/util/Configurable
instanceKlass org/gradle/api/problems/internal/ProblemSummarizer
instanceKlass org/gradle/api/problems/internal/ProblemReportCreator
instanceKlass org/gradle/problems/internal/services/ProblemsBuildTreeServices
instanceKlass org/gradle/plugins/ide/internal/IdeArtifactStore
instanceKlass org/gradle/api/internal/tasks/compile/processing/AnnotationProcessorDetector
instanceKlass org/gradle/language/java/internal/JavaLanguageServices$1
instanceKlass org/gradle/kotlin/dsl/accessors/KotlinDslPluginEntryCache
instanceKlass org/gradle/kotlin/dsl/internal/sharedruntime/codegen/PluginEntryCache
instanceKlass org/gradle/kotlin/dsl/accessors/BuildTreeServices
instanceKlass org/gradle/execution/plan/DefaultPlanExecutor$ExecutorStats
instanceKlass org/gradle/execution/plan/DefaultPlanExecutor
instanceKlass org/gradle/internal/serialize/beans/services/DefaultBeanStateReaderLookup
instanceKlass org/gradle/internal/serialize/graph/BeanStateReaderLookup
instanceKlass org/gradle/internal/serialize/beans/services/DefaultBeanStateWriterLookup
instanceKlass org/gradle/internal/serialize/graph/BeanStateWriterLookup
instanceKlass org/gradle/internal/isolate/actions/services/IsolatedActionCodecsFactory
instanceKlass org/gradle/internal/isolate/graph/IsolationCodecsProvider
instanceKlass org/gradle/internal/enterprise/impl/legacy/DefaultBuildScanBuildStartedTime
instanceKlass org/gradle/internal/scan/time/BuildScanBuildStartedTime
instanceKlass org/gradle/internal/enterprise/impl/legacy/DefaultBuildScanClock
instanceKlass org/gradle/internal/scan/time/BuildScanClock
instanceKlass org/gradle/internal/enterprise/impl/DefaultDevelocityPluginUnsafeConfigurationService
instanceKlass org/gradle/internal/enterprise/DevelocityPluginUnsafeConfigurationService
instanceKlass org/gradle/internal/enterprise/impl/DefaultGradleEnterprisePluginBackgroundJobExecutors
instanceKlass org/gradle/internal/enterprise/impl/GradleEnterprisePluginBackgroundJobExecutorsInternal
instanceKlass org/gradle/internal/enterprise/GradleEnterprisePluginBackgroundJobExecutors
instanceKlass org/gradle/internal/enterprise/impl/DefaultGradleEnterprisePluginConfig
instanceKlass org/gradle/internal/enterprise/GradleEnterprisePluginConfig
instanceKlass org/gradle/internal/enterprise/impl/DefaultGradleEnterprisePluginBuildState
instanceKlass org/gradle/internal/enterprise/GradleEnterprisePluginBuildState
instanceKlass org/gradle/internal/enterprise/impl/DefaultGradleEnterprisePluginServiceRef
instanceKlass org/gradle/internal/enterprise/impl/GradleEnterprisePluginServiceRefInternal
instanceKlass org/gradle/internal/enterprise/GradleEnterprisePluginServiceRef
instanceKlass org/gradle/internal/enterprise/impl/GradleEnterprisePluginAutoAppliedStatus
instanceKlass org/gradle/plugin/management/internal/PluginRequestInternal
instanceKlass org/gradle/plugin/management/PluginRequest
instanceKlass org/gradle/internal/enterprise/impl/GradleEnterpriseAutoAppliedPluginRegistry
instanceKlass org/gradle/plugin/management/internal/autoapply/AutoAppliedPluginRegistry
instanceKlass org/gradle/internal/encryption/impl/DefaultEncryptionService
instanceKlass org/gradle/internal/encryption/EncryptionService
instanceKlass org/gradle/internal/configuration/problems/CommonReport
instanceKlass org/gradle/internal/cc/impl/ConfigurationCacheServices$ConfigurationCacheReportProvider
instanceKlass org/gradle/internal/cc/impl/ConfigurationCacheServices$ExecutionAccessCheckerProvider
instanceKlass org/gradle/internal/resource/transfer/ExternalResourceConnector
instanceKlass org/gradle/internal/resource/transfer/ExternalResourceUploader
instanceKlass org/gradle/internal/resource/transfer/ExternalResourceLister
instanceKlass org/gradle/internal/resource/transfer/ExternalResourceAccessor
instanceKlass org/gradle/internal/cc/impl/services/RemoteScriptUpToDateChecker
instanceKlass org/gradle/internal/cc/impl/ConfigurationCacheServices$RemoteScriptUpToDateCheckerProvider
instanceKlass org/gradle/internal/cc/impl/IgnoredConfigurationInputs
instanceKlass org/gradle/internal/cc/impl/ConfigurationCacheServices$IgnoredConfigurationInputsProvider
instanceKlass org/gradle/internal/cc/impl/fingerprint/ConfigurationCacheFingerprintEventHandler
instanceKlass org/gradle/api/internal/provider/ValueSourceProviderFactory$ValueListener
instanceKlass org/gradle/api/internal/provider/ValueSourceProviderFactory$ComputationListener
instanceKlass org/gradle/internal/cc/impl/UndeclaredBuildInputListener
instanceKlass org/gradle/tooling/provider/model/internal/ToolingModelProjectDependencyListener
instanceKlass org/gradle/groovy/scripts/internal/ScriptSourceListener
instanceKlass org/gradle/internal/scripts/ScriptExecutionListener
instanceKlass org/gradle/internal/resource/local/FileResourceListener
instanceKlass org/gradle/internal/cc/impl/CoupledProjectsListener
instanceKlass org/gradle/internal/cc/impl/services/ConfigurationCacheEnvironment$Listener
instanceKlass org/gradle/api/internal/artifacts/ivyservice/ivyresolve/ChangingValueDependencyResolutionListener
instanceKlass org/gradle/vcs/internal/VcsMappingsStore
instanceKlass org/gradle/internal/cc/impl/DefaultConfigurationCacheDegradationController
instanceKlass org/gradle/api/internal/ConfigurationCacheDegradationController
instanceKlass org/gradle/execution/ExecutionAccessChecker
instanceKlass org/gradle/internal/cc/impl/InstrumentedExecutionAccessListener
instanceKlass org/gradle/internal/classpath/InstrumentedExecutionAccess$Listener
instanceKlass org/gradle/internal/cc/impl/DeprecatedFeaturesListener
instanceKlass org/gradle/internal/cc/impl/DefaultBuildToolingModelControllerFactory
instanceKlass org/gradle/internal/build/BuildToolingModelControllerFactory
instanceKlass org/gradle/internal/encryption/EncryptionConfiguration
instanceKlass org/gradle/internal/cc/impl/initialization/ConfigurationCacheStartParameter
instanceKlass org/gradle/internal/cc/impl/ConfigurationCacheKey
instanceKlass org/gradle/internal/cc/impl/BuildTreeModelControllerServices$VintageModelProvider
instanceKlass org/gradle/internal/cc/impl/promo/PromoInputsListener
instanceKlass org/gradle/internal/buildtree/DefaultBuildTreeModelSideEffectExecutor
instanceKlass org/gradle/internal/buildtree/BuildTreeModelSideEffectExecutor
instanceKlass org/gradle/internal/cc/impl/BuildTreeModelControllerServices$VintageBuildTreeProvider
instanceKlass org/gradle/internal/scripts/ProjectScopedScriptResolution$1
instanceKlass org/gradle/internal/scripts/ProjectScopedScriptResolution
instanceKlass org/gradle/internal/cc/impl/ConfigurationCacheInputsListener
instanceKlass org/gradle/internal/configuration/inputs/InstrumentedInputsListener
instanceKlass org/gradle/internal/cc/impl/barrier/VintageConfigurationTimeActionRunner
instanceKlass org/gradle/internal/cc/impl/VintageBuildTreeLifecycleControllerFactory
instanceKlass org/gradle/internal/buildtree/BuildTreeLifecycleControllerFactory
instanceKlass org/gradle/internal/cc/impl/initialization/AbstractInjectedClasspathInstrumentationStrategy
instanceKlass org/gradle/plugin/use/resolve/service/internal/InjectedClasspathInstrumentationStrategy
instanceKlass org/gradle/internal/cc/impl/services/DefaultEnvironment
instanceKlass org/gradle/internal/cc/base/problems/IgnoringProblemsListener
instanceKlass org/gradle/internal/cc/impl/InputTrackingState
instanceKlass org/gradle/api/internal/provider/ConfigurationTimeBarrier
instanceKlass org/gradle/internal/configuration/problems/ProblemsListener
instanceKlass org/gradle/internal/cc/impl/initialization/DefaultConfigurationCacheProblemsListener
instanceKlass org/gradle/internal/cc/impl/initialization/ConfigurationCacheProblemsListener
instanceKlass org/gradle/api/internal/ExternalProcessStartedListener
instanceKlass org/gradle/api/internal/BuildScopeListenerRegistrationListener
instanceKlass org/gradle/api/internal/tasks/execution/TaskExecutionAccessListener
instanceKlass org/gradle/execution/ExecutionAccessListener
instanceKlass org/gradle/internal/configuration/problems/DefaultProblemFactory
instanceKlass org/gradle/internal/configuration/problems/ProblemFactory
instanceKlass org/gradle/internal/serialize/codecs/core/jos/JavaSerializationEncodingLookup
instanceKlass org/gradle/tooling/provider/model/internal/ToolingModelParameterCarrier$Factory
instanceKlass org/gradle/internal/cc/impl/BuildTreeModelControllerServices$SharedBuildTreeScopedServices
# instanceKlass java/lang/invoke/LambdaForm$MH+0x000001424d2ddc00
# instanceKlass java/lang/invoke/LambdaForm$MH+0x000001424d2dd800
# instanceKlass java/lang/invoke/LambdaForm$MH+0x000001424d2dd400
# instanceKlass java/lang/invoke/LambdaForm$MH+0x000001424d2dd000
# instanceKlass java/lang/invoke/LambdaForm$MH+0x000001424d2dcc00
# instanceKlass java/lang/invoke/LambdaForm$MH+0x000001424d2dc800
# instanceKlass java/lang/invoke/LambdaForm$MH+0x000001424d2dc400
# instanceKlass java/lang/invoke/LambdaForm$DMH+0x000001424d2dc000
instanceKlass org/gradle/internal/cc/impl/BuildTreeModelControllerServices
instanceKlass org/gradle/api/internal/artifacts/ivyservice/projectmodule/LocalComponentCache
instanceKlass org/gradle/api/artifacts/component/BuildIdentifier
instanceKlass org/gradle/internal/model/ModelContainer
instanceKlass org/gradle/api/internal/artifacts/configurations/ConfigurationsProvider
instanceKlass org/gradle/composite/internal/DefaultBuildTreeLocalComponentProvider
instanceKlass org/gradle/api/internal/artifacts/ivyservice/projectmodule/BuildTreeLocalComponentProvider
instanceKlass org/gradle/internal/buildtree/BuildTreeWorkGraphPreparer
instanceKlass org/gradle/execution/plan/PlanExecutor
instanceKlass org/gradle/composite/internal/DefaultIncludedBuildTaskGraph
instanceKlass org/gradle/composite/internal/BuildTreeWorkGraphController
instanceKlass org/gradle/internal/build/IncludedBuildState
instanceKlass org/gradle/composite/internal/DefaultIncludedBuildFactory
instanceKlass org/gradle/internal/build/StandAloneNestedBuild
instanceKlass org/gradle/internal/build/NestedBuildState
instanceKlass org/gradle/internal/buildtree/NestedBuildTree
instanceKlass org/gradle/internal/build/RootBuildState
instanceKlass org/gradle/internal/build/BuildActionTarget
instanceKlass org/gradle/internal/build/CompositeBuildParticipantBuildState
instanceKlass org/gradle/composite/internal/BuildStateFactory
instanceKlass org/gradle/internal/build/IncludedBuildFactory
instanceKlass org/gradle/internal/composite/BuildIncludeListener
instanceKlass org/gradle/api/internal/composite/CompositeBuildContext
instanceKlass org/gradle/api/internal/artifacts/ivyservice/dependencysubstitution/DependencySubstitutionRules
instanceKlass org/gradle/internal/buildtree/GlobalDependencySubstitutionRegistry
instanceKlass org/gradle/composite/internal/CompositeBuildServices$CompositeBuildTreeScopeServices
instanceKlass org/gradle/caching/internal/controller/impl/LifecycleAwareBuildCacheControllerFactory
instanceKlass org/gradle/caching/internal/origin/OriginMetadataFactory
instanceKlass org/gradle/caching/internal/BuildCacheServices$2
instanceKlass org/gradle/api/internal/tasks/testing/results/AggregateTestEventReporter
instanceKlass org/gradle/api/internal/tasks/testing/results/TestExecutionResultsListener
instanceKlass org/gradle/problems/buildtree/ProblemReporter
instanceKlass org/gradle/api/internal/tasks/testing/TestingBasePluginServices$TestingBuildTreeScopeServices
instanceKlass org/gradle/api/internal/artifacts/ivyservice/resolveengine/artifact/ArtifactSet
instanceKlass org/gradle/api/internal/artifacts/ivyservice/resolveengine/excludes/specs/ExcludeSpec
instanceKlass org/gradle/api/internal/artifacts/ivyservice/resolveengine/artifact/VariantArtifactSetCache
instanceKlass org/gradle/internal/resolve/resolver/ResolvedVariantCache
instanceKlass org/gradle/internal/component/local/model/LocalVariantGraphResolveMetadata
instanceKlass org/gradle/internal/component/model/VariantGraphResolveMetadata
instanceKlass org/gradle/internal/component/model/VariantIdentifier
instanceKlass org/gradle/api/internal/artifacts/configurations/ConfigurationInternal$VariantVisitor
instanceKlass org/gradle/api/artifacts/Configuration
instanceKlass org/gradle/api/attributes/HasConfigurableAttributes
instanceKlass org/gradle/api/internal/artifacts/ivyservice/moduleconverter/dependencies/DefaultLocalVariantGraphResolveStateBuilder
instanceKlass org/gradle/api/internal/artifacts/ivyservice/projectmodule/DefaultProjectPublicationRegistry
instanceKlass org/gradle/api/internal/artifacts/ivyservice/projectmodule/ProjectPublicationRegistry
instanceKlass org/gradle/api/internal/artifacts/ivyservice/ivyresolve/ConnectionFailureRepositoryDisabler
instanceKlass org/gradle/api/internal/artifacts/ivyservice/ivyresolve/RepositoryDisabler
instanceKlass org/gradle/api/internal/artifacts/ivyservice/resolveengine/result/AdhocHandlingComponentResultSerializer
instanceKlass org/gradle/api/internal/artifacts/ivyservice/resolveengine/result/ThisBuildTreeOnlyComponentResultSerializer
instanceKlass org/gradle/api/internal/artifacts/ivyservice/resolveengine/result/CompleteComponentResultSerializer
instanceKlass org/gradle/api/internal/artifacts/ivyservice/resolveengine/result/ComponentResultSerializer
instanceKlass org/gradle/internal/component/external/model/ExternalModuleComponentGraphResolveMetadata
instanceKlass org/gradle/internal/component/model/ComponentGraphResolveMetadata
instanceKlass org/gradle/internal/component/external/model/ExternalComponentResolveMetadata
instanceKlass org/gradle/internal/component/external/model/ExternalModuleComponentGraphResolveState
instanceKlass org/gradle/internal/component/external/model/ModuleComponentGraphResolveStateFactory
instanceKlass org/gradle/api/internal/artifacts/ivyservice/moduleconverter/dependencies/LocalVariantGraphResolveStateBuilder
instanceKlass org/gradle/internal/component/local/model/LocalVariantGraphResolveState
instanceKlass org/gradle/internal/component/model/VariantGraphResolveState
instanceKlass org/gradle/api/internal/attributes/matching/AttributeMatchingCandidate
instanceKlass org/gradle/internal/component/local/model/LocalComponentGraphResolveState
instanceKlass org/gradle/internal/component/model/ComponentGraphResolveState
instanceKlass org/gradle/internal/component/local/model/LocalVariantGraphResolveStateFactory
instanceKlass org/gradle/internal/component/local/model/LocalComponentGraphResolveStateFactory
instanceKlass org/gradle/internal/component/model/ComponentIdGenerator
instanceKlass org/gradle/api/artifacts/component/ProjectComponentSelector
instanceKlass org/gradle/api/internal/attributes/AttributeDesugaring
instanceKlass org/gradle/internal/id/ConfigurationCacheableIdFactory
instanceKlass org/gradle/api/internal/artifacts/transform/TransformStepNodeFactory
instanceKlass org/gradle/api/internal/project/ProjectStateRegistry
instanceKlass org/gradle/api/internal/artifacts/ivyservice/resolveengine/artifact/ResolvableArtifact
instanceKlass org/gradle/api/internal/artifacts/ivyservice/projectmodule/ProjectArtifactResolver
instanceKlass org/gradle/api/internal/project/HoldsProjectState
instanceKlass org/gradle/internal/resolve/resolver/ArtifactResolver
instanceKlass org/gradle/api/internal/artifacts/ivyservice/modulecache/ModuleRepositoryCaches
instanceKlass org/gradle/api/internal/artifacts/ivyservice/resolveengine/store/ResolutionResultsStoreFactory
instanceKlass org/gradle/internal/resource/cached/AbstractCachedIndex
instanceKlass org/gradle/internal/resource/cached/DefaultExternalResourceFileStore$Factory
instanceKlass org/gradle/internal/resource/local/GroupedAndNamedUniqueFileStore
instanceKlass org/gradle/api/internal/filestore/DefaultArtifactIdentifierFileStore$Factory
instanceKlass org/gradle/api/internal/artifacts/ivyservice/modulecache/ModuleRepositoryCacheProvider
instanceKlass org/gradle/api/internal/artifacts/ivyservice/modulecache/ModuleSourcesSerializer
instanceKlass org/gradle/api/internal/artifacts/ivyservice/modulecache/FileStoreAndIndexProvider
instanceKlass org/gradle/util/internal/BuildCommencedTimeProvider
instanceKlass org/gradle/api/internal/artifacts/ivyservice/ivyresolve/StartParameterResolutionOverride
instanceKlass org/gradle/util/internal/SimpleMapInterner
instanceKlass org/gradle/internal/resource/cached/ExternalResourceFileStore
instanceKlass org/gradle/api/internal/filestore/ArtifactIdentifierFileStore
instanceKlass org/gradle/internal/resource/local/FileStoreSearcher
instanceKlass org/gradle/internal/resource/local/FileStore
instanceKlass org/gradle/internal/resource/cached/CachedExternalResourceIndex
instanceKlass org/gradle/api/internal/artifacts/ivyservice/modulecache/dynamicversions/AbstractModuleVersionsCache
instanceKlass org/gradle/api/internal/artifacts/ivyservice/modulecache/dynamicversions/ModuleVersionsCache
instanceKlass org/gradle/api/internal/artifacts/ivyservice/modulecache/AbstractModuleMetadataCache
instanceKlass org/gradle/api/internal/artifacts/ivyservice/modulecache/ModuleMetadataCache
instanceKlass org/gradle/api/internal/artifacts/ivyservice/modulecache/artifacts/AbstractArtifactsCache
instanceKlass org/gradle/api/internal/artifacts/ivyservice/modulecache/artifacts/ModuleArtifactsCache
instanceKlass org/gradle/api/internal/artifacts/ivyservice/modulecache/artifacts/ModuleArtifactCache
instanceKlass org/gradle/api/internal/artifacts/DependencyManagementBuildTreeScopeServices
instanceKlass org/gradle/api/internal/artifacts/ivyservice/resolveengine/artifact/SelectedArtifactSet
instanceKlass org/gradle/api/internal/artifacts/ivyservice/resolveengine/artifact/ResolvedArtifactSet
instanceKlass org/gradle/api/internal/artifacts/configurations/ResolutionHost
instanceKlass org/gradle/api/internal/artifacts/ivyservice/resolveengine/artifact/ArtifactSetToFileCollectionFactory
instanceKlass org/gradle/api/problems/internal/InternalProblems
instanceKlass org/gradle/api/problems/Problems
instanceKlass org/gradle/internal/build/BuildStateRegistry
instanceKlass org/gradle/api/internal/properties/GradlePropertiesListener
instanceKlass org/gradle/initialization/Environment
instanceKlass org/gradle/internal/instrumentation/reporting/PropertyUpgradeReportConfig
instanceKlass org/gradle/execution/TaskSelector
instanceKlass org/gradle/internal/buildoption/FeatureFlagListener
instanceKlass org/gradle/api/configuration/BuildFeatures
instanceKlass org/gradle/execution/selection/BuildTaskSelector
instanceKlass org/gradle/api/internal/properties/GradlePropertiesController
instanceKlass org/gradle/initialization/properties/GradlePropertiesLoader
instanceKlass org/gradle/initialization/properties/SystemPropertiesInstaller
instanceKlass org/gradle/internal/buildoption/FeatureFlags
instanceKlass org/gradle/internal/instrumentation/reporting/MethodInterceptionReportCollector
instanceKlass org/gradle/internal/buildtree/BuildTreeScopeServices
instanceKlass org/gradle/internal/buildtree/BuildTreeState
instanceKlass org/gradle/internal/id/UniqueId$1
instanceKlass com/google/common/base/Ascii
instanceKlass com/google/common/io/BaseEncoding$Alphabet
instanceKlass com/google/common/io/BaseEncoding
instanceKlass org/gradle/internal/id/UniqueId
instanceKlass org/gradle/internal/buildtree/control/AbstractBuildModelParameters
instanceKlass org/gradle/internal/buildtree/BuildModelParameters
instanceKlass kotlin/collections/MapsKt__MapWithDefaultKt
instanceKlass kotlin/TuplesKt
instanceKlass kotlin/Pair
instanceKlass org/gradle/internal/buildtree/control/InvocationScenarioParameter$Companion
instanceKlass kotlin/collections/AbstractList$Companion
instanceKlass kotlin/collections/AbstractCollection
instanceKlass kotlin/enums/EnumEntries
instanceKlass kotlin/jvm/internal/markers/KMappedMarker
instanceKlass kotlin/enums/EnumEntriesKt
instanceKlass org/gradle/internal/buildtree/control/BuildModelParametersProvider
instanceKlass  @bci org/gradle/launcher/exec/BuildTreeLifecycleBuildActionExecutor payloadHashProvider (Ljava/lang/Object;)Ljava/util/function/Supplier; 7 <appendix> member <vmtarget> ; # org/gradle/launcher/exec/BuildTreeLifecycleBuildActionExecutor$$Lambda+0x000001424d2bd728
instanceKlass org/gradle/launcher/exec/AbstractToolingModelRequirements
instanceKlass  @bci org/gradle/initialization/SettingsLocation getSettingsFile ()Ljava/io/File; 7 <appendix> argL0 ; # org/gradle/initialization/SettingsLocation$$Lambda+0x000001424d2bd008
instanceKlass org/gradle/internal/logging/sink/ProgressLogEventGenerator$Operation
instanceKlass org/gradle/internal/logging/progress/DefaultProgressLoggerFactory$ProgressLoggerImpl
instanceKlass org/gradle/internal/operations/notify/BuildOperationNotificationBridge$Started
instanceKlass org/gradle/internal/operations/OperationStartEvent
instanceKlass org/gradle/internal/operations/DefaultBuildOperationRunner$DefaultBuildOperationContext
instanceKlass org/gradle/internal/operations/BuildOperationProgressEventListenerAdapter
instanceKlass org/gradle/internal/operations/DefaultBuildOperationRunner$BuildOperationTrackingListener
instanceKlass org/gradle/internal/operations/BuildOperationState
instanceKlass org/gradle/internal/operations/BuildOperationRef
instanceKlass org/gradle/internal/operations/OperationIdentifier
instanceKlass org/gradle/internal/operations/DefaultBuildOperationRunner$2
instanceKlass org/gradle/internal/operations/BuildOperationMetadata$1
instanceKlass org/gradle/internal/operations/BuildOperationDescriptor$Builder
instanceKlass org/gradle/internal/operations/BuildOperationDescriptor
instanceKlass org/gradle/internal/operations/DefaultBuildOperationRunner$CallableBuildOperationWorker
instanceKlass org/gradle/launcher/exec/RunAsBuildOperationBuildActionExecutor$2
instanceKlass org/gradle/internal/operations/notify/BuildOperationFinishedNotification
instanceKlass org/gradle/internal/operations/notify/BuildOperationStartedNotification
instanceKlass org/gradle/internal/operations/notify/BuildOperationProgressNotification
instanceKlass org/gradle/internal/operations/notify/BuildOperationNotificationBridge$Adapter
instanceKlass org/gradle/internal/operations/notify/BuildOperationNotificationBridge$RecordingListener
instanceKlass org/gradle/internal/operations/notify/BuildOperationNotificationBridge$ReplayAndAttachListener
instanceKlass org/gradle/internal/operations/notify/BuildOperationNotificationListener
instanceKlass org/gradle/internal/operations/notify/BuildOperationNotificationBridge$State
instanceKlass  @bci org/gradle/internal/work/DefaultWorkerLeaseService runAndReleaseLocks (Ljava/util/Collection;Lorg/gradle/internal/Factory;)Ljava/lang/Object; 11 <appendix> member <vmtarget> ; # org/gradle/internal/work/DefaultWorkerLeaseService$$Lambda+0x000001424d2b91e0
instanceKlass org/gradle/internal/resources/DefaultResourceLockCoordinationService$AcquireLocks
instanceKlass org/gradle/internal/resources/DefaultResourceLockCoordinationService$1
instanceKlass org/gradle/internal/resources/DefaultResourceLockCoordinationService$DefaultResourceLockState
instanceKlass  @bci org/gradle/internal/resources/DefaultResourceLockCoordinationService withStateLock (Ljava/lang/Runnable;)V 2 <appendix> member <vmtarget> ; # org/gradle/internal/resources/DefaultResourceLockCoordinationService$$Lambda+0x000001424d2b8730
instanceKlass org/gradle/internal/work/DefaultWorkerLeaseService$2
instanceKlass org/gradle/internal/resources/AbstractTrackedResourceLock
instanceKlass org/gradle/internal/resources/AbstractResourceLockRegistry$ThreadLockDetails
instanceKlass  @bci org/gradle/launcher/exec/RunAsWorkerThreadBuildActionExecutor execute (Lorg/gradle/internal/invocation/BuildAction;Lorg/gradle/internal/session/BuildSessionContext;)Lorg/gradle/internal/buildtree/BuildActionRunner$Result; 7 <appendix> member <vmtarget> ; # org/gradle/launcher/exec/RunAsWorkerThreadBuildActionExecutor$$Lambda+0x000001424d2afda0
instanceKlass org/gradle/internal/buildtree/BuildActionRunner$Result
instanceKlass org/gradle/internal/buildtree/BuildActionModelRequirements
instanceKlass org/gradle/launcher/exec/BuildTreeLifecycleBuildActionExecutor
instanceKlass org/gradle/launcher/exec/RunAsBuildOperationBuildActionExecutor$1
instanceKlass org/gradle/launcher/exec/RunBuildBuildOperationType$Details
instanceKlass org/gradle/launcher/exec/RunAsBuildOperationBuildActionExecutor
instanceKlass org/gradle/launcher/exec/RunAsWorkerThreadBuildActionExecutor
instanceKlass org/gradle/execution/CancellableOperationManager
instanceKlass org/gradle/tooling/internal/provider/continuous/ContinuousBuildActionExecutor
instanceKlass org/gradle/tooling/internal/provider/SubscribableBuildActionExecutor
# instanceKlass java/lang/invoke/LambdaForm$MH+0x000001424d2b7400
# instanceKlass java/lang/invoke/LambdaForm$MH+0x000001424d2b7000
# instanceKlass java/lang/invoke/LambdaForm$DMH+0x000001424d2b6c00
# instanceKlass java/lang/invoke/LambdaForm$MH+0x000001424d2b6800
# instanceKlass java/lang/invoke/LambdaForm$DMH+0x000001424d2b6400
# instanceKlass java/lang/invoke/LambdaForm$MH+0x000001424d2b6000
# instanceKlass java/lang/invoke/LambdaForm$DMH+0x000001424d2b5c00
# instanceKlass java/lang/invoke/LambdaForm$MH+0x000001424d2b5800
# instanceKlass java/lang/invoke/LambdaForm$DMH+0x000001424d2b5400
# instanceKlass java/lang/invoke/LambdaForm$MH+0x000001424d2b5000
# instanceKlass java/lang/invoke/LambdaForm$DMH+0x000001424d2b4c00
# instanceKlass java/lang/invoke/LambdaForm$MH+0x000001424d2b4800
# instanceKlass java/lang/invoke/LambdaForm$DMH+0x000001424d2b4400
# instanceKlass java/lang/invoke/LambdaForm$MH+0x000001424d2b4000
# instanceKlass java/lang/invoke/LambdaForm$DMH+0x000001424d2b3c00
# instanceKlass java/lang/invoke/LambdaForm$MH+0x000001424d2b3800
# instanceKlass java/lang/invoke/LambdaForm$DMH+0x000001424d2b3400
# instanceKlass java/lang/invoke/LambdaForm$MH+0x000001424d2b3000
# instanceKlass java/lang/invoke/LambdaForm$DMH+0x000001424d2b2c00
# instanceKlass java/lang/invoke/LambdaForm$MH+0x000001424d2b2800
# instanceKlass java/lang/invoke/LambdaForm$DMH+0x000001424d2b2400
# instanceKlass java/lang/invoke/LambdaForm$MH+0x000001424d2b2000
# instanceKlass java/lang/invoke/LambdaForm$DMH+0x000001424d2b1c00
# instanceKlass java/lang/invoke/LambdaForm$MH+0x000001424d2b1800
# instanceKlass java/lang/invoke/LambdaForm$MH+0x000001424d2b1400
# instanceKlass java/lang/invoke/LambdaForm$MH+0x000001424d2b1000
# instanceKlass java/lang/invoke/LambdaForm$MH+0x000001424d2b0c00
# instanceKlass java/lang/invoke/LambdaForm$MH+0x000001424d2b0800
# instanceKlass java/lang/invoke/LambdaForm$MH+0x000001424d2b0400
# instanceKlass java/lang/invoke/LambdaForm$MH+0x000001424d2b0000
# instanceKlass java/lang/invoke/LambdaForm$MH+0x000001424d2abc00
# instanceKlass java/lang/invoke/LambdaForm$MH+0x000001424d2ab800
# instanceKlass java/lang/invoke/LambdaForm$MH+0x000001424d2ab400
# instanceKlass java/lang/invoke/LambdaForm$MH+0x000001424d2ab000
# instanceKlass java/lang/invoke/LambdaForm$MH+0x000001424d2aac00
# instanceKlass java/lang/invoke/LambdaForm$BMH+0x000001424d2aa800
# instanceKlass java/lang/invoke/LambdaForm$DMH+0x000001424d2aa400
# instanceKlass java/lang/invoke/LambdaForm$DMH+0x000001424d2aa000
instanceKlass org/gradle/internal/snapshot/ValueSnapshot
instanceKlass org/gradle/internal/snapshot/impl/DefaultValueSnapshotter$ValueSnapshotVisitor
# instanceKlass java/lang/invoke/LambdaForm$MH+0x000001424d2a9c00
# instanceKlass java/lang/invoke/LambdaForm$MH+0x000001424d2a9800
# instanceKlass java/lang/invoke/LambdaForm$MH+0x000001424d2a9400
# instanceKlass java/lang/invoke/LambdaForm$MH+0x000001424d2a9000
instanceKlass org/gradle/internal/resources/LeaseHolder
instanceKlass org/gradle/internal/resources/LockCache
instanceKlass org/gradle/internal/resources/AbstractResourceLockRegistry
instanceKlass org/gradle/internal/resources/ResourceLockContainer
instanceKlass org/gradle/internal/resources/ResourceLockRegistry
instanceKlass org/gradle/internal/work/DefaultWorkerLeaseService$Registries
instanceKlass org/gradle/internal/work/ResourceLockStatistics$1
instanceKlass org/gradle/internal/work/DefaultWorkerLimits
instanceKlass org/gradle/internal/operations/notify/BuildOperationNotificationBridge$1
instanceKlass org/gradle/internal/operations/DefaultBuildOperationProgressEventEmitter
# instanceKlass java/lang/invoke/LambdaForm$MH+0x000001424d2a8c00
# instanceKlass java/lang/invoke/LambdaForm$MH+0x000001424d2a8800
instanceKlass org/gradle/deployment/internal/DefaultDeploymentRegistry$PendingChanges
instanceKlass org/gradle/deployment/internal/ContinuousExecutionGate$GateKeeper
instanceKlass org/gradle/deployment/internal/DefaultContinuousExecutionGate
instanceKlass org/gradle/deployment/internal/ContinuousExecutionGate
# instanceKlass java/lang/invoke/LambdaForm$MH+0x000001424d2a8400
# instanceKlass java/lang/invoke/LambdaForm$MH+0x000001424d2a8000
instanceKlass org/gradle/internal/execution/WorkInputListener
instanceKlass org/gradle/internal/service/scopes/DefaultWorkInputListeners
instanceKlass it/unimi/dsi/fastutil/longs/LongCollections$SynchronizedCollection
instanceKlass it/unimi/dsi/fastutil/longs/LongCollections$UnmodifiableCollection
instanceKlass it/unimi/dsi/fastutil/longs/LongArrays$ArrayHashStrategy
instanceKlass it/unimi/dsi/fastutil/longs/LongArrays$Segment
instanceKlass it/unimi/dsi/fastutil/Hash$Strategy
instanceKlass it/unimi/dsi/fastutil/longs/LongArrays
instanceKlass it/unimi/dsi/fastutil/longs/LongBidirectionalIterator
instanceKlass it/unimi/dsi/fastutil/objects/ObjectBidirectionalIterator
instanceKlass it/unimi/dsi/fastutil/BidirectionalIterator
instanceKlass it/unimi/dsi/fastutil/objects/ObjectIterator
instanceKlass it/unimi/dsi/fastutil/longs/LongSets
instanceKlass it/unimi/dsi/fastutil/longs/LongSpliterator
instanceKlass it/unimi/dsi/fastutil/longs/LongIterator
instanceKlass java/util/PrimitiveIterator$OfLong
instanceKlass java/util/PrimitiveIterator
instanceKlass java/util/function/LongPredicate
instanceKlass java/util/function/LongConsumer
instanceKlass org/gradle/internal/operations/DefaultBuildOperationListenerManager$ProgressShieldingBuildOperationListener
instanceKlass  @bci org/gradle/internal/operations/DefaultBuildOperationListenerManager addListener (Lorg/gradle/internal/operations/BuildOperationListener;)V 5 <appendix> member <vmtarget> ; # org/gradle/internal/operations/DefaultBuildOperationListenerManager$$Lambda+0x000001424d2a0700
instanceKlass org/gradle/internal/operations/DefaultBuildOperationAncestryTracker
instanceKlass  @bci org/gradle/api/internal/artifacts/DependencyManagementValueSnapshotterSerializerRegistry <init> (Lorg/gradle/api/internal/artifacts/ImmutableModuleIdentifierFactory;Lorg/gradle/api/internal/attributes/AttributesFactory;Lorg/gradle/api/internal/model/NamedObjectInstantiator;Lorg/gradle/api/internal/artifacts/ivyservice/resolveengine/result/ComponentSelectionDescriptorFactory;)V 264 <appendix> member <vmtarget> ; # org/gradle/api/internal/artifacts/DependencyManagementValueSnapshotterSerializerRegistry$$Lambda+0x000001424d29f778
instanceKlass org/gradle/api/internal/artifacts/ivyservice/resolveengine/result/ComponentSelectionReasonInternal
instanceKlass org/gradle/api/internal/artifacts/ivyservice/resolveengine/result/ComponentSelectionReasonSerializer
instanceKlass org/gradle/api/internal/artifacts/ivyservice/resolveengine/result/ComponentSelectionDescriptorSerializer
instanceKlass  @bci org/gradle/api/internal/artifacts/DependencyManagementValueSnapshotterSerializerRegistry <init> (Lorg/gradle/api/internal/artifacts/ImmutableModuleIdentifierFactory;Lorg/gradle/api/internal/attributes/AttributesFactory;Lorg/gradle/api/internal/model/NamedObjectInstantiator;Lorg/gradle/api/internal/artifacts/ivyservice/resolveengine/result/ComponentSelectionDescriptorFactory;)V 201 <appendix> member <vmtarget> ; # org/gradle/api/internal/artifacts/DependencyManagementValueSnapshotterSerializerRegistry$$Lambda+0x000001424d29eef0
instanceKlass org/gradle/api/internal/artifacts/DefaultProjectComponentIdentifier
instanceKlass org/gradle/api/internal/artifacts/ProjectComponentIdentifierInternal
instanceKlass org/gradle/api/artifacts/component/ProjectComponentIdentifier
instanceKlass org/gradle/internal/component/external/model/DefaultModuleComponentIdentifier
instanceKlass org/gradle/api/artifacts/component/ModuleComponentIdentifier
instanceKlass org/gradle/api/internal/artifacts/metadata/TransformedComponentFileArtifactIdentifierSerializer
instanceKlass org/gradle/internal/component/local/model/TransformedComponentFileArtifactIdentifier
instanceKlass org/gradle/api/internal/artifacts/metadata/ComponentFileArtifactIdentifierSerializer
instanceKlass org/gradle/api/internal/artifacts/metadata/ModuleComponentFileArtifactIdentifierSerializer
instanceKlass org/gradle/api/internal/artifacts/metadata/ComponentArtifactIdentifierSerializer
instanceKlass org/gradle/api/internal/artifacts/DependencyManagementValueSnapshotterSerializerRegistry$OpaqueComponentArtifactIdentifierSerializer
instanceKlass org/gradle/api/artifacts/PublishArtifact
instanceKlass org/gradle/api/internal/artifacts/metadata/PublishArtifactLocalArtifactMetadataSerializer
instanceKlass org/gradle/api/internal/artifacts/ivyservice/resolveengine/result/CapabilitySerializer
instanceKlass org/gradle/api/artifacts/VersionConstraint
instanceKlass org/gradle/api/internal/artifacts/ModuleComponentSelectorSerializer
instanceKlass org/gradle/api/internal/artifacts/ModuleVersionIdentifierSerializer
instanceKlass org/gradle/internal/resolve/caching/DesugaringAttributeContainerSerializer
instanceKlass org/gradle/api/artifacts/capability/CapabilitySelector
instanceKlass org/gradle/api/internal/capabilities/ImmutableCapability
instanceKlass org/gradle/api/internal/capabilities/CapabilityInternal
instanceKlass org/gradle/api/internal/artifacts/capability/CapabilitySelectorSerializer
instanceKlass org/gradle/api/artifacts/result/ResolvedComponentResult
instanceKlass org/gradle/api/artifacts/result/ComponentResult
instanceKlass org/gradle/api/artifacts/component/ComponentSelector
instanceKlass org/gradle/api/artifacts/result/ComponentSelectionReason
instanceKlass org/gradle/api/artifacts/result/ResolvedVariantResult
instanceKlass org/gradle/internal/component/local/model/ComponentFileArtifactIdentifier
instanceKlass org/gradle/internal/component/external/model/DefaultModuleComponentArtifactIdentifier
instanceKlass org/gradle/internal/component/external/model/ModuleComponentArtifactIdentifier
instanceKlass org/gradle/internal/component/local/model/OpaqueComponentArtifactIdentifier
instanceKlass org/gradle/api/artifacts/component/ComponentIdentifier
instanceKlass org/gradle/internal/component/local/model/PublishArtifactLocalArtifactMetadata
instanceKlass org/gradle/api/artifacts/component/ComponentArtifactIdentifier
instanceKlass org/gradle/internal/component/local/model/LocalComponentArtifactMetadata
instanceKlass org/gradle/internal/component/model/ComponentArtifactMetadata
instanceKlass org/gradle/api/artifacts/ModuleVersionIdentifier
instanceKlass org/gradle/api/capabilities/Capability
# instanceKlass java/lang/invoke/LambdaForm$MH+0x000001424d29a000
# instanceKlass java/lang/invoke/LambdaForm$MH+0x000001424d299c00
# instanceKlass java/lang/invoke/LambdaForm$MH+0x000001424d299800
# instanceKlass java/lang/invoke/LambdaForm$MH+0x000001424d299400
# instanceKlass java/lang/invoke/LambdaForm$MH+0x000001424d299000
instanceKlass org/gradle/api/internal/artifacts/ivyservice/resolveengine/result/ComponentSelectionDescriptorInternal
instanceKlass org/gradle/api/artifacts/result/ComponentSelectionDescriptor
instanceKlass org/gradle/api/internal/artifacts/ivyservice/resolveengine/result/CachingComponentSelectionDescriptorFactory
instanceKlass org/gradle/api/internal/attributes/UsageCompatibilityHandler
# instanceKlass java/lang/invoke/LambdaForm$MH+0x000001424d298c00
# instanceKlass java/lang/invoke/LambdaForm$MH+0x000001424d298800
# instanceKlass java/lang/invoke/LambdaForm$MH+0x000001424d298400
# instanceKlass java/lang/invoke/LambdaForm$MH+0x000001424d298000
instanceKlass org/gradle/api/internal/attributes/AbstractAttributeContainer
instanceKlass org/gradle/internal/snapshot/impl/DefaultIsolatableFactory$IsolatableVisitor
instanceKlass org/gradle/internal/snapshot/impl/AbstractValueProcessor$ValueVisitor
instanceKlass org/gradle/internal/snapshot/impl/AbstractValueProcessor
# instanceKlass java/lang/invoke/LambdaForm$MH+0x000001424d292c00
# instanceKlass java/lang/invoke/LambdaForm$MH+0x000001424d292800
instanceKlass com/google/common/cache/LocalCache$StrongValueReference
instanceKlass org/gradle/api/internal/provider/ManagedFactories$ProviderManagedFactory
instanceKlass org/gradle/api/internal/provider/ManagedFactories$PropertyManagedFactory
instanceKlass org/gradle/api/internal/provider/ManagedFactories$MapPropertyManagedFactory
instanceKlass org/gradle/api/internal/provider/ManagedFactories$ListPropertyManagedFactory
instanceKlass org/gradle/api/internal/provider/CollectionPropertyInternal
instanceKlass org/gradle/api/internal/provider/CollectionProviderInternal
instanceKlass org/gradle/api/internal/provider/ManagedFactories$SetPropertyManagedFactory
instanceKlass org/gradle/api/internal/file/ManagedFactories$DirectoryPropertyManagedFactory
instanceKlass org/gradle/api/internal/file/ManagedFactories$DirectoryManagedFactory
instanceKlass org/gradle/api/internal/file/ManagedFactories$RegularFilePropertyManagedFactory
instanceKlass org/gradle/api/internal/file/ManagedFactories$RegularFileManagedFactory
instanceKlass org/gradle/api/internal/file/collections/ManagedFactories$ConfigurableFileCollectionManagedFactory
instanceKlass org/gradle/internal/state/DefaultManagedFactoryRegistry
# instanceKlass java/lang/invoke/LambdaForm$MH+0x000001424d292400
# instanceKlass java/lang/invoke/LambdaForm$MH+0x000001424d292000
# instanceKlass java/lang/invoke/LambdaForm$MH+0x000001424d291c00
# instanceKlass java/lang/invoke/LambdaForm$MH+0x000001424d291800
# instanceKlass java/lang/invoke/LambdaForm$MH+0x000001424d291400
# instanceKlass java/lang/invoke/LambdaForm$MH+0x000001424d291000
# instanceKlass java/lang/invoke/LambdaForm$MH+0x000001424d290c00
instanceKlass org/gradle/internal/classloader/ConfigurableClassLoaderHierarchyHasher
instanceKlass org/gradle/api/internal/initialization/loadercache/DefaultClasspathHasher
# instanceKlass java/lang/invoke/LambdaForm$MH+0x000001424d290800
# instanceKlass java/lang/invoke/LambdaForm$MH+0x000001424d290400
# instanceKlass java/lang/invoke/LambdaForm$MH+0x000001424d290000
instanceKlass  @bci org/gradle/api/internal/changedetection/state/PropertiesFileAwareClasspathResourceHasher appendConfigurationToHasher (Lorg/gradle/internal/hash/Hasher;)V 48 <appendix> member <vmtarget> ; # org/gradle/api/internal/changedetection/state/PropertiesFileAwareClasspathResourceHasher$$Lambda+0x000001424d28db68
instanceKlass  @bci org/gradle/api/internal/changedetection/state/PropertiesFileAwareClasspathResourceHasher appendConfigurationToHasher (Lorg/gradle/internal/hash/Hasher;)V 28 <appendix> member <vmtarget> ; # org/gradle/api/internal/changedetection/state/PropertiesFileAwareClasspathResourceHasher$$Lambda+0x000001424d28d940
instanceKlass org/gradle/internal/fingerprint/impl/EmptyCurrentFileCollectionFingerprint
instanceKlass  @bci org/gradle/api/internal/changedetection/state/ZipHasher <init> (Lorg/gradle/internal/fingerprint/hashing/ResourceHasher;)V 10 <appendix> argL0 ; # org/gradle/api/internal/changedetection/state/ZipHasher$$Lambda+0x000001424d28cbe8
instanceKlass org/gradle/internal/snapshot/AbstractFileSystemLocationSnapshot
instanceKlass org/gradle/internal/snapshot/FileSystemLeafSnapshot
instanceKlass org/gradle/api/internal/changedetection/state/ZipHasher$HashingExceptionReporter
instanceKlass org/gradle/api/internal/file/archive/ZipInput
instanceKlass org/gradle/internal/fingerprint/hashing/ZipEntryContext
instanceKlass org/gradle/api/internal/changedetection/state/ZipHasher
instanceKlass org/gradle/api/internal/changedetection/state/IgnoringResourceHasher
instanceKlass  @bci org/gradle/api/internal/changedetection/state/PropertiesFileAwareClasspathResourceHasher <init> (Lorg/gradle/internal/fingerprint/hashing/ResourceHasher;Ljava/util/Map;)V 18 <appendix> member <vmtarget> ; # org/gradle/api/internal/changedetection/state/PropertiesFileAwareClasspathResourceHasher$$Lambda+0x000001424d28b270
instanceKlass org/gradle/api/internal/changedetection/state/LineEndingNormalizingResourceHasher$1
instanceKlass org/gradle/api/internal/file/archive/ZipEntry
instanceKlass org/gradle/api/internal/changedetection/state/FallbackHandlingResourceHasher
instanceKlass org/gradle/internal/snapshot/RelativePathTrackingFileSystemSnapshotHierarchyVisitor
instanceKlass org/gradle/internal/fingerprint/CurrentFileCollectionFingerprint
instanceKlass org/gradle/internal/fingerprint/FileCollectionFingerprint
instanceKlass org/gradle/internal/fingerprint/impl/AbstractFingerprintingStrategy
instanceKlass org/gradle/api/internal/changedetection/state/RuntimeClasspathResourceHasher
instanceKlass org/gradle/api/internal/changedetection/state/PropertiesFileFilter
instanceKlass org/gradle/api/internal/changedetection/state/ResourceEntryFilter$1
instanceKlass org/gradle/api/internal/changedetection/state/ResourceEntryFilter
instanceKlass org/gradle/api/internal/changedetection/state/ResourceFilter$1
instanceKlass org/gradle/api/internal/changedetection/state/ResourceFilter
instanceKlass org/gradle/internal/fingerprint/FingerprintingStrategy
instanceKlass org/gradle/internal/fingerprint/impl/AbstractFileCollectionFingerprinter
instanceKlass org/gradle/api/internal/changedetection/state/CachingResourceHasher
instanceKlass org/gradle/internal/fingerprint/hashing/ResourceHasher
instanceKlass org/gradle/internal/fingerprint/hashing/ZipEntryContextHasher
instanceKlass org/gradle/internal/fingerprint/hashing/RegularFileSnapshotContextHasher
instanceKlass org/gradle/internal/fingerprint/hashing/ConfigurableNormalizer
instanceKlass org/gradle/api/internal/changedetection/state/DefaultResourceSnapshotterCacheService
instanceKlass org/gradle/api/internal/file/FileCollectionStructureVisitor
instanceKlass org/gradle/internal/fingerprint/impl/DefaultFileCollectionSnapshotter
instanceKlass  @bci java/util/function/Predicate or (Ljava/util/function/Predicate;)Ljava/util/function/Predicate; 7 <appendix> member <vmtarget> ; # java/util/function/Predicate$$Lambda+0x000001424d262588
instanceKlass  @bci org/gradle/internal/snapshot/impl/DirectorySnapshotter$DefaultExcludes <init> (Ljava/util/Collection;)V 249 <appendix> argL0 ; # org/gradle/internal/snapshot/impl/DirectorySnapshotter$DefaultExcludes$$Lambda+0x000001424d285240
instanceKlass  @bci org/gradle/internal/snapshot/impl/DirectorySnapshotter$DefaultExcludes <init> (Ljava/util/Collection;)V 244 <appendix> argL0 ; # org/gradle/internal/snapshot/impl/DirectorySnapshotter$DefaultExcludes$$Lambda+0x000001424d285000
instanceKlass  @bci org/gradle/internal/snapshot/impl/DirectorySnapshotter$DefaultExcludes <init> (Ljava/util/Collection;)V 146 <appendix> argL0 ; # org/gradle/internal/snapshot/impl/DirectorySnapshotter$DefaultExcludes$$Lambda+0x000001424d287ca0
instanceKlass  @bci org/gradle/internal/snapshot/impl/DirectorySnapshotter$DefaultExcludes <init> (Ljava/util/Collection;)V 180 <appendix> argL0 ; # org/gradle/internal/snapshot/impl/DirectorySnapshotter$DefaultExcludes$$Lambda+0x000001424d287a60
instanceKlass  @bci java/util/function/Predicate and (Ljava/util/function/Predicate;)Ljava/util/function/Predicate; 7 <appendix> member <vmtarget> ; # java/util/function/Predicate$$Lambda+0x000001424d261dc0
instanceKlass  @cpi java/util/function/Predicate 72 form vmentry <vmtarget> ; # java/lang/invoke/LambdaForm$DMH+0x000001424d284800
instanceKlass org/gradle/internal/snapshot/impl/DirectorySnapshotter$DefaultExcludes$EndMatcher
instanceKlass org/gradle/internal/snapshot/impl/DirectorySnapshotter$DefaultExcludes$StartMatcher
instanceKlass org/gradle/internal/snapshot/impl/DirectorySnapshotter$DefaultExcludes
instanceKlass org/gradle/internal/snapshot/impl/DirectorySnapshotter$1
instanceKlass org/gradle/internal/snapshot/impl/DirectorySnapshotter$SymbolicLinkMapping
instanceKlass org/gradle/internal/snapshot/impl/DirectorySnapshotter
instanceKlass  @bci com/google/common/util/concurrent/Striped lock (I)Lcom/google/common/util/concurrent/Striped; 1 <appendix> argL0 ; # com/google/common/util/concurrent/Striped$$Lambda+0x000001424d286b48
instanceKlass java/util/concurrent/Semaphore
instanceKlass com/google/common/util/concurrent/Striped
instanceKlass org/gradle/internal/vfs/impl/DefaultFileSystemAccess$StripedProducerGuard
instanceKlass org/gradle/internal/snapshot/FileSystemLocationSnapshot
instanceKlass org/gradle/internal/vfs/impl/DefaultFileSystemAccess
# instanceKlass java/lang/invoke/LambdaForm$MH+0x000001424d284400
# instanceKlass java/lang/invoke/LambdaForm$MH+0x000001424d284000
# instanceKlass java/lang/invoke/LambdaForm$MH+0x000001424d283c00
# instanceKlass java/lang/invoke/LambdaForm$MH+0x000001424d283800
# instanceKlass java/lang/invoke/LambdaForm$MH+0x000001424d283400
# instanceKlass java/lang/invoke/LambdaForm$MH+0x000001424d283000
# instanceKlass java/lang/invoke/LambdaForm$MH+0x000001424d282c00
# instanceKlass java/lang/invoke/LambdaForm$MH+0x000001424d282800
# instanceKlass java/lang/invoke/LambdaForm$MH+0x000001424d282400
instanceKlass org/gradle/internal/snapshot/impl/DirectorySnapshotterStatistics
instanceKlass org/gradle/internal/hash/DefaultFileHasher
instanceKlass org/gradle/api/internal/changedetection/state/CachingFileHasher
# instanceKlass java/lang/invoke/LambdaForm$MH+0x000001424d282000
# instanceKlass java/lang/invoke/LambdaForm$MH+0x000001424d281c00
# instanceKlass java/lang/invoke/LambdaForm$MH+0x000001424d281800
# instanceKlass java/lang/invoke/LambdaForm$MH+0x000001424d281400
# instanceKlass java/lang/invoke/LambdaForm$MH+0x000001424d281000
# instanceKlass java/lang/invoke/LambdaForm$MH+0x000001424d280c00
# instanceKlass java/lang/invoke/LambdaForm$MH+0x000001424d280800
# instanceKlass java/lang/invoke/LambdaForm$MH+0x000001424d280400
# instanceKlass java/lang/invoke/LambdaForm$DMH+0x000001424d280000
instanceKlass com/google/common/collect/MapMakerInternalMap$StrongValueEntry
instanceKlass com/google/common/collect/MapMakerInternalMap$WeakKeyDummyValueEntry$Helper
instanceKlass com/google/common/collect/MapMakerInternalMap$InternalEntry
instanceKlass com/google/common/collect/MapMakerInternalMap$1
instanceKlass com/google/common/collect/MapMakerInternalMap$InternalEntryHelper
instanceKlass com/google/common/collect/MapMakerInternalMap$WeakValueReference
instanceKlass com/google/common/collect/Interners$InternerImpl
instanceKlass com/google/common/collect/MapMaker
instanceKlass com/google/common/collect/Interners$InternerBuilder
instanceKlass com/google/common/collect/Interners
instanceKlass org/gradle/internal/hash/HashCode
instanceKlass sun/security/provider/ByteArrayAccess$LE
instanceKlass org/gradle/internal/hash/Hashing$MessageDigestHasher
instanceKlass org/gradle/internal/hash/Hashing$DefaultHasher
instanceKlass org/gradle/internal/hash/PrimitiveHasher
instanceKlass org/gradle/internal/hash/Hasher
instanceKlass org/gradle/internal/hash/Hashing$MessageDigestHashFunction
instanceKlass org/gradle/internal/hash/HashFunction
instanceKlass org/gradle/internal/hash/Hashing
instanceKlass org/gradle/internal/hash/DefaultStreamHasher
instanceKlass  @bci org/gradle/api/internal/changedetection/state/FileTimeStampInspector <init> (Ljava/io/File;)V 29 <appendix> member <vmtarget> ; # org/gradle/api/internal/changedetection/state/FileTimeStampInspector$$Lambda+0x000001424d258ed8
instanceKlass  @bci org/gradle/internal/watch/vfs/impl/WatchingVirtualFileSystem lambda$afterBuildFinished$7 (Lorg/gradle/internal/snapshot/SnapshotHierarchy;)Lorg/gradle/internal/snapshot/SnapshotHierarchy; 4 <appendix> member <vmtarget> ; # org/gradle/internal/watch/vfs/impl/WatchingVirtualFileSystem$$Lambda+0x000001424d258a88
# instanceKlass org/gradle/internal/watch/vfs/impl/WatchingVirtualFileSystem$$Lambda+0x000001424d258838
instanceKlass org/gradle/api/internal/changedetection/state/FileHasherStatistics
# instanceKlass org/gradle/internal/vfs/impl/AbstractVirtualFileSystem$$Lambda+0x000001424d258430
instanceKlass  @bci org/gradle/internal/vfs/impl/AbstractVirtualFileSystem updateRootUnderLock (Ljava/util/function/UnaryOperator;)V 3 <appendix> member <vmtarget> ; # org/gradle/internal/vfs/impl/AbstractVirtualFileSystem$$Lambda+0x000001424d252400
# instanceKlass org/gradle/internal/vfs/impl/AbstractVirtualFileSystem$$Lambda+0x000001424d258218
# instanceKlass org/gradle/internal/vfs/impl/AbstractVirtualFileSystem$$Lambda+0x000001424d258000
# instanceKlass org/gradle/internal/watch/vfs/impl/WatchingVirtualFileSystem$$Lambda+0x000001424d252ca0
# instanceKlass org/gradle/internal/watch/vfs/impl/WatchingVirtualFileSystem$$Lambda+0x000001424d252a50
instanceKlass  @bci org/gradle/internal/watch/vfs/impl/WatchingVirtualFileSystem afterBuildFinished ()V 2 <appendix> member <vmtarget> ; # org/gradle/internal/watch/vfs/impl/WatchingVirtualFileSystem$$Lambda+0x000001424d253d48
# instanceKlass org/gradle/internal/watch/vfs/impl/WatchingVirtualFileSystem$$Lambda+0x000001424d252800
instanceKlass  @bci org/gradle/internal/service/scopes/VirtualFileSystemServices$GradleUserHomeServices createVirtualFileSystem (Lorg/gradle/internal/watch/vfs/impl/FileWatchingFilter;Lorg/gradle/api/internal/DocumentationRegistry;Lorg/gradle/internal/nativeintegration/NativeCapabilities;Lorg/gradle/internal/event/ListenerManager;Lorg/gradle/internal/watch/vfs/FileChangeListeners;Lorg/gradle/internal/nativeintegration/services/NativeServices$FileEventFunctionsProvider;Lorg/gradle/internal/nativeintegration/filesystem/FileSystem;Lorg/gradle/internal/watch/vfs/WatchableFileSystemDetector;)Lorg/gradle/internal/watch/vfs/BuildLifecycleAwareVirtualFileSystem; 88 <appendix> member <vmtarget> ; # org/gradle/internal/service/scopes/VirtualFileSystemServices$GradleUserHomeServices$$Lambda+0x000001424d253b30
instanceKlass org/gradle/internal/build/BuildAddedListener
instanceKlass org/gradle/internal/snapshot/EmptyChildMap
instanceKlass org/gradle/internal/snapshot/ChildMap$StoreHandler
instanceKlass org/gradle/internal/snapshot/ChildMap$NodeHandler
instanceKlass org/gradle/internal/vfs/impl/VersionHierarchy
instanceKlass org/gradle/internal/vfs/impl/VersionHierarchyRoot
instanceKlass  @bci org/gradle/internal/service/scopes/VirtualFileSystemServices$GradleUserHomeServices lambda$createVirtualFileSystem$1 (Lorg/gradle/internal/snapshot/SnapshotHierarchy;Lorg/gradle/api/internal/DocumentationRegistry;Lorg/gradle/internal/watch/vfs/impl/FileWatchingFilter;Lorg/gradle/internal/watch/vfs/WatchableFileSystemDetector;Lorg/gradle/internal/watch/vfs/FileChangeListeners;Lorg/gradle/internal/watch/registry/FileWatcherRegistryFactory;)Lorg/gradle/internal/watch/vfs/BuildLifecycleAwareVirtualFileSystem; 8 <appendix> member <vmtarget> ; # org/gradle/internal/service/scopes/VirtualFileSystemServices$GradleUserHomeServices$$Lambda+0x000001424d2579a8
instanceKlass org/gradle/internal/watch/registry/impl/FileSystemWatchingDocumentationIndex
instanceKlass org/gradle/internal/snapshot/SnapshotHierarchy$NodeDiffListener
instanceKlass org/gradle/internal/snapshot/MetadataSnapshot
instanceKlass org/gradle/internal/vfs/impl/AbstractVirtualFileSystem
instanceKlass  @bci org/gradle/internal/service/scopes/VirtualFileSystemServices$GradleUserHomeServices createVirtualFileSystem (Lorg/gradle/internal/watch/vfs/impl/FileWatchingFilter;Lorg/gradle/api/internal/DocumentationRegistry;Lorg/gradle/internal/nativeintegration/NativeCapabilities;Lorg/gradle/internal/event/ListenerManager;Lorg/gradle/internal/watch/vfs/FileChangeListeners;Lorg/gradle/internal/nativeintegration/services/NativeServices$FileEventFunctionsProvider;Lorg/gradle/internal/nativeintegration/filesystem/FileSystem;Lorg/gradle/internal/watch/vfs/WatchableFileSystemDetector;)Lorg/gradle/internal/watch/vfs/BuildLifecycleAwareVirtualFileSystem; 59 <appendix> member <vmtarget> ; # org/gradle/internal/service/scopes/VirtualFileSystemServices$GradleUserHomeServices$$Lambda+0x000001424d256bd0
instanceKlass org/gradle/fileevents/internal/AbstractFileEventFunctions$AbstractWatcherBuilder
instanceKlass  @bci org/gradle/internal/service/scopes/VirtualFileSystemServices$GradleUserHomeServices determineWatcherRegistryFactory (Lorg/gradle/internal/os/OperatingSystem;Lorg/gradle/internal/nativeintegration/NativeCapabilities;Lorg/gradle/internal/nativeintegration/services/NativeServices$FileEventFunctionsProvider;Ljava/util/function/Predicate;)Ljava/util/Optional; 56 <appendix> member <vmtarget> ; # org/gradle/internal/service/scopes/VirtualFileSystemServices$GradleUserHomeServices$$Lambda+0x000001424d256570
instanceKlass org/gradle/internal/watch/registry/impl/AbstractFileWatcherRegistryFactory$FileEventFunctionsLookup
instanceKlass org/gradle/internal/watch/registry/FileWatcherUpdater
instanceKlass org/gradle/fileevents/FileWatcher
instanceKlass org/gradle/internal/watch/registry/FileWatcherRegistry
instanceKlass org/gradle/internal/watch/registry/FileWatcherProbeRegistry
instanceKlass org/gradle/internal/watch/registry/impl/AbstractFileWatcherRegistryFactory
instanceKlass  @bci org/gradle/internal/service/scopes/VirtualFileSystemServices$GradleUserHomeServices createVirtualFileSystem (Lorg/gradle/internal/watch/vfs/impl/FileWatchingFilter;Lorg/gradle/api/internal/DocumentationRegistry;Lorg/gradle/internal/nativeintegration/NativeCapabilities;Lorg/gradle/internal/event/ListenerManager;Lorg/gradle/internal/watch/vfs/FileChangeListeners;Lorg/gradle/internal/nativeintegration/services/NativeServices$FileEventFunctionsProvider;Lorg/gradle/internal/nativeintegration/filesystem/FileSystem;Lorg/gradle/internal/watch/vfs/WatchableFileSystemDetector;)Lorg/gradle/internal/watch/vfs/BuildLifecycleAwareVirtualFileSystem; 43 <appendix> member <vmtarget> ; # org/gradle/internal/service/scopes/VirtualFileSystemServices$GradleUserHomeServices$$Lambda+0x000001424d255300
instanceKlass org/gradle/internal/snapshot/FileSystemNode
instanceKlass org/gradle/internal/snapshot/ChildMap
instanceKlass org/gradle/internal/vfs/impl/DefaultSnapshotHierarchy$1
instanceKlass org/gradle/internal/vfs/impl/DefaultSnapshotHierarchy
instanceKlass  @bci com/google/common/io/Closer <clinit> ()V 0 <appendix> argL0 ; # com/google/common/io/Closer$$Lambda+0x000001424d24fc28
instanceKlass  @cpi org/codehaus/groovy/vmplugin/v9/Java9 3421 form vmentry <vmtarget> ; # java/lang/invoke/LambdaForm$DMH+0x000001424d252000
instanceKlass com/google/common/io/Closer$Suppressor
instanceKlass com/google/common/io/Closer
instanceKlass com/google/common/io/CharSource
instanceKlass com/google/common/hash/PrimitiveSink
instanceKlass com/google/common/io/CharSink
instanceKlass java/io/File$TempDirectory
instanceKlass org/gradle/api/internal/file/temp/TempFiles
# instanceKlass java/lang/invoke/LambdaForm$MH+0x000001424d251c00
# instanceKlass java/lang/invoke/LambdaForm$MH+0x000001424d251800
# instanceKlass java/lang/invoke/LambdaForm$MH+0x000001424d251400
# instanceKlass java/lang/invoke/LambdaForm$MH+0x000001424d251000
# instanceKlass java/lang/invoke/LambdaForm$MH+0x000001424d250c00
# instanceKlass java/lang/invoke/LambdaForm$MH+0x000001424d250800
# instanceKlass java/lang/invoke/LambdaForm$MH+0x000001424d250400
# instanceKlass java/lang/invoke/LambdaForm$MH+0x000001424d250000
# instanceKlass java/lang/invoke/LambdaForm$MH+0x000001424d24bc00
# instanceKlass java/lang/invoke/LambdaForm$DMH+0x000001424d24b800
instanceKlass org/gradle/internal/watch/vfs/impl/DefaultWatchableFileSystemDetector
instanceKlass net/rubygrapefruit/platform/internal/PosixFileSystems
instanceKlass net/rubygrapefruit/platform/terminal/Terminals
instanceKlass org/gradle/internal/nativeintegration/services/NativeServices$NativeFeatures$1$1$1
instanceKlass org/gradle/internal/watch/vfs/FileChangeListener
instanceKlass org/gradle/internal/watch/registry/FileWatcherRegistry$ChangeHandler
instanceKlass org/gradle/internal/service/scopes/DefaultFileChangeListeners
instanceKlass org/gradle/internal/nativeintegration/services/NativeServices$3
# instanceKlass java/lang/invoke/LambdaForm$MH+0x000001424d24b400
# instanceKlass java/lang/invoke/LambdaForm$MH+0x000001424d24b000
instanceKlass org/gradle/internal/service/scopes/VirtualFileSystemServices$GradleUserHomeServices$1
instanceKlass org/gradle/internal/file/FilePathUtil
instanceKlass org/gradle/internal/file/FileHierarchySet$Node
instanceKlass org/gradle/internal/file/FileHierarchySet$NodeVisitor
instanceKlass org/gradle/internal/file/FileHierarchySet
instanceKlass org/gradle/cache/internal/DefaultGlobalCacheLocations
instanceKlass  @bci org/gradle/internal/service/scopes/WorkerSharedGlobalScopeServices createGlobalCache (Lorg/gradle/internal/installation/CurrentGradleInstallation;)Lorg/gradle/cache/GlobalCache; 21 <appendix> member <vmtarget> ; # org/gradle/internal/service/scopes/WorkerSharedGlobalScopeServices$$Lambda+0x000001424d246d20
instanceKlass  @bci org/gradle/api/internal/artifacts/ivyservice/DefaultArtifactCaches <init> (Lorg/gradle/cache/scopes/GlobalScopedCacheBuilderFactory;Lorg/gradle/cache/UnscopedCacheBuilderFactory;Lorg/gradle/api/internal/artifacts/ivyservice/DefaultArtifactCaches$WritableArtifactCacheLockingParameters;Lorg/gradle/api/internal/DocumentationRegistry;Lorg/gradle/api/internal/cache/CacheConfigurationsInternal;Lorg/gradle/cache/CacheCleanupStrategyFactory;)V 28 <appendix> member <vmtarget> ; # org/gradle/api/internal/artifacts/ivyservice/DefaultArtifactCaches$$Lambda+0x000001424d23abb0
instanceKlass org/gradle/api/internal/artifacts/ivyservice/WritableArtifactCacheLockingAccessCoordinator
instanceKlass org/gradle/api/internal/artifacts/ivyservice/DefaultArtifactCaches$LateInitWritableArtifactCacheLockingAccessCoordinator
instanceKlass com/google/common/primitives/IntsMethodsForWeb
instanceKlass org/apache/commons/lang3/ArrayUtils
instanceKlass org/gradle/cache/internal/CacheVersion
instanceKlass org/gradle/util/internal/DefaultGradleVersion$Stage
instanceKlass org/gradle/internal/versionedcache/CacheVersionMapping$Builder
instanceKlass org/gradle/internal/versionedcache/CacheVersionMapping
instanceKlass org/gradle/api/internal/artifacts/ivyservice/DefaultArtifactCacheMetadata
instanceKlass org/gradle/api/internal/artifacts/ivyservice/ArtifactCacheLockingAccessCoordinator
instanceKlass org/gradle/api/internal/artifacts/ivyservice/ArtifactCacheMetadata
instanceKlass org/gradle/api/internal/artifacts/ivyservice/DefaultArtifactCaches
# instanceKlass java/lang/invoke/LambdaForm$MH+0x000001424d24ac00
# instanceKlass java/lang/invoke/LambdaForm$MH+0x000001424d24a800
# instanceKlass java/lang/invoke/LambdaForm$MH+0x000001424d24a400
# instanceKlass java/lang/invoke/LambdaForm$MH+0x000001424d24a000
# instanceKlass java/lang/invoke/LambdaForm$MH+0x000001424d249c00
# instanceKlass java/lang/invoke/LambdaForm$MH+0x000001424d249800
# instanceKlass java/lang/invoke/LambdaForm$MH+0x000001424d249400
# instanceKlass java/lang/invoke/LambdaForm$MH+0x000001424d249000
# instanceKlass java/lang/invoke/LambdaForm$MH+0x000001424d248c00
instanceKlass org/gradle/cache/internal/DefaultCacheCleanupStrategyFactory
instanceKlass org/gradle/api/internal/artifacts/DependencyManagementGradleUserHomeScopeServices$1
instanceKlass  @bci org/gradle/api/internal/changedetection/state/DefaultFileAccessTimeJournal loadOrPersistInceptionTimestamp ()J 5 <appendix> member <vmtarget> ; # org/gradle/api/internal/changedetection/state/DefaultFileAccessTimeJournal$$Lambda+0x000001424d245a80
instanceKlass  @bci org/gradle/cache/internal/DefaultCacheCoordinator beforeLockRelease (Lorg/gradle/cache/FileLock;)V 35 <appendix> member <vmtarget> ; # org/gradle/cache/internal/DefaultCacheCoordinator$$Lambda+0x000001424d245868
instanceKlass  @bci org/gradle/cache/internal/locklistener/DefaultFileLockContentionHandler$ContendedAction run ()V 5 <appendix> member <vmtarget> ; # org/gradle/cache/internal/locklistener/DefaultFileLockContentionHandler$ContendedAction$$Lambda+0x000001424d245400
instanceKlass org/gradle/cache/internal/DefaultCacheCoordinator$IndexedCacheEntry
instanceKlass  @bci org/gradle/cache/internal/DefaultCacheCoordinator afterLockAcquire (Lorg/gradle/cache/FileLock;)V 38 <appendix> member <vmtarget> ; # org/gradle/cache/internal/DefaultCacheCoordinator$$Lambda+0x000001424d244fd8
instanceKlass  @bci org/gradle/language/java/internal/JavaLanguageServices$JavaGlobalScopeServices createJavaSubscribableBuildActionRunnerRegistration ()Lorg/gradle/internal/build/event/OperationResultPostProcessorFactory; 0 <appendix> argL0 ; # org/gradle/language/java/internal/JavaLanguageServices$JavaGlobalScopeServices$$Lambda+0x000001424d2394d8
# instanceKlass java/lang/invoke/LambdaForm$MH+0x000001424d248800
# instanceKlass java/lang/invoke/LambdaForm$MH+0x000001424d248400
instanceKlass  @cpi org/gradle/initialization/DefaultToolchainManagement 97 form vmentry <vmtarget> ; # java/lang/invoke/LambdaForm$DMH+0x000001424d248000
instanceKlass org/gradle/internal/DeprecatedInGradleScope
instanceKlass org/gradle/BuildAdapter
instanceKlass org/gradle/internal/file/DefaultFileSystemDefaultExcludesProvider$1
instanceKlass java/nio/file/attribute/PosixFilePermissions$1
instanceKlass java/util/RegularEnumSet$EnumSetIterator
instanceKlass java/nio/file/attribute/PosixFilePermissions
instanceKlass org/apache/tools/ant/util/FileUtils
instanceKlass org/apache/tools/ant/taskdefs/condition/Os
instanceKlass org/apache/tools/ant/taskdefs/condition/Condition
instanceKlass org/apache/tools/ant/types/resources/Appendable
instanceKlass org/apache/tools/ant/types/resources/FileProvider
instanceKlass org/apache/tools/ant/types/resources/Touchable
instanceKlass  @bci sun/nio/ch/DatagramChannelImpl$DatagramPackets <clinit> ()V 16 <appendix> argL0 ; # sun/nio/ch/DatagramChannelImpl$DatagramPackets$$Lambda+0x000001424d17f0f0
instanceKlass sun/nio/ch/DatagramChannelImpl$DatagramPackets
instanceKlass org/apache/tools/ant/ProjectComponent
instanceKlass org/gradle/cache/internal/locklistener/DefaultFileLockContentionHandler$ContendedAction
instanceKlass org/apache/tools/ant/types/ResourceCollection
instanceKlass org/apache/tools/ant/DirectoryScanner
instanceKlass org/apache/tools/ant/types/ResourceFactory
instanceKlass org/apache/tools/ant/types/selectors/SelectorScanner
instanceKlass org/gradle/cache/internal/locklistener/DefaultFileLockContentionHandler$1
instanceKlass org/apache/tools/ant/FileScanner
instanceKlass  @bci org/gradle/cache/internal/DefaultCacheCoordinator toSupplier (Ljava/lang/Runnable;)Ljava/util/function/Supplier; 1 <appendix> member <vmtarget> ; # org/gradle/cache/internal/DefaultCacheCoordinator$$Lambda+0x000001424d23fa40
instanceKlass  @bci org/gradle/cache/internal/DefaultCacheCoordinator newCache (Lorg/gradle/cache/IndexedCacheParameters;)Lorg/gradle/cache/MultiProcessSafeIndexedCache; 140 <appendix> argL0 ; # org/gradle/cache/internal/DefaultCacheCoordinator$$Lambda+0x000001424d23f830
instanceKlass org/gradle/cache/internal/CrossProcessSynchronizingIndexedCache
instanceKlass org/gradle/cache/internal/InMemoryDecoratedCache
instanceKlass org/gradle/cache/internal/InMemoryCacheController
instanceKlass org/gradle/internal/file/DefaultFileSystemDefaultExcludesProvider
instanceKlass com/google/common/cache/LongAddable
instanceKlass com/google/common/cache/LongAddables
instanceKlass com/google/common/cache/AbstractCache$SimpleStatsCounter
instanceKlass org/gradle/cache/internal/LoggingEvictionListener
instanceKlass  @bci org/gradle/cache/internal/DefaultInMemoryCacheDecoratorFactory getCache (Ljava/lang/String;I)Lorg/gradle/cache/internal/DefaultInMemoryCacheDecoratorFactory$CacheDetails; 7 <appendix> form vmentry <vmtarget> ; # java/lang/invoke/LambdaForm$DMH+0x000001424d240000
instanceKlass  @bci org/gradle/cache/internal/DefaultInMemoryCacheDecoratorFactory getCache (Ljava/lang/String;I)Lorg/gradle/cache/internal/DefaultInMemoryCacheDecoratorFactory$CacheDetails; 7 <appendix> member <vmtarget> ; # org/gradle/cache/internal/DefaultInMemoryCacheDecoratorFactory$$Lambda+0x000001424d23df30
instanceKlass org/gradle/cache/internal/DefaultInMemoryCacheDecoratorFactory$CacheDetails
instanceKlass org/gradle/cache/internal/AsyncCacheAccessDecoratedCache
instanceKlass org/gradle/internal/session/DefaultBuildSessionContext
instanceKlass org/gradle/internal/session/BuildSessionContext
instanceKlass org/gradle/plugin/use/internal/InjectedPluginClasspath
instanceKlass org/gradle/workers/internal/WorkerExecutionQueueFactory
instanceKlass org/gradle/cache/internal/ExclusiveCacheAccessingWorker
instanceKlass org/gradle/workers/internal/WorkerDaemonClientCancellationHandler
instanceKlass org/gradle/process/internal/worker/child/WorkerDirectoryProvider
instanceKlass org/gradle/cache/internal/DefaultMultiProcessSafeIndexedCache
instanceKlass  @bci org/gradle/cache/internal/DefaultCacheCoordinator newCache (Lorg/gradle/cache/IndexedCacheParameters;)Lorg/gradle/cache/MultiProcessSafeIndexedCache; 72 <appendix> member <vmtarget> ; # org/gradle/cache/internal/DefaultCacheCoordinator$$Lambda+0x000001424d23cae0
instanceKlass org/gradle/cache/internal/btree/BTreePersistentIndexedCache
instanceKlass org/gradle/internal/work/ConditionalExecutionQueueFactory
instanceKlass org/gradle/workers/internal/WorkersServices$BuildSessionScopeServices
instanceKlass org/gradle/vcs/internal/resolver/PersistentVcsMetadataCache
instanceKlass org/gradle/cache/internal/DefaultInMemoryCacheDecoratorFactory$InMemoryCacheDecorator
instanceKlass org/gradle/cache/IndexedCacheParameters
instanceKlass org/gradle/vcs/internal/VcsDirectoryLayout
instanceKlass org/gradle/vcs/internal/VersionControlRepositoryConnection
instanceKlass org/gradle/vcs/internal/VersionControlSystem
instanceKlass org/gradle/api/internal/changedetection/state/DefaultFileAccessTimeJournal
instanceKlass org/gradle/vcs/internal/services/DefaultVersionControlRepositoryFactory
instanceKlass org/gradle/vcs/internal/VersionControlRepositoryConnectionFactory
instanceKlass org/gradle/api/artifacts/ModuleIdentifier
instanceKlass org/gradle/cache/internal/MultiProcessSafeAsyncPersistentIndexedCache
instanceKlass org/gradle/cache/CacheDecorator
instanceKlass org/gradle/vcs/internal/services/VersionControlServices$VersionControlBuildSessionServices
instanceKlass org/gradle/cache/internal/DefaultInMemoryCacheDecoratorFactory
instanceKlass org/gradle/api/internal/tasks/userinput/BuildScanUserInputHandler
instanceKlass org/gradle/cache/internal/DefaultCacheFactory$ReferenceTrackingPersistentCache
instanceKlass org/gradle/api/internal/tasks/userinput/UserInputHandler
instanceKlass org/gradle/internal/session/BuildSessionActionExecutor
instanceKlass org/gradle/cache/internal/DefaultCacheFactory$DirCacheReference
instanceKlass org/gradle/tooling/internal/provider/LauncherServices$ToolingBuildSessionScopeServices
instanceKlass org/gradle/cache/internal/cacheops/CacheOperationStack
instanceKlass  @bci org/gradle/cache/internal/DefaultCacheCoordinator open ()V 2 <appendix> member <vmtarget> ; # org/gradle/cache/internal/DefaultCacheCoordinator$$Lambda+0x000001424d236420
instanceKlass org/gradle/cache/internal/LockOnDemandCrossProcessCacheAccess$ContendedAction
instanceKlass org/gradle/cache/internal/LockOnDemandCrossProcessCacheAccess$UnlockAction
instanceKlass org/gradle/cache/internal/DefaultCacheCoordinator$1
instanceKlass org/gradle/process/internal/services/ProcessServices$BuildSessionProcessServices
instanceKlass org/gradle/api/problems/internal/ExceptionProblemRegistry
instanceKlass org/gradle/problems/internal/services/ProblemsBuildSessionServices
instanceKlass org/gradle/nativeplatform/toolchain/internal/gcc/metadata/SystemLibraryDiscovery
instanceKlass  @bci org/gradle/cache/internal/DefaultCacheCoordinator <init> (Ljava/lang/String;Ljava/io/File;Lorg/gradle/cache/LockOptions;Ljava/io/File;Lorg/gradle/cache/FileLockManager;Lorg/gradle/cache/internal/CacheInitializationAction;Lorg/gradle/cache/internal/CacheCleanupExecutor;Lorg/gradle/internal/concurrent/ExecutorFactory;)V 82 <appendix> member <vmtarget> ; # org/gradle/cache/internal/DefaultCacheCoordinator$$Lambda+0x000001424d235348
instanceKlass org/gradle/nativeplatform/toolchain/internal/xcode/AbstractLocator
instanceKlass org/gradle/nativeplatform/toolchain/internal/msvcpp/WindowsKitInstall
instanceKlass org/gradle/platform/base/internal/toolchain/SearchResult
instanceKlass org/gradle/platform/base/internal/toolchain/ToolSearchResult
instanceKlass org/gradle/nativeplatform/toolchain/internal/msvcpp/AbstractWindowsKitComponentLocator
instanceKlass org/gradle/nativeplatform/toolchain/internal/msvcpp/UcrtLocator
instanceKlass  @bci org/gradle/cache/internal/DefaultCacheCoordinator <init> (Ljava/lang/String;Ljava/io/File;Lorg/gradle/cache/LockOptions;Ljava/io/File;Lorg/gradle/cache/FileLockManager;Lorg/gradle/cache/internal/CacheInitializationAction;Lorg/gradle/cache/internal/CacheCleanupExecutor;Lorg/gradle/internal/concurrent/ExecutorFactory;)V 74 <appendix> member <vmtarget> ; # org/gradle/cache/internal/DefaultCacheCoordinator$$Lambda+0x000001424d234ed0
instanceKlass org/gradle/cache/internal/cacheops/CacheAccessOperationsStack
instanceKlass org/gradle/nativeplatform/toolchain/internal/msvcpp/version/SystemPathVersionLocator
instanceKlass org/gradle/nativeplatform/toolchain/internal/msvcpp/version/AbstractVisualStudioVersionLocator
instanceKlass org/gradle/nativeplatform/toolchain/internal/msvcpp/WindowsSdkLocator
instanceKlass org/gradle/nativeplatform/toolchain/internal/msvcpp/VisualStudioLocator
instanceKlass org/gradle/nativeplatform/toolchain/internal/msvcpp/WindowsComponentLocator
instanceKlass org/gradle/nativeplatform/toolchain/internal/msvcpp/version/VisualStudioMetaDataProvider
instanceKlass org/gradle/nativeplatform/toolchain/internal/msvcpp/version/VisualStudioVersionLocator
instanceKlass org/gradle/nativeplatform/toolchain/internal/msvcpp/version/VisualCppMetadataProvider
instanceKlass org/gradle/nativeplatform/toolchain/internal/msvcpp/version/VswhereVersionLocator
instanceKlass org/gradle/nativeplatform/internal/services/NativeBinaryServices$BuildSessionScopeServices
instanceKlass org/gradle/jvm/internal/services/DefaultJvmToolchainsConfigurationValidator
instanceKlass org/gradle/initialization/JvmToolchainsConfigurationValidator
instanceKlass org/gradle/internal/jvm/inspection/JvmInstallationProblemReporter
instanceKlass org/gradle/cache/internal/CacheInitializationAction$1
instanceKlass org/gradle/cache/internal/CacheInitializationAction
instanceKlass org/gradle/internal/fingerprint/impl/FileCollectionFingerprinterRegistrations
instanceKlass org/gradle/cache/AsyncCacheAccess
instanceKlass org/gradle/cache/MultiProcessSafeIndexedCache
instanceKlass org/gradle/cache/UnitOfWorkParticipant
instanceKlass org/gradle/cache/internal/AbstractCrossProcessCacheAccess
instanceKlass org/gradle/cache/CrossProcessCacheAccess
instanceKlass org/gradle/internal/execution/FileCollectionFingerprinterRegistry
instanceKlass org/gradle/internal/file/FileSystemDefaultExcludesProvider
instanceKlass org/gradle/internal/execution/OutputSnapshotter
instanceKlass org/gradle/internal/execution/InputFingerprinter
instanceKlass org/gradle/cache/internal/DefaultCacheCoordinator
instanceKlass org/gradle/cache/internal/CacheCreationCoordinator
instanceKlass org/gradle/internal/service/scopes/VirtualFileSystemServices$BuildSessionServices
instanceKlass org/gradle/cache/internal/DefaultCacheCleanupExecutor
instanceKlass org/gradle/cache/internal/CacheCleanupExecutor
instanceKlass org/gradle/cache/IndexedCache
instanceKlass org/gradle/internal/scopeids/PersistentScopeIdStoreFactory
instanceKlass org/gradle/internal/scopeids/ScopeIdsServices
instanceKlass org/gradle/internal/work/DefaultAsyncWorkTracker
instanceKlass org/gradle/internal/work/AsyncWorkTracker
instanceKlass org/gradle/internal/build/BuildLayoutValidator
instanceKlass org/gradle/internal/model/StateTransitionControllerFactory
instanceKlass org/gradle/internal/model/InMemoryInterner
instanceKlass org/gradle/internal/model/InMemoryLoadingCache
instanceKlass org/gradle/internal/problems/DefaultProblemLocationAnalyzer
instanceKlass org/gradle/initialization/ClassLoaderScopeRegistryListener
instanceKlass org/gradle/internal/problems/ProblemLocationAnalyzer
instanceKlass org/gradle/internal/model/ValueCalculator
instanceKlass org/gradle/internal/model/CalculatedValue
instanceKlass org/gradle/internal/model/CalculatedValueContainerFactory
instanceKlass org/gradle/internal/model/CalculatedValueFactory
instanceKlass org/gradle/deployment/internal/DefaultDeploymentRegistry
instanceKlass org/gradle/deployment/internal/PendingChangesListener
instanceKlass org/gradle/deployment/internal/DeploymentRegistryInternal
instanceKlass org/gradle/deployment/internal/DeploymentRegistry
instanceKlass org/gradle/deployment/internal/PendingChangesManager
instanceKlass org/gradle/internal/scopeids/id/ScopeId
instanceKlass org/gradle/internal/scopeids/PersistentScopeIdLoader
instanceKlass org/gradle/initialization/layout/ProjectCacheDir
instanceKlass org/gradle/internal/initialization/layout/BuildTreeLocations
instanceKlass org/gradle/api/internal/project/CrossProjectConfigurator
instanceKlass org/gradle/api/internal/file/archive/DecompressionCoordinator
instanceKlass org/gradle/internal/hash/ChecksumService
instanceKlass org/gradle/internal/service/scopes/CoreBuildSessionServices
instanceKlass org/gradle/internal/cc/impl/ConfigurationCacheEntryCollector
instanceKlass org/gradle/cache/scopes/BuildTreeScopedCacheBuilderFactory
instanceKlass org/gradle/internal/cc/impl/ConfigurationCacheRepository
instanceKlass org/gradle/internal/build/event/DefaultBuildEventsListenerRegistry
instanceKlass org/gradle/internal/build/event/BuildEventListenerRegistryInternal
instanceKlass org/gradle/build/event/BuildEventsListenerRegistry
instanceKlass org/gradle/api/tasks/testing/TestDescriptor
instanceKlass org/gradle/api/internal/tasks/testing/operations/TestListenerBuildOperationAdapter
instanceKlass org/gradle/api/internal/tasks/testing/results/TestListenerInternal
instanceKlass org/gradle/api/internal/tasks/testing/TestingBasePluginServices$TestingBuildSessionScopeServices
instanceKlass org/gradle/api/internal/attributes/matching/AttributeSelectionSchema
instanceKlass org/gradle/api/internal/attributes/AttributeSchemaServices
instanceKlass org/gradle/api/internal/attributes/immutable/artifact/ImmutableArtifactTypeRegistryFactory
instanceKlass org/gradle/api/internal/attributes/immutable/ImmutableAttributesSchemaFactory
instanceKlass org/gradle/internal/component/model/IvyArtifactName
instanceKlass org/gradle/internal/component/external/model/ivy/MutableIvyModuleResolveMetadata
instanceKlass org/gradle/api/internal/artifacts/repositories/metadata/IvyMutableModuleMetadataFactory
instanceKlass org/gradle/internal/component/external/model/PreferJavaRuntimeVariant
instanceKlass org/gradle/internal/component/external/model/maven/MutableMavenModuleResolveMetadata
instanceKlass org/gradle/internal/component/external/model/MutableModuleComponentResolveMetadata
instanceKlass org/gradle/api/internal/artifacts/repositories/metadata/MavenMutableModuleMetadataFactory
instanceKlass org/gradle/api/internal/artifacts/repositories/metadata/MutableModuleMetadataFactory
instanceKlass org/gradle/api/internal/artifacts/ivyservice/resolveengine/result/AttributeContainerSerializer
instanceKlass org/gradle/internal/isolation/Isolatable
instanceKlass org/gradle/internal/hash/Hashable
instanceKlass org/gradle/api/internal/artifacts/repositories/metadata/DefaultMavenVariantAttributesFactory
instanceKlass  @bci org/gradle/internal/serialize/ExceptionReplacingObjectOutputStream <init> (Ljava/io/OutputStream;)V 7 <appendix> member <vmtarget> ; # org/gradle/internal/serialize/ExceptionReplacingObjectOutputStream$$Lambda+0x000001424d226e70
instanceKlass org/gradle/api/internal/artifacts/repositories/metadata/MavenVariantAttributesFactory
instanceKlass org/gradle/api/internal/attributes/ImmutableAttributes
instanceKlass org/gradle/api/internal/attributes/ImmutableAttributesEntry
instanceKlass org/gradle/api/internal/attributes/AttributeContainerInternal
instanceKlass org/gradle/api/attributes/AttributeContainer
instanceKlass org/gradle/api/attributes/HasAttributes
instanceKlass org/gradle/internal/serialize/Message
instanceKlass org/gradle/api/internal/attributes/DefaultAttributesFactory
instanceKlass org/gradle/api/internal/attributes/AttributeValueIsolator
instanceKlass org/gradle/api/internal/catalog/DependenciesAccessorsWorkspaceProvider
instanceKlass org/gradle/internal/model/InMemoryCacheFactory
instanceKlass org/gradle/api/internal/attributes/AttributesFactory
instanceKlass org/gradle/api/internal/artifacts/ivyservice/dependencysubstitution/ComponentSelectorNotationConverter
instanceKlass org/gradle/api/internal/artifacts/ivyservice/resolveengine/result/ComponentSelectionDescriptorFactory
instanceKlass org/gradle/api/internal/artifacts/DependencyManagementBuildSessionScopeServices
instanceKlass org/gradle/cache/internal/DefaultPersistentDirectoryStore
# instanceKlass java/lang/invoke/LambdaForm$MH+0x000001424d228c00
instanceKlass  @bci org/gradle/api/internal/project/ProjectLifecycleController createMutableModel (Lorg/gradle/initialization/ProjectDescriptorInternal;Lorg/gradle/internal/build/BuildState;Lorg/gradle/api/internal/project/ProjectState;Lorg/gradle/api/internal/initialization/ClassLoaderScope;Lorg/gradle/api/internal/initialization/ClassLoaderScope;Lorg/gradle/api/internal/project/IProjectFactory;)V 20 <appendix> form vmentry <vmtarget> ; # java/lang/invoke/LambdaForm$DMH+0x000001424d228800
# instanceKlass java/lang/invoke/LambdaForm$MH+0x000001424d228400
instanceKlass  @bci org/gradle/cache/internal/DefaultCacheFactory open (Ljava/io/File;Ljava/lang/String;Ljava/util/Map;Lorg/gradle/cache/LockOptions;Ljava/util/function/Consumer;Lorg/gradle/cache/CacheCleanupStrategy;)Lorg/gradle/cache/PersistentCache; 26 <appendix> member <vmtarget> ; # org/gradle/cache/internal/DefaultCacheFactory$$Lambda+0x000001424d224570
# instanceKlass java/lang/invoke/LambdaForm$MH+0x000001424d228000
instanceKlass org/gradle/cache/CacheCleanupStrategy$1
instanceKlass org/gradle/cache/CacheCleanupStrategy
instanceKlass org/gradle/cache/internal/DefaultCacheBuilder
instanceKlass org/gradle/cache/internal/scopes/DefaultCacheScopeMapping$1
instanceKlass org/gradle/internal/snapshot/impl/ValueSnapshotterSerializerRegistry
instanceKlass org/gradle/internal/snapshot/ValueSnapshotter
instanceKlass org/gradle/internal/service/scopes/WorkerSharedBuildSessionScopeServices
instanceKlass java/util/concurrent/ForkJoinTask$Aux
# instanceKlass org/gradle/launcher/daemon/server/exec/CleanUpVirtualFileSystemAfterBuild$$Lambda+0x000001424d222ec0
instanceKlass  @bci org/gradle/launcher/daemon/server/exec/CleanUpVirtualFileSystemAfterBuild lambda$startAsyncCleanupAfterBuild$1 (Lorg/gradle/internal/service/ServiceRegistry;)Ljava/util/concurrent/CompletableFuture; 1 <appendix> member <vmtarget> ; # org/gradle/launcher/daemon/server/exec/CleanUpVirtualFileSystemAfterBuild$$Lambda+0x000001424d222ca8
instanceKlass org/gradle/internal/service/scopes/DefaultGradleUserHomeScopeServiceRegistry$Services
instanceKlass org/gradle/workers/internal/ClassLoaderStructureProvider
instanceKlass org/gradle/workers/internal/WorkerDaemonClientsManager
instanceKlass org/gradle/api/problems/internal/IsolatableToBytesSerializer
instanceKlass org/gradle/workers/internal/ActionExecutionSpecFactory
instanceKlass org/gradle/workers/internal/WorkersServices$GradleUserHomeServices
instanceKlass org/gradle/process/internal/worker/WorkerProcessFactory
instanceKlass org/gradle/process/internal/worker/services/WorkerProcessServices$GradleUserHomeWorkerProcessServices
instanceKlass org/gradle/process/internal/services/ProcessServices$GradleUserHomeProcessServices
instanceKlass org/gradle/kotlin/dsl/normalization/KotlinDslCompileAvoidanceClasspathHashCache
instanceKlass org/gradle/kotlin/dsl/normalization/GradleUserHomeServices
instanceKlass org/gradle/kotlin/dsl/provider/KotlinScriptClassloadingCache
instanceKlass org/gradle/kotlin/dsl/provider/GradleUserHomeServices
instanceKlass org/gradle/kotlin/dsl/support/EmbeddedKotlinProvider
instanceKlass org/gradle/kotlin/dsl/support/GradleUserHomeServices
instanceKlass org/gradle/kotlin/dsl/execution/KotlinMetadataCompatibilityChecker
instanceKlass org/gradle/kotlin/dsl/execution/KotlinMetadataCompatibilityCache
instanceKlass org/gradle/kotlin/dsl/execution/GradleUserHomeServices
instanceKlass org/gradle/kotlin/dsl/cache/KotlinDslWorkspaceProvider
instanceKlass org/gradle/kotlin/dsl/cache/GradleUserHomeServices
instanceKlass org/gradle/kotlin/dsl/provider/KotlinScriptBasePluginsApplicator
instanceKlass org/gradle/kotlin/dsl/provider/PrecompiledScriptPluginsSupport
instanceKlass org/gradle/kotlin/dsl/accessors/ProjectSchemaProvider
instanceKlass org/gradle/kotlin/dsl/provider/plugins/KotlinDslDclSchemaCollector
instanceKlass org/gradle/kotlin/dsl/provider/plugins/GradleUserHomeServices
instanceKlass org/gradle/internal/service/ServiceAccess$PrivateAccessScope
instanceKlass org/gradle/internal/build/BuildState
instanceKlass org/gradle/api/internal/changedetection/state/CrossBuildFileHashCache
instanceKlass org/gradle/internal/watch/registry/FileWatcherRegistryFactory
instanceKlass org/gradle/internal/watch/vfs/impl/FileWatchingFilter
instanceKlass org/gradle/internal/vfs/FileSystemAccess$WriteListener
instanceKlass org/gradle/internal/snapshot/SnapshotHierarchy
instanceKlass org/gradle/api/internal/changedetection/state/ResourceSnapshotterCacheService
instanceKlass org/gradle/internal/watch/vfs/FileChangeListeners
instanceKlass org/gradle/internal/hash/FileHasher
instanceKlass org/gradle/internal/execution/FileCollectionSnapshotter
instanceKlass org/gradle/internal/watch/vfs/BuildLifecycleAwareVirtualFileSystem
instanceKlass org/gradle/internal/vfs/VirtualFileSystem
instanceKlass org/gradle/internal/watch/vfs/WatchableFileSystemDetector
instanceKlass org/gradle/internal/service/scopes/VirtualFileSystemServices$GradleUserHomeServices
instanceKlass org/gradle/tooling/internal/provider/serialization/PayloadSerializer
instanceKlass org/gradle/tooling/internal/provider/serialization/PayloadClassLoaderRegistry
instanceKlass org/gradle/tooling/internal/provider/serialization/PayloadClassLoaderFactory
instanceKlass org/gradle/internal/daemon/services/DaemonServices$DaemonGradleUserHomeServices
instanceKlass org/gradle/api/internal/tasks/compile/incremental/cache/GeneralCompileCaches
instanceKlass org/gradle/api/internal/tasks/CompileServices$UserHomeScopeServices
instanceKlass org/gradle/internal/execution/DeferredResult
instanceKlass org/gradle/api/internal/artifacts/ivyservice/ArtifactCachesProvider
instanceKlass org/gradle/api/internal/artifacts/transform/ImmutableTransformWorkspaceServices
instanceKlass org/gradle/api/internal/artifacts/ivyservice/DefaultArtifactCaches$WritableArtifactCacheLockingParameters
instanceKlass org/gradle/api/internal/artifacts/DependencyManagementGradleUserHomeScopeServices
instanceKlass org/gradle/internal/service/DefaultServiceRegistry$InstanceUnpackingVisitor
instanceKlass org/gradle/internal/execution/workspace/ImmutableWorkspaceProvider
instanceKlass org/gradle/groovy/scripts/internal/GroovyDslWorkspaceProvider
instanceKlass org/gradle/internal/fingerprint/classpath/ClasspathFingerprinter
instanceKlass org/gradle/internal/execution/FileCollectionFingerprinter
instanceKlass org/gradle/internal/snapshot/FileSystemSnapshot
instanceKlass org/gradle/internal/classpath/ClasspathFileTransformer
instanceKlass org/gradle/internal/classpath/DefaultCachedClasspathTransformer
instanceKlass org/gradle/internal/classpath/CachedClasspathTransformer
instanceKlass org/gradle/internal/classpath/transforms/ClasspathElementTransformFactoryForLegacy
instanceKlass org/gradle/internal/classpath/transforms/ClasspathElementTransform
instanceKlass org/gradle/internal/classpath/transforms/ClasspathElementTransformFactoryForAgent
instanceKlass org/gradle/internal/classpath/transforms/ClasspathElementTransformFactory
instanceKlass org/gradle/internal/classpath/types/GradleCoreInstrumentationTypeRegistry
instanceKlass org/gradle/internal/classpath/types/InstrumentationTypeRegistry
instanceKlass org/gradle/api/internal/changedetection/state/FileTimeStampInspector
instanceKlass org/gradle/initialization/RootBuildLifecycleListener
instanceKlass org/gradle/internal/file/FileAccessTracker
instanceKlass org/gradle/cache/internal/FilesFinder
instanceKlass org/gradle/cache/CleanupAction
instanceKlass org/gradle/internal/classpath/DefaultClasspathTransformerCacheFactory
instanceKlass org/gradle/internal/classpath/ClasspathTransformerCacheFactory
instanceKlass org/gradle/internal/classpath/DefaultClasspathBuilder
instanceKlass org/gradle/internal/classpath/ClasspathBuilder
instanceKlass org/gradle/internal/classpath/ClasspathEntryVisitor$Entry
instanceKlass org/gradle/internal/classpath/ClasspathWalker
instanceKlass org/gradle/cache/internal/GradleUserHomeCleanupServices$1
instanceKlass org/gradle/internal/cache/MonitoredCleanupAction
instanceKlass org/gradle/internal/operations/CallableBuildOperation
instanceKlass org/gradle/cache/internal/GradleUserHomeCleanupService
instanceKlass org/gradle/internal/versionedcache/VersionSpecificCacheDirectoryScanner
instanceKlass org/gradle/internal/versionedcache/UsedGradleVersionsFromGradleUserHomeCaches
# instanceKlass java/lang/invoke/LambdaForm$MH+0x000001424d217400
# instanceKlass java/lang/invoke/LambdaForm$MH+0x000001424d217000
# instanceKlass java/lang/invoke/LambdaForm$MH+0x000001424d216c00
# instanceKlass java/lang/invoke/LambdaForm$MH+0x000001424d216800
# instanceKlass java/lang/invoke/LambdaForm$MH+0x000001424d216400
# instanceKlass java/lang/invoke/LambdaForm$MH+0x000001424d216000
# instanceKlass java/lang/invoke/LambdaForm$MH+0x000001424d215c00
# instanceKlass java/lang/invoke/LambdaForm$MH+0x000001424d215800
# instanceKlass java/lang/invoke/LambdaForm$MH+0x000001424d215400
# instanceKlass java/lang/invoke/LambdaForm$MH+0x000001424d215000
# instanceKlass java/lang/invoke/LambdaForm$MH+0x000001424d214c00
# instanceKlass java/lang/invoke/LambdaForm$MH+0x000001424d214800
# instanceKlass java/lang/invoke/LambdaForm$BMH+0x000001424d214400
# instanceKlass java/lang/invoke/LambdaForm$DMH+0x000001424d214000
instanceKlass org/gradle/cache/CleanupFrequency$3
instanceKlass org/gradle/cache/CleanupFrequency$2
instanceKlass org/gradle/cache/CleanupFrequency$1
instanceKlass org/gradle/api/internal/cache/DefaultCleanup
instanceKlass org/gradle/api/internal/cache/CleanupInternal
instanceKlass  @bci org/gradle/api/internal/cache/DefaultCacheConfigurations$ContextualErrorMessageProperty convention (Ljava/lang/Object;)Lorg/gradle/api/internal/cache/DefaultCacheConfigurations$ContextualErrorMessageProperty; 3 <appendix> member <vmtarget> ; # org/gradle/api/internal/cache/DefaultCacheConfigurations$ContextualErrorMessageProperty$$Lambda+0x000001424d210408
instanceKlass org/gradle/internal/serialization/Cached
instanceKlass  @bci org/gradle/internal/instantiation/generator/ManagedObjectFactory cachedOwnerDisplayNameOf (Lorg/gradle/internal/state/ModelObject;)Lorg/gradle/internal/serialization/Cached; 1 <appendix> member <vmtarget> ; # org/gradle/internal/instantiation/generator/ManagedObjectFactory$$Lambda+0x000001424d20d400
instanceKlass org/gradle/internal/instantiation/generator/ManagedObjectFactory$ManagedPropertyName
instanceKlass org/gradle/api/internal/provider/ValueSanitizers$5
instanceKlass org/gradle/api/internal/provider/ValueSanitizers$3
instanceKlass org/gradle/api/internal/provider/ValueSanitizers$2
instanceKlass org/gradle/api/internal/provider/ValueSanitizers$1
instanceKlass org/gradle/api/internal/provider/ValueCollector
instanceKlass org/gradle/api/internal/provider/ValueSanitizer
instanceKlass org/gradle/api/internal/provider/ValueSanitizers
instanceKlass org/gradle/api/internal/provider/ValueState
instanceKlass org/gradle/api/internal/provider/ValueSupplier$Present
instanceKlass org/gradle/api/internal/provider/ValueSupplier$Missing
instanceKlass org/gradle/api/internal/provider/ValueSupplier$Value
instanceKlass org/gradle/api/NamedDomainObjectProvider
instanceKlass org/gradle/api/internal/provider/Providers
instanceKlass org/gradle/internal/Describables$AbstractDescribable
instanceKlass org/gradle/internal/Describables
# instanceKlass java/lang/invoke/LambdaForm$MH+0x000001424d20d000
# instanceKlass java/lang/invoke/LambdaForm$MH+0x000001424d20cc00
instanceKlass org/gradle/api/internal/cache/CacheResourceConfigurationInternal$EntryRetention
instanceKlass org/gradle/api/internal/cache/DefaultCacheConfigurations$DefaultCacheResourceConfiguration
# instanceKlass java/lang/invoke/LambdaForm$MH+0x000001424d20c800
# instanceKlass java/lang/invoke/LambdaForm$MH+0x000001424d20c400
# instanceKlass java/lang/invoke/LambdaForm$MH+0x000001424d20c000
instanceKlass org/gradle/internal/instantiation/generator/AsmBackedClassGenerator$ObjectCreationDetails
instanceKlass org/gradle/internal/instantiation/generator/InjectUtil
instanceKlass com/google/common/collect/Ordering
instanceKlass org/gradle/internal/instantiation/generator/ConstructorComparator
instanceKlass org/gradle/internal/instantiation/generator/AsmBackedClassGenerator$InvokeConstructorStrategy
instanceKlass org/gradle/internal/instantiation/generator/AbstractClassGenerator$GeneratedClassImpl$GeneratedConstructorImpl
instanceKlass org/gradle/internal/instantiation/generator/ClassGenerator$GeneratedConstructor
instanceKlass org/gradle/internal/instantiation/generator/ClassGenerator$SerializationConstructor
instanceKlass jdk/internal/org/objectweb/asm/ClassReader
instanceKlass org/objectweb/asm/Attribute
instanceKlass  @bci org/gradle/internal/instantiation/generator/AsmBackedClassGenerator$ClassBuilderImpl addConstructor (Ljava/lang/reflect/Constructor;Z)V 84 <adapter> ; # java/lang/invoke/LambdaForm$MH+0x000001424d205c00
# instanceKlass java/lang/invoke/LambdaForm$DMH+0x000001424d205800
instanceKlass  @bci org/gradle/internal/instantiation/generator/AsmBackedClassGenerator$ClassBuilderImpl addConstructor (Ljava/lang/reflect/Constructor;Z)V 84 <appendix> form vmentry <vmtarget> ; # java/lang/invoke/LambdaForm$DMH+0x000001424d205400
instanceKlass  @bci org/gradle/internal/instantiation/generator/AsmBackedClassGenerator$ClassBuilderImpl addConstructor (Ljava/lang/reflect/Constructor;Z)V 84 <appendix> member <vmtarget> ; # org/gradle/internal/instantiation/generator/AsmBackedClassGenerator$ClassBuilderImpl$$Lambda+0x000001424d202760
instanceKlass  @cpi org/gradle/internal/instantiation/generator/AsmBackedClassGenerator$ClassBuilderImpl 1571 form vmentry <vmtarget> ; # java/lang/invoke/LambdaForm$DMH+0x000001424d205000
instanceKlass  @bci org/gradle/internal/instantiation/generator/AsmBackedClassGenerator$ClassBuilderImpl addLazyGroovySupportSetterOverloads (Lorg/gradle/internal/instantiation/generator/AbstractClassGenerator$PropertyMetadata;Lorg/gradle/internal/instantiation/generator/AbstractClassGenerator$MethodMetadata;)V 21 <appendix> member <vmtarget> ; # org/gradle/internal/instantiation/generator/AsmBackedClassGenerator$ClassBuilderImpl$$Lambda+0x000001424d202088
instanceKlass org/apache/groovy/util/BeanUtils
instanceKlass groovy/lang/MetaProperty
instanceKlass  @bci org/gradle/internal/instantiation/generator/AsmBackedClassGenerator$ClassBuilderImpl addSetMethod (Lorg/gradle/internal/instantiation/generator/AbstractClassGenerator$PropertyMetadata;Ljava/lang/reflect/Method;)V 67 <appendix> member <vmtarget> ; # org/gradle/internal/instantiation/generator/AsmBackedClassGenerator$ClassBuilderImpl$$Lambda+0x000001424d201590
instanceKlass  @bci org/gradle/internal/instantiation/generator/AsmBackedClassGenerator$ClassBuilderImpl addActionMethod (Ljava/lang/reflect/Method;)V 99 <adapter> ; # java/lang/invoke/LambdaForm$MH+0x000001424d204c00
# instanceKlass java/lang/invoke/LambdaForm$DMH+0x000001424d204800
instanceKlass  @bci org/gradle/internal/instantiation/generator/AsmBackedClassGenerator$ClassBuilderImpl addActionMethod (Ljava/lang/reflect/Method;)V 99 <appendix> form vmentry <vmtarget> ; # java/lang/invoke/LambdaForm$DMH+0x000001424d204400
instanceKlass  @bci org/gradle/internal/instantiation/generator/AsmBackedClassGenerator$ClassBuilderImpl addActionMethod (Ljava/lang/reflect/Method;)V 99 <appendix> member <vmtarget> ; # org/gradle/internal/instantiation/generator/AsmBackedClassGenerator$ClassBuilderImpl$$Lambda+0x000001424d200eb0
instanceKlass  @cpi org/gradle/internal/instantiation/generator/AsmBackedClassGenerator$ClassBuilderImpl 1679 form vmentry <vmtarget> ; # java/lang/invoke/LambdaForm$DMH+0x000001424d204000
instanceKlass  @bci org/gradle/internal/instantiation/generator/AsmBackedClassGenerator$ClassBuilderImpl addActionMethod (Ljava/lang/reflect/Method;)V 23 <appendix> argL0 ; # org/gradle/internal/instantiation/generator/AsmBackedClassGenerator$ClassBuilderImpl$$Lambda+0x000001424d200c80
instanceKlass com/google/common/collect/LinkedHashMultimap$ValueSet$1
instanceKlass com/google/common/collect/AbstractMapBasedMultimap$WrappedCollection$WrappedIterator
instanceKlass  @bci org/gradle/internal/instantiation/generator/AsmBackedClassGenerator$ClassBuilderImpl addDynamicMethods ()V 87 <appendix> member <vmtarget> ; # org/gradle/internal/instantiation/generator/AsmBackedClassGenerator$ClassBuilderImpl$$Lambda+0x000001424d1fb488
instanceKlass  @bci org/gradle/internal/instantiation/generator/AsmBackedClassGenerator$ClassBuilderImpl addDynamicMethods ()V 68 <appendix> member <vmtarget> ; # org/gradle/internal/instantiation/generator/AsmBackedClassGenerator$ClassBuilderImpl$$Lambda+0x000001424d1fadb0
instanceKlass  @bci org/gradle/internal/instantiation/generator/AsmBackedClassGenerator$ClassBuilderImpl addDynamicMethods ()V 52 <appendix> member <vmtarget> ; # org/gradle/internal/instantiation/generator/AsmBackedClassGenerator$ClassBuilderImpl$$Lambda+0x000001424d1fa6d8
instanceKlass  @bci org/gradle/internal/instantiation/generator/AsmBackedClassGenerator$ClassBuilderImpl addDynamicMethods ()V 36 <appendix> member <vmtarget> ; # org/gradle/internal/instantiation/generator/AsmBackedClassGenerator$ClassBuilderImpl$$Lambda+0x000001424d1fa000
instanceKlass  @bci org/gradle/internal/instantiation/generator/AsmBackedClassGenerator$ClassBuilderImpl addSetter (Ljava/lang/String;Ljava/lang/String;Ljava/lang/String;Lorg/gradle/model/internal/asm/BytecodeFragment;)V 7 <appendix> member <vmtarget> ; # org/gradle/internal/instantiation/generator/AsmBackedClassGenerator$ClassBuilderImpl$$Lambda+0x000001424d1ff278
instanceKlass  @bci org/gradle/internal/instantiation/generator/AsmBackedClassGenerator$ClassBuilderImpl mixInGroovyObject ()V 54 <appendix> member <vmtarget> ; # org/gradle/internal/instantiation/generator/AsmBackedClassGenerator$ClassBuilderImpl$$Lambda+0x000001424d1ff060
instanceKlass  @bci org/gradle/internal/instantiation/generator/AsmBackedClassGenerator$ClassBuilderImpl mixInGroovyObject ()V 38 <appendix> member <vmtarget> ; # org/gradle/internal/instantiation/generator/AsmBackedClassGenerator$ClassBuilderImpl$$Lambda+0x000001424d1fe988
instanceKlass  @bci org/gradle/internal/instantiation/generator/AsmBackedClassGenerator$ClassBuilderImpl mixInDynamicAware ()V 38 <appendix> member <vmtarget> ; # org/gradle/internal/instantiation/generator/AsmBackedClassGenerator$ClassBuilderImpl$$Lambda+0x000001424d1fe290
instanceKlass  @bci org/gradle/internal/instantiation/generator/AbstractClassGenerator isAttachableMethod (Lorg/gradle/internal/instantiation/generator/AbstractClassGenerator$MethodMetadata;)Z 13 <appendix> member <vmtarget> ; # org/gradle/internal/instantiation/generator/AbstractClassGenerator$$Lambda+0x000001424d1fe048
instanceKlass  @bci org/gradle/internal/instantiation/generator/AsmBackedClassGenerator$ClassBuilderImpl applyConventionMappingToGetter (Lorg/gradle/internal/instantiation/generator/AbstractClassGenerator$PropertyMetadata;Lorg/gradle/internal/instantiation/generator/AbstractClassGenerator$MethodMetadata;ZZ)V 55 <adapter> ; # java/lang/invoke/LambdaForm$MH+0x000001424d1f9400
# instanceKlass java/lang/invoke/LambdaForm$DMH+0x000001424d1f9000
instanceKlass  @bci org/gradle/internal/instantiation/generator/AsmBackedClassGenerator$ClassBuilderImpl applyConventionMappingToGetter (Lorg/gradle/internal/instantiation/generator/AbstractClassGenerator$PropertyMetadata;Lorg/gradle/internal/instantiation/generator/AbstractClassGenerator$MethodMetadata;ZZ)V 55 <appendix> form vmentry <vmtarget> ; # java/lang/invoke/LambdaForm$DMH+0x000001424d1f8c00
instanceKlass  @bci org/gradle/internal/instantiation/generator/AsmBackedClassGenerator$ClassBuilderImpl applyConventionMappingToGetter (Lorg/gradle/internal/instantiation/generator/AbstractClassGenerator$PropertyMetadata;Lorg/gradle/internal/instantiation/generator/AbstractClassGenerator$MethodMetadata;ZZ)V 55 <appendix> member <vmtarget> ; # org/gradle/internal/instantiation/generator/AsmBackedClassGenerator$ClassBuilderImpl$$Lambda+0x000001424d1fd948
instanceKlass  @cpi org/gradle/internal/instantiation/generator/AsmBackedClassGenerator$ClassBuilderImpl 1667 form vmentry <vmtarget> ; # java/lang/invoke/LambdaForm$DMH+0x000001424d1f8800
instanceKlass  @bci org/gradle/internal/instantiation/generator/AsmBackedClassGenerator$ClassBuilderImpl addLazyGetter (Ljava/lang/String;Lorg/objectweb/asm/Type;Ljava/lang/String;Ljava/lang/String;Ljava/lang/String;Lorg/objectweb/asm/Type;Lorg/gradle/model/internal/asm/BytecodeFragment;Lorg/gradle/model/internal/asm/BytecodeFragment;)V 15 <appendix> member <vmtarget> ; # org/gradle/internal/instantiation/generator/AsmBackedClassGenerator$ClassBuilderImpl$$Lambda+0x000001424d1fcdb0
instanceKlass org/gradle/model/internal/asm/BytecodeFragment$1
instanceKlass  @bci org/gradle/internal/instantiation/generator/AsmBackedClassGenerator$ClassBuilderImpl mixInConventionAware ()V 35 <appendix> member <vmtarget> ; # org/gradle/internal/instantiation/generator/AsmBackedClassGenerator$ClassBuilderImpl$$Lambda+0x000001424d1fc980
instanceKlass org/objectweb/asm/Handler
instanceKlass org/gradle/model/internal/asm/ClassVisitorScope$1
instanceKlass  @bci org/gradle/internal/instantiation/generator/AsmBackedClassGenerator$ClassBuilderImpl addExtensionsProperty ()V 11 <appendix> member <vmtarget> ; # org/gradle/internal/instantiation/generator/AsmBackedClassGenerator$ClassBuilderImpl$$Lambda+0x000001424d1f7958
instanceKlass  @bci org/gradle/internal/configuration/problems/CommonReport <init> (Lorg/gradle/internal/concurrent/ExecutorFactory;Lorg/gradle/api/internal/file/temp/TemporaryFileProvider;Lorg/gradle/internal/buildoption/InternalOptions;Ljava/lang/String;Ljava/lang/String;Z)V 96 <appendix> form vmentry <vmtarget> ; # java/lang/invoke/LambdaForm$DMH+0x000001424d1f8400
instanceKlass  @bci org/gradle/internal/instantiation/generator/AsmBackedClassGenerator$ClassBuilderImpl addServiceGetter (Ljava/lang/String;Ljava/lang/String;Lorg/objectweb/asm/Type;Ljava/lang/String;Ljava/lang/String;)V 11 <appendix> member <vmtarget> ; # org/gradle/internal/instantiation/generator/AsmBackedClassGenerator$ClassBuilderImpl$$Lambda+0x000001424d1f7280
instanceKlass  @cpi org/gradle/internal/instantiation/generator/AsmBackedClassGenerator$ClassBuilderImpl 1604 form vmentry <vmtarget> ; # java/lang/invoke/LambdaForm$DMH+0x000001424d1f8000
instanceKlass  @bci org/gradle/internal/instantiation/generator/AsmBackedClassGenerator$ClassBuilderImpl generateToStringSupport ()V 8 <appendix> member <vmtarget> ; # org/gradle/internal/instantiation/generator/AsmBackedClassGenerator$ClassBuilderImpl$$Lambda+0x000001424d1f6ba8
instanceKlass  @bci org/gradle/internal/instantiation/generator/AsmBackedClassGenerator$ClassBuilderImpl generateModelObjectMethods ()V 108 <appendix> member <vmtarget> ; # org/gradle/internal/instantiation/generator/AsmBackedClassGenerator$ClassBuilderImpl$$Lambda+0x000001424d1f64b0
instanceKlass  @bci org/gradle/internal/instantiation/generator/AsmBackedClassGenerator$ClassBuilderImpl generateModelObjectMethods ()V 92 <appendix> member <vmtarget> ; # org/gradle/internal/instantiation/generator/AsmBackedClassGenerator$ClassBuilderImpl$$Lambda+0x000001424d1f5dd8
instanceKlass  @bci org/gradle/internal/instantiation/generator/AsmBackedClassGenerator$ClassBuilderImpl generateModelObjectMethods ()V 76 <appendix> member <vmtarget> ; # org/gradle/internal/instantiation/generator/AsmBackedClassGenerator$ClassBuilderImpl$$Lambda+0x000001424d1f5700
instanceKlass org/gradle/api/Task
instanceKlass  @bci org/gradle/internal/instantiation/generator/AsmBackedClassGenerator$ClassBuilderImpl generateModelObjectMethods ()V 50 <appendix> member <vmtarget> ; # org/gradle/internal/instantiation/generator/AsmBackedClassGenerator$ClassBuilderImpl$$Lambda+0x000001424d1f4e38
instanceKlass org/objectweb/asm/Edge
instanceKlass  @bci org/gradle/internal/instantiation/generator/AsmBackedClassGenerator$ClassBuilderImpl generateModelObjectMethods ()V 34 <appendix> member <vmtarget> ; # org/gradle/internal/instantiation/generator/AsmBackedClassGenerator$ClassBuilderImpl$$Lambda+0x000001424d1f4560
instanceKlass  @bci org/gradle/internal/instantiation/generator/AsmBackedClassGenerator$ClassBuilderImpl generateGeneratedSubtypeMethods ()V 26 <appendix> member <vmtarget> ; # org/gradle/internal/instantiation/generator/AsmBackedClassGenerator$ClassBuilderImpl$$Lambda+0x000001424d1f3e88
instanceKlass  @bci org/gradle/internal/instantiation/generator/AsmBackedClassGenerator$ClassBuilderImpl generateGeneratedSubtypeMethods ()V 8 <appendix> member <vmtarget> ; # org/gradle/internal/instantiation/generator/AsmBackedClassGenerator$ClassBuilderImpl$$Lambda+0x000001424d1f37b0
instanceKlass  @bci org/gradle/internal/instantiation/generator/AsmBackedClassGenerator$ClassBuilderImpl generateInitMethod ()V 40 <appendix> member <vmtarget> ; # org/gradle/internal/instantiation/generator/AsmBackedClassGenerator$ClassBuilderImpl$$Lambda+0x000001424d1f30b8
instanceKlass  @bci org/gradle/internal/instantiation/generator/AsmBackedClassGenerator$ClassBuilderImpl generateInitMethod ()V 24 <appendix> member <vmtarget> ; # org/gradle/internal/instantiation/generator/AsmBackedClassGenerator$ClassBuilderImpl$$Lambda+0x000001424d1f29c0
instanceKlass org/objectweb/asm/Label
instanceKlass org/objectweb/asm/Frame
instanceKlass  @bci org/gradle/internal/instantiation/generator/AsmBackedClassGenerator$ClassBuilderImpl generateInitMethod ()V 8 <appendix> member <vmtarget> ; # org/gradle/internal/instantiation/generator/AsmBackedClassGenerator$ClassBuilderImpl$$Lambda+0x000001424d1f10b8
instanceKlass org/gradle/model/internal/asm/AsmClassGeneratorUtils
instanceKlass org/objectweb/asm/ByteVector
instanceKlass org/objectweb/asm/Symbol
instanceKlass org/objectweb/asm/SymbolTable
instanceKlass org/objectweb/asm/FieldVisitor
instanceKlass org/objectweb/asm/MethodVisitor
instanceKlass org/objectweb/asm/AnnotationVisitor
instanceKlass org/objectweb/asm/ModuleVisitor
instanceKlass org/objectweb/asm/RecordComponentVisitor
instanceKlass org/gradle/model/internal/asm/AsmClassGenerator
instanceKlass org/gradle/internal/DisplayName
instanceKlass org/gradle/api/Project
instanceKlass org/gradle/api/internal/provider/AbstractMinimalProvider
instanceKlass org/gradle/api/internal/provider/PropertyInternal
instanceKlass org/gradle/api/internal/provider/support/LazyGroovySupport
instanceKlass org/gradle/api/internal/provider/HasConfigurableValueInternal
instanceKlass org/gradle/api/internal/provider/ProviderInternal
instanceKlass org/gradle/internal/evaluation/EvaluationOwner
instanceKlass org/gradle/api/internal/provider/ValueSupplier
instanceKlass org/gradle/internal/instantiation/generator/ManagedObjectFactory
instanceKlass org/gradle/util/internal/ConfigureUtil
instanceKlass org/gradle/internal/metaobject/AbstractDynamicObject
instanceKlass org/gradle/internal/metaobject/DynamicObject
instanceKlass org/gradle/internal/metaobject/PropertyAccess
instanceKlass org/gradle/internal/metaobject/MethodAccess
instanceKlass org/gradle/internal/extensibility/ConventionAwareHelper
instanceKlass org/gradle/api/internal/IConventionAware
instanceKlass org/gradle/internal/state/OwnerAware
instanceKlass org/gradle/api/internal/ConventionMapping
instanceKlass org/gradle/model/internal/asm/BytecodeFragment
instanceKlass groovy/lang/GroovyObjectSupport
instanceKlass groovy/lang/GroovyCallable
instanceKlass org/gradle/api/IsolatedAction
instanceKlass groovy/transform/Generated
instanceKlass  @bci org/gradle/internal/instantiation/generator/AbstractClassGenerator$PropertyMetadata findAnnotation (Ljava/lang/Class;)Ljava/lang/annotation/Annotation; 10 <appendix> member <vmtarget> ; # org/gradle/internal/instantiation/generator/AbstractClassGenerator$PropertyMetadata$$Lambda+0x000001424d1e7bb8
instanceKlass  @bci org/gradle/internal/instantiation/generator/AbstractClassGenerator isAttachProperty (Lorg/gradle/internal/instantiation/generator/AbstractClassGenerator$PropertyMetadata;)Z 17 <appendix> member <vmtarget> ; # org/gradle/internal/instantiation/generator/AbstractClassGenerator$$Lambda+0x000001424d1e7970
instanceKlass  @cpi org/gradle/internal/watch/registry/impl/AbstractFileWatcherUpdater 374 form vmentry <vmtarget> ; # java/lang/invoke/LambdaForm$DMH+0x000001424d1e8000
instanceKlass  @bci org/gradle/internal/instantiation/generator/AbstractClassGenerator$PropertyMetadata isReadableWithoutSetterOfPropertyType ()Z 17 <appendix> member <vmtarget> ; # org/gradle/internal/instantiation/generator/AbstractClassGenerator$PropertyMetadata$$Lambda+0x000001424d1e7728
instanceKlass jdk/internal/vm/annotation/IntrinsicCandidate
instanceKlass org/gradle/api/internal/DynamicObjectAware
instanceKlass org/gradle/internal/extensibility/NoConventionMapping
instanceKlass org/gradle/api/Incubating
instanceKlass org/gradle/api/NonExtensible
instanceKlass org/gradle/api/cache/MarkingStrategy
instanceKlass sun/reflect/generics/tree/Wildcard
instanceKlass sun/reflect/generics/tree/BottomSignature
instanceKlass org/gradle/internal/instantiation/generator/AbstractClassGenerator$MethodMetadata
instanceKlass org/gradle/internal/reflect/PropertyMutator
instanceKlass org/gradle/internal/reflect/PropertyAccessor
instanceKlass org/gradle/internal/reflect/JavaPropertyReflectionUtil
instanceKlass org/gradle/internal/instantiation/generator/AbstractClassGenerator$PropertyMetadata
instanceKlass org/gradle/internal/instantiation/generator/AbstractClassGenerator$ClassMetadata
instanceKlass org/gradle/internal/reflect/MutablePropertyDetails
instanceKlass java/beans/Introspector$1
instanceKlass jdk/internal/access/JavaBeansAccess
instanceKlass java/beans/FeatureDescriptor
instanceKlass java/beans/Introspector
instanceKlass org/gradle/internal/reflect/MethodSet$MethodKey
instanceKlass org/gradle/api/cache/Cleanup
instanceKlass org/gradle/api/invocation/Gradle
instanceKlass org/gradle/api/plugins/ExtensionAware
instanceKlass org/gradle/api/plugins/PluginAware
instanceKlass org/gradle/api/internal/cache/CacheResourceConfigurationInternal
instanceKlass org/gradle/cache/CleanupFrequency
instanceKlass org/gradle/api/cache/CacheResourceConfiguration
instanceKlass  @bci org/gradle/internal/reflect/ClassInspector inspect (Ljava/lang/Class;)Lorg/gradle/internal/reflect/ClassDetails; 12 <appendix> member <vmtarget> ; # org/gradle/internal/reflect/ClassInspector$$Lambda+0x000001424d1e3f28
instanceKlass  @cpi org/gradle/configuration/DefaultScriptPluginFactory$ScriptPluginImpl 335 form vmentry <vmtarget> ; # java/lang/invoke/LambdaForm$DMH+0x000001424d1df400
instanceKlass org/gradle/internal/reflect/PropertyDetails
instanceKlass org/gradle/internal/reflect/MutableClassDetails
instanceKlass org/gradle/internal/reflect/ClassDetails
instanceKlass org/gradle/internal/reflect/ClassInspector
instanceKlass org/gradle/internal/instantiation/generator/AbstractClassGenerator$ClassGenerationVisitor
instanceKlass org/gradle/internal/instantiation/generator/AsmBackedClassGenerator$ClassInspectionVisitorImpl
instanceKlass org/gradle/internal/instantiation/generator/AbstractClassGenerator$BooleanPropertyDeprecatingValidator
instanceKlass org/gradle/internal/instantiation/generator/AbstractClassGenerator$InjectionAnnotationValidator
instanceKlass org/gradle/internal/instantiation/generator/AbstractClassGenerator$DisabledAnnotationValidator
instanceKlass org/gradle/internal/instantiation/generator/AbstractClassGenerator$ClassValidator
instanceKlass com/google/common/collect/LinkedHashMultimap$ValueSetLink
instanceKlass com/google/common/base/Converter
instanceKlass com/google/common/collect/SortedMapDifference
instanceKlass com/google/common/collect/MapDifference
instanceKlass com/google/common/collect/Maps
instanceKlass org/gradle/internal/reflect/MethodSet
instanceKlass com/google/common/collect/SetMultimap
instanceKlass org/gradle/internal/instantiation/generator/AbstractClassGenerator$ClassGenerationHandler
instanceKlass  @bci org/gradle/internal/instantiation/generator/AbstractClassGenerator generate (Ljava/lang/Class;)Lorg/gradle/internal/instantiation/generator/ClassGenerator$GeneratedClass; 9 <appendix> member <vmtarget> ; # org/gradle/internal/instantiation/generator/AbstractClassGenerator$$Lambda+0x000001424d1da7c0
instanceKlass org/gradle/internal/instantiation/generator/AbstractClassGenerator$GeneratedClassImpl
instanceKlass org/gradle/internal/instantiation/generator/ClassGenerator$GeneratedClass
instanceKlass org/gradle/api/internal/GeneratedSubclass
instanceKlass org/gradle/api/internal/GeneratedSubclasses
instanceKlass  @bci org/gradle/cache/internal/DefaultCrossBuildInMemoryCacheFactory$AbstractCrossBuildInMemoryCache lambda$get$2 (Ljava/util/function/Function;Ljava/lang/Object;)Lorg/gradle/internal/lazy/Lazy; 23 <appendix> member <vmtarget> ; # org/gradle/cache/internal/DefaultCrossBuildInMemoryCacheFactory$AbstractCrossBuildInMemoryCache$$Lambda+0x000001424d1d9d80
instanceKlass  @bci org/gradle/cache/internal/DefaultCrossBuildInMemoryCacheFactory$AbstractCrossBuildInMemoryCache get (Ljava/lang/Object;Ljava/util/function/Function;)Ljava/lang/Object; 7 <appendix> member <vmtarget> ; # org/gradle/cache/internal/DefaultCrossBuildInMemoryCacheFactory$AbstractCrossBuildInMemoryCache$$Lambda+0x000001424d1d9b48
instanceKlass  @bci org/gradle/internal/instantiation/generator/Jsr330ConstructorSelector forType (Ljava/lang/Class;)Lorg/gradle/internal/instantiation/generator/ClassGenerator$GeneratedConstructor; 7 <appendix> member <vmtarget> ; # org/gradle/internal/instantiation/generator/Jsr330ConstructorSelector$$Lambda+0x000001424d1d9930
instanceKlass org/gradle/internal/instantiation/generator/Jsr330ConstructorSelector$CachedConstructor
instanceKlass org/gradle/api/internal/cache/DefaultCacheConfigurations
instanceKlass org/gradle/api/provider/SetProperty
instanceKlass org/gradle/api/provider/MapProperty
instanceKlass org/gradle/api/provider/ListProperty
instanceKlass org/gradle/api/provider/HasMultipleValues
instanceKlass org/gradle/api/internal/model/DefaultObjectFactory
# instanceKlass java/lang/invoke/LambdaForm$MH+0x000001424d1df000
# instanceKlass java/lang/invoke/LambdaForm$MH+0x000001424d1dec00
# instanceKlass java/lang/invoke/LambdaForm$MH+0x000001424d1de800
# instanceKlass java/lang/invoke/LambdaForm$MH+0x000001424d1de400
# instanceKlass java/lang/invoke/LambdaForm$MH+0x000001424d1de000
# instanceKlass java/lang/invoke/LambdaForm$MH+0x000001424d1ddc00
# instanceKlass java/lang/invoke/LambdaForm$MH+0x000001424d1dd800
# instanceKlass java/lang/invoke/LambdaForm$MH+0x000001424d1dd400
# instanceKlass java/lang/invoke/LambdaForm$MH+0x000001424d1dd000
# instanceKlass java/lang/invoke/LambdaForm$MH+0x000001424d1dcc00
# instanceKlass java/lang/invoke/LambdaForm$MH+0x000001424d1dc800
# instanceKlass java/lang/invoke/LambdaForm$DMH+0x000001424d1dc400
# instanceKlass java/lang/invoke/LambdaForm$DMH+0x000001424d1dc000
instanceKlass  @bci org/gradle/api/internal/model/NamedObjectInstantiator <init> (Lorg/gradle/cache/internal/ClassCacheFactory;)V 6 <appendix> member <vmtarget> ; # org/gradle/api/internal/model/NamedObjectInstantiator$$Lambda+0x000001424d1d85f8
instanceKlass org/gradle/internal/state/Managed
instanceKlass org/gradle/model/internal/inspect/ValidationProblemCollector
instanceKlass org/gradle/api/internal/MutationGuards$1
instanceKlass org/gradle/api/internal/MutationGuard
instanceKlass org/gradle/api/internal/MutationGuards
instanceKlass org/gradle/api/internal/CollectionCallbackActionDecorator$1
instanceKlass org/gradle/api/internal/collections/DefaultDomainObjectCollectionFactory
instanceKlass org/gradle/api/file/DirectoryProperty
instanceKlass org/gradle/api/file/Directory
instanceKlass org/gradle/api/file/RegularFile
instanceKlass org/gradle/api/file/FileSystemLocation
instanceKlass org/gradle/api/file/RegularFileProperty
instanceKlass org/gradle/api/file/FileSystemLocationProperty
instanceKlass org/gradle/api/provider/Property
instanceKlass org/gradle/api/provider/Provider
# instanceKlass java/lang/invoke/LambdaForm$MH+0x000001424d1d5c00
# instanceKlass java/lang/invoke/LambdaForm$MH+0x000001424d1d5800
instanceKlass  @bci org/gradle/api/internal/file/DefaultFileCollectionFactory <init> (Lorg/gradle/internal/file/PathToFileResolver;Lorg/gradle/api/internal/tasks/TaskDependencyFactory;Lorg/gradle/api/internal/file/collections/DirectoryFileTreeFactory;Lorg/gradle/api/tasks/util/internal/PatternSetFactory;Lorg/gradle/api/internal/provider/PropertyHost;Lorg/gradle/internal/nativeintegration/filesystem/FileSystem;)V 10 <appendix> argL0 ; # org/gradle/api/internal/file/DefaultFileCollectionFactory$$Lambda+0x000001424d1d61f0
instanceKlass org/gradle/api/internal/file/collections/FileCollectionObservationListener
instanceKlass org/gradle/api/internal/tasks/DefaultTaskDependencyFactory
instanceKlass org/gradle/api/internal/file/collections/MinimalFileTree
instanceKlass org/gradle/api/internal/file/collections/MinimalFileCollection
instanceKlass org/gradle/api/file/ConfigurableFileTree
instanceKlass org/gradle/api/file/DirectoryTree
instanceKlass org/gradle/api/file/ConfigurableFileCollection
instanceKlass org/gradle/api/provider/SupportsConvention
instanceKlass org/gradle/api/provider/HasConfigurableValue
instanceKlass org/gradle/api/internal/file/FileTreeInternal
instanceKlass org/gradle/api/internal/file/FileCollectionInternal
instanceKlass org/gradle/api/internal/tasks/TaskDependencyContainer
instanceKlass org/gradle/api/file/FileTree
instanceKlass org/gradle/api/file/FileCollection
instanceKlass org/gradle/api/internal/file/DefaultFileCollectionFactory
# instanceKlass java/lang/invoke/LambdaForm$MH+0x000001424d1d5400
# instanceKlass java/lang/invoke/LambdaForm$MH+0x000001424d1d5000
# instanceKlass java/lang/invoke/LambdaForm$MH+0x000001424d1d4c00
# instanceKlass java/lang/invoke/LambdaForm$MH+0x000001424d1d4800
# instanceKlass java/lang/invoke/LambdaForm$MH+0x000001424d1d4400
# instanceKlass java/lang/invoke/LambdaForm$MH+0x000001424d1d4000
instanceKlass org/gradle/internal/typeconversion/CompositeNotationConverter
instanceKlass  @bci org/gradle/api/internal/file/AbstractFileResolver <init> ()V 47 <appendix> member <vmtarget> ; # org/gradle/api/internal/file/AbstractFileResolver$$Lambda+0x000001424d1d1df8
instanceKlass org/gradle/internal/typeconversion/TransformingConverter
instanceKlass org/gradle/api/internal/file/UriNotationConverter
instanceKlass org/gradle/internal/exceptions/DiagnosticsVisitor
instanceKlass org/gradle/internal/typeconversion/ErrorHandlingNotationParser
instanceKlass org/gradle/internal/typeconversion/NotationConvertResult
instanceKlass org/gradle/internal/typeconversion/NotationConverterToNotationParserAdapter
instanceKlass org/gradle/internal/typeconversion/TypeInfo
instanceKlass org/gradle/internal/typeconversion/NotationParserBuilder
instanceKlass org/gradle/api/internal/file/FileNotationConverter
instanceKlass org/gradle/internal/typeconversion/NotationConverter
instanceKlass org/gradle/internal/typeconversion/NotationParser
instanceKlass org/gradle/api/internal/file/AbstractFileResolver
instanceKlass org/gradle/api/internal/provider/DefaultPropertyFactory
instanceKlass  @bci org/gradle/api/internal/provider/PropertyHost <clinit> ()V 0 <appendix> argL0 ; # org/gradle/api/internal/provider/PropertyHost$$Lambda+0x000001424d1cf470
instanceKlass org/gradle/internal/state/ModelObject
instanceKlass org/gradle/api/internal/file/collections/DefaultDirectoryFileTreeFactory
instanceKlass org/gradle/api/tasks/util/PatternSet
instanceKlass org/gradle/api/tasks/util/PatternFilterable
instanceKlass org/gradle/api/tasks/AntBuilderAware
instanceKlass org/gradle/api/tasks/util/internal/DefaultPatternSetFactory
instanceKlass com/google/common/cache/LocalCache$AbstractReferenceEntry
instanceKlass com/google/common/base/ExtraObjectsMethodsForWeb
instanceKlass java/util/concurrent/atomic/AtomicReferenceArray
instanceKlass com/google/common/cache/LocalCache$LoadingValueReference
instanceKlass com/google/common/cache/RemovalListener
instanceKlass com/google/common/cache/Weigher
instanceKlass com/google/common/base/Equivalence
instanceKlass java/util/function/BiPredicate
instanceKlass com/google/common/base/MoreObjects
instanceKlass com/google/common/cache/LocalCache$1
instanceKlass com/google/common/cache/ReferenceEntry
instanceKlass com/google/common/cache/LocalCache$ValueReference
instanceKlass com/google/common/cache/CacheLoader
instanceKlass com/google/common/cache/LocalCache$LocalManualCache
instanceKlass com/google/common/cache/CacheBuilder$2
instanceKlass com/google/common/cache/CacheStats
instanceKlass com/google/common/base/Suppliers$SupplierOfInstance
instanceKlass com/google/common/base/Suppliers
instanceKlass com/google/common/cache/CacheBuilder$1
instanceKlass com/google/common/cache/AbstractCache$StatsCounter
instanceKlass com/google/common/cache/LoadingCache
instanceKlass com/google/common/cache/Cache
instanceKlass com/google/common/base/Ticker
instanceKlass com/google/common/cache/CacheBuilder
instanceKlass org/gradle/cache/internal/HeapProportionalCacheSizer
instanceKlass org/gradle/internal/instantiation/generator/DefaultInstantiationScheme$DefaultDeserializationInstantiator
instanceKlass org/gradle/internal/instantiation/InstanceFactory
instanceKlass org/gradle/internal/instantiation/generator/DependencyInjectingInstantiator
instanceKlass org/gradle/internal/instantiation/DeserializationInstantiator
instanceKlass org/gradle/internal/instantiation/generator/DefaultInstantiationScheme
instanceKlass org/gradle/internal/instantiation/generator/ParamsMatchingConstructorSelector
instanceKlass org/gradle/cache/internal/DefaultCrossBuildInMemoryCacheFactory$2
instanceKlass org/gradle/internal/instantiation/generator/Jsr330ConstructorSelector
instanceKlass com/google/common/collect/ImmutableMultimap$Builder
instanceKlass com/google/common/collect/Multiset
instanceKlass org/gradle/cache/internal/DefaultCrossBuildInMemoryCacheFactory$AbstractCrossBuildInMemoryCache
instanceKlass org/gradle/internal/session/BuildSessionLifecycleListener
instanceKlass org/gradle/model/internal/asm/ClassGeneratorSuffixRegistry
instanceKlass org/gradle/internal/instantiation/generator/AbstractClassGenerator$InstantiationStrategy
instanceKlass org/gradle/internal/instantiation/generator/AbstractClassGenerator$ClassInspectionVisitor
instanceKlass org/gradle/internal/instantiation/generator/AbstractClassGenerator$UnclaimedPropertyHandler
instanceKlass com/google/common/collect/ListMultimap
instanceKlass com/google/common/collect/AbstractMultimap
instanceKlass com/google/common/collect/Multimap
instanceKlass com/google/common/reflect/TypeCapture
instanceKlass org/gradle/internal/instantiation/generator/AbstractClassGenerator
instanceKlass org/gradle/internal/instantiation/generator/ClassGenerator
instanceKlass org/gradle/internal/service/ServiceRegistryBuilder$1
instanceKlass  @bci org/gradle/internal/instantiation/generator/DefaultInstantiatorFactory defaultServiceRegistry ()Lorg/gradle/internal/service/ServiceRegistry; 9 <appendix> member <vmtarget> ; # org/gradle/internal/instantiation/generator/DefaultInstantiatorFactory$$Lambda+0x000001424d1bf9e0
instanceKlass org/gradle/internal/service/ServiceRegistrationAction
instanceKlass org/gradle/api/internal/tasks/properties/annotations/OutputPropertyRoleAnnotationHandler
instanceKlass org/gradle/internal/instantiation/generator/DefaultInstantiatorFactory$ManagedTypeFactory
instanceKlass org/gradle/internal/instantiation/generator/ConstructorSelector
instanceKlass org/gradle/internal/instantiation/InstantiationScheme
instanceKlass org/gradle/internal/instantiation/generator/DefaultInstantiatorFactory
# instanceKlass java/lang/invoke/LambdaForm$MH+0x000001424d1b9400
# instanceKlass java/lang/invoke/LambdaForm$MH+0x000001424d1b9000
instanceKlass org/gradle/cache/internal/CrossBuildInMemoryCache
instanceKlass org/gradle/cache/internal/DefaultCrossBuildInMemoryCacheFactory
instanceKlass  @bci org/gradle/internal/execution/model/annotations/ModifierAnnotationCategory annotationsOf ([Lorg/gradle/internal/execution/model/annotations/ModifierAnnotationCategory;)Lcom/google/common/collect/ImmutableSet; 24 <appendix> member <vmtarget> ; # org/gradle/internal/execution/model/annotations/ModifierAnnotationCategory$$Lambda+0x000001424d1bd9c8
instanceKlass  @bci org/gradle/internal/execution/model/annotations/ModifierAnnotationCategory annotationsOf ([Lorg/gradle/internal/execution/model/annotations/ModifierAnnotationCategory;)Lcom/google/common/collect/ImmutableSet; 8 <appendix> argL0 ; # org/gradle/internal/execution/model/annotations/ModifierAnnotationCategory$$Lambda+0x000001424d1bd798
instanceKlass org/gradle/work/NormalizeLineEndings
instanceKlass org/gradle/api/tasks/IgnoreEmptyDirectories
instanceKlass org/gradle/api/tasks/Optional
instanceKlass org/gradle/api/tasks/PathSensitive
instanceKlass org/gradle/api/tasks/CompileClasspath
instanceKlass org/gradle/api/tasks/Classpath
instanceKlass org/gradle/api/tasks/SkipWhenEmpty
instanceKlass org/gradle/work/Incremental
instanceKlass  @bci org/gradle/internal/service/scopes/WorkerSharedGlobalScopeServices createDeleter (Lorg/gradle/internal/time/Clock;Lorg/gradle/internal/nativeintegration/filesystem/FileSystem;Lorg/gradle/internal/os/OperatingSystem;)Lorg/gradle/internal/file/Deleter; 21 <appendix> member <vmtarget> ; # org/gradle/internal/service/scopes/WorkerSharedGlobalScopeServices$$Lambda+0x000001424d1b77c8
instanceKlass  @bci org/gradle/internal/service/scopes/WorkerSharedGlobalScopeServices createDeleter (Lorg/gradle/internal/time/Clock;Lorg/gradle/internal/nativeintegration/filesystem/FileSystem;Lorg/gradle/internal/os/OperatingSystem;)Lorg/gradle/internal/file/Deleter; 10 <appendix> member <vmtarget> ; # org/gradle/internal/service/scopes/WorkerSharedGlobalScopeServices$$Lambda+0x000001424d1b75b0
instanceKlass  @cpi org/gradle/internal/service/scopes/WorkerSharedGlobalScopeServices 307 form vmentry <vmtarget> ; # java/lang/invoke/LambdaForm$DMH+0x000001424d1b8c00
instanceKlass org/gradle/internal/file/impl/DefaultDeleter
# instanceKlass java/lang/invoke/LambdaForm$MH+0x000001424d1b8800
# instanceKlass java/lang/invoke/LambdaForm$MH+0x000001424d1b8400
# instanceKlass java/lang/invoke/LambdaForm$MH+0x000001424d1b8000
# instanceKlass java/lang/invoke/LambdaForm$MH+0x000001424d1b3c00
instanceKlass org/gradle/cache/internal/scopes/DefaultCacheScopeMapping
instanceKlass org/gradle/cache/internal/CacheScopeMapping
instanceKlass org/gradle/cache/FineGrainedCacheBuilder
instanceKlass org/gradle/cache/CacheBuilder
instanceKlass org/gradle/cache/internal/DefaultUnscopedCacheBuilderFactory
instanceKlass org/gradle/cache/internal/ReferencablePersistentCache
instanceKlass org/gradle/cache/PersistentCache
instanceKlass org/gradle/cache/ExclusiveCacheAccessCoordinator
instanceKlass org/gradle/cache/FineGrainedPersistentCache
instanceKlass org/gradle/cache/HasCleanupAction
instanceKlass org/gradle/cache/CleanableStore
instanceKlass org/gradle/cache/internal/DefaultCacheFactory
# instanceKlass java/lang/invoke/LambdaForm$MH+0x000001424d1b3800
# instanceKlass java/lang/invoke/LambdaForm$MH+0x000001424d1b3400
# instanceKlass java/lang/invoke/LambdaForm$MH+0x000001424d1b3000
instanceKlass  @bci org/gradle/internal/service/scopes/WorkerSharedGlobalScopeServices createBuildOperationRunner (Lorg/gradle/internal/time/Clock;Lorg/gradle/internal/operations/CurrentBuildOperationRef;Lorg/gradle/internal/logging/progress/ProgressLoggerFactory;Lorg/gradle/internal/operations/BuildOperationIdFactory;Lorg/gradle/internal/operations/BuildOperationListenerManager;)Lorg/gradle/internal/operations/BuildOperationRunner; 21 <appendix> member <vmtarget> ; # org/gradle/internal/service/scopes/WorkerSharedGlobalScopeServices$$Lambda+0x000001424d1b58e8
instanceKlass org/gradle/internal/operations/DefaultBuildOperationRunner$BuildOperationExecutionListenerFactory
instanceKlass org/gradle/internal/operations/DefaultBuildOperationRunner$1
instanceKlass org/gradle/internal/operations/DefaultBuildOperationRunner$ReadableBuildOperationContext
instanceKlass org/gradle/internal/operations/BuildOperationContext
instanceKlass org/gradle/internal/operations/DefaultBuildOperationRunner$BuildOperationExecution
instanceKlass org/gradle/internal/operations/BuildOperation
instanceKlass org/gradle/internal/operations/BuildOperationWorker
instanceKlass org/gradle/internal/operations/DefaultBuildOperationRunner
# instanceKlass java/lang/invoke/LambdaForm$MH+0x000001424d1b2c00
# instanceKlass java/lang/invoke/LambdaForm$MH+0x000001424d1b2800
# instanceKlass java/lang/invoke/LambdaForm$MH+0x000001424d1b2400
# instanceKlass java/lang/invoke/LambdaForm$MH+0x000001424d1b2000
# instanceKlass java/lang/invoke/LambdaForm$MH+0x000001424d1b1c00
# instanceKlass java/lang/invoke/LambdaForm$MH+0x000001424d1b1800
# instanceKlass java/lang/invoke/LambdaForm$MH+0x000001424d1b1400
# instanceKlass java/lang/invoke/LambdaForm$DMH+0x000001424d1b1000
instanceKlass org/gradle/internal/logging/services/ProgressLoggingBridge
instanceKlass org/gradle/internal/logging/progress/ProgressLogger
instanceKlass org/gradle/internal/logging/progress/DefaultProgressLoggerFactory
# instanceKlass java/lang/invoke/LambdaForm$MH+0x000001424d1b0c00
# instanceKlass java/lang/invoke/LambdaForm$MH+0x000001424d1b0800
# instanceKlass java/lang/invoke/LambdaForm$MH+0x000001424d1b0400
instanceKlass org/gradle/internal/operations/DefaultBuildOperationIdFactory
instanceKlass  @bci org/gradle/internal/service/scopes/DefaultGradleUserHomeScopeServiceRegistry$1 createGradleUserHomeDirProvider ()Lorg/gradle/initialization/GradleUserHomeDirProvider; 4 <appendix> member <vmtarget> ; # org/gradle/internal/service/scopes/DefaultGradleUserHomeScopeServiceRegistry$1$$Lambda+0x000001424d1b4000
# instanceKlass java/lang/invoke/LambdaForm$DMH+0x000001424d1b0000
instanceKlass org/gradle/internal/versionedcache/UsedGradleVersions
instanceKlass org/gradle/cache/internal/GradleUserHomeCleanupServices
instanceKlass org/gradle/cache/internal/scopes/AbstractScopedCacheBuilderFactory
instanceKlass org/gradle/initialization/layout/GlobalCacheDir
instanceKlass org/gradle/cache/internal/DefaultGeneratedGradleJarCache
instanceKlass org/gradle/cache/internal/GeneratedGradleJarCache
instanceKlass org/gradle/api/internal/plugins/CorePluginRegistryProvider
instanceKlass org/gradle/groovy/scripts/internal/CrossBuildInMemoryCachingScriptClassCache
instanceKlass org/gradle/internal/vfs/FileSystemAccess
instanceKlass org/gradle/cache/scopes/GlobalScopedCacheBuilderFactory
instanceKlass org/gradle/initialization/ClassLoaderScopeRegistryListenerManager
instanceKlass org/gradle/api/internal/cache/CacheConfigurationsInternal
instanceKlass org/gradle/api/cache/CacheConfigurations
instanceKlass org/gradle/api/internal/plugins/DefaultPluginRegistry
instanceKlass org/gradle/execution/plan/ToPlannedNodeConverterRegistry
instanceKlass org/gradle/process/internal/worker/child/WorkerProcessClassPathProvider
instanceKlass org/gradle/internal/classloader/ClasspathHasher
instanceKlass org/gradle/internal/service/scopes/DefaultGradleUserHomeScopeServiceRegistry$1
instanceKlass org/gradle/internal/session/BuildSessionState
instanceKlass com/fasterxml/jackson/core/type/TypeReference
# instanceKlass java/lang/invoke/LambdaForm$MH+0x000001424d1ad000
# instanceKlass java/lang/invoke/LambdaForm$MH+0x000001424d1acc00
# instanceKlass java/lang/invoke/LambdaForm$MH+0x000001424d1ac800
# instanceKlass java/lang/invoke/LambdaForm$MH+0x000001424d1ac400
instanceKlass org/gradle/internal/operations/DefaultBuildOperationListenerManager$1
instanceKlass org/gradle/internal/operations/DefaultBuildOperationListenerManager
instanceKlass org/gradle/internal/buildoption/DefaultInternalOptions
instanceKlass  @bci java/util/stream/Collectors uniqKeysMapMerger ()Ljava/util/function/BinaryOperator; 0 <appendix> argL0 ; # java/util/stream/Collectors$$Lambda+0x000001424d17b510
instanceKlass  @bci java/util/stream/Collectors uniqKeysMapAccumulator (Ljava/util/function/Function;Ljava/util/function/Function;)Ljava/util/function/BiConsumer; 2 <appendix> member <vmtarget> ; # java/util/stream/Collectors$$Lambda+0x000001424d17b2e8
instanceKlass  @bci java/util/stream/Collectors toMap (Ljava/util/function/Function;Ljava/util/function/Function;)Ljava/util/stream/Collector; 4 <appendix> argL0 ; # java/util/stream/Collectors$$Lambda+0x000001424d17b0d8
instanceKlass  @bci org/gradle/api/internal/options/InternalOptionsFactory filterInternalOptions (Ljava/util/Map;)Ljava/util/Map; 26 <appendix> argL0 ; # org/gradle/api/internal/options/InternalOptionsFactory$$Lambda+0x000001424d1aa7c8
instanceKlass  @bci org/gradle/api/internal/options/InternalOptionsFactory filterInternalOptions (Ljava/util/Map;)Ljava/util/Map; 21 <appendix> argL0 ; # org/gradle/api/internal/options/InternalOptionsFactory$$Lambda+0x000001424d1aa598
instanceKlass  @bci org/gradle/api/internal/options/InternalOptionsFactory filterInternalOptions (Ljava/util/Map;)Ljava/util/Map; 11 <appendix> argL0 ; # org/gradle/api/internal/options/InternalOptionsFactory$$Lambda+0x000001424d1aa358
instanceKlass  @bci org/gradle/initialization/BuildStructureOperationProject <clinit> ()V 0 <bsm> form vmentry <vmtarget> ; # java/lang/invoke/LambdaForm$DMH+0x000001424d1ac000
instanceKlass org/gradle/api/internal/options/InternalOptionsFactory
instanceKlass org/gradle/internal/operations/DefaultBuildOperationsParameters
instanceKlass org/gradle/internal/work/WorkerLeaseRegistry$WorkerLeaseCompletion
instanceKlass org/gradle/internal/work/WorkerLeaseRegistry$WorkerLease
instanceKlass org/gradle/internal/resources/ResourceLock
instanceKlass org/gradle/internal/work/Synchronizer
instanceKlass org/gradle/internal/work/DefaultWorkerLeaseService
instanceKlass org/gradle/internal/work/ProjectParallelExecutionController
instanceKlass org/gradle/internal/resources/ResourceLockState
instanceKlass org/gradle/internal/resources/DefaultResourceLockCoordinationService
instanceKlass org/gradle/internal/resources/ResourceLockCoordinationService
instanceKlass org/gradle/internal/operations/logging/LoggingBuildOperationProgressBroadcaster
instanceKlass org/gradle/internal/work/WorkerLeaseService
instanceKlass org/gradle/internal/work/WorkerThreadRegistry
instanceKlass org/gradle/internal/resources/ProjectLeaseRegistry
instanceKlass org/gradle/internal/work/WorkerLeaseRegistry
instanceKlass org/gradle/internal/operations/BuildOperationsParameters
instanceKlass org/gradle/internal/operations/trace/BuildOperationTrace
instanceKlass org/gradle/internal/operations/notify/BuildOperationNotificationValve
instanceKlass org/gradle/internal/operations/notify/BuildOperationNotificationBridge
instanceKlass org/gradle/internal/operations/notify/BuildOperationNotificationListenerRegistrar
instanceKlass org/gradle/internal/operations/BuildOperationExecutor
instanceKlass org/gradle/internal/operations/BuildOperationQueueFactory
instanceKlass org/gradle/internal/code/UserCodeApplicationContext
instanceKlass org/gradle/internal/work/ResourceLockStatistics
instanceKlass org/gradle/internal/work/WorkerLimits
instanceKlass org/gradle/api/internal/CollectionCallbackActionDecorator
instanceKlass org/gradle/configuration/internal/ListenerBuildOperationDecorator
instanceKlass org/gradle/internal/service/scopes/CoreCrossBuildSessionServices
instanceKlass org/gradle/internal/service/DefaultServiceRegistry$CollectionService
instanceKlass org/gradle/internal/collect/PersistentArrayTrie$1
instanceKlass org/gradle/internal/service/DefaultServiceRegistry$CollectingVisitor
instanceKlass sun/reflect/generics/tree/VoidDescriptor
instanceKlass org/gradle/internal/buildoption/InternalOptions
instanceKlass org/gradle/internal/service/scopes/CrossBuildSessionParameters
instanceKlass org/gradle/internal/session/CrossBuildSessionState$Services
instanceKlass org/gradle/internal/session/CrossBuildSessionState
instanceKlass org/gradle/internal/buildprocess/execution/BuildSessionLifecycleBuildActionExecutor$ActionImpl
instanceKlass org/gradle/initialization/SettingsLocation
instanceKlass org/gradle/internal/scripts/ScriptResolutionResult
instanceKlass org/gradle/initialization/layout/BuildLayoutConfiguration
instanceKlass org/gradle/internal/scripts/ScriptingLanguages$1
instanceKlass org/gradle/scripts/ScriptingLanguage
instanceKlass org/gradle/internal/scripts/ScriptingLanguages
instanceKlass org/gradle/internal/scripts/ScriptFileUtil
instanceKlass org/gradle/internal/scripts/ScriptFileResolvedListener
instanceKlass org/gradle/tooling/internal/protocol/ModelIdentifier
instanceKlass org/gradle/tooling/internal/protocol/InternalProtocolInterface
instanceKlass jdk/internal/math/FormattedFPDecimal
# instanceKlass java/lang/invoke/LambdaForm$MH+0x000001424d1a2000
# instanceKlass java/lang/invoke/LambdaForm$MH+0x000001424d1a1c00
instanceKlass org/gradle/launcher/daemon/server/DaemonRegistryUnavailableExpirationStrategy$1
instanceKlass org/gradle/launcher/daemon/toolchain/DaemonJvmCriteria$Spec
instanceKlass  @bci org/gradle/launcher/daemon/server/CompatibleDaemonExpirationStrategy checkExpiration ()Lorg/gradle/launcher/daemon/server/expiry/DaemonExpirationResult; 13 <appendix> member <vmtarget> ; # org/gradle/launcher/daemon/server/CompatibleDaemonExpirationStrategy$$Lambda+0x000001424d1a4000
instanceKlass java/util/LinkedList$ListItr
instanceKlass  @bci org/gradle/cache/internal/FileBackedObjectHolder get ()Ljava/lang/Object; 5 <appendix> member <vmtarget> ; # org/gradle/cache/internal/FileBackedObjectHolder$$Lambda+0x000001424d19fd70
instanceKlass org/gradle/launcher/daemon/registry/PersistentDaemonRegistry$1
instanceKlass java/util/IdentityHashMap$IdentityHashMapIterator
instanceKlass org/gradle/internal/concurrent/CompositeStoppable$1
instanceKlass org/gradle/internal/remote/internal/inet/SocketConnection$1
instanceKlass  @bci org/gradle/launcher/daemon/server/exec/CleanUpVirtualFileSystemAfterBuild startAsyncCleanupAfterBuild ()Ljava/util/concurrent/CompletableFuture; 18 <appendix> argL0 ; # org/gradle/launcher/daemon/server/exec/CleanUpVirtualFileSystemAfterBuild$$Lambda+0x000001424d19f4e0
instanceKlass  @bci org/gradle/launcher/daemon/server/exec/CleanUpVirtualFileSystemAfterBuild startAsyncCleanupAfterBuild ()Ljava/util/concurrent/CompletableFuture; 10 <appendix> member <vmtarget> ; # org/gradle/launcher/daemon/server/exec/CleanUpVirtualFileSystemAfterBuild$$Lambda+0x000001424d19f2a8
instanceKlass java/io/ObjectStreamClass$ExceptionInfo
# instanceKlass java/lang/invoke/LambdaForm$MH+0x000001424d1a0c00
instanceKlass java/io/SerialCallbackContext
instanceKlass java/io/ObjectStreamClass$ClassDataSlot
instanceKlass java/io/ObjectStreamClass$5
instanceKlass java/io/ObjectStreamClass$4
instanceKlass org/gradle/groovy/scripts/ScriptSource
instanceKlass java/io/ObjectStreamClass$3
instanceKlass java/io/ObjectStreamClass$MemberSignature
instanceKlass java/io/ObjectStreamClass$1
instanceKlass  @bci java/util/stream/Collectors joining (Ljava/lang/CharSequence;Ljava/lang/CharSequence;Ljava/lang/CharSequence;)Ljava/util/stream/Collector; 22 <appendix> argL0 ; # java/util/stream/Collectors$$Lambda+0x800000043
instanceKlass  @bci java/util/stream/Collectors joining (Ljava/lang/CharSequence;Ljava/lang/CharSequence;Ljava/lang/CharSequence;)Ljava/util/stream/Collector; 17 <appendix> argL0 ; # java/util/stream/Collectors$$Lambda+0x800000041
instanceKlass  @bci java/util/stream/Collectors joining (Ljava/lang/CharSequence;Ljava/lang/CharSequence;Ljava/lang/CharSequence;)Ljava/util/stream/Collector; 12 <appendix> argL0 ; # java/util/stream/Collectors$$Lambda+0x80000003e
instanceKlass  @bci java/util/stream/Collectors joining (Ljava/lang/CharSequence;Ljava/lang/CharSequence;Ljava/lang/CharSequence;)Ljava/util/stream/Collector; 7 <appendix> member <vmtarget> ; # java/util/stream/Collectors$$Lambda+0x800000046
instanceKlass  @bci java/lang/Class methodToString (Ljava/lang/String;[Ljava/lang/Class;)Ljava/lang/String; 42 <appendix> argL0 ; # java/lang/Class$$Lambda+0x000001424d178ad8
instanceKlass java/io/ObjectStreamClass$FieldReflector
instanceKlass java/io/ObjectStreamClass$FieldReflectorKey
instanceKlass java/io/ObjectInput
instanceKlass java/lang/Throwable$PrintStreamOrWriter
instanceKlass jdk/internal/reflect/ClassDefiner$1
instanceKlass jdk/internal/reflect/ClassDefiner
instanceKlass jdk/internal/reflect/MethodAccessorGenerator$1
instanceKlass jdk/internal/reflect/Label$PatchInfo
instanceKlass jdk/internal/reflect/Label
instanceKlass jdk/internal/reflect/UTF8
instanceKlass jdk/internal/reflect/ClassFileAssembler
instanceKlass jdk/internal/reflect/ByteVectorImpl
instanceKlass jdk/internal/reflect/ByteVector
instanceKlass jdk/internal/reflect/ByteVectorFactory
instanceKlass jdk/internal/reflect/AccessorGenerator
instanceKlass jdk/internal/reflect/ClassFileConstants
instanceKlass  @bci jdk/internal/reflect/MethodHandleLongFieldAccessorImpl getLong (Ljava/lang/Object;)J 11 <adapter> ; # java/lang/invoke/LambdaForm$MH+0x000001424d19cc00
# instanceKlass java/lang/invoke/LambdaForm$DMH+0x000001424d19c800
instanceKlass java/io/ObjectStreamClass$2
instanceKlass java/io/ClassCache
instanceKlass java/io/ObjectStreamClass$Caches
instanceKlass java/io/ObjectStreamClass
instanceKlass java/io/ObjectOutputStream$ReplaceTable
instanceKlass java/io/ObjectOutputStream$HandleTable
instanceKlass java/io/ObjectStreamConstants
instanceKlass java/io/ObjectOutput
instanceKlass org/gradle/launcher/daemon/server/health/gc/GarbageCollectionStats
instanceKlass java/util/concurrent/LinkedBlockingDeque$AbstractItr
instanceKlass org/gradle/launcher/exec/BuildActionResult
instanceKlass org/gradle/internal/time/TimeFormatting
instanceKlass org/gradle/internal/logging/events/StyledTextOutputEvent$Span
instanceKlass org/gradle/internal/logging/events/operations/StyledTextBuildOperationProgressDetails$Span
instanceKlass org/gradle/internal/operations/logging/StyledTextBuildOperationProgressDetails$Span
instanceKlass org/gradle/internal/exceptions/CompilationFailedIndicator
instanceKlass org/gradle/internal/buildevents/ContextAwareExceptionHandler
instanceKlass  @bci org/gradle/internal/buildevents/BuildExceptionReporter fillInFailureResolution (Lorg/gradle/internal/buildevents/BuildExceptionReporter$FailureDetails;)V 205 <appendix> argL0 ; # org/gradle/internal/buildevents/BuildExceptionReporter$$Lambda+0x000001424d19b8b8
instanceKlass  @bci org/gradle/internal/buildevents/BuildExceptionReporter addBuildScanMessage (Lorg/gradle/internal/buildevents/BuildExceptionReporter$ContextImpl;)V 1 <appendix> argL0 ; # org/gradle/internal/buildevents/BuildExceptionReporter$$Lambda+0x000001424d19b698
instanceKlass  @bci org/gradle/internal/buildevents/BuildExceptionReporter fillInFailureResolution (Lorg/gradle/internal/buildevents/BuildExceptionReporter$FailureDetails;)V 173 <appendix> member <vmtarget> ; # org/gradle/internal/buildevents/BuildExceptionReporter$$Lambda+0x000001424d19b478
instanceKlass  @cpi org/gradle/internal/buildevents/BuildExceptionReporter 748 form vmentry <vmtarget> ; # java/lang/invoke/LambdaForm$DMH+0x000001424d19c400
instanceKlass org/gradle/internal/logging/text/AbstractStyledTextOutput$StyleOverrideTextOutput
instanceKlass org/gradle/internal/logging/text/BufferingStyledTextOutput$ChangeStyleAction
instanceKlass  @bci org/gradle/internal/buildevents/BuildExceptionReporter fillInFailureResolution (Lorg/gradle/internal/buildevents/BuildExceptionReporter$FailureDetails;)V 118 <appendix> argL0 ; # org/gradle/internal/buildevents/BuildExceptionReporter$$Lambda+0x000001424d19ad18
instanceKlass  @cpi org/gradle/api/internal/artifacts/DefaultDependencyManagementServices 172 form vmentry <vmtarget> ; # java/lang/invoke/LambdaForm$DMH+0x000001424d19c000
instanceKlass  @bci java/util/stream/MatchOps makeRef (Ljava/util/function/Predicate;Ljava/util/stream/MatchOps$MatchKind;)Ljava/util/stream/TerminalOp; 20 <appendix> member <vmtarget> ; # java/util/stream/MatchOps$$Lambda+0x000001424d172ac0
instanceKlass java/util/stream/MatchOps$BooleanTerminalSink
instanceKlass java/util/stream/MatchOps$MatchOp
instanceKlass java/util/stream/MatchOps
instanceKlass  @bci org/gradle/internal/buildevents/BuildExceptionReporter hasProblemReportsWithSolutions (Ljava/util/List;)Z 6 <appendix> argL0 ; # org/gradle/internal/buildevents/BuildExceptionReporter$$Lambda+0x000001424d19aad8
instanceKlass java/util/Collections$2
instanceKlass  @bci org/gradle/internal/buildevents/BuildExceptionReporter hasProblemReportsWithSolutions (Lorg/gradle/internal/problems/failure/Failure;)Z 11 <appendix> argL0 ; # org/gradle/internal/buildevents/BuildExceptionReporter$$Lambda+0x000001424d19a8a8
instanceKlass org/gradle/api/problems/internal/InternalProblem
instanceKlass  @bci java/util/ArrayDeque copyElements (Ljava/util/Collection;)V 2 <appendix> member <vmtarget> ; # java/util/ArrayDeque$$Lambda+0x000001424d171b18
instanceKlass org/gradle/internal/exceptions/NonGradleCause
instanceKlass java/util/stream/ForEachOps$ForEachOp
instanceKlass java/util/stream/ForEachOps
instanceKlass  @bci org/gradle/internal/buildevents/BuildExceptionReporter fillInFailureResolution (Lorg/gradle/internal/buildevents/BuildExceptionReporter$FailureDetails;)V 64 <appendix> member <vmtarget> ; # org/gradle/internal/buildevents/BuildExceptionReporter$$Lambda+0x000001424d19a2a0
instanceKlass java/util/stream/DistinctOps
instanceKlass org/gradle/internal/buildevents/BuildExceptionReporter$ContextImpl
instanceKlass org/gradle/internal/logging/text/BufferingStyledTextOutput$1
instanceKlass org/gradle/internal/buildevents/BuildExceptionReporter$FailureDetails
instanceKlass org/gradle/internal/problems/failure/DefaultFailure
instanceKlass org/gradle/internal/problems/failure/DefaultFailureFactory$Job$SuppressedAndCauses
instanceKlass  @bci org/gradle/internal/problems/failure/DefaultFailureFactory$Job <init> (Lorg/gradle/internal/problems/failure/StackTraceClassifier;Lorg/gradle/api/problems/internal/ProblemLocator;Ljava/util/Set;)V 6 <appendix> member <vmtarget> ; # org/gradle/internal/problems/failure/DefaultFailureFactory$Job$$Lambda+0x000001424d1985f8
instanceKlass org/gradle/api/problems/internal/ProblemLocator$1
instanceKlass org/gradle/api/problems/internal/ProblemLocator
instanceKlass org/gradle/internal/problems/failure/Failure
instanceKlass org/gradle/internal/problems/failure/DefaultFailureFactory$Job
instanceKlass org/gradle/BuildResult
instanceKlass org/gradle/internal/logging/format/TersePrettyDurationFormatter
instanceKlass org/gradle/internal/buildevents/BuildResultLogger
instanceKlass org/apache/commons/lang3/ArrayFill
instanceKlass  @bci java/util/regex/CharPredicates forUnicodeBlock (Ljava/lang/String;)Ljava/util/regex/Pattern$CharPredicate; 6 <appendix> member <vmtarget> ; # java/util/regex/CharPredicates$$Lambda+0x000001424d170a30
instanceKlass java/lang/Character$Subset
instanceKlass org/apache/commons/lang3/StringUtils
instanceKlass org/gradle/util/internal/TreeVisitor
instanceKlass org/gradle/internal/exceptions/FailureResolutionAware$Context
instanceKlass org/gradle/internal/buildevents/BuildExceptionReporter
instanceKlass org/gradle/internal/logging/format/DurationFormatter
instanceKlass org/gradle/internal/buildevents/BuildLogger
instanceKlass org/gradle/api/execution/TaskExecutionGraphListener
instanceKlass org/gradle/internal/InternalBuildListener
instanceKlass org/gradle/internal/InternalListener
instanceKlass org/gradle/BuildListener
instanceKlass org/gradle/internal/buildevents/BuildStartedTime
instanceKlass java/time/Clock
instanceKlass java/time/InstantSource
instanceKlass java/time/Instant
instanceKlass java/util/logging/LogRecord
instanceKlass java/lang/StackTraceElement$HashedModules
instanceKlass org/apache/groovy/util/SystemUtil
instanceKlass  @bci java/util/regex/CharPredicates ASCII_SPACE ()Ljava/util/regex/Pattern$BmpCharPredicate; 0 <appendix> argL0 ; # java/util/regex/CharPredicates$$Lambda+0x800000026
instanceKlass org/codehaus/groovy/runtime/StackTraceUtils
instanceKlass org/gradle/internal/exceptions/Contextual
instanceKlass org/gradle/initialization/exception/StackTraceSanitizingExceptionAnalyser
instanceKlass org/gradle/internal/exceptions/FailureResolutionAware
instanceKlass org/gradle/initialization/exception/DefaultExceptionAnalyser
instanceKlass org/gradle/initialization/exception/MultipleBuildFailuresExceptionAnalyser
instanceKlass org/gradle/internal/logging/sink/OutputEventRenderer$3
instanceKlass org/gradle/internal/logging/sink/ProgressLogEventGenerator
instanceKlass org/gradle/internal/logging/console/BuildLogLevelFilterRenderer
instanceKlass org/gradle/launcher/daemon/server/exec/ExecuteBuild$1
instanceKlass org/gradle/initialization/DefaultBuildRequestContext
instanceKlass org/gradle/initialization/DefaultBuildRequestMetaData
instanceKlass org/gradle/configuration/DefaultBuildClientMetaData
instanceKlass org/gradle/launcher/daemon/server/exec/DaemonConnectionBackedEventConsumer
instanceKlass org/gradle/launcher/daemon/server/exec/WatchForDisconnection$1
instanceKlass org/gradle/internal/featurelifecycle/LoggingIncubatingFeatureHandler
instanceKlass org/gradle/util/internal/IncubationLogger
instanceKlass org/gradle/internal/problems/NoOpProblemDiagnosticsFactory$2
instanceKlass org/gradle/internal/problems/NoOpProblemDiagnosticsFactory$1
instanceKlass org/gradle/problems/buildtree/ProblemStream
instanceKlass org/gradle/problems/ProblemDiagnostics
instanceKlass org/gradle/internal/problems/NoOpProblemDiagnosticsFactory
instanceKlass org/gradle/api/problems/Problem
instanceKlass org/gradle/problems/buildtree/ProblemStream$StackTraceTransformer
instanceKlass org/gradle/internal/featurelifecycle/LoggingDeprecatedFeatureHandler
instanceKlass org/gradle/internal/featurelifecycle/FeatureHandler
instanceKlass  @bci org/gradle/internal/deprecation/DeprecationLogger <clinit> ()V 0 <appendix> argL0 ; # org/gradle/internal/deprecation/DeprecationLogger$$Lambda+0x000001424d1902a0
instanceKlass org/gradle/internal/deprecation/DeprecationMessageBuilder
instanceKlass org/gradle/internal/deprecation/DeprecationLogger
instanceKlass org/gradle/internal/daemon/clientinput/ClientInputForwarder$2
instanceKlass org/gradle/internal/daemon/clientinput/ClientInputForwarder$1
instanceKlass  @bci org/gradle/launcher/daemon/server/exec/ForwardClientInput execute (Lorg/gradle/launcher/daemon/server/api/DaemonCommandExecution;)V 5 <appendix> member <vmtarget> ; # org/gradle/launcher/daemon/server/exec/ForwardClientInput$$Lambda+0x000001424d18f290
instanceKlass java/math/MathContext
instanceKlass org/gradle/internal/util/NumberUtil
instanceKlass org/gradle/launcher/daemon/server/exec/LogToClient$AsynchronousLogDispatcher$1
instanceKlass java/util/concurrent/CountDownLatch
instanceKlass java/util/Collections$UnmodifiableMap$UnmodifiableEntrySet$UnmodifiableEntry
instanceKlass java/util/Collections$UnmodifiableMap$UnmodifiableEntrySet$1
instanceKlass  @bci org/gradle/launcher/daemon/server/DaemonStateCoordinator runCommand (Ljava/lang/Runnable;Ljava/lang/String;)V 11 <appendix> member <vmtarget> ; # org/gradle/launcher/daemon/server/DaemonStateCoordinator$$Lambda+0x000001424d18deb0
instanceKlass org/gradle/launcher/daemon/registry/PersistentDaemonRegistry$5
instanceKlass jdk/internal/math/MathUtils
instanceKlass jdk/internal/math/DoubleToDecimal
instanceKlass org/gradle/launcher/daemon/server/exec/StartBuildOrRespondWithBusy$1
instanceKlass org/gradle/launcher/daemon/server/DefaultDaemonConnection$CommandQueue$1
instanceKlass org/gradle/launcher/daemon/server/exec/HandleCancel$1
instanceKlass org/gradle/launcher/daemon/server/api/DaemonCommandExecution
instanceKlass org/gradle/launcher/exec/DefaultBuildActionParameters
instanceKlass org/gradle/configuration/GradleLauncherMetaData
instanceKlass com/google/common/collect/AbstractMapEntry
instanceKlass com/google/common/collect/ImmutableMap$Builder
instanceKlass com/google/common/collect/BiMap
instanceKlass com/google/common/collect/ImmutableMap
instanceKlass com/google/common/collect/Sets
instanceKlass com/google/common/collect/Platform
instanceKlass com/google/common/collect/Lists
instanceKlass org/gradle/internal/DefaultTaskExecutionRequest
instanceKlass com/google/common/collect/CollectPreconditions
instanceKlass org/gradle/internal/buildoption/Option$Value
instanceKlass org/gradle/internal/RunDefaultTasksExecutionRequest
instanceKlass org/gradle/TaskExecutionRequest
instanceKlass org/gradle/api/launcher/cli/WelcomeMessageConfiguration
instanceKlass org/gradle/internal/concurrent/DefaultParallelismConfiguration
instanceKlass org/gradle/internal/logging/DefaultLoggingConfiguration
instanceKlass org/gradle/initialization/BuildLayoutParameters
instanceKlass java/nio/channels/spi/AbstractSelector$1
instanceKlass org/gradle/launcher/daemon/server/DefaultDaemonConnection$1
instanceKlass org/gradle/launcher/daemon/server/DefaultDaemonConnection$ReceiveQueue
instanceKlass org/gradle/launcher/daemon/server/DefaultDaemonConnection$DisconnectQueue
instanceKlass org/gradle/launcher/daemon/server/DefaultDaemonConnection$CommandQueue
instanceKlass org/gradle/launcher/daemon/server/DefaultDaemonConnection
instanceKlass org/gradle/launcher/daemon/server/api/DaemonConnection
instanceKlass org/gradle/launcher/daemon/server/DefaultIncomingConnectionHandler$ConnectionWorker
instanceKlass org/gradle/launcher/daemon/server/SynchronizedDispatchConnection
instanceKlass org/gradle/internal/serialize/Serializers$StatefulSerializerAdapter$2
instanceKlass org/gradle/internal/serialize/PositionAwareEncoder
instanceKlass org/gradle/internal/serialize/Serializers$StatefulSerializerAdapter$1
instanceKlass org/gradle/internal/remote/internal/inet/SocketInetAddress$Serializer
instanceKlass org/gradle/internal/io/BufferCaster
instanceKlass java/lang/invoke/ConstantBootstraps
instanceKlass java/nio/channels/SelectionKey
instanceKlass java/nio/BufferMismatch
instanceKlass com/sun/security/sasl/Provider$1
instanceKlass  @bci sun/security/provider/certpath/ldap/JdkLDAP <init> ()V 15 <appendix> member <vmtarget> ; # sun/security/provider/certpath/ldap/JdkLDAP$$Lambda+0x000001424d16b0a0
instanceKlass  @bci sun/security/pkcs11/SunPKCS11 register (Lsun/security/pkcs11/SunPKCS11$Descriptor;)V 27 <appendix> argL0 ; # sun/security/pkcs11/SunPKCS11$$Lambda+0x000001424d13c460
instanceKlass sun/security/pkcs11/SunPKCS11$Descriptor
instanceKlass javax/security/auth/callback/CallbackHandler
instanceKlass javax/security/auth/Subject
instanceKlass com/sun/security/sasl/gsskerb/JdkSASL$1
instanceKlass sun/security/mscapi/SunMSCAPI$2
instanceKlass sun/security/mscapi/SunMSCAPI$1
instanceKlass  @bci sun/security/ssl/SunJSSE registerAlgorithms ()V 1 <appendix> member <vmtarget> ; # sun/security/ssl/SunJSSE$$Lambda+0x000001424d1697d0
instanceKlass java/security/spec/ECFieldF2m
instanceKlass sun/security/util/ObjectIdentifier
instanceKlass sun/security/util/ByteArrayTagOrder
instanceKlass sun/security/util/ByteArrayLexOrder
instanceKlass sun/security/util/DerEncoder
instanceKlass java/security/spec/ECParameterSpec
instanceKlass java/security/spec/AlgorithmParameterSpec
instanceKlass java/security/spec/ECPoint
instanceKlass java/security/spec/EllipticCurve
instanceKlass java/security/spec/ECFieldFp
instanceKlass java/security/spec/ECField
instanceKlass sun/security/util/CurveDB
instanceKlass sun/security/ec/SunEC$1
instanceKlass  @bci sun/security/jgss/SunProvider <init> ()V 15 <appendix> member <vmtarget> ; # sun/security/jgss/SunProvider$$Lambda+0x000001424d1398c0
instanceKlass sun/security/smartcardio/SunPCSC$1
instanceKlass org/jcp/xml/dsig/internal/dom/XMLDSigRI$2
instanceKlass org/jcp/xml/dsig/internal/dom/XMLDSigRI$1
instanceKlass sun/security/jca/ProviderConfig$ProviderLoader
instanceKlass sun/security/jca/ProviderConfig$3
instanceKlass sun/security/rsa/SunRsaSignEntries
instanceKlass sun/net/NetProperties$1
instanceKlass sun/net/NetProperties
instanceKlass  @bci sun/nio/ch/UnixDomainSocketsUtil getTempDir ()Ljava/lang/String; 0 <appendix> argL0 ; # sun/nio/ch/UnixDomainSocketsUtil$$Lambda+0x000001424d165a60
instanceKlass sun/nio/ch/UnixDomainSocketsUtil
instanceKlass sun/nio/ch/UnixDomainSockets
instanceKlass sun/nio/ch/PipeImpl$Initializer$LoopbackConnector
instanceKlass sun/nio/ch/PipeImpl$Initializer
instanceKlass java/nio/channels/Pipe
instanceKlass sun/nio/ch/WEPoll
instanceKlass sun/nio/ch/Util$2
instanceKlass java/nio/channels/Selector
instanceKlass org/gradle/internal/remote/internal/KryoBackedMessageSerializer
instanceKlass org/gradle/internal/remote/internal/inet/SocketConnection
instanceKlass org/gradle/internal/serialize/ObjectReader
instanceKlass org/gradle/internal/serialize/ObjectWriter
instanceKlass org/gradle/internal/serialize/Serializers$StatefulSerializerAdapter
instanceKlass org/gradle/internal/serialize/StatefulSerializer
instanceKlass org/gradle/internal/serialize/Serializers
instanceKlass org/gradle/internal/remote/internal/RemoteConnection
instanceKlass org/gradle/internal/remote/internal/Connection
instanceKlass org/gradle/internal/dispatch/Receive
instanceKlass org/gradle/internal/remote/internal/MessageSerializer
instanceKlass org/gradle/internal/remote/internal/inet/SocketConnectCompletion
instanceKlass org/gradle/internal/remote/internal/ConnectCompletion
instanceKlass org/gradle/internal/remote/internal/inet/TcpOutgoingConnector
instanceKlass org/gradle/internal/remote/internal/inet/SocketBlockingUtil
instanceKlass java/net/Socket
instanceKlass org/gradle/launcher/daemon/server/DaemonStateCoordinator$1
instanceKlass  @bci org/gradle/internal/event/DefaultListenerManager$ExclusiveEventBroadcast doAdd (Lorg/gradle/internal/event/DefaultListenerManager$ListenerDetails;)V 3 <appendix> member <vmtarget> ; # org/gradle/internal/event/DefaultListenerManager$ExclusiveEventBroadcast$$Lambda+0x000001424d1361b8
instanceKlass  @cpi org/gradle/api/internal/initialization/DefaultSharedModelDefaults 223 form vmentry <vmtarget> ; # java/lang/invoke/LambdaForm$DMH+0x000001424d132000
instanceKlass org/gradle/launcher/daemon/server/Daemon$DefaultDaemonExpirationListener
instanceKlass org/gradle/launcher/daemon/server/Daemon$DaemonExpirationPeriodicCheck
instanceKlass org/gradle/launcher/daemon/server/expiry/AnyDaemonExpirationStrategy
instanceKlass org/gradle/launcher/daemon/server/DaemonRegistryUnavailableExpirationStrategy
instanceKlass  @bci org/gradle/internal/classpath/MethodHandleUtils lazyKotlinStaticDefaultHandle (Ljava/lang/Class;Ljava/lang/String;Ljava/lang/Class;[Ljava/lang/Class;)Lorg/gradle/internal/lazy/Lazy; 7 <appendix> form vmentry <vmtarget> ; # java/lang/invoke/LambdaForm$DMH+0x000001424d131c00
instanceKlass  @bci sun/reflect/annotation/AnnotationParser parseEnumArray (ILjava/lang/Class;Ljava/nio/ByteBuffer;Ljdk/internal/reflect/ConstantPool;Ljava/lang/Class;)Ljava/lang/Object; 16 <appendix> member <vmtarget> ; # sun/reflect/annotation/AnnotationParser$$Lambda+0x000001424d162828
instanceKlass org/gradle/internal/reflect/JavaReflectionUtil
instanceKlass org/gradle/internal/service/scopes/ParallelListener
instanceKlass org/gradle/internal/event/DefaultListenerManager$ListenerDetails
instanceKlass org/gradle/launcher/daemon/server/health/LowMemoryDaemonExpirationStrategy
instanceKlass org/gradle/process/internal/health/memory/OsMemoryStatusListener
instanceKlass org/gradle/launcher/daemon/server/NotMostRecentlyUsedDaemonExpirationStrategy
instanceKlass com/google/common/base/Functions$ConstantFunction
instanceKlass com/google/common/base/Functions
instanceKlass org/gradle/launcher/daemon/server/DaemonIdleTimeoutExpirationStrategy
instanceKlass org/gradle/launcher/daemon/toolchain/DaemonJvmCriteria$JavaHome
instanceKlass org/gradle/launcher/daemon/context/DaemonRequestContext
instanceKlass org/gradle/launcher/daemon/context/DaemonCompatibilitySpec
instanceKlass org/gradle/api/internal/specs/ExplainingSpec
instanceKlass org/gradle/launcher/daemon/server/CompatibleDaemonExpirationStrategy
instanceKlass org/gradle/launcher/daemon/server/expiry/AllDaemonExpirationStrategy
instanceKlass org/gradle/launcher/daemon/server/FileLockContentionExpirationStrategy
# instanceKlass java/lang/invoke/LambdaForm$MH+0x000001424d131800
# instanceKlass java/lang/invoke/LambdaForm$MH+0x000001424d131400
# instanceKlass java/lang/invoke/LambdaForm$MH+0x000001424d131000
# instanceKlass java/lang/invoke/LambdaForm$MH+0x000001424d130c00
# instanceKlass java/lang/invoke/LambdaForm$MH+0x000001424d130800
# instanceKlass java/lang/invoke/LambdaForm$MH+0x000001424d130400
instanceKlass org/gradle/internal/stream/EncodedStream
instanceKlass org/gradle/launcher/daemon/bootstrap/DaemonStartupCommunication
instanceKlass  @bci org/gradle/cache/internal/DefaultFileLockManager$DefaultFileLock close ()V 32 <appendix> member <vmtarget> ; # org/gradle/cache/internal/DefaultFileLockManager$DefaultFileLock$$Lambda+0x000001424d12e6a0
instanceKlass  @bci org/gradle/cache/internal/DefaultFileLockManager$DefaultFileLock close ()V 21 <appendix> member <vmtarget> ; # org/gradle/cache/internal/DefaultFileLockManager$DefaultFileLock$$Lambda+0x000001424d12e488
instanceKlass  @bci org/gradle/cache/internal/DefaultFileLockManager$DefaultFileLock close ()V 10 <appendix> member <vmtarget> ; # org/gradle/cache/internal/DefaultFileLockManager$DefaultFileLock$$Lambda+0x000001424d12e270
instanceKlass java/io/FileOutputStream$1
instanceKlass org/gradle/internal/remote/internal/inet/SocketInetAddress
instanceKlass org/gradle/internal/serialize/AbstractEncoder
instanceKlass org/gradle/internal/serialize/FlushableEncoder
instanceKlass  @bci org/gradle/launcher/daemon/registry/DaemonRegistryContent removeInfo (I)V 10 <appendix> member <vmtarget> ; # org/gradle/launcher/daemon/registry/DaemonRegistryContent$$Lambda+0x000001424d12d2a8
instanceKlass  @cpi org/gradle/launcher/daemon/registry/DaemonRegistryContent 159 form vmentry <vmtarget> ; # java/lang/invoke/LambdaForm$DMH+0x000001424d130000
instanceKlass org/gradle/launcher/daemon/registry/DaemonStopEvent$Serializer
instanceKlass org/gradle/launcher/daemon/registry/DaemonStopEvent
instanceKlass org/gradle/launcher/daemon/registry/DaemonInfo$Serializer
instanceKlass org/gradle/cache/internal/filelock/DefaultLockStateSerializer$SequenceNumberLockState
instanceKlass  @bci java/net/DatagramPacket setData ([BII)V 9 <appendix> argL0 ; # java/net/DatagramPacket$$Lambda+0x000001424d161fa0
instanceKlass java/net/DatagramPacket
instanceKlass org/gradle/cache/internal/locklistener/FileLockPacketPayload
instanceKlass  @bci org/gradle/cache/internal/DefaultFileLockManager$DefaultFileLock lockInformationRegion (Lorg/gradle/cache/FileLockManager$LockMode;Lorg/gradle/internal/time/ExponentialBackoff;)Lorg/gradle/cache/internal/filelock/FileLockOutcome; 3 <appendix> member <vmtarget> ; # org/gradle/cache/internal/DefaultFileLockManager$DefaultFileLock$$Lambda+0x000001424d12b998
instanceKlass org/gradle/internal/time/ExponentialBackoff$Result
instanceKlass org/gradle/cache/internal/filelock/LockInfo
instanceKlass org/gradle/cache/internal/filelock/FileLockOutcome
instanceKlass org/gradle/cache/internal/DefaultFileLockManager$DefaultFileLock$1
instanceKlass org/gradle/internal/time/ExponentialBackoff
instanceKlass org/gradle/cache/internal/DefaultFileLockManager$AwaitableFileLockReleasedSignal
instanceKlass org/gradle/cache/FileLockReleasedSignal
instanceKlass org/gradle/cache/internal/filelock/LockInfoSerializer
instanceKlass org/gradle/cache/internal/filelock/LockInfoAccess
instanceKlass org/gradle/cache/internal/filelock/LockFileAccess
instanceKlass  @bci org/gradle/cache/internal/DefaultFileLockManager$DefaultFileLock <init> (Lorg/gradle/cache/internal/DefaultFileLockManager;Ljava/io/File;Lorg/gradle/cache/LockOptions;Ljava/lang/String;Ljava/lang/String;ILjava/util/function/Consumer;)V 188 <appendix> member <vmtarget> ; # org/gradle/cache/internal/DefaultFileLockManager$DefaultFileLock$$Lambda+0x000001424d1294c8
instanceKlass org/gradle/cache/internal/filelock/LockStateAccess
instanceKlass org/gradle/cache/internal/filelock/LockState
instanceKlass org/gradle/cache/internal/filelock/DefaultLockStateSerializer
instanceKlass org/apache/commons/io/filefilter/IOFileFilter
instanceKlass java/nio/file/PathMatcher
instanceKlass java/io/FilenameFilter
instanceKlass java/nio/file/FileVisitor
instanceKlass org/apache/commons/io/file/PathFilter
instanceKlass org/apache/commons/io/FileUtils
instanceKlass org/gradle/internal/time/ExponentialBackoff$Query
instanceKlass org/gradle/cache/FileLock$State
instanceKlass org/gradle/cache/internal/filelock/LockStateSerializer
instanceKlass org/gradle/cache/internal/filelock/DefaultLockOptions
instanceKlass org/gradle/cache/internal/FileBackedObjectHolder$1Updater
instanceKlass  @bci org/gradle/cache/internal/FileIntegrityViolationSuppressingObjectHolderDecorator update (Lorg/gradle/cache/ObjectHolder$UpdateAction;)Ljava/lang/Object; 4 <appendix> member <vmtarget> ; # org/gradle/cache/internal/FileIntegrityViolationSuppressingObjectHolderDecorator$$Lambda+0x000001424d127c68
instanceKlass org/gradle/launcher/daemon/registry/PersistentDaemonRegistry$8
instanceKlass org/gradle/launcher/daemon/registry/DaemonInfo
instanceKlass org/gradle/launcher/daemon/context/DaemonConnectDetails
instanceKlass sun/util/cldr/CLDRBaseLocaleDataMetaInfo$TZCanonicalIDMapHolder
instanceKlass java/time/chrono/AbstractChronology
instanceKlass java/time/chrono/Chronology
instanceKlass java/time/LocalTime
instanceKlass java/time/temporal/ValueRange
instanceKlass java/time/Duration
instanceKlass java/time/temporal/TemporalAmount
instanceKlass java/time/temporal/TemporalUnit
instanceKlass java/time/temporal/TemporalField
instanceKlass java/time/LocalDate
instanceKlass java/time/chrono/ChronoLocalDate
instanceKlass java/time/zone/ZoneOffsetTransition
instanceKlass java/time/LocalDateTime
instanceKlass java/time/chrono/ChronoLocalDateTime
instanceKlass java/time/temporal/TemporalAdjuster
instanceKlass java/time/temporal/Temporal
instanceKlass java/time/temporal/TemporalAccessor
instanceKlass java/time/zone/ZoneOffsetTransitionRule
instanceKlass java/time/zone/ZoneRules
instanceKlass java/time/zone/Ser
instanceKlass java/io/Externalizable
instanceKlass java/time/zone/ZoneRulesProvider$1
instanceKlass java/time/zone/ZoneRulesProvider
instanceKlass java/time/ZoneId
instanceKlass sun/util/resources/provider/NonBaseLocaleDataMetaInfo
instanceKlass  @bci sun/util/locale/provider/JRELocaleProviderAdapter createSupportedLocaleString (Ljava/lang/String;)Ljava/lang/String; 6 <appendix> member <vmtarget> ; # sun/util/locale/provider/JRELocaleProviderAdapter$$Lambda+0x000001424d15d288
instanceKlass sun/util/locale/provider/BaseLocaleDataMetaInfo
instanceKlass  @bci sun/util/locale/provider/JRELocaleProviderAdapter getTimeZoneNameProvider ()Ljava/util/spi/TimeZoneNameProvider; 8 <appendix> member <vmtarget> ; # sun/util/locale/provider/JRELocaleProviderAdapter$$Lambda+0x000001424d15ce28
instanceKlass  @bci sun/util/cldr/CLDRLocaleProviderAdapter getTimeZoneNameProvider ()Ljava/util/spi/TimeZoneNameProvider; 8 <appendix> member <vmtarget> ; # sun/util/cldr/CLDRLocaleProviderAdapter$$Lambda+0x000001424d15c3e0
instanceKlass sun/util/locale/provider/TimeZoneNameUtility$TimeZoneNameGetter
instanceKlass sun/util/locale/provider/TimeZoneNameUtility
instanceKlass org/gradle/internal/remote/internal/inet/TcpIncomingConnector$1
instanceKlass org/gradle/internal/remote/internal/inet/TcpIncomingConnector$Receiver
instanceKlass org/gradle/internal/remote/internal/inet/MultiChoiceAddress
instanceKlass org/gradle/internal/remote/internal/inet/InetEndpoint
instanceKlass java/util/UUID$Holder
instanceKlass java/util/UUID
instanceKlass sun/net/NetHooks
instanceKlass java/net/SocketImpl
instanceKlass java/net/SocketOptions
instanceKlass  @bci sun/nio/ch/ServerSocketAdaptor create (Lsun/nio/ch/ServerSocketChannelImpl;)Ljava/net/ServerSocket; 1 <appendix> member <vmtarget> ; # sun/nio/ch/ServerSocketAdaptor$$Lambda+0x000001424d15ad70
instanceKlass java/net/ServerSocket
instanceKlass  @bci java/nio/channels/spi/SelectorProvider$Holder provider ()Ljava/nio/channels/spi/SelectorProvider; 0 <appendix> argL0 ; # java/nio/channels/spi/SelectorProvider$Holder$$Lambda+0x000001424d159f20
instanceKlass java/nio/channels/spi/SelectorProvider$Holder
instanceKlass org/gradle/launcher/daemon/server/DaemonTcpServerConnector$1
instanceKlass org/gradle/launcher/daemon/server/Daemon$5
instanceKlass org/gradle/launcher/daemon/server/DefaultIncomingConnectionHandler
instanceKlass java/util/LinkedList$Node
instanceKlass org/gradle/initialization/DefaultBuildCancellationToken
instanceKlass org/gradle/launcher/daemon/server/DaemonStateCoordinator
instanceKlass org/gradle/launcher/daemon/server/Daemon$4
instanceKlass org/gradle/launcher/daemon/server/Daemon$3
instanceKlass org/gradle/launcher/daemon/server/Daemon$2
instanceKlass org/gradle/launcher/daemon/server/Daemon$1
instanceKlass org/gradle/launcher/daemon/server/DaemonRegistryUpdater
instanceKlass sun/security/provider/AbstractDrbg$NonceProvider
instanceKlass  @bci sun/security/provider/AbstractDrbg$SeederHolder <clinit> ()V 42 <appendix> member <vmtarget> ; # sun/security/provider/AbstractDrbg$SeederHolder$$Lambda+0x000001424d158ed8
instanceKlass  @cpi sun/security/provider/AbstractDrbg$SeederHolder 91 form vmentry <vmtarget> ; # java/lang/invoke/LambdaForm$DMH+0x000001424d124c00
# instanceKlass java/lang/invoke/LambdaForm$DMH+0x000001424d124800
instanceKlass sun/nio/fs/BasicFileAttributesHolder
instanceKlass sun/nio/fs/WindowsDirectoryStream$WindowsDirectoryIterator
instanceKlass sun/nio/fs/WindowsDirectoryStream
instanceKlass java/nio/file/DirectoryStream
instanceKlass java/nio/file/Files$AcceptAllFilter
instanceKlass java/nio/file/DirectoryStream$Filter
instanceKlass sun/security/provider/ByteArrayAccess$BE
instanceKlass sun/security/provider/ByteArrayAccess
instanceKlass sun/security/provider/SeedGenerator$1
instanceKlass sun/security/util/MessageDigestSpi2
instanceKlass sun/security/jca/GetInstance$Instance
instanceKlass sun/security/jca/GetInstance
instanceKlass sun/security/util/CryptoAlgorithmConstraints$CryptoHolder
instanceKlass sun/security/util/AbstractAlgorithmConstraints
instanceKlass java/security/AlgorithmConstraints
instanceKlass java/security/MessageDigestSpi
instanceKlass sun/security/provider/SeedGenerator
instanceKlass sun/security/provider/AbstractDrbg$SeederHolder
instanceKlass java/security/DrbgParameters$NextBytes
instanceKlass  @bci sun/security/provider/AbstractDrbg <clinit> ()V 12 <appendix> argL0 ; # sun/security/provider/AbstractDrbg$$Lambda+0x000001424d154fd0
instanceKlass  @cpi sun/security/provider/AbstractDrbg 383 form vmentry <vmtarget> ; # java/lang/invoke/LambdaForm$DMH+0x000001424d124400
# instanceKlass java/lang/invoke/LambdaForm$DMH+0x000001424d124000
instanceKlass sun/security/provider/EntropySource
instanceKlass sun/security/provider/AbstractDrbg
instanceKlass java/security/DrbgParameters$Instantiation
instanceKlass java/security/DrbgParameters
instanceKlass sun/security/provider/MoreDrbgParameters
instanceKlass  @bci sun/security/provider/DRBG <init> (Ljava/security/SecureRandomParameters;)V 26 <appendix> argL0 ; # sun/security/provider/DRBG$$Lambda+0x000001424d153b10
instanceKlass java/security/SecureRandomSpi
instanceKlass java/security/SecureRandomParameters
instanceKlass jdk/internal/event/Event
instanceKlass sun/security/util/SecurityProviderConstants
instanceKlass java/security/Provider$UString
instanceKlass java/security/Provider$Service
instanceKlass sun/security/provider/NativePRNG$NonBlocking
instanceKlass sun/security/provider/NativePRNG$Blocking
instanceKlass sun/security/provider/NativePRNG
instanceKlass sun/security/provider/SunEntries$1
instanceKlass sun/security/provider/SunEntries
instanceKlass sun/security/util/SecurityConstants
instanceKlass sun/security/jca/ProviderList$2
instanceKlass jdk/internal/math/FloatingDecimal$ASCIIToBinaryBuffer
instanceKlass jdk/internal/math/FloatingDecimal$PreparedASCIIToBinaryBuffer
instanceKlass jdk/internal/math/FloatingDecimal$ASCIIToBinaryConverter
instanceKlass jdk/internal/math/FloatingDecimal$BinaryToASCIIBuffer
instanceKlass jdk/internal/math/FloatingDecimal$ExceptionalBinaryToASCIIBuffer
instanceKlass jdk/internal/math/FloatingDecimal$BinaryToASCIIConverter
instanceKlass jdk/internal/math/FloatingDecimal
instanceKlass java/security/Provider$EngineDescription
instanceKlass java/security/Provider$ServiceKey
instanceKlass sun/security/jca/ProviderConfig
instanceKlass sun/security/jca/ProviderList
instanceKlass sun/security/jca/Providers
instanceKlass com/google/common/base/Joiner
instanceKlass org/gradle/launcher/daemon/server/exec/DaemonCommandExecuter
instanceKlass org/gradle/internal/remote/ConnectionAcceptor
instanceKlass org/gradle/internal/remote/Address
instanceKlass org/gradle/internal/remote/internal/inet/TcpIncomingConnector
instanceKlass org/gradle/launcher/daemon/protocol/DaemonMessageSerializer$OutputMessageSerializer
instanceKlass org/gradle/internal/logging/serializer/LogLevelChangeEventSerializer
instanceKlass org/gradle/internal/logging/serializer/ProgressEventSerializer
instanceKlass org/gradle/internal/logging/serializer/ProgressCompleteEventSerializer
instanceKlass org/gradle/internal/operations/BuildOperationMetadata
instanceKlass org/gradle/internal/logging/serializer/ProgressStartEventSerializer
instanceKlass org/gradle/internal/logging/serializer/SpanSerializer
instanceKlass org/gradle/internal/logging/serializer/StyledTextOutputEventSerializer
instanceKlass org/gradle/internal/logging/serializer/ReadStdInEventSerializer
instanceKlass org/gradle/internal/logging/serializer/UserInputResumeEventSerializer
instanceKlass org/gradle/internal/logging/serializer/SelectOptionPromptEventSerializer
instanceKlass org/gradle/internal/logging/serializer/IntQuestionPromptEventSerializer
instanceKlass org/gradle/internal/logging/serializer/TextQuestionPromptEventSerializer
instanceKlass org/gradle/internal/logging/serializer/BooleanQuestionPromptEventSerializer
instanceKlass org/gradle/internal/logging/serializer/YesNoQuestionPromptEventSerializer
instanceKlass org/gradle/internal/logging/serializer/UserInputRequestEventSerializer
instanceKlass org/gradle/internal/logging/serializer/LogEventSerializer
instanceKlass org/gradle/launcher/daemon/protocol/DaemonMessageSerializer$CloseInputSerializer
instanceKlass org/gradle/launcher/daemon/protocol/DaemonMessageSerializer$UserResponseSerializer
instanceKlass org/gradle/launcher/daemon/protocol/DaemonMessageSerializer$ForwardInputSerializer
instanceKlass org/gradle/launcher/daemon/protocol/DaemonMessageSerializer$BuildEventSerializer
instanceKlass org/gradle/launcher/daemon/protocol/DaemonMessageSerializer$FinishedSerializer
instanceKlass org/gradle/launcher/daemon/protocol/DaemonMessageSerializer$SuccessSerializer
instanceKlass org/gradle/launcher/daemon/protocol/DaemonMessageSerializer$FailureSerializer
instanceKlass org/gradle/launcher/daemon/protocol/DaemonMessageSerializer$BuildStartedSerializer
instanceKlass org/gradle/launcher/daemon/protocol/DaemonMessageSerializer$DaemonUnavailableSerializer
instanceKlass org/gradle/launcher/daemon/protocol/DaemonMessageSerializer$CancelSerializer
instanceKlass org/gradle/launcher/exec/BuildActionParameters
instanceKlass org/gradle/launcher/daemon/protocol/DaemonMessageSerializer$BuildActionParametersSerializer
instanceKlass org/gradle/launcher/daemon/protocol/DaemonMessageSerializer$BuildSerializer
instanceKlass org/gradle/launcher/daemon/protocol/DaemonMessageSerializer
instanceKlass org/gradle/launcher/daemon/server/DaemonTcpServerConnector
instanceKlass org/gradle/launcher/daemon/server/IncomingConnectionHandler
instanceKlass org/gradle/launcher/daemon/server/api/DaemonStateControl
# instanceKlass java/lang/invoke/LambdaForm$MH+0x000001424d11a400
# instanceKlass java/lang/invoke/LambdaForm$MH+0x000001424d11a000
# instanceKlass java/lang/invoke/LambdaForm$MH+0x000001424d119c00
# instanceKlass java/lang/invoke/LambdaForm$MH+0x000001424d119800
# instanceKlass java/lang/invoke/LambdaForm$MH+0x000001424d119400
# instanceKlass java/lang/invoke/LambdaForm$MH+0x000001424d119000
# instanceKlass java/lang/invoke/LambdaForm$MH+0x000001424d118c00
# instanceKlass java/lang/invoke/LambdaForm$MH+0x000001424d118800
# instanceKlass java/lang/invoke/LambdaForm$MH+0x000001424d118400
# instanceKlass java/lang/invoke/LambdaForm$DMH+0x000001424d118000
instanceKlass org/gradle/internal/remote/internal/inet/MultiChoiceAddressSerializer
instanceKlass org/gradle/launcher/daemon/registry/DaemonRegistryContent$Serializer
instanceKlass org/gradle/launcher/daemon/registry/DaemonRegistryContent
instanceKlass org/gradle/cache/LockOptions
instanceKlass org/gradle/cache/internal/AbstractFileAccess
instanceKlass org/gradle/internal/serialize/Encoder
instanceKlass org/gradle/cache/internal/FileBackedObjectHolder
instanceKlass org/gradle/cache/internal/FileIntegrityViolationSuppressingObjectHolderDecorator
instanceKlass org/gradle/cache/ObjectHolder
instanceKlass org/gradle/cache/ObjectHolder$UpdateAction
instanceKlass org/gradle/launcher/daemon/registry/PersistentDaemonRegistry
instanceKlass  @bci org/gradle/cache/internal/CacheAccessSerializer get (Ljava/lang/Object;Ljava/util/function/Function;)Ljava/lang/Object; 7 <appendix> member <vmtarget> ; # org/gradle/cache/internal/CacheAccessSerializer$$Lambda+0x000001424d1135f8
instanceKlass  @bci org/gradle/cache/Cache get (Ljava/lang/Object;Ljava/util/function/Supplier;)Ljava/lang/Object; 3 <appendix> member <vmtarget> ; # org/gradle/cache/Cache$$Lambda+0x000001424d1133c0
instanceKlass  @bci org/gradle/launcher/daemon/registry/DaemonRegistryServices createDaemonRegistry (Lorg/gradle/launcher/daemon/registry/DaemonDir;Lorg/gradle/cache/FileLockManager;Lorg/gradle/internal/file/Chmod;)Lorg/gradle/launcher/daemon/registry/DaemonRegistry; 16 <appendix> member <vmtarget> ; # org/gradle/launcher/daemon/registry/DaemonRegistryServices$$Lambda+0x000001424d1131a8
# instanceKlass java/lang/invoke/LambdaForm$MH+0x000001424d115c00
# instanceKlass java/lang/invoke/LambdaForm$MH+0x000001424d115800
# instanceKlass java/lang/invoke/LambdaForm$MH+0x000001424d115400
instanceKlass org/gradle/internal/nativeintegration/filesystem/services/FallbackStat
instanceKlass org/gradle/internal/nativeintegration/filesystem/services/EmptyChmod
instanceKlass org/gradle/internal/nativeintegration/filesystem/jdk7/Jdk7Symlink
# instanceKlass java/lang/invoke/LambdaForm$MH+0x000001424d115000
# instanceKlass java/lang/invoke/LambdaForm$MH+0x000001424d114c00
# instanceKlass java/lang/invoke/LambdaForm$MH+0x000001424d114800
# instanceKlass java/lang/invoke/LambdaForm$MH+0x000001424d114400
# instanceKlass java/lang/invoke/LambdaForm$MH+0x000001424d114000
# instanceKlass java/lang/invoke/LambdaForm$MH+0x000001424d10c400
instanceKlass org/gradle/api/internal/file/temp/GradleUserHomeTemporaryFileProvider$1
instanceKlass org/gradle/internal/nativeintegration/services/NativeServices$2
instanceKlass org/gradle/internal/file/nio/NioFileMetadataAccessor
instanceKlass org/gradle/cache/internal/DefaultFileLockManager$RandomLongIdGenerator
instanceKlass org/gradle/cache/internal/DefaultProcessMetaDataProvider
instanceKlass org/gradle/internal/time/ExponentialBackoff$Signal
instanceKlass org/gradle/cache/FileLock
instanceKlass org/gradle/cache/FileAccess
instanceKlass java/util/function/LongSupplier
instanceKlass org/gradle/cache/internal/DefaultFileLockManager
instanceKlass it/unimi/dsi/fastutil/longs/Long2IntMap$FastEntrySet
instanceKlass it/unimi/dsi/fastutil/ints/IntCollection
instanceKlass it/unimi/dsi/fastutil/ints/IntIterable
instanceKlass java/util/function/IntBinaryOperator
instanceKlass it/unimi/dsi/fastutil/longs/AbstractLong2IntFunction
instanceKlass it/unimi/dsi/fastutil/longs/Long2IntMap
instanceKlass it/unimi/dsi/fastutil/longs/Long2IntFunction
instanceKlass java/util/function/LongToIntFunction
instanceKlass it/unimi/dsi/fastutil/HashCommon
instanceKlass it/unimi/dsi/fastutil/longs/Long2ObjectMap$FastEntrySet
instanceKlass it/unimi/dsi/fastutil/objects/ObjectSet
instanceKlass it/unimi/dsi/fastutil/longs/LongSet
instanceKlass it/unimi/dsi/fastutil/longs/LongCollection
instanceKlass it/unimi/dsi/fastutil/longs/LongIterable
instanceKlass it/unimi/dsi/fastutil/objects/ObjectCollection
instanceKlass it/unimi/dsi/fastutil/objects/ObjectIterable
instanceKlass it/unimi/dsi/fastutil/longs/AbstractLong2ObjectFunction
instanceKlass it/unimi/dsi/fastutil/longs/Long2ObjectMap
instanceKlass it/unimi/dsi/fastutil/longs/Long2ObjectFunction
instanceKlass java/util/function/LongFunction
instanceKlass it/unimi/dsi/fastutil/Function
instanceKlass it/unimi/dsi/fastutil/Hash
instanceKlass sun/nio/ch/ExtendedSocketOption$1
instanceKlass sun/nio/ch/ExtendedSocketOption
instanceKlass sun/nio/ch/OptionKey
instanceKlass sun/nio/ch/SocketOptionRegistry$LazyInitialization
instanceKlass sun/nio/ch/SocketOptionRegistry$RegistryKey
instanceKlass sun/nio/ch/SocketOptionRegistry
instanceKlass sun/nio/ch/DatagramChannelImpl$DefaultOptionsHolder
instanceKlass java/net/StandardSocketOptions$StdSocketOption
instanceKlass java/net/StandardSocketOptions
instanceKlass  @bci sun/nio/ch/DatagramSocketAdaptor$DatagramSockets <clinit> ()V 0 <appendix> argL0 ; # sun/nio/ch/DatagramSocketAdaptor$DatagramSockets$$Lambda+0x000001424d149780
instanceKlass sun/nio/ch/DatagramSocketAdaptor$DatagramSockets
instanceKlass  @bci sun/nio/ch/DatagramChannelImpl releaserFor (Ljava/io/FileDescriptor;[Lsun/nio/ch/NativeSocketAddress;)Ljava/lang/Runnable; 2 <appendix> member <vmtarget> ; # sun/nio/ch/DatagramChannelImpl$$Lambda+0x000001424d148fb0
instanceKlass sun/nio/ch/NativeSocketAddress
instanceKlass sun/net/ResourceManager
instanceKlass jdk/net/ExtendedSocketOptions$2
instanceKlass jdk/net/ExtendedSocketOptions$PlatformSocketOptions
instanceKlass jdk/net/ExtendedSocketOptions$ExtSocketOption
instanceKlass java/net/SocketOption
instanceKlass jdk/net/ExtendedSocketOptions
instanceKlass sun/net/ext/ExtendedSocketOptions
instanceKlass sun/nio/ch/Net$1
instanceKlass java/net/ProtocolFamily
instanceKlass sun/nio/ch/Net
instanceKlass java/nio/channels/MulticastChannel
instanceKlass  @bci sun/nio/ch/DefaultSelectorProvider <clinit> ()V 0 <appendix> argL0 ; # sun/nio/ch/DefaultSelectorProvider$$Lambda+0x000001424d1455f8
instanceKlass java/nio/channels/spi/SelectorProvider
instanceKlass sun/nio/ch/DefaultSelectorProvider
# instanceKlass java/lang/invoke/LambdaForm$MH+0x000001424d10c000
instanceKlass java/net/NetworkInterface$1
instanceKlass java/util/concurrent/LinkedBlockingDeque$Node
instanceKlass java/lang/management/MemoryUsage
instanceKlass org/gradle/launcher/daemon/server/health/gc/GarbageCollectionEvent
instanceKlass java/net/DefaultInterface
instanceKlass java/net/Inet6Address$Inet6AddressHolder
instanceKlass java/net/InterfaceAddress
instanceKlass java/net/NetworkInterface
instanceKlass org/gradle/internal/remote/internal/inet/InetAddresses
instanceKlass java/net/InetSocketAddress$InetSocketAddressHolder
instanceKlass java/net/InetAddress$PlatformResolver
instanceKlass java/net/spi/InetAddressResolver
instanceKlass java/net/spi/InetAddressResolver$LookupPolicy
instanceKlass java/net/Inet4AddressImpl
instanceKlass java/net/Inet6AddressImpl
instanceKlass java/net/InetAddressImpl
instanceKlass java/net/InetAddress$InetAddressHolder
instanceKlass java/net/InetAddress$1
instanceKlass jdk/internal/access/JavaNetInetAddressAccess
instanceKlass java/net/InetAddress
instanceKlass java/net/SocketAddress
instanceKlass java/net/DatagramSocket
instanceKlass org/gradle/cache/internal/locklistener/DefaultFileLockCommunicator
instanceKlass org/gradle/internal/service/scopes/BasicGlobalScopeServices$1
instanceKlass org/gradle/cache/internal/locklistener/FileLockCommunicator
instanceKlass org/gradle/cache/internal/locklistener/DefaultFileLockContentionHandler
instanceKlass org/gradle/internal/serialize/DefaultSerializerRegistry$TypeInfo
instanceKlass java/util/AbstractMap$SimpleImmutableEntry
instanceKlass java/util/concurrent/ConcurrentSkipListMap$Iter
instanceKlass org/gradle/tooling/internal/protocol/test/InternalTaskSpec
instanceKlass org/gradle/tooling/internal/provider/action/BuildActionSerializer$InternalTaskSpecSerializer
instanceKlass org/gradle/tooling/internal/provider/action/BuildActionSerializer$TestExecutionRequestActionSerializer
instanceKlass org/gradle/tooling/internal/provider/action/BuildActionSerializer$ClientProvidedPhasedActionSerializer
instanceKlass jdk/internal/foreign/MemorySessionImpl
instanceKlass java/lang/foreign/MemorySegment$Scope
instanceKlass org/gradle/tooling/internal/provider/serialization/SerializedPayloadSerializer
instanceKlass org/gradle/tooling/internal/provider/action/BuildActionSerializer$ClientProvidedBuildActionSerializer
instanceKlass org/gradle/tooling/internal/provider/action/BuildActionSerializer$BuildEventSubscriptionsSerializer
instanceKlass org/gradle/tooling/internal/provider/action/BuildActionSerializer$BuildModelActionSerializer
instanceKlass org/gradle/tooling/internal/provider/action/SubscribableBuildAction
instanceKlass java/util/concurrent/atomic/Striped64$1
instanceKlass jdk/internal/util/random/RandomSupport
instanceKlass java/util/Random
instanceKlass java/util/random/RandomGenerator
instanceKlass org/gradle/internal/serialize/DefaultSerializerRegistry$InstanceBasedSerializerFactory
instanceKlass org/gradle/tooling/internal/provider/action/BuildActionSerializer$ValueSerializer
instanceKlass org/gradle/internal/serialize/AbstractCollectionSerializer
instanceKlass org/gradle/internal/serialize/BaseSerializerFactory
instanceKlass org/gradle/internal/serialize/AbstractSerializer
instanceKlass org/gradle/tooling/internal/provider/action/BuildActionSerializer$NullableFileSerializer
instanceKlass org/gradle/tooling/internal/provider/action/BuildActionSerializer$StartParameterSerializer
instanceKlass org/gradle/tooling/internal/provider/action/BuildActionSerializer$ExecuteBuildActionSerializer
instanceKlass org/gradle/tooling/internal/provider/action/ExecuteBuildAction
instanceKlass org/gradle/internal/serialize/DefaultSerializerRegistry$HierarchySerializerMatcher
instanceKlass org/gradle/internal/serialize/DefaultSerializerRegistry$StrictSerializerMatcher
instanceKlass org/gradle/internal/serialize/DefaultSerializerRegistry$SerializerClassMatcherStrategy
instanceKlass java/util/concurrent/ConcurrentSkipListMap$Node
instanceKlass java/util/concurrent/ConcurrentSkipListMap$Index
instanceKlass java/util/concurrent/ConcurrentNavigableMap
instanceKlass org/gradle/internal/serialize/DefaultSerializerRegistry$1
instanceKlass org/gradle/internal/serialize/DefaultSerializerRegistry$SerializerFactory
instanceKlass org/gradle/internal/serialize/DefaultSerializerRegistry
instanceKlass org/gradle/internal/serialize/SerializerRegistry
instanceKlass org/gradle/tooling/internal/provider/action/BuildActionSerializer
instanceKlass org/gradle/initialization/BuildRequestContext
instanceKlass org/gradle/launcher/daemon/server/exec/WatchForDisconnection
instanceKlass org/gradle/launcher/daemon/server/exec/ResetDeprecationLogger
instanceKlass org/gradle/launcher/daemon/server/exec/RequestStopIfSingleUsedDaemon
instanceKlass org/gradle/internal/daemon/clientinput/StdinHandler
instanceKlass org/gradle/internal/daemon/clientinput/ClientInputForwarder
instanceKlass org/gradle/launcher/daemon/server/exec/ForwardClientInput
instanceKlass org/gradle/launcher/daemon/server/exec/LogAndCheckHealth
instanceKlass org/gradle/launcher/daemon/server/exec/ReturnResult
instanceKlass java/util/concurrent/LinkedTransferQueue$DualNode
instanceKlass java/util/concurrent/TransferQueue
instanceKlass java/util/concurrent/ForkJoinTask
instanceKlass java/util/concurrent/CompletableFuture$AsynchronousCompletionTask
instanceKlass java/util/concurrent/ForkJoinPool$2
instanceKlass jdk/internal/access/JavaUtilConcurrentFJPAccess
instanceKlass java/util/concurrent/ForkJoinPool$DefaultForkJoinWorkerThreadFactory
instanceKlass java/util/concurrent/ForkJoinPool$WorkQueue
instanceKlass java/util/concurrent/ForkJoinPool$ForkJoinWorkerThreadFactory
instanceKlass java/util/concurrent/CompletableFuture$AltResult
instanceKlass java/util/concurrent/CompletableFuture
instanceKlass java/util/concurrent/CompletionStage
instanceKlass org/gradle/launcher/daemon/server/exec/BuildCommandOnly
instanceKlass org/gradle/launcher/daemon/server/api/HandleReportStatus
instanceKlass org/gradle/launcher/daemon/server/exec/HandleCancel
instanceKlass org/gradle/launcher/daemon/server/api/HandleInvalidateVirtualFileSystem
instanceKlass org/gradle/launcher/daemon/protocol/Message
instanceKlass org/gradle/launcher/daemon/server/api/HandleStop
instanceKlass org/gradle/launcher/daemon/diagnostics/DaemonDiagnostics
# instanceKlass java/lang/invoke/LambdaForm$MH+0x000001424d101400
# instanceKlass java/lang/invoke/LambdaForm$MH+0x000001424d101000
# instanceKlass java/lang/invoke/LambdaForm$MH+0x000001424d100c00
# instanceKlass java/lang/invoke/LambdaForm$DMH+0x000001424d100800
# instanceKlass java/lang/invoke/LambdaForm$MH+0x000001424d100400
# instanceKlass java/lang/invoke/LambdaForm$DMH+0x000001424d100000
# instanceKlass java/lang/invoke/LambdaForm$MH+0x000001424d0fbc00
instanceKlass  @cpi org/gradle/api/internal/artifacts/DependencyManagementBuildTreeScopeServices 531 form vmentry <vmtarget> ; # java/lang/invoke/LambdaForm$DMH+0x000001424d0fb800
# instanceKlass java/lang/invoke/LambdaForm$MH+0x000001424d0fb400
instanceKlass  @cpi org/gradle/api/internal/artifacts/DependencyManagementBuildTreeScopeServices 526 form vmentry <vmtarget> ; # java/lang/invoke/LambdaForm$DMH+0x000001424d0fb000
instanceKlass java/lang/invoke/ClassSpecializer$Factory$1Var
# instanceKlass java/lang/invoke/LambdaForm$MH+0x000001424d0fac00
# instanceKlass java/lang/invoke/LambdaForm$MH+0x000001424d0fa800
# instanceKlass java/lang/invoke/LambdaForm$MH+0x000001424d0fa400
# instanceKlass java/lang/invoke/LambdaForm$MH+0x000001424d0fa000
# instanceKlass java/lang/invoke/LambdaForm$MH+0x000001424d0f9c00
# instanceKlass java/lang/invoke/LambdaForm$MH+0x000001424d0f9800
# instanceKlass java/lang/invoke/LambdaForm$MH+0x000001424d0f9400
# instanceKlass java/lang/invoke/LambdaForm$MH+0x000001424d0f9000
# instanceKlass java/lang/invoke/LambdaForm$BMH+0x000001424d0f8c00
# instanceKlass java/lang/invoke/LambdaForm$DMH+0x000001424d0f8800
# instanceKlass java/lang/invoke/LambdaForm$DMH+0x000001424d0f8400
instanceKlass org/gradle/launcher/daemon/server/expiry/DaemonExpirationResult
instanceKlass org/gradle/launcher/daemon/server/expiry/DaemonExpirationListener
instanceKlass java/lang/Thread$ThreadNumbering
instanceKlass java/util/concurrent/Executors$RunnableAdapter
instanceKlass java/util/concurrent/Executors
instanceKlass java/util/concurrent/FutureTask$WaitNode
instanceKlass java/util/concurrent/FutureTask
instanceKlass org/gradle/internal/concurrent/AbstractManagedExecutor$1
instanceKlass org/gradle/launcher/daemon/server/health/gc/GarbageCollectionCheck
instanceKlass  @bci org/gradle/launcher/daemon/server/health/gc/DefaultGarbageCollectionMonitor pollForValues ()V 4 <appendix> member <vmtarget> ; # org/gradle/launcher/daemon/server/health/gc/DefaultGarbageCollectionMonitor$$Lambda+0x000001424d0f3878
instanceKlass java/util/concurrent/BlockingDeque
instanceKlass org/gradle/launcher/daemon/server/health/gc/DefaultSlidingWindow
instanceKlass org/gradle/launcher/daemon/server/health/gc/SlidingWindow
instanceKlass org/gradle/launcher/daemon/server/health/gc/DefaultGarbageCollectionMonitor
instanceKlass org/gradle/launcher/daemon/server/health/gc/GarbageCollectionInfo
instanceKlass org/gradle/internal/concurrent/ExecutorPolicy$CatchAndRecordFailures
instanceKlass jdk/internal/vm/ThreadContainers
instanceKlass jdk/internal/vm/StackableScope
instanceKlass java/util/concurrent/RunnableScheduledFuture
instanceKlass java/util/concurrent/ScheduledFuture
instanceKlass java/util/concurrent/Delayed
instanceKlass java/util/concurrent/RunnableFuture
instanceKlass java/util/concurrent/Future
instanceKlass org/gradle/internal/concurrent/ThreadFactoryImpl
instanceKlass java/util/concurrent/ThreadPoolExecutor$AbortPolicy
instanceKlass java/util/concurrent/RejectedExecutionHandler
instanceKlass java/util/concurrent/AbstractExecutorService
# instanceKlass java/lang/invoke/LambdaForm$MH+0x000001424d0f8000
# instanceKlass java/lang/invoke/LambdaForm$MH+0x000001424d0f7c00
# instanceKlass java/lang/invoke/LambdaForm$MH+0x000001424d0f7800
# instanceKlass java/lang/invoke/LambdaForm$MH+0x000001424d0f7400
instanceKlass org/gradle/internal/concurrent/ManagedScheduledExecutor
instanceKlass java/util/concurrent/ScheduledExecutorService
instanceKlass org/gradle/internal/concurrent/ManagedThreadPoolExecutor
instanceKlass org/gradle/internal/concurrent/ManagedExecutor
instanceKlass java/util/concurrent/ExecutorService
instanceKlass java/util/concurrent/Executor
instanceKlass org/gradle/internal/concurrent/AsyncStoppable
instanceKlass org/gradle/internal/concurrent/ExecutorPolicy
instanceKlass org/gradle/internal/concurrent/DefaultExecutorFactory
instanceKlass  @bci org/gradle/launcher/daemon/server/health/gc/GarbageCollectorMonitoringStrategy determineGcStrategy ()Lorg/gradle/launcher/daemon/server/health/gc/GarbageCollectorMonitoringStrategy; 52 <appendix> argL0 ; # org/gradle/launcher/daemon/server/health/gc/GarbageCollectorMonitoringStrategy$$Lambda+0x000001424d0f0ab8
instanceKlass sun/management/Sensor
instanceKlass sun/management/MemoryPoolImpl
instanceKlass java/lang/management/MemoryPoolMXBean
instanceKlass  @bci org/gradle/launcher/daemon/server/health/gc/GarbageCollectorMonitoringStrategy determineGcStrategy ()Lorg/gradle/launcher/daemon/server/health/gc/GarbageCollectorMonitoringStrategy; 16 <appendix> member <vmtarget> ; # org/gradle/launcher/daemon/server/health/gc/GarbageCollectorMonitoringStrategy$$Lambda+0x000001424d0f08a0
instanceKlass  @bci org/gradle/launcher/daemon/server/health/gc/GarbageCollectorMonitoringStrategy determineGcStrategy ()Lorg/gradle/launcher/daemon/server/health/gc/GarbageCollectorMonitoringStrategy; 3 <appendix> argL0 ; # org/gradle/launcher/daemon/server/health/gc/GarbageCollectorMonitoringStrategy$$Lambda+0x000001424d0f0670
instanceKlass  @bci sun/management/spi/PlatformMBeanProvider$PlatformComponent getMBeans (Ljava/lang/Class;)Ljava/util/List; 63 <appendix> member <vmtarget> ; # sun/management/spi/PlatformMBeanProvider$PlatformComponent$$Lambda+0x000001424d076f68
instanceKlass  @bci sun/management/spi/PlatformMBeanProvider$PlatformComponent getMBeans (Ljava/lang/Class;)Ljava/util/List; 47 <appendix> member <vmtarget> ; # sun/management/spi/PlatformMBeanProvider$PlatformComponent$$Lambda+0x000001424d076d20
instanceKlass com/sun/jmx/mbeanserver/Util
instanceKlass javax/management/ObjectName$Property
instanceKlass com/sun/jmx/mbeanserver/GetPropertyAction
instanceKlass javax/management/ObjectName
instanceKlass javax/management/QueryExp
instanceKlass  @bci sun/management/Util newObjectName (Ljava/lang/String;Ljava/lang/String;)Ljavax/management/ObjectName; 2 <appendix> form vmentry <vmtarget> ; # java/lang/invoke/LambdaForm$MH+0x000001424d0f7000
instanceKlass java/lang/invoke/LambdaFormEditor$1
# instanceKlass java/lang/invoke/LambdaForm$MH+0x000001424d0f6c00
instanceKlass  @bci sun/management/Util newObjectName (Ljava/lang/String;Ljava/lang/String;)Ljavax/management/ObjectName; 2 <appendix> argL3 form vmentry <vmtarget> ; # java/lang/invoke/LambdaForm$MH+0x000001424d0f6800
instanceKlass java/lang/invoke/MethodHandles$1
# instanceKlass java/lang/invoke/LambdaForm$MH+0x000001424d0f6400
# instanceKlass java/lang/invoke/LambdaForm$MH+0x000001424d0f6000
# instanceKlass java/lang/invoke/LambdaForm$MH+0x000001424d0f5c00
# instanceKlass java/lang/invoke/LambdaForm$MH+0x000001424d0f5800
instanceKlass  @bci sun/management/Util newObjectName (Ljava/lang/String;Ljava/lang/String;)Ljavax/management/ObjectName; 2 <appendix> argL1 form vmentry <vmtarget> ; # java/lang/invoke/LambdaForm$MH+0x000001424d0f5400
# instanceKlass java/lang/invoke/LambdaForm$MH+0x000001424d0f5000
instanceKlass  @bci org/gradle/api/internal/artifacts/repositories/resolver/AbstractResourcePattern isOptionalToken ([Ljava/lang/String;)Z 38 <appendix> argL1 form vmentry <vmtarget> ; # java/lang/invoke/LambdaForm$MH+0x000001424d0f4c00
# instanceKlass java/lang/invoke/LambdaForm$MH+0x000001424d0f4800
# instanceKlass java/lang/invoke/LambdaForm$MH+0x000001424d0f4400
instanceKlass java/lang/Long$LongCache
# instanceKlass java/lang/invoke/LambdaForm$MH+0x000001424d0f4000
instanceKlass sun/management/Util
instanceKlass com/sun/management/GarbageCollectorMXBean
instanceKlass java/lang/management/MemoryMXBean
instanceKlass  @bci java/util/stream/Collectors toList ()Ljava/util/stream/Collector; 14 <appendix> argL0 ; # java/util/stream/Collectors$$Lambda+0x000001424d074618
instanceKlass  @bci java/util/stream/Collectors toList ()Ljava/util/stream/Collector; 9 <appendix> argL0 ; # java/util/stream/Collectors$$Lambda+0x000001424d0743f8
instanceKlass  @bci java/util/stream/Collectors toList ()Ljava/util/stream/Collector; 4 <appendix> argL0 ; # java/util/stream/Collectors$$Lambda+0x000001424d0741e8
instanceKlass  @bci java/lang/management/ManagementFactory getPlatformMXBeans (Ljava/lang/Class;)Ljava/util/List; 35 <appendix> member <vmtarget> ; # java/lang/management/ManagementFactory$$Lambda+0x000001424d073fb0
instanceKlass  @bci java/lang/management/ManagementFactory$PlatformMBeanFinder findFirst (Ljava/lang/Class;)Lsun/management/spi/PlatformMBeanProvider$PlatformComponent; 19 <appendix> member <vmtarget> ; # java/lang/management/ManagementFactory$PlatformMBeanFinder$$Lambda+0x000001424d073d68
instanceKlass java/util/HashMap$HashMapSpliterator
instanceKlass jdk/management/jfr/internal/FlightRecorderMXBeanProvider$SingleMBeanComponent
instanceKlass jdk/management/jfr/FlightRecorderMXBean
instanceKlass java/lang/management/DefaultPlatformMBeanProvider$11
instanceKlass java/lang/management/DefaultPlatformMBeanProvider$10
instanceKlass java/lang/management/DefaultPlatformMBeanProvider$9
instanceKlass sun/management/ManagementFactoryHelper$LoggingMXBeanAccess$1
instanceKlass sun/management/ManagementFactoryHelper$LoggingMXBeanAccess
instanceKlass java/lang/management/DefaultPlatformMBeanProvider$8
instanceKlass java/lang/management/DefaultPlatformMBeanProvider$7
instanceKlass java/lang/management/DefaultPlatformMBeanProvider$6
instanceKlass java/lang/management/DefaultPlatformMBeanProvider$5
instanceKlass java/lang/management/DefaultPlatformMBeanProvider$4
instanceKlass java/lang/management/DefaultPlatformMBeanProvider$3
instanceKlass java/lang/management/DefaultPlatformMBeanProvider$2
instanceKlass java/lang/management/DefaultPlatformMBeanProvider$1
instanceKlass java/util/concurrent/Callable
instanceKlass com/sun/management/internal/PlatformMBeanProviderImpl$5
instanceKlass sun/management/VMManagementImpl
instanceKlass sun/management/VMManagement
instanceKlass sun/management/ManagementFactoryHelper
instanceKlass sun/management/NotificationEmitterSupport
instanceKlass javax/management/NotificationEmitter
instanceKlass javax/management/NotificationBroadcaster
instanceKlass com/sun/management/DiagnosticCommandMBean
instanceKlass javax/management/DynamicMBean
instanceKlass com/sun/management/internal/PlatformMBeanProviderImpl$4
instanceKlass com/sun/management/internal/PlatformMBeanProviderImpl$3
instanceKlass com/sun/management/internal/PlatformMBeanProviderImpl$2
instanceKlass com/sun/management/internal/PlatformMBeanProviderImpl$1
instanceKlass sun/management/spi/PlatformMBeanProvider$PlatformComponent
instanceKlass  @bci com/sun/management/internal/PlatformMBeanProviderImpl <clinit> ()V 8 <appendix> argL0 ; # com/sun/management/internal/PlatformMBeanProviderImpl$$Lambda+0x000001424d06ec70
instanceKlass sun/management/spi/PlatformMBeanProvider
instanceKlass java/lang/management/ManagementFactory$PlatformMBeanFinder$1
instanceKlass java/lang/management/ManagementFactory$PlatformMBeanFinder
instanceKlass java/lang/management/GarbageCollectorMXBean
instanceKlass java/lang/management/MemoryManagerMXBean
instanceKlass java/lang/management/PlatformManagedObject
instanceKlass  @bci java/lang/management/ManagementFactory loadNativeLib ()V 0 <appendix> argL0 ; # java/lang/management/ManagementFactory$$Lambda+0x000001424d06dc70
instanceKlass java/lang/management/ManagementFactory
instanceKlass org/gradle/launcher/daemon/server/health/gc/GarbageCollectionMonitor
instanceKlass org/gradle/internal/time/DefaultTimer
instanceKlass org/gradle/internal/collect/ArrayIterator
instanceKlass org/gradle/internal/service/scopes/EventScope
instanceKlass java/lang/Deprecated
instanceKlass com/google/errorprone/annotations/DoNotMock
instanceKlass org/gradle/internal/collect/PersistentList$Cons$PersistentListIterator
instanceKlass org/gradle/internal/service/scopes/ListenerService
instanceKlass org/gradle/internal/service/scopes/StatefulListener
instanceKlass org/gradle/internal/event/DefaultListenerManager$EventBroadcast
instanceKlass org/gradle/internal/event/DefaultListenerManager
instanceKlass org/gradle/internal/buildprocess/execution/BuildSessionLifecycleBuildActionExecutor
instanceKlass org/gradle/internal/buildprocess/execution/StartParamsValidatingActionExecutor
instanceKlass org/gradle/initialization/BuildRequestMetaData
instanceKlass org/gradle/internal/exception/ExceptionAnalyser
instanceKlass org/gradle/initialization/exception/ExceptionCollector
instanceKlass org/gradle/problems/buildtree/ProblemDiagnosticsFactory
instanceKlass org/gradle/internal/buildprocess/execution/SessionFailureReportingActionExecutor
instanceKlass org/gradle/StartParameter
instanceKlass org/gradle/concurrent/ParallelismConfiguration
instanceKlass org/gradle/internal/buildprocess/execution/SetupLoggingActionExecutor
# instanceKlass java/lang/invoke/LambdaForm$MH+0x000001424d0eb000
# instanceKlass java/lang/invoke/LambdaForm$MH+0x000001424d0eac00
# instanceKlass java/lang/invoke/LambdaForm$MH+0x000001424d0ea800
# instanceKlass java/lang/invoke/LambdaForm$MH+0x000001424d0ea400
# instanceKlass java/lang/invoke/LambdaForm$MH+0x000001424d0ea000
# instanceKlass java/lang/invoke/LambdaForm$MH+0x000001424d0e9c00
# instanceKlass java/lang/invoke/LambdaForm$DMH+0x000001424d0e9800
instanceKlass org/gradle/initialization/ClassLoaderScopeRegistry
instanceKlass org/gradle/internal/hash/ClassLoaderHierarchyHasher
instanceKlass org/gradle/execution/plan/ToPlannedNodeConverter
instanceKlass org/gradle/cache/internal/FileContentCacheFactory
instanceKlass org/gradle/cache/scopes/ScopedCacheBuilderFactory
instanceKlass org/gradle/internal/file/FileAccessTimeJournal
instanceKlass org/gradle/cache/FineGrainedCacheCleanupStrategyFactory
instanceKlass org/gradle/cache/GlobalCacheLocations
instanceKlass org/gradle/internal/jvm/JavaModuleDetector
instanceKlass org/gradle/internal/execution/timeout/TimeoutHandler
instanceKlass org/gradle/internal/jvm/inspection/JvmMetadataDetector
instanceKlass org/gradle/api/internal/initialization/loadercache/ClassLoaderCache
instanceKlass org/gradle/internal/jvm/inspection/JvmVersionDetector
instanceKlass org/gradle/api/internal/plugins/PluginRegistry
instanceKlass org/gradle/internal/classloader/HashingClassLoaderFactory
instanceKlass org/gradle/internal/isolation/IsolatableFactory
instanceKlass org/gradle/cache/UnscopedCacheBuilderFactory
instanceKlass org/gradle/internal/service/scopes/WorkerSharedUserHomeScopeServices
instanceKlass org/gradle/internal/service/scopes/DefaultGradleUserHomeScopeServiceRegistry
instanceKlass  @bci java/lang/invoke/BootstrapMethodInvoker invoke (Ljava/lang/Class;Ljava/lang/invoke/MethodHandle;Ljava/lang/String;Ljava/lang/Object;Ljava/lang/Object;Ljava/lang/Class;)Ljava/lang/Object; 462 <adapter> ; # java/lang/invoke/LambdaForm$MH+0x000001424d0e9400
# instanceKlass java/lang/invoke/LambdaForm$MH+0x000001424d0e9000
# instanceKlass java/lang/invoke/LambdaForm$MH+0x000001424d0e8c00
# instanceKlass java/lang/invoke/LambdaForm$MH+0x000001424d0e8800
# instanceKlass java/lang/invoke/LambdaForm$MH+0x000001424d0e8400
# instanceKlass java/lang/invoke/LambdaForm$DMH+0x000001424d0e8000
instanceKlass org/gradle/internal/problems/failure/StackTraceClassifier$1
instanceKlass org/gradle/internal/problems/failure/InternalStackTraceClassifier
instanceKlass org/gradle/internal/problems/failure/CompositeStackTraceClassifier
instanceKlass org/gradle/internal/problems/failure/StackTraceClassifier
instanceKlass org/gradle/internal/problems/failure/DefaultFailureFactory
instanceKlass org/gradle/internal/logging/text/AbstractStyledTextOutputFactory
# instanceKlass java/lang/invoke/LambdaForm$MH+0x000001424d0e1c00
# instanceKlass java/lang/invoke/LambdaForm$MH+0x000001424d0e1800
# instanceKlass java/lang/invoke/LambdaForm$MH+0x000001424d0e1400
# instanceKlass java/lang/invoke/LambdaForm$MH+0x000001424d0e1000
# instanceKlass java/lang/invoke/LambdaForm$MH+0x000001424d0e0400
instanceKlass java/util/concurrent/atomic/AtomicBoolean
instanceKlass org/gradle/internal/instrumentation/agent/DefaultClassFileTransformer
instanceKlass sun/nio/ch/IOStatus
instanceKlass sun/nio/ch/Util$BufferCache
instanceKlass sun/nio/ch/Util
instanceKlass org/gradle/internal/logging/text/AbstractLineChoppingStyledTextOutput$StateContext
instanceKlass java/text/DontCareFieldPosition$1
instanceKlass java/text/Format$FieldDelegate
instanceKlass java/util/Date
instanceKlass java/text/DigitList
instanceKlass java/text/FieldPosition
instanceKlass java/lang/StringUTF16$CharsSpliterator
instanceKlass java/util/stream/Sink$ChainedInt
instanceKlass  @bci java/util/stream/FindOps$FindSink$OfInt <clinit> ()V 43 <appendix> argL0 ; # java/util/stream/FindOps$FindSink$OfInt$$Lambda+0x800000048
instanceKlass  @bci java/util/stream/FindOps$FindSink$OfInt <clinit> ()V 38 <appendix> argL0 ; # java/util/stream/FindOps$FindSink$OfInt$$Lambda+0x80000004a
instanceKlass  @bci java/util/stream/FindOps$FindSink$OfInt <clinit> ()V 16 <appendix> argL0 ; # java/util/stream/FindOps$FindSink$OfInt$$Lambda+0x800000049
instanceKlass  @bci java/util/stream/FindOps$FindSink$OfInt <clinit> ()V 11 <appendix> argL0 ; # java/util/stream/FindOps$FindSink$OfInt$$Lambda+0x80000004b
instanceKlass java/util/OptionalInt
instanceKlass java/util/stream/Sink$OfInt
instanceKlass java/util/function/IntConsumer
instanceKlass  @bci java/text/DecimalFormatSymbols findNonFormatChar (Ljava/lang/String;C)C 4 <appendix> argL0 ; # java/text/DecimalFormatSymbols$$Lambda+0x80000000d
instanceKlass java/util/function/IntPredicate
instanceKlass java/util/stream/IntStream
instanceKlass java/lang/StringLatin1$CharsSpliterator
instanceKlass  @bci sun/util/locale/provider/JRELocaleProviderAdapter getDecimalFormatSymbolsProvider ()Ljava/text/spi/DecimalFormatSymbolsProvider; 8 <appendix> member <vmtarget> ; # sun/util/locale/provider/JRELocaleProviderAdapter$$Lambda+0x80000006a
instanceKlass java/text/DecimalFormatSymbols
instanceKlass  @bci sun/util/locale/provider/JRELocaleProviderAdapter getNumberFormatProvider ()Ljava/text/spi/NumberFormatProvider; 8 <appendix> member <vmtarget> ; # sun/util/locale/provider/JRELocaleProviderAdapter$$Lambda+0x80000006b
instanceKlass  @bci sun/util/locale/provider/JRELocaleProviderAdapter getDateFormatSymbolsProvider ()Ljava/text/spi/DateFormatSymbolsProvider; 8 <appendix> member <vmtarget> ; # sun/util/locale/provider/JRELocaleProviderAdapter$$Lambda+0x800000069
instanceKlass java/text/DateFormatSymbols
instanceKlass sun/util/calendar/CalendarUtils
instanceKlass sun/util/calendar/CalendarDate
instanceKlass sun/util/resources/Bundles$CacheKeyReference
instanceKlass  @bci java/util/ResourceBundle$ResourceBundleProviderHelper newResourceBundle (Ljava/lang/Class;)Ljava/util/ResourceBundle; 22 <appendix> member <vmtarget> ; # java/util/ResourceBundle$ResourceBundleProviderHelper$$Lambda+0x800000011
instanceKlass java/util/ResourceBundle$ResourceBundleProviderHelper
instanceKlass  @bci sun/util/cldr/CLDRLocaleProviderAdapter applyAliases (Ljava/util/Locale;)Ljava/util/Locale; 4 <appendix> argL0 ; # sun/util/cldr/CLDRLocaleProviderAdapter$$Lambda+0x800000063
instanceKlass sun/util/resources/Bundles$CacheKey
instanceKlass java/util/ResourceBundle$1
instanceKlass jdk/internal/access/JavaUtilResourceBundleAccess
instanceKlass sun/util/resources/Bundles
instanceKlass sun/util/resources/LocaleData$LocaleDataStrategy
instanceKlass sun/util/resources/Bundles$Strategy
instanceKlass sun/util/resources/LocaleData$1
instanceKlass sun/util/resources/LocaleData
instanceKlass sun/util/locale/provider/LocaleResources
instanceKlass java/util/stream/Nodes$ArrayNode
instanceKlass  @bci sun/util/locale/provider/LocaleProviderAdapter toLocaleArray (Ljava/util/Set;)[Ljava/util/Locale; 16 <appendix> argL0 ; # sun/util/locale/provider/LocaleProviderAdapter$$Lambda+0x80000006d
instanceKlass  @bci sun/util/locale/provider/LocaleProviderAdapter toLocaleArray (Ljava/util/Set;)[Ljava/util/Locale; 6 <appendix> argL0 ; # sun/util/locale/provider/LocaleProviderAdapter$$Lambda+0x80000006c
instanceKlass  @bci sun/util/cldr/CLDRLocaleProviderAdapter getCalendarDataProvider ()Ljava/util/spi/CalendarDataProvider; 8 <appendix> member <vmtarget> ; # sun/util/cldr/CLDRLocaleProviderAdapter$$Lambda+0x800000066
instanceKlass java/util/ResourceBundle
instanceKlass java/util/ResourceBundle$Control
instanceKlass sun/util/locale/provider/CalendarDataUtility$CalendarWeekParameterGetter
instanceKlass sun/util/locale/provider/LocaleServiceProviderPool$LocalizedObjectGetter
instanceKlass sun/util/locale/provider/LocaleServiceProviderPool
instanceKlass java/util/Locale$Builder
instanceKlass sun/util/locale/provider/CalendarDataUtility
instanceKlass sun/util/calendar/CalendarSystem$GregorianHolder
instanceKlass sun/util/calendar/CalendarSystem
instanceKlass java/util/Calendar$Builder
instanceKlass sun/util/locale/provider/AvailableLanguageTags
instanceKlass  @bci sun/util/locale/provider/JRELocaleProviderAdapter getCalendarProvider ()Lsun/util/spi/CalendarProvider; 8 <appendix> member <vmtarget> ; # sun/util/locale/provider/JRELocaleProviderAdapter$$Lambda+0x800000067
instanceKlass sun/util/resources/cldr/provider/CLDRLocaleDataMetaInfo
instanceKlass jdk/internal/module/ModulePatcher$PatchedModuleReader
instanceKlass  @bci sun/util/cldr/CLDRLocaleProviderAdapter <init> ()V 4 <appendix> argL0 ; # sun/util/cldr/CLDRLocaleProviderAdapter$$Lambda+0x800000065
instanceKlass sun/util/locale/LocaleObjectCache
instanceKlass sun/util/locale/BaseLocale$Key
instanceKlass sun/util/locale/InternalLocaleBuilder$CaseInsensitiveChar
instanceKlass sun/util/locale/InternalLocaleBuilder
instanceKlass sun/util/locale/StringTokenIterator
instanceKlass sun/util/locale/ParseStatus
instanceKlass sun/util/locale/LanguageTag
instanceKlass sun/util/cldr/CLDRBaseLocaleDataMetaInfo
instanceKlass sun/util/locale/provider/LocaleDataMetaInfo
instanceKlass sun/util/locale/provider/ResourceBundleBasedAdapter
instanceKlass sun/util/locale/provider/LocaleProviderAdapter
instanceKlass java/util/spi/LocaleServiceProvider
instanceKlass sun/util/calendar/ZoneInfoFile$ZoneOffsetTransitionRule
instanceKlass jdk/internal/util/ByteArray
instanceKlass sun/util/calendar/ZoneInfoFile$1
instanceKlass sun/util/calendar/ZoneInfoFile
instanceKlass java/util/TimeZone
instanceKlass java/util/Calendar
instanceKlass java/text/AttributedCharacterIterator$Attribute
instanceKlass java/text/Format
instanceKlass org/gradle/internal/logging/sink/LogEventDispatcher
instanceKlass org/gradle/internal/logging/text/AbstractLineChoppingStyledTextOutput$SeenFromEol
instanceKlass org/gradle/internal/SystemProperties
instanceKlass org/gradle/internal/logging/text/AbstractLineChoppingStyledTextOutput$4
instanceKlass org/gradle/internal/logging/text/AbstractLineChoppingStyledTextOutput$3
instanceKlass org/gradle/internal/logging/text/AbstractLineChoppingStyledTextOutput$2
instanceKlass org/gradle/internal/logging/text/AbstractLineChoppingStyledTextOutput$1
instanceKlass org/gradle/internal/logging/text/AbstractLineChoppingStyledTextOutput$State
instanceKlass org/gradle/internal/logging/text/StreamBackedStandardOutputListener
instanceKlass org/gradle/internal/logging/text/AbstractStyledTextOutput
instanceKlass org/gradle/internal/logging/console/StyledTextOutputBackedRenderer
instanceKlass org/slf4j/helpers/FormattingTuple
instanceKlass org/slf4j/helpers/NormalizedParameters
instanceKlass org/slf4j/helpers/MessageFormatter
instanceKlass net/rubygrapefruit/platform/internal/FunctionResult
instanceKlass org/gradle/internal/logging/source/PrintStreamLoggingSystem$PrintStreamDestination
instanceKlass java/util/logging/ErrorManager
instanceKlass org/gradle/internal/logging/source/JavaUtilLoggingSystem$SnapshotImpl
instanceKlass org/gradle/internal/logging/config/LoggingSystemAdapter$SnapshotImpl
# instanceKlass java/lang/invoke/LambdaForm$MH+0x000001424d0e0000
# instanceKlass java/lang/invoke/LambdaForm$MH+0x000001424d0ddc00
# instanceKlass java/lang/invoke/LambdaForm$MH+0x000001424d0dd800
instanceKlass org/gradle/internal/logging/events/OutputEventListener$1
instanceKlass org/gradle/internal/dispatch/MethodInvocation
instanceKlass org/gradle/internal/logging/sink/OutputEventRenderer$SnapshotImpl
instanceKlass org/gradle/process/internal/shutdown/ShutdownHooks
instanceKlass org/gradle/launcher/daemon/bootstrap/DaemonMain$1
instanceKlass java/nio/channels/NetworkChannel
instanceKlass sun/nio/ch/SelChImpl
instanceKlass sun/nio/ch/Streams
instanceKlass java/nio/channels/Channels
instanceKlass sun/nio/ch/FileChannelImpl$Closer
instanceKlass sun/nio/fs/WindowsChannelFactory$2
instanceKlass sun/nio/fs/WindowsChannelFactory$Flags
instanceKlass sun/nio/fs/WindowsChannelFactory$1
instanceKlass sun/nio/fs/WindowsChannelFactory
instanceKlass sun/nio/fs/WindowsSecurityDescriptor
instanceKlass  @bci com/google/common/io/Files <clinit> ()V 0 <appendix> argL0 ; # com/google/common/io/Files$$Lambda+0x000001424d0de458
instanceKlass com/google/common/graph/SuccessorsFunction
instanceKlass com/google/common/io/ByteSource
instanceKlass com/google/common/io/LineProcessor
instanceKlass com/google/common/io/ByteSink
instanceKlass com/google/common/base/Predicate
instanceKlass com/google/common/io/Files
instanceKlass org/gradle/util/internal/GFileUtils
instanceKlass java/util/regex/ASCII
instanceKlass  @bci java/util/regex/CharPredicates ASCII_WORD ()Ljava/util/regex/Pattern$BmpCharPredicate; 0 <appendix> argL0 ; # java/util/regex/CharPredicates$$Lambda+0x000001424d066908
instanceKlass  @bci java/util/regex/CharPredicates ctype (I)Ljava/util/regex/Pattern$CharPredicate; 1 <appendix> member <vmtarget> ; # java/util/regex/CharPredicates$$Lambda+0x000001424d066688
instanceKlass org/gradle/util/GradleVersion
# instanceKlass java/lang/invoke/LambdaForm$MH+0x000001424d0dd400
instanceKlass sun/invoke/util/ValueConversions$WrapperCache
# instanceKlass java/lang/invoke/LambdaForm$MH+0x000001424d0dd000
# instanceKlass java/lang/invoke/LambdaForm$BMH+0x000001424d0dcc00
instanceKlass net/rubygrapefruit/platform/internal/jni/PosixProcessFunctions
instanceKlass org/gradle/jvm/toolchain/internal/DefaultJavaLanguageVersion$1
instanceKlass org/gradle/jvm/toolchain/internal/DefaultJavaLanguageVersion
instanceKlass org/gradle/jvm/toolchain/JavaLanguageVersion
instanceKlass org/gradle/internal/FileUtils$1
instanceKlass org/gradle/internal/FileUtils
instanceKlass org/gradle/launcher/daemon/context/DefaultDaemonContext$Serializer
instanceKlass org/gradle/launcher/daemon/toolchain/DaemonJvmCriteria
instanceKlass org/gradle/launcher/daemon/context/DefaultDaemonContext
# instanceKlass java/lang/invoke/LambdaForm$MH+0x000001424d0dc800
# instanceKlass java/lang/invoke/LambdaForm$MH+0x000001424d0dc400
# instanceKlass java/lang/invoke/LambdaForm$MH+0x000001424d0dc000
instanceKlass org/gradle/internal/nativeintegration/ReflectiveEnvironment
instanceKlass org/gradle/internal/nativeintegration/processenvironment/AbstractProcessEnvironment
instanceKlass net/rubygrapefruit/platform/internal/DefaultProcess
instanceKlass net/rubygrapefruit/platform/internal/WrapperProcess
instanceKlass net/rubygrapefruit/platform/file/WindowsFiles
instanceKlass net/rubygrapefruit/platform/file/Files
instanceKlass org/gradle/internal/invocation/BuildAction
instanceKlass org/gradle/launcher/daemon/server/api/DaemonCommandAction
instanceKlass org/gradle/launcher/daemon/server/MasterExpirationStrategy
instanceKlass org/gradle/launcher/daemon/server/health/HealthExpirationStrategy
instanceKlass org/gradle/launcher/daemon/registry/DaemonDir
instanceKlass org/gradle/launcher/daemon/server/DaemonLogFile
instanceKlass org/gradle/launcher/daemon/server/health/DaemonHealthCheck
instanceKlass org/gradle/launcher/daemon/server/health/DaemonHealthStats
instanceKlass org/gradle/launcher/daemon/server/health/gc/GarbageCollectorMonitoringStrategy
instanceKlass org/gradle/launcher/daemon/server/stats/DaemonRunningStats
instanceKlass org/gradle/launcher/daemon/server/Daemon
instanceKlass org/gradle/internal/serialize/Serializer
instanceKlass org/gradle/tooling/internal/provider/runner/OperationDependencyLookup
instanceKlass org/gradle/tooling/internal/provider/runner/ToolingApiBuildEventListenerFactory
instanceKlass org/gradle/internal/build/event/BuildEventListenerFactory
instanceKlass org/gradle/tooling/internal/provider/LauncherServices$ToolingGlobalScopeServices
instanceKlass org/gradle/tooling/internal/provider/ExecuteBuildActionRunner
instanceKlass org/gradle/internal/buildtree/BuildActionRunner
instanceKlass org/gradle/process/internal/ExecFactory
instanceKlass org/gradle/api/internal/ProcessOperations
instanceKlass org/gradle/process/internal/JavaForkOptionsFactory
instanceKlass org/gradle/process/internal/JavaExecHandleFactory
instanceKlass org/gradle/process/internal/ExecHandleFactory
instanceKlass org/gradle/process/internal/ExecActionFactory
instanceKlass org/gradle/process/internal/services/ProcessServices$GlobalProcessServices
instanceKlass org/gradle/platform/base/internal/registry/ComponentModelBaseServices$GlobalScopeServices
instanceKlass org/gradle/nativeplatform/NativeBinarySpec
instanceKlass org/gradle/platform/base/BinarySpec
instanceKlass org/gradle/platform/base/Binary
instanceKlass org/gradle/api/CheckableComponentSpec
instanceKlass org/gradle/api/BuildableComponentSpec
instanceKlass org/gradle/platform/base/ComponentSpec
instanceKlass org/gradle/model/ModelElement
instanceKlass org/gradle/api/Buildable
instanceKlass org/gradle/nativeplatform/TargetMachineBuilder
instanceKlass org/gradle/nativeplatform/TargetMachine
instanceKlass org/gradle/nativeplatform/internal/DefaultTargetMachineFactory
instanceKlass org/gradle/nativeplatform/TargetMachineFactory
instanceKlass org/gradle/nativeplatform/internal/NativePlatformResolver
instanceKlass org/gradle/platform/base/internal/PlatformResolver
instanceKlass org/gradle/nativeplatform/platform/internal/NativePlatformInternal
instanceKlass org/gradle/nativeplatform/platform/NativePlatform
instanceKlass org/gradle/platform/base/Platform
instanceKlass org/gradle/nativeplatform/platform/internal/OperatingSystemInternal
instanceKlass org/gradle/nativeplatform/platform/OperatingSystem
instanceKlass org/gradle/api/Named
instanceKlass org/gradle/nativeplatform/platform/internal/NativePlatforms
# instanceKlass java/lang/invoke/LambdaForm$MH+0x000001424d0d0400
instanceKlass org/gradle/internal/logging/text/DiagnosticsVisitor
instanceKlass org/gradle/internal/build/event/OperationResultPostProcessorFactory
instanceKlass org/gradle/initialization/BuildEventConsumer
instanceKlass org/gradle/internal/build/event/BuildEventSubscriptions
instanceKlass org/gradle/language/java/internal/JavaLanguageServices$JavaGlobalScopeServices
instanceKlass org/gradle/kotlin/dsl/support/ImplicitImports
instanceKlass org/gradle/api/internal/GradleApiImplicitImportsProvider
instanceKlass org/gradle/kotlin/dsl/support/GlobalServices
instanceKlass org/gradle/jvm/toolchain/internal/install/JavaToolchainHttpRedirectVerifierFactory
instanceKlass com/google/common/base/Supplier
instanceKlass org/gradle/platform/internal/CurrentBuildPlatform
instanceKlass org/gradle/jvm/toolchain/internal/DefaultToolchainSpec
instanceKlass org/gradle/jvm/toolchain/internal/JavaToolchainSpecInternal
instanceKlass org/gradle/jvm/toolchain/JavaToolchainSpec
instanceKlass org/gradle/jvm/internal/services/ToolchainsJvmServices$GlobalServices
instanceKlass org/gradle/api/internal/changedetection/state/FileHasherStatistics$Collector
instanceKlass org/gradle/internal/snapshot/impl/DirectorySnapshotterStatistics$Collector
instanceKlass org/gradle/internal/service/scopes/VirtualFileSystemServices$GlobalScopeServices
# instanceKlass java/lang/invoke/LambdaForm$MH+0x000001424d0d0000
instanceKlass java/lang/invoke/MethodHandle$1
instanceKlass org/gradle/internal/service/scopes/ExecutionGlobalServices$AnnotationHandlerRegistration
instanceKlass org/gradle/internal/properties/bean/PropertyWalker
instanceKlass org/gradle/internal/service/scopes/ExecutionGlobalServices$AnnotationHandlerRegistar
instanceKlass org/gradle/internal/instrumentation/api/annotations/ReplacesEagerProperty
instanceKlass org/gradle/api/model/ReplacedBy
instanceKlass org/gradle/api/tasks/Internal
instanceKlass org/gradle/api/tasks/TaskAction
instanceKlass org/gradle/api/services/ServiceReference
instanceKlass org/gradle/api/tasks/OutputFiles
instanceKlass org/gradle/api/tasks/OutputFile
instanceKlass org/gradle/api/tasks/OutputDirectory
instanceKlass org/gradle/api/tasks/OutputDirectories
instanceKlass org/gradle/api/tasks/options/OptionValues
instanceKlass org/gradle/api/tasks/Nested
instanceKlass org/gradle/api/tasks/LocalState
instanceKlass org/gradle/api/tasks/InputFiles
instanceKlass org/gradle/api/tasks/InputFile
instanceKlass org/gradle/api/tasks/InputDirectory
instanceKlass org/gradle/api/artifacts/transform/InputArtifactDependencies
instanceKlass org/gradle/api/artifacts/transform/InputArtifact
instanceKlass org/gradle/api/tasks/Input
instanceKlass org/gradle/api/tasks/Destroys
instanceKlass org/gradle/api/tasks/Console
instanceKlass org/gradle/internal/execution/history/ImmutableWorkspaceMetadataStore
instanceKlass org/gradle/internal/reflect/annotations/TypeAnnotationMetadataStore
instanceKlass org/gradle/internal/properties/annotations/FunctionAnnotationHandler
instanceKlass org/gradle/api/internal/project/taskfactory/TaskClassInfoStore
instanceKlass org/gradle/internal/execution/WorkExecutionTracker
instanceKlass org/gradle/internal/execution/WorkInputListeners
instanceKlass org/gradle/internal/service/scopes/ExecutionGlobalServices
instanceKlass org/gradle/internal/collect/PersistentArrayTrie
instanceKlass org/gradle/internal/serialize/beans/services/BeanConstructors
instanceKlass org/gradle/internal/resource/transport/sftp/SftpClientFactory
instanceKlass org/gradle/internal/resource/transport/sftp/SftpResourcesServices$GlobalScopeServices
instanceKlass org/gradle/internal/resource/transport/http/HttpClientFactory
instanceKlass org/gradle/internal/resource/transport/http/SslContextFactory
instanceKlass org/gradle/internal/resource/transport/http/HttpResourcesServices$GlobalScopeServices
instanceKlass org/gradle/internal/resource/transport/gcp/gcs/GcsResourcesServices$GlobalScopeServices
instanceKlass org/gradle/internal/resource/transport/aws/s3/S3ResourcesServices$GlobalScopeServices
instanceKlass org/gradle/tooling/internal/provider/serialization/ClassLoaderCache
instanceKlass org/gradle/api/internal/tasks/userinput/UserInputReader$UserInput
instanceKlass org/gradle/api/internal/tasks/userinput/DefaultUserInputReader
instanceKlass org/gradle/api/internal/tasks/userinput/UserInputReader
instanceKlass org/gradle/internal/buildtree/control/DefaultBuildModelParametersFactory
instanceKlass org/gradle/internal/buildtree/BuildModelParametersFactory
instanceKlass kotlin/annotation/Target
instanceKlass kotlin/annotation/Retention
instanceKlass kotlin/Metadata
instanceKlass org/gradle/internal/operations/BuildOperationAncestryTracker
instanceKlass org/gradle/internal/build/event/BuildEventServices$1
instanceKlass org/gradle/internal/file/BufferProvider
instanceKlass org/gradle/caching/internal/BuildCacheServices$1
instanceKlass org/gradle/buildinit/plugins/internal/action/InitBuiltInCommand
instanceKlass org/gradle/reporting/ReportRenderer
instanceKlass org/gradle/api/reporting/components/internal/DiagnosticsServices$1
instanceKlass org/gradle/api/plugins/internal/HelpBuiltInCommand
instanceKlass org/gradle/configuration/project/BuiltInCommand
instanceKlass org/gradle/api/component/SoftwareComponentFactory
instanceKlass org/gradle/api/publish/internal/service/PublishServices$GlobalScopeServices
instanceKlass org/gradle/internal/fingerprint/FileNormalizer
instanceKlass org/gradle/internal/reflect/annotations/AnnotationCategory
instanceKlass org/gradle/api/problems/ProblemSpec
instanceKlass org/gradle/api/problems/DocLink
instanceKlass org/gradle/internal/component/model/ExcludeMetadata
instanceKlass org/gradle/api/internal/artifacts/ivyservice/moduleconverter/dependencies/DefaultExcludeRuleConverter
instanceKlass org/gradle/api/internal/artifacts/DefaultImmutableModuleIdentifierFactory
instanceKlass org/gradle/api/internal/artifacts/ImmutableModuleIdentifierFactory
instanceKlass org/apache/ivy/util/MessageLogger
instanceKlass org/gradle/api/internal/artifacts/ivyservice/DefaultIvyContextManager
instanceKlass org/gradle/api/internal/artifacts/ivyservice/IvyContextManager
instanceKlass org/gradle/api/internal/artifacts/ivyservice/ivyresolve/strategy/Version
instanceKlass org/gradle/api/internal/artifacts/ivyservice/ivyresolve/strategy/VersionParser
instanceKlass org/gradle/api/Transformer
instanceKlass sun/invoke/util/VerifyAccess$1
instanceKlass java/lang/reflect/WildcardType
instanceKlass org/gradle/internal/resource/ExternalResourceName
instanceKlass org/gradle/api/Describable
instanceKlass org/gradle/api/internal/tasks/properties/AbstractTypeScheme
instanceKlass org/gradle/api/internal/tasks/properties/TypeScheme
instanceKlass org/gradle/api/internal/tasks/properties/InspectionSchemeFactory
instanceKlass org/gradle/api/internal/artifacts/ivyservice/moduleconverter/dependencies/ExcludeRuleConverter
instanceKlass org/gradle/api/internal/artifacts/dsl/dependencies/PlatformSupport
instanceKlass org/gradle/cache/internal/ProducerGuard
instanceKlass org/gradle/internal/properties/annotations/TypeAnnotationHandler
instanceKlass org/gradle/api/internal/artifacts/ivyservice/moduleconverter/dependencies/DependencyMetadataFactory
instanceKlass org/gradle/internal/resource/connector/ResourceConnectorFactory
instanceKlass org/gradle/api/internal/artifacts/DependencyManagementGlobalScopeServices
instanceKlass org/gradle/internal/buildoption/InternalOption
instanceKlass org/gradle/internal/buildoption/Option
instanceKlass org/gradle/internal/service/DefaultServiceLocator$ServiceFactory
instanceKlass org/gradle/internal/service/scopes/AbstractGradleModuleServices
instanceKlass org/gradle/internal/service/scopes/GradleModuleServices
# instanceKlass java/lang/invoke/LambdaForm$MH+0x000001424d0b1800
# instanceKlass java/lang/invoke/LambdaForm$MH+0x000001424d0b1400
# instanceKlass java/lang/invoke/LambdaForm$MH+0x000001424d0b1000
# instanceKlass java/lang/invoke/LambdaForm$MH+0x000001424d0b0c00
instanceKlass  @cpi org/gradle/internal/model/StateTransitionController 351 form vmentry <vmtarget> ; # java/lang/invoke/LambdaForm$DMH+0x000001424d0b0800
# instanceKlass java/lang/invoke/LambdaForm$DMH+0x000001424d0b0400
instanceKlass org/gradle/internal/classpath/intercept/JvmBytecodeInterceptorFactoryProvider$CompositeJvmBytecodeInterceptorFactoryProvider
instanceKlass org/gradle/internal/classpath/GroovyCallInterceptorsProvider$CompositeGroovyCallInterceptorsProvider
instanceKlass  @bci org/gradle/internal/classpath/GroovyCallInterceptorsProvider$ClassLoaderSourceGroovyCallInterceptorsProvider <init> (Ljava/lang/ClassLoader;Ljava/lang/String;)V 10 <appendix> member <vmtarget> ; # org/gradle/internal/classpath/GroovyCallInterceptorsProvider$ClassLoaderSourceGroovyCallInterceptorsProvider$$Lambda+0x000001424d0b7350
instanceKlass org/gradle/internal/classpath/GroovyCallInterceptorsProvider$ClassLoaderSourceGroovyCallInterceptorsProvider
instanceKlass  @bci org/gradle/internal/classpath/intercept/JvmBytecodeInterceptorFactoryProvider$ClassLoaderSourceJvmBytecodeInterceptorFactoryProvider <init> (Ljava/lang/ClassLoader;Ljava/lang/String;)V 10 <appendix> member <vmtarget> ; # org/gradle/internal/classpath/intercept/JvmBytecodeInterceptorFactoryProvider$ClassLoaderSourceJvmBytecodeInterceptorFactoryProvider$$Lambda+0x000001424d0b6f08
instanceKlass org/gradle/internal/classpath/intercept/JvmBytecodeInterceptorFactoryProvider$ClassLoaderSourceJvmBytecodeInterceptorFactoryProvider
instanceKlass org/gradle/internal/classpath/intercept/JvmBytecodeInterceptorSet
instanceKlass org/gradle/internal/classpath/intercept/DefaultJvmBytecodeInterceptorFactorySet
instanceKlass  @bci org/gradle/internal/classpath/GroovyCallInterceptorsProvider$ClassSourceGroovyCallInterceptorsProvider <init> (Ljava/lang/String;)V 9 <appendix> member <vmtarget> ; # org/gradle/internal/classpath/GroovyCallInterceptorsProvider$ClassSourceGroovyCallInterceptorsProvider$$Lambda+0x000001424d0b66b0
instanceKlass org/gradle/internal/classpath/Instrumented
instanceKlass org/gradle/internal/classpath/GroovyCallInterceptorsProvider$ClassSourceGroovyCallInterceptorsProvider
instanceKlass org/gradle/internal/classpath/intercept/DefaultCallSiteInterceptorSet
instanceKlass org/gradle/internal/classpath/intercept/CallSiteDecorator
instanceKlass org/gradle/internal/classpath/intercept/JvmBytecodeInterceptorFactoryProvider
instanceKlass org/gradle/internal/classpath/GroovyCallInterceptorsProvider
instanceKlass org/gradle/internal/classpath/intercept/JvmBytecodeInterceptorFactorySet
instanceKlass org/gradle/internal/classpath/intercept/CallSiteInterceptorSet
instanceKlass org/gradle/internal/classpath/intercept/CallInterceptorRegistry
instanceKlass com/google/common/collect/Iterators$ConcatenatedIterator
instanceKlass org/gradle/api/internal/classpath/DefaultModuleRegistry$DefaultModuleAlias
instanceKlass com/google/common/collect/TransformedIterator
instanceKlass com/google/common/base/Optional
instanceKlass com/google/common/collect/FluentIterable
instanceKlass com/google/common/collect/Iterables
instanceKlass  @bci org/gradle/api/internal/DynamicModulesClassPathProvider allRequiredModulesOf (Ljava/lang/Iterable;)Ljava/util/List; 10 <appendix> member <vmtarget> ; # org/gradle/api/internal/DynamicModulesClassPathProvider$$Lambda+0x000001424d0aeec8
instanceKlass  @cpi org/gradle/api/internal/artifacts/DefaultDependencyManagementServices$DependencyResolutionScopeServices 671 form vmentry <vmtarget> ; # java/lang/invoke/LambdaForm$DMH+0x000001424d0b0000
instanceKlass groovy/lang/MetaClass
instanceKlass groovy/lang/MetaObjectProtocol
instanceKlass groovy/lang/GroovySystem
instanceKlass groovy/lang/MetaClassRegistry
instanceKlass groovy/lang/GroovyObject
instanceKlass java/util/ComparableTimSort
instanceKlass org/gradle/internal/classloader/FilteringClassLoader$Trie$Builder
instanceKlass org/gradle/internal/classloader/FilteringClassLoader$Trie
instanceKlass org/gradle/internal/classloader/FilteringClassLoader$TrieSet
instanceKlass  @bci java/lang/ClassLoader definePackage (Ljava/lang/String;Ljava/lang/Module;)Ljava/lang/Package; 73 <appendix> member <vmtarget> ; # java/lang/ClassLoader$$Lambda+0x000001424d064f40
instanceKlass  @bci jdk/internal/loader/BootLoader$PackageHelper findModule (Ljava/lang/String;)Ljava/lang/Module; 90 <appendix> member <vmtarget> ; # jdk/internal/loader/BootLoader$PackageHelper$$Lambda+0x000001424d064d28
instanceKlass jdk/internal/loader/BootLoader$PackageHelper
instanceKlass  @bci java/util/stream/StreamSpliterators$WrappingSpliterator forEachRemaining (Ljava/util/function/Consumer;)V 33 <appendix> member <vmtarget> ; # java/util/stream/StreamSpliterators$WrappingSpliterator$$Lambda+0x000001424d064890
instanceKlass java/util/stream/StreamSpliterators
instanceKlass java/util/stream/AbstractSpinedBuffer
instanceKlass java/util/stream/Node$Builder
instanceKlass java/util/stream/Node$OfDouble
instanceKlass java/util/stream/Node$OfLong
instanceKlass java/util/stream/Node$OfInt
instanceKlass java/util/stream/Node$OfPrimitive
instanceKlass java/util/stream/Nodes$EmptyNode
instanceKlass java/util/stream/Node
instanceKlass java/util/stream/Nodes
instanceKlass  @bci java/lang/ClassLoader getPackages ()[Ljava/lang/Package; 38 <appendix> argL0 ; # java/lang/ClassLoader$$Lambda+0x000001424d063bf8
instanceKlass java/util/function/IntFunction
instanceKlass  @bci jdk/internal/loader/BootLoader packages ()Ljava/util/stream/Stream; 6 <appendix> argL0 ; # jdk/internal/loader/BootLoader$$Lambda+0x000001424d0635f8
instanceKlass java/util/stream/Streams$2
instanceKlass java/util/stream/StreamSpliterators$AbstractWrappingSpliterator
instanceKlass  @bci java/util/stream/AbstractPipeline spliterator ()Ljava/util/Spliterator; 103 <appendix> member <vmtarget> ; # java/util/stream/AbstractPipeline$$Lambda+0x000001424d062cb0
instanceKlass java/util/stream/Streams$ConcatSpliterator
instanceKlass  @bci java/lang/ClassLoader packages ()Ljava/util/stream/Stream; 13 <appendix> member <vmtarget> ; # java/lang/ClassLoader$$Lambda+0x000001424d062558
instanceKlass org/gradle/internal/classloader/ClassLoaderUtils$Java9PackagesFetcher
instanceKlass org/gradle/internal/classloader/ClassLoaderUtils$AbstractClassLoaderLookuper
instanceKlass org/gradle/internal/classloader/ClassLoaderUtils$ClassLoaderPackagesFetcher
instanceKlass org/gradle/internal/classloader/ClassLoaderUtils$ClassDefiner
instanceKlass org/gradle/internal/classloader/ClassLoaderUtils
instanceKlass org/gradle/initialization/GradleApiSpecAggregator$DefaultSpec
instanceKlass kotlin/jvm/internal/Intrinsics
instanceKlass kotlin/collections/SetsKt__SetsJVMKt
instanceKlass com/google/common/collect/Hashing
instanceKlass com/google/common/math/IntMath$1
instanceKlass com/google/common/math/MathPreconditions
instanceKlass com/google/common/math/IntMath
instanceKlass org/apache/groovy/json/DefaultFastStringServiceFactory
instanceKlass org/apache/groovy/json/FastStringServiceFactory
instanceKlass org/gradle/internal/reflect/ReflectionCache$CacheEntry
instanceKlass com/google/common/collect/ImmutableCollection$Builder
instanceKlass com/google/common/collect/ImmutableSet$SetBuilderImpl
instanceKlass java/util/TimSort
instanceKlass java/util/Arrays$LegacyMergeSort
instanceKlass org/gradle/internal/service/DefaultServiceLocator$ServiceImplementationComparator
instanceKlass org/gradle/kotlin/dsl/provider/KotlinGradleApiSpecProvider
instanceKlass org/gradle/initialization/GradleApiSpecProvider$SpecAdapter
instanceKlass java/util/regex/IntHashSet
instanceKlass java/util/regex/Matcher
instanceKlass java/util/regex/MatchResult
instanceKlass  @bci java/util/regex/Pattern DOT ()Ljava/util/regex/Pattern$CharPredicate; 0 <appendix> argL0 ; # java/util/regex/Pattern$$Lambda+0x000001424d061cd0
instanceKlass org/gradle/initialization/GradleApiSpecProvider
instanceKlass org/gradle/initialization/GradleApiSpecProvider$Spec
instanceKlass org/gradle/initialization/GradleApiSpecAggregator
instanceKlass org/gradle/internal/reflect/CachedInvokable
instanceKlass com/google/common/base/Function
instanceKlass org/gradle/internal/reflect/ReflectionCache
instanceKlass org/gradle/internal/reflect/DirectInstantiator
instanceKlass org/gradle/initialization/DefaultClassLoaderRegistry
instanceKlass org/gradle/internal/installation/GradleRuntimeShadedJarDetector
# instanceKlass java/lang/invoke/LambdaForm$MH+0x000001424d0a5400
# instanceKlass java/lang/invoke/LambdaForm$MH+0x000001424d0a5000
instanceKlass java/net/URLClassLoader$2
instanceKlass kotlin/jvm/JvmClassMappingKt
instanceKlass org/gradle/api/plugins/internal/DelegatingConvention
instanceKlass org/gradle/api/plugins/ExtensionContainer
instanceKlass org/gradle/internal/classpath/transforms/CommonTypes
instanceKlass org/objectweb/asm/Type
instanceKlass kotlin/reflect/KClass
instanceKlass kotlin/reflect/KClassifier
instanceKlass kotlin/reflect/KAnnotatedElement
instanceKlass kotlin/reflect/KDeclarationContainer
instanceKlass org/objectweb/asm/ClassVisitor
instanceKlass org/gradle/initialization/ConventionInterfaceGenerator
instanceKlass org/gradle/initialization/DefaultLegacyTypesSupport
instanceKlass org/gradle/api/internal/jvm/JavaVersionParser
instanceKlass org/gradle/api/internal/DynamicModulesClassPathProvider
instanceKlass org/gradle/api/internal/DefaultClassPathProvider
instanceKlass org/gradle/api/internal/ClassPathProvider
instanceKlass org/gradle/api/internal/DefaultClassPathRegistry
instanceKlass org/gradle/api/internal/classpath/DefaultPluginModuleRegistry
# instanceKlass java/lang/invoke/LambdaForm$MH+0x000001424d0a4c00
# instanceKlass java/lang/invoke/LambdaForm$MH+0x000001424d0a4800
# instanceKlass java/lang/invoke/LambdaForm$MH+0x000001424d0a4400
# instanceKlass java/lang/invoke/LambdaForm$DMH+0x000001424d0a4000
instanceKlass org/gradle/internal/classpath/TransformedClassPath
instanceKlass org/gradle/internal/classloader/ClassLoaderSpec
instanceKlass org/gradle/internal/classloader/InstrumentingClassLoader
instanceKlass org/gradle/internal/service/DefaultServiceLocator
instanceKlass org/gradle/internal/classloader/ClassLoaderHierarchy
instanceKlass org/gradle/internal/classloader/DefaultClassLoaderFactory
instanceKlass org/gradle/api/internal/classpath/DefaultModuleRegistry$DefaultModule
instanceKlass org/gradle/api/internal/classpath/Module
instanceKlass org/gradle/internal/classpath/DefaultClassPath$ImmutableUniqueList$Builder
instanceKlass org/gradle/internal/classpath/DefaultClassPath
instanceKlass org/gradle/internal/classpath/ClassPath
instanceKlass org/gradle/internal/IoActions
instanceKlass org/gradle/api/specs/Spec
instanceKlass org/gradle/util/internal/GUtil
instanceKlass  @bci org/gradle/api/internal/classpath/DefaultModuleRegistry findModule (Ljava/lang/String;)Lorg/gradle/api/internal/classpath/Module; 7 <appendix> member <vmtarget> ; # org/gradle/api/internal/classpath/DefaultModuleRegistry$$Lambda+0x000001424d09dc70
instanceKlass org/gradle/api/internal/classpath/Module$ModuleAlias
instanceKlass org/gradle/api/internal/classpath/DefaultModuleRegistry
instanceKlass org/gradle/internal/buildevents/BuildLoggerFactory
instanceKlass org/gradle/execution/DefaultWorkValidationWarningRecorder
instanceKlass org/gradle/execution/WorkValidationWarningReporter
instanceKlass org/gradle/internal/execution/steps/ValidateStep$ValidationWarningRecorder
instanceKlass org/gradle/process/internal/ClientExecHandleBuilderFactory
instanceKlass org/gradle/process/internal/services/ProcessBasicGlobalScopeServices
instanceKlass org/gradle/internal/id/UUIDGenerator
instanceKlass org/gradle/internal/remote/MessagingServer
instanceKlass org/gradle/internal/remote/internal/OutgoingConnector
instanceKlass org/gradle/internal/remote/internal/IncomingConnector
instanceKlass org/gradle/internal/remote/MessagingClient
instanceKlass org/gradle/internal/id/IdGenerator
instanceKlass org/gradle/internal/remote/services/MessagingServices
instanceKlass javax/inject/Inject
instanceKlass org/gradle/internal/scripts/DefaultScriptFileResolver
instanceKlass org/gradle/internal/scripts/DefaultScriptFileResolverListeners
instanceKlass org/gradle/internal/scripts/ScriptFileResolverListeners
instanceKlass org/gradle/api/internal/file/DefaultFileLookup
instanceKlass org/gradle/internal/service/scopes/Scope$Settings
instanceKlass org/gradle/internal/instantiation/managed/ManagedObjectProvider
instanceKlass org/jspecify/annotations/NullMarked
instanceKlass org/gradle/internal/service/scopes/Scope$Project
instanceKlass org/gradle/internal/service/scopes/Scope$Build
instanceKlass org/gradle/internal/service/scopes/Scope$BuildTree
instanceKlass org/gradle/internal/service/scopes/Scope$BuildSession
instanceKlass org/gradle/internal/service/scopes/Scope$CrossBuildSession
instanceKlass org/gradle/internal/service/scopes/Scope$UserHome
instanceKlass java/lang/annotation/Documented
instanceKlass org/gradle/internal/service/ServiceScopeValidatorWorkarounds
instanceKlass org/gradle/api/internal/DocumentationRegistry
instanceKlass org/gradle/internal/remote/internal/inet/InetAddressFactory
instanceKlass org/gradle/initialization/layout/BuildLayoutFactory
instanceKlass org/gradle/internal/scripts/ScriptFileResolver
instanceKlass org/gradle/api/internal/file/FileLookup
instanceKlass org/gradle/internal/operations/BuildOperationListener
instanceKlass org/gradle/internal/state/ManagedFactoryRegistry
instanceKlass org/gradle/api/internal/file/DefaultFilePropertyFactory
instanceKlass org/gradle/api/internal/file/FileFactory
instanceKlass org/gradle/api/internal/file/FileResolver
instanceKlass org/gradle/internal/file/PathToFileResolver
instanceKlass org/gradle/internal/file/RelativeFilePathResolver
instanceKlass org/gradle/api/internal/provider/PropertyHost
instanceKlass org/gradle/cache/GlobalCache
instanceKlass org/gradle/model/internal/manage/schema/extract/ModelSchemaAspectExtractionStrategy
instanceKlass org/gradle/internal/properties/annotations/AbstractAnnotationHandler
instanceKlass org/gradle/internal/properties/annotations/PropertyAnnotationHandler
instanceKlass org/gradle/internal/properties/annotations/AnnotationHandler
instanceKlass org/gradle/internal/instantiation/InjectAnnotationHandler
instanceKlass org/gradle/model/internal/manage/schema/extract/ModelSchemaExtractionStrategy
instanceKlass sun/reflect/generics/reflectiveObjects/LazyReflectiveObjectGenerator
instanceKlass sun/reflect/generics/tree/TypeVariableSignature
instanceKlass sun/reflect/generics/tree/ClassSignature
instanceKlass sun/reflect/generics/reflectiveObjects/ParameterizedTypeImpl
instanceKlass org/gradle/model/internal/inspect/MethodModelRuleExtractor
instanceKlass sun/reflect/generics/tree/MethodTypeSignature
instanceKlass sun/reflect/generics/tree/Signature
instanceKlass sun/reflect/generics/tree/FormalTypeParameter
instanceKlass java/lang/reflect/TypeVariable
instanceKlass sun/reflect/generics/repository/AbstractRepository
instanceKlass org/gradle/internal/operations/CurrentBuildOperationRef
instanceKlass org/gradle/internal/service/CachingServiceLocator
instanceKlass org/gradle/api/internal/model/NamedObjectInstantiator
instanceKlass org/gradle/internal/state/ManagedFactory
instanceKlass org/gradle/api/internal/tasks/TaskDependencyFactory
instanceKlass org/gradle/api/internal/file/FilePropertyFactory
instanceKlass org/gradle/api/internal/cache/StringInterner
instanceKlass com/google/common/collect/Interner
instanceKlass org/gradle/api/internal/plugins/PluginInspector
instanceKlass org/gradle/model/internal/inspect/ModelRuleSourceDetector
instanceKlass org/gradle/internal/instrumentation/agent/AgentInitializer
instanceKlass org/gradle/api/internal/classpath/RuntimeApiInfo
instanceKlass org/gradle/model/internal/manage/schema/extract/ModelSchemaAspectExtractor
instanceKlass org/gradle/model/internal/inspect/ModelRuleExtractor
instanceKlass org/gradle/model/internal/manage/instance/ManagedProxyFactory
instanceKlass org/gradle/internal/instantiation/InstanceGenerator
instanceKlass org/gradle/internal/service/DefaultServiceRegistry$RegistrationWrapper
instanceKlass java/lang/Class$AnnotationData
instanceKlass org/gradle/internal/collect/SingletonIterator
instanceKlass  @bci org/gradle/internal/service/DefaultServiceRegistry$OwnServices annotationHandlerCreated (Lorg/gradle/internal/service/AnnotatedServiceLifecycleHandler;)V 5 <appendix> member <vmtarget> ; # org/gradle/internal/service/DefaultServiceRegistry$OwnServices$$Lambda+0x000001424d093cf8
instanceKlass  @bci org/gradle/internal/service/DefaultServiceRegistry$FixedInstanceService instanceRealized (Ljava/lang/Object;)V 13 <appendix> member <vmtarget> ; # org/gradle/internal/service/DefaultServiceRegistry$FixedInstanceService$$Lambda+0x000001424d093ae0
instanceKlass org/gradle/internal/service/scopes/ServiceScope
instanceKlass org/gradle/internal/service/ServiceScopeValidator
instanceKlass org/gradle/internal/service/DefaultServiceRegistry$CompositeServiceProvider
instanceKlass org/gradle/internal/service/DefaultServiceRegistry$ParentServices
instanceKlass com/google/common/base/Preconditions
instanceKlass com/google/common/collect/PeekingIterator
instanceKlass com/google/common/collect/Iterators
instanceKlass org/gradle/launcher/exec/BuildExecutor
instanceKlass org/gradle/internal/buildprocess/BuildProcessScopeServices
instanceKlass  @bci org/gradle/internal/service/scopes/GlobalScopeServices <init> (ZLorg/gradle/internal/instrumentation/agent/AgentStatus;Lorg/gradle/internal/installation/CurrentGradleInstallation;)V 12 <appendix> member <vmtarget> ; # org/gradle/internal/service/scopes/GlobalScopeServices$$Lambda+0x000001424d090f80
instanceKlass org/gradle/internal/environment/GradleBuildEnvironment
instanceKlass org/gradle/internal/operations/BuildOperationProgressEventEmitter
instanceKlass org/gradle/api/internal/collections/DomainObjectCollectionFactory
instanceKlass org/gradle/internal/service/scopes/GradleUserHomeScopeServiceRegistry
instanceKlass org/gradle/cache/CacheCleanupStrategyFactory
instanceKlass org/gradle/internal/execution/history/OverlappingOutputDetector
instanceKlass org/gradle/internal/execution/history/changes/ExecutionStateChangeDetector
instanceKlass org/gradle/internal/service/ServiceLocator
instanceKlass org/gradle/cache/internal/InMemoryCacheDecoratorFactory
instanceKlass org/gradle/api/internal/ClassPathRegistry
instanceKlass org/gradle/api/tasks/util/internal/PatternSpecFactory
instanceKlass org/gradle/internal/file/excludes/FileSystemDefaultExcludesListener
instanceKlass org/gradle/api/internal/classpath/PluginModuleRegistry
instanceKlass org/gradle/initialization/ClassLoaderRegistry
instanceKlass org/gradle/api/model/ObjectFactory
instanceKlass org/gradle/internal/reflect/Instantiator
instanceKlass org/gradle/internal/instantiation/InstantiatorFactory
instanceKlass org/gradle/internal/instantiation/PropertyRoleAnnotationHandler
instanceKlass org/gradle/process/internal/health/memory/JvmMemoryInfo
instanceKlass org/gradle/groovy/scripts/internal/ScriptSourceHasher
instanceKlass org/gradle/configuration/ImportsReader
instanceKlass org/gradle/model/internal/manage/binding/StructBindingsStore
instanceKlass org/gradle/model/internal/manage/schema/ModelSchemaStore
instanceKlass org/gradle/model/internal/manage/schema/extract/ModelSchemaExtractor
instanceKlass org/gradle/initialization/JdkToolsInitializer
instanceKlass org/gradle/process/internal/health/memory/MemoryManager
instanceKlass org/gradle/process/internal/health/memory/OsMemoryInfo
instanceKlass org/gradle/internal/operations/DefaultBuildOperationRunner$BuildOperationExecutionListener
instanceKlass org/gradle/internal/operations/BuildOperationListenerManager
instanceKlass org/gradle/cache/internal/CrossBuildInMemoryCacheFactory
instanceKlass org/gradle/internal/logging/progress/ProgressLoggerFactory
instanceKlass org/gradle/internal/logging/progress/ProgressListener
instanceKlass org/gradle/internal/operations/BuildOperationIdFactory
instanceKlass org/gradle/cache/internal/ClassCacheFactory
instanceKlass org/gradle/api/internal/provider/PropertyFactory
instanceKlass org/gradle/initialization/LegacyTypesSupport
instanceKlass org/gradle/internal/operations/BuildOperationRunner
instanceKlass org/gradle/internal/classloader/ClassLoaderFactory
instanceKlass org/gradle/api/internal/classpath/ModuleRegistry
instanceKlass org/gradle/internal/file/Deleter
instanceKlass org/gradle/internal/hash/StreamHasher
instanceKlass org/gradle/cache/internal/CacheFactory
instanceKlass org/gradle/api/internal/file/collections/DirectoryFileTreeFactory
instanceKlass org/gradle/initialization/BuildCancellationToken
instanceKlass org/gradle/api/internal/file/FileCollectionFactory
instanceKlass org/gradle/cache/internal/locklistener/FileLockContentionHandler
instanceKlass org/gradle/cache/internal/locklistener/InetAddressProvider
instanceKlass org/gradle/internal/instantiation/managed/ManagedObjectRegistry
instanceKlass org/gradle/api/tasks/util/internal/PatternSetFactory
instanceKlass org/gradle/internal/event/ScopedListenerManager
instanceKlass org/gradle/internal/event/ListenerManager
instanceKlass org/gradle/internal/concurrent/ExecutorFactory
instanceKlass org/gradle/cache/FileLockManager
instanceKlass org/gradle/cache/internal/ProcessMetaDataProvider
instanceKlass org/gradle/internal/service/scopes/BasicGlobalScopeServices
instanceKlass org/gradle/internal/service/scopes/Scope$Global
instanceKlass org/gradle/internal/service/scopes/Scope
instanceKlass com/google/common/collect/ObjectArrays
instanceKlass com/google/common/collect/UnmodifiableIterator
instanceKlass org/gradle/cache/internal/Synchronizer
instanceKlass org/gradle/cache/internal/CacheSupport
instanceKlass org/gradle/cache/internal/CacheAccessSerializer
instanceKlass org/gradle/launcher/daemon/registry/DaemonRegistry
instanceKlass org/gradle/cache/Cache
instanceKlass org/gradle/launcher/daemon/registry/DaemonRegistryServices
instanceKlass org/gradle/launcher/daemon/context/DaemonContext
instanceKlass org/gradle/launcher/daemon/server/expiry/DaemonExpirationStrategy
instanceKlass org/gradle/launcher/exec/BuildActionExecutor
instanceKlass org/gradle/launcher/daemon/server/scaninfo/DaemonScanInfo
instanceKlass org/gradle/launcher/daemon/server/DaemonServerConnector
instanceKlass org/gradle/launcher/daemon/server/DaemonServices
instanceKlass org/gradle/internal/installation/GradleInstallation$1
instanceKlass org/gradle/internal/installation/GradleInstallation
instanceKlass org/gradle/internal/classloader/ClasspathUtil
instanceKlass org/gradle/internal/installation/CurrentGradleInstallationLocator
instanceKlass org/gradle/internal/installation/CurrentGradleInstallation
instanceKlass  @bci org/gradle/internal/instrumentation/agent/DefaultAgentStatus <clinit> ()V 3 <appendix> argL0 ; # org/gradle/internal/instrumentation/agent/DefaultAgentStatus$$Lambda+0x000001424d082538
instanceKlass  @cpi org/gradle/internal/instrumentation/agent/DefaultAgentStatus 60 form vmentry <vmtarget> ; # java/lang/invoke/LambdaForm$DMH+0x000001424d084800
# instanceKlass java/lang/invoke/LambdaForm$DMH+0x000001424d084400
instanceKlass org/gradle/internal/instrumentation/agent/AgentControl
instanceKlass  @bci org/gradle/internal/lazy/Lazy locking ()Lorg/gradle/internal/lazy/Lazy$Factory; 0 <appendix> argL0 ; # org/gradle/internal/lazy/Lazy$$Lambda+0x000001424d082130
instanceKlass org/gradle/internal/lazy/LockingLazy
instanceKlass org/gradle/internal/lazy/Lazy$Factory
instanceKlass org/gradle/internal/lazy/Lazy
instanceKlass org/gradle/internal/instrumentation/agent/DefaultAgentStatus
instanceKlass org/gradle/internal/instrumentation/agent/AgentStatus
instanceKlass org/gradle/internal/buildprocess/BuildProcessState
instanceKlass org/gradle/launcher/daemon/server/DaemonProcessState
instanceKlass org/gradle/internal/logging/services/DefaultLoggingManager$StartableLoggingSystem
instanceKlass org/gradle/internal/logging/services/DefaultLoggingManager$StartableLoggingRouter
instanceKlass org/gradle/internal/logging/services/DefaultLoggingManager
instanceKlass jdk/internal/logger/DefaultLoggerFinder$1
instanceKlass java/util/logging/Logger$SystemLoggerHelper$1
instanceKlass java/util/logging/Logger$SystemLoggerHelper
instanceKlass java/util/logging/LogManager$4
instanceKlass jdk/internal/logger/BootstrapLogger$BootstrapExecutors
instanceKlass jdk/internal/logger/BootstrapLogger$RedirectedLoggers
instanceKlass java/util/concurrent/CopyOnWriteArrayList$COWIterator
instanceKlass java/util/Spliterators$ArraySpliterator
instanceKlass jdk/internal/logger/BootstrapLogger$DetectBackend$1
instanceKlass jdk/internal/logger/BootstrapLogger$DetectBackend
instanceKlass jdk/internal/logger/BootstrapLogger
instanceKlass sun/util/logging/PlatformLogger$ConfigurableBridge
instanceKlass sun/util/logging/PlatformLogger$Bridge
instanceKlass java/lang/System$Logger
instanceKlass java/util/stream/Streams
instanceKlass java/util/stream/Stream$Builder
instanceKlass java/util/stream/Streams$AbstractStreamBuilderImpl
instanceKlass  @bci java/util/logging/Level$KnownLevel findByName (Ljava/lang/String;Ljava/util/function/Function;)Ljava/util/Optional; 29 <appendix> argL0 ; # java/util/logging/Level$KnownLevel$$Lambda+0x800000024
instanceKlass java/util/ArrayList$ArrayListSpliterator
instanceKlass  @bci java/util/logging/Level findLevel (Ljava/lang/String;)Ljava/util/logging/Level; 13 <appendix> argL0 ; # java/util/logging/Level$$Lambda+0x800000012
instanceKlass java/util/Hashtable$Enumerator
instanceKlass java/util/Collections$SynchronizedCollection
instanceKlass java/util/Properties$EntrySet
instanceKlass java/util/Collections$3
instanceKlass java/util/logging/LogManager$LoggerContext$1
instanceKlass java/util/logging/LogManager$VisitedLoggers
instanceKlass  @bci java/beans/Introspector findCustomizerClass (Ljava/lang/Class;)Ljava/lang/Class; 4 <appendix> form vmentry <vmtarget> ; # java/lang/invoke/LambdaForm$MH+0x000001424d084000
instanceKlass java/util/logging/LogManager$2
instanceKlass java/lang/System$LoggerFinder
instanceKlass java/util/logging/LogManager$LoggingProviderAccess
instanceKlass sun/util/logging/internal/LoggingProviderImpl$LogManagerAccess
instanceKlass java/lang/Shutdown$Lock
instanceKlass java/lang/Shutdown
instanceKlass java/lang/ApplicationShutdownHooks$1
instanceKlass java/lang/ApplicationShutdownHooks
instanceKlass java/util/Collections$SynchronizedMap
instanceKlass java/util/logging/LogManager$LogNode
instanceKlass java/util/logging/LogManager$LoggerContext
instanceKlass java/util/logging/LogManager$1
instanceKlass java/util/logging/LogManager
instanceKlass java/util/logging/Logger$ConfigurationData
instanceKlass java/util/logging/Logger$LoggerBundle
instanceKlass java/util/logging/Handler
instanceKlass java/util/logging/Logger
instanceKlass  @bci java/util/logging/Level$KnownLevel add (Ljava/util/logging/Level;)V 49 <appendix> argL0 ; # java/util/logging/Level$KnownLevel$$Lambda+0x800000023
instanceKlass  @bci java/util/logging/Level$KnownLevel add (Ljava/util/logging/Level;)V 19 <appendix> argL0 ; # java/util/logging/Level$KnownLevel$$Lambda+0x800000022
instanceKlass java/util/logging/Level
instanceKlass org/gradle/internal/logging/source/JavaUtilLoggingSystem
instanceKlass org/gradle/internal/logging/slf4j/Slf4jLoggingConfigurer
instanceKlass org/gradle/internal/logging/config/LoggingSystemAdapter
instanceKlass org/gradle/internal/logging/LoggingManagerInternal
instanceKlass org/gradle/internal/logging/StandardOutputCapture
instanceKlass org/gradle/api/logging/LoggingManager
instanceKlass org/gradle/internal/logging/services/DefaultLoggingManagerFactory
instanceKlass org/gradle/internal/logging/source/StdErrLoggingSystem
instanceKlass org/gradle/internal/logging/source/PrintStreamLoggingSystem$SnapshotImpl
instanceKlass org/gradle/internal/logging/source/PrintStreamLoggingSystem$OutputEventDestination
instanceKlass org/gradle/internal/logging/source/PrintStreamLoggingSystem$1
instanceKlass org/gradle/internal/logging/events/operations/StyledTextBuildOperationProgressDetails
instanceKlass org/gradle/internal/operations/logging/StyledTextBuildOperationProgressDetails
instanceKlass org/gradle/internal/io/TextStream
instanceKlass org/gradle/internal/logging/source/PrintStreamLoggingSystem
instanceKlass org/gradle/internal/logging/source/StdOutLoggingSystem
# instanceKlass java/lang/invoke/LambdaForm$MH+0x000001424d03b000
# instanceKlass java/lang/invoke/LambdaForm$MH+0x000001424d03ac00
instanceKlass org/gradle/internal/service/AnnotatedServiceLifecycleHandler
instanceKlass  @bci org/gradle/internal/service/DefaultServiceRegistry$ManagedObjectServiceProvider instanceRealized (Ljava/lang/Object;)V 12 <appendix> member <vmtarget> ; # org/gradle/internal/service/DefaultServiceRegistry$ManagedObjectServiceProvider$$Lambda+0x000001424d03dd60
instanceKlass  @cpi org/gradle/initialization/BuildStructureOperationProject 186 form vmentry <vmtarget> ; # java/lang/invoke/LambdaForm$DMH+0x000001424d03a800
instanceKlass org/gradle/internal/collect/ChampLookup
instanceKlass  @bci org/gradle/internal/collect/PersistentMapTrie getOrDefault (Ljava/lang/Object;Ljava/lang/Object;)Ljava/lang/Object; 7 <appendix> argL0 ; # org/gradle/internal/collect/PersistentMapTrie$$Lambda+0x000001424d03d958
instanceKlass org/gradle/internal/collect/ChampLookup$LookupResult
instanceKlass java/lang/reflect/ParameterizedType
instanceKlass org/gradle/internal/logging/services/TextStreamOutputEventListener
instanceKlass org/gradle/internal/logging/sink/OutputEventListenerManager$1
instanceKlass org/gradle/internal/logging/sink/OutputEventListenerManager
instanceKlass org/gradle/internal/logging/services/LoggingServiceRegistry$1
instanceKlass org/gradle/internal/logging/LoggingManagerFactory
instanceKlass org/gradle/internal/logging/config/LoggingConfigurer
instanceKlass org/gradle/internal/logging/config/LoggingSourceSystem
instanceKlass org/gradle/internal/logging/services/LoggingServiceRegistry
instanceKlass org/gradle/api/internal/file/temp/DefaultTemporaryFileProvider
instanceKlass java/lang/Class$EnclosingMethodInfo
instanceKlass  @cpi org/gradle/internal/watch/registry/impl/AbstractFileWatcherUpdater 407 form vmentry <vmtarget> ; # java/lang/invoke/LambdaForm$DMH+0x000001424d03a400
instanceKlass org/gradle/internal/jvm/Jvm
instanceKlass org/gradle/internal/jvm/JavaInfo
instanceKlass net/rubygrapefruit/platform/WindowsRegistry
instanceKlass net/rubygrapefruit/platform/memory/Memory
instanceKlass net/rubygrapefruit/platform/SystemInfo
instanceKlass net/rubygrapefruit/platform/file/FileSystems
instanceKlass org/gradle/internal/file/StatStatistics
instanceKlass org/gradle/internal/file/StatStatistics$Collector
instanceKlass org/gradle/internal/nativeintegration/filesystem/services/GenericFileSystem
instanceKlass org/gradle/internal/service/InjectUtil
# instanceKlass java/lang/invoke/LambdaForm$MH+0x000001424d03a000
# instanceKlass java/lang/invoke/LambdaForm$MH+0x000001424d039c00
# instanceKlass java/lang/invoke/LambdaForm$MH+0x000001424d039800
instanceKlass  @cpi org/gradle/internal/snapshot/AbstractIncompleteFileSystemNode$2 183 form vmentry <vmtarget> ; # java/lang/invoke/LambdaForm$DMH+0x000001424d039400
# instanceKlass java/lang/invoke/LambdaForm$MH+0x000001424d039000
# instanceKlass java/lang/invoke/LambdaForm$DMH+0x000001424d038c00
# instanceKlass java/lang/invoke/LambdaForm$DMH+0x000001424d038800
instanceKlass  @cpi org/gradle/cache/internal/DefaultInMemoryCacheDecoratorFactory 222 form vmentry <vmtarget> ; # java/lang/invoke/LambdaForm$DMH+0x000001424d038400
instanceKlass java/lang/invoke/MethodHandleImpl$ArrayAccessor
instanceKlass java/lang/invoke/MethodHandleImpl$LoopClauses
instanceKlass java/lang/invoke/MethodHandleImpl$CasesHolder
# instanceKlass java/lang/invoke/LambdaForm$MH+0x000001424d038000
instanceKlass org/gradle/internal/service/DefaultServiceRegistry$1
instanceKlass org/gradle/internal/collect/PersistentArraySmall
instanceKlass org/gradle/internal/collect/PersistentMapTrie$1
instanceKlass org/gradle/internal/collect/ArrayCopy
instanceKlass java/lang/invoke/VarHandle$AccessDescriptor
instanceKlass org/gradle/internal/collect/ChampNode
instanceKlass org/gradle/internal/collect/Modification
instanceKlass org/gradle/internal/collect/PersistentMapTrie
instanceKlass  @bci org/gradle/internal/service/DefaultServiceRegistry$ServicesSnapshot collectProvidersForClassHierarchyOf (Lorg/gradle/internal/service/DefaultServiceRegistry$SingletonService;Lorg/gradle/internal/service/DefaultServiceRegistry$ClassInspector;Lorg/gradle/internal/collect/PersistentMap;)Lorg/gradle/internal/collect/PersistentMap; 128 <appendix> member <vmtarget> ; # org/gradle/internal/service/DefaultServiceRegistry$ServicesSnapshot$$Lambda+0x000001424d035120
instanceKlass org/gradle/internal/service/DefaultServiceRegistry$ClassInspector$ClassDetails
instanceKlass  @bci org/gradle/internal/service/DefaultServiceRegistry$OwnServices add (Lorg/gradle/internal/service/DefaultServiceRegistry$SingletonService;)V 22 <appendix> member <vmtarget> ; # org/gradle/internal/service/DefaultServiceRegistry$OwnServices$$Lambda+0x000001424d034cc8
instanceKlass java/util/function/UnaryOperator
instanceKlass org/gradle/util/internal/CollectionUtils
instanceKlass  @bci org/gradle/internal/service/DefaultServiceRegistry$SingletonService <init> (Lorg/gradle/internal/service/DefaultServiceRegistry;Lorg/gradle/internal/service/ServiceAccessScope;Ljava/util/List;)V 43 <appendix> argL0 ; # org/gradle/internal/service/DefaultServiceRegistry$SingletonService$$Lambda+0x000001424d0348a0
instanceKlass java/util/concurrent/ConcurrentLinkedQueue$Node
instanceKlass org/gradle/internal/service/PrivateService
instanceKlass org/gradle/internal/reflect/JavaMethod
instanceKlass org/gradle/util/internal/ArrayUtils
instanceKlass com/google/errorprone/annotations/Keep
instanceKlass java/lang/annotation/Target
instanceKlass sun/reflect/annotation/AnnotationInvocationHandler
instanceKlass sun/reflect/annotation/AnnotationParser$1
instanceKlass java/lang/annotation/Inherited
instanceKlass java/lang/annotation/Retention
instanceKlass sun/reflect/annotation/ExceptionProxy
instanceKlass  @bci sun/reflect/annotation/AnnotationParser parseClassArray (ILjava/nio/ByteBuffer;Ljdk/internal/reflect/ConstantPool;Ljava/lang/Class;)Ljava/lang/Object; 10 <appendix> member <vmtarget> ; # sun/reflect/annotation/AnnotationParser$$Lambda+0x000001424d05a940
instanceKlass sun/reflect/annotation/AnnotationType$1
instanceKlass sun/reflect/annotation/AnnotationType
instanceKlass java/lang/reflect/GenericArrayType
instanceKlass sun/reflect/generics/visitor/Reifier
instanceKlass sun/reflect/generics/visitor/TypeTreeVisitor
instanceKlass sun/reflect/generics/factory/CoreReflectionFactory
instanceKlass sun/reflect/generics/factory/GenericsFactory
instanceKlass sun/reflect/generics/scope/AbstractScope
instanceKlass sun/reflect/generics/scope/Scope
instanceKlass sun/reflect/generics/tree/ClassTypeSignature
instanceKlass sun/reflect/generics/tree/SimpleClassTypeSignature
instanceKlass sun/reflect/generics/tree/FieldTypeSignature
instanceKlass sun/reflect/generics/tree/BaseType
instanceKlass sun/reflect/generics/tree/TypeSignature
instanceKlass sun/reflect/generics/tree/ReturnType
instanceKlass sun/reflect/generics/tree/TypeArgument
instanceKlass sun/reflect/generics/tree/TypeTree
instanceKlass sun/reflect/generics/tree/Tree
instanceKlass sun/reflect/generics/parser/SignatureParser
instanceKlass org/gradle/internal/service/Provides
instanceKlass org/gradle/internal/service/AbstractServiceMethod
instanceKlass org/gradle/internal/nativeintegration/filesystem/services/GenericFileSystem$Factory
instanceKlass org/gradle/api/internal/file/temp/TemporaryFileProvider
instanceKlass org/gradle/internal/service/RelevantMethods$RelevantMethodsBuilder
instanceKlass org/gradle/internal/Cast
instanceKlass org/gradle/internal/service/ServiceMethod
instanceKlass org/gradle/internal/service/MethodHandleBasedServiceMethodFactory
instanceKlass org/gradle/internal/service/DefaultServiceMethodFactory
instanceKlass org/gradle/internal/service/ServiceMethodFactory
instanceKlass org/gradle/internal/service/RelevantMethods
instanceKlass org/gradle/internal/service/DefaultServiceAccessToken
instanceKlass org/gradle/internal/service/TypeStringFormatter
instanceKlass org/gradle/internal/service/DefaultServiceRegistry$ClassInspector
instanceKlass org/gradle/internal/collect/PersistentArray0
instanceKlass org/gradle/internal/collect/PersistentList
instanceKlass org/gradle/internal/service/DefaultServiceRegistry$ServicesSnapshot
instanceKlass org/gradle/internal/collect/PersistentMap1
instanceKlass org/gradle/internal/collect/Preconditions
instanceKlass org/gradle/internal/collect/PersistentMap
instanceKlass org/gradle/internal/collect/PersistentArray1
instanceKlass org/gradle/internal/collect/PersistentArray
instanceKlass org/gradle/internal/service/ServiceAccess$1
instanceKlass org/gradle/internal/service/ServiceAccessToken
instanceKlass org/gradle/internal/service/ServiceAccessScope
instanceKlass org/gradle/internal/service/ServiceAccess
instanceKlass org/gradle/internal/service/DefaultServiceRegistry$ThisAsService
instanceKlass org/gradle/internal/concurrent/CompositeStoppable
instanceKlass org/gradle/internal/service/AnnotatedServiceLifecycleHandler$Registration
instanceKlass org/gradle/internal/service/DefaultServiceRegistry$OwnServices
instanceKlass org/gradle/internal/service/ServiceRegistration
instanceKlass org/gradle/internal/service/ServiceProvider$Visitor
instanceKlass org/gradle/internal/service/DefaultServiceRegistry$ManagedObjectServiceProvider
instanceKlass org/gradle/internal/service/Service
instanceKlass org/gradle/internal/service/ServiceProvider
instanceKlass org/gradle/internal/concurrent/Stoppable
instanceKlass org/gradle/internal/nativeintegration/jansi/JansiStorage
instanceKlass org/fusesource/jansi/Ansi
instanceKlass org/fusesource/jansi/internal/OSInfo
instanceKlass org/gradle/internal/nativeintegration/jansi/JansiLibrary
instanceKlass org/gradle/internal/nativeintegration/services/NativeServices$FileEventFunctionsProvider
instanceKlass org/gradle/internal/nativeintegration/services/NativeServices$NativeFeatures$1$1
instanceKlass org/gradle/fileevents/internal/AbstractFileEventFunctions
instanceKlass  @bci org/gradle/fileevents/internal/NativeLogger$LogLevel <clinit> ()V 119 <appendix> member <vmtarget> ; # org/gradle/fileevents/internal/NativeLogger$LogLevel$$Lambda+0x000001424d02a998
instanceKlass  @bci org/gradle/fileevents/internal/NativeLogger$LogLevel <clinit> ()V 93 <appendix> member <vmtarget> ; # org/gradle/fileevents/internal/NativeLogger$LogLevel$$Lambda+0x000001424d02a770
instanceKlass  @bci org/gradle/fileevents/internal/NativeLogger$LogLevel <clinit> ()V 67 <appendix> member <vmtarget> ; # org/gradle/fileevents/internal/NativeLogger$LogLevel$$Lambda+0x000001424d02a548
instanceKlass  @bci org/gradle/fileevents/internal/NativeLogger$LogLevel <clinit> ()V 41 <appendix> member <vmtarget> ; # org/gradle/fileevents/internal/NativeLogger$LogLevel$$Lambda+0x000001424d02a320
instanceKlass  @bci org/gradle/fileevents/internal/NativeLogger$LogLevel <clinit> ()V 15 <appendix> member <vmtarget> ; # org/gradle/fileevents/internal/NativeLogger$LogLevel$$Lambda+0x000001424d02a0f8
instanceKlass  @cpi org/gradle/internal/execution/steps/IdentifyStep 198 form vmentry <vmtarget> ; # java/lang/invoke/LambdaForm$DMH+0x000001424d02c000
instanceKlass org/gradle/fileevents/internal/NativeLogger
instanceKlass org/gradle/fileevents/FileEvents
instanceKlass org/gradle/internal/os/OperatingSystem
instanceKlass org/gradle/internal/nativeintegration/services/NativeServices$1
instanceKlass org/gradle/internal/file/FileCanonicalizer
instanceKlass org/gradle/internal/nativeintegration/filesystem/FileSystem
instanceKlass org/gradle/internal/file/FileSystem
instanceKlass org/gradle/internal/file/Stat
instanceKlass org/gradle/internal/file/Chmod
instanceKlass org/gradle/internal/file/FileModeMutator
instanceKlass org/gradle/internal/file/FileModeAccessor
instanceKlass org/gradle/internal/nativeintegration/filesystem/Symlink
instanceKlass org/gradle/internal/nativeintegration/filesystem/services/FileSystemServices
instanceKlass org/gradle/internal/service/AbstractServiceRegistry
instanceKlass org/gradle/internal/service/CloseableServiceRegistry
instanceKlass net/rubygrapefruit/platform/internal/jni/NativeLibraryFunctions
instanceKlass jdk/internal/loader/NativeLibraries$Unloader
instanceKlass java/io/RandomAccessFile$1
instanceKlass java/nio/channels/spi/AbstractInterruptibleChannel$1
instanceKlass sun/nio/ch/Interruptible
instanceKlass sun/nio/ch/FileKey
instanceKlass sun/nio/ch/FileLockTable
instanceKlass sun/nio/ch/NativeThread
instanceKlass java/nio/channels/FileLock
instanceKlass sun/nio/ch/NativeThreadSet
instanceKlass sun/nio/ch/IOUtil
instanceKlass sun/nio/ch/NativeDispatcher
instanceKlass java/nio/file/attribute/FileAttribute
instanceKlass java/nio/channels/spi/AbstractInterruptibleChannel
instanceKlass java/nio/channels/InterruptibleChannel
instanceKlass java/nio/channels/ScatteringByteChannel
instanceKlass java/nio/channels/GatheringByteChannel
instanceKlass java/nio/channels/SeekableByteChannel
instanceKlass java/nio/channels/ByteChannel
instanceKlass java/nio/channels/WritableByteChannel
instanceKlass java/nio/channels/ReadableByteChannel
instanceKlass java/nio/channels/Channel
instanceKlass java/util/Formatter$Flags
instanceKlass java/util/Formattable
instanceKlass java/util/Formatter$FormatSpecifier
instanceKlass java/util/Formatter$Conversion
instanceKlass java/util/Formatter$FixedString
instanceKlass java/util/Formatter$FormatString
instanceKlass  @bci java/util/regex/CharPredicates ASCII_DIGIT ()Ljava/util/regex/Pattern$BmpCharPredicate; 0 <appendix> argL0 ; # java/util/regex/CharPredicates$$Lambda+0x800000025
instanceKlass java/util/regex/CharPredicates
instanceKlass  @bci java/util/regex/Pattern Single (I)Ljava/util/regex/Pattern$BmpCharPredicate; 1 <appendix> member <vmtarget> ; # java/util/regex/Pattern$$Lambda+0x800000029
instanceKlass java/util/Formatter
instanceKlass net/rubygrapefruit/platform/internal/LibraryDef
instanceKlass net/rubygrapefruit/platform/internal/NativeLibraryLocator
instanceKlass net/rubygrapefruit/platform/internal/NativeLibraryLoader
instanceKlass net/rubygrapefruit/platform/Process
instanceKlass net/rubygrapefruit/platform/internal/Platform
instanceKlass net/rubygrapefruit/platform/Native
instanceKlass java/lang/ProcessEnvironment$CheckedEntry
instanceKlass java/lang/ProcessEnvironment$CheckedEntrySet$1
instanceKlass java/lang/ProcessEnvironment$EntryComparator
instanceKlass java/lang/ProcessEnvironment$NameComparator
instanceKlass org/gradle/internal/service/ServiceRegistryBuilder
instanceKlass org/gradle/internal/nativeintegration/jansi/JansiLibraryFactory
instanceKlass org/gradle/internal/nativeintegration/jansi/JansiStorageLocator
instanceKlass org/gradle/internal/nativeintegration/jansi/JansiBootPathConfigurer
instanceKlass org/gradle/internal/nativeintegration/network/HostnameLookup
instanceKlass org/gradle/internal/nativeintegration/NativeCapabilities
instanceKlass org/gradle/internal/file/FileMetadataAccessor
instanceKlass net/rubygrapefruit/platform/ProcessLauncher
instanceKlass net/rubygrapefruit/platform/NativeIntegration
instanceKlass org/gradle/internal/nativeintegration/console/ConsoleDetector
instanceKlass org/gradle/internal/nativeintegration/ProcessEnvironment
instanceKlass org/gradle/internal/service/ServiceRegistry
instanceKlass org/gradle/internal/service/ServiceLookup
instanceKlass org/gradle/initialization/GradleUserHomeDirProvider
instanceKlass org/gradle/internal/nativeintegration/services/NativeServices
instanceKlass org/gradle/internal/service/ServiceRegistrationProvider
instanceKlass org/gradle/launcher/daemon/configuration/DefaultDaemonServerConfiguration
instanceKlass org/gradle/internal/serialize/AbstractDecoder
instanceKlass org/gradle/internal/serialize/Decoder
instanceKlass org/gradle/launcher/bootstrap/EntryPoint$RecordingExecutionListener
# instanceKlass java/lang/invoke/LambdaForm$MH+0x000001424d01cc00
# instanceKlass java/lang/invoke/LambdaForm$MH+0x000001424d01c800
# instanceKlass java/lang/invoke/LambdaForm$MH+0x000001424d01c400
instanceKlass org/gradle/internal/logging/events/operations/LogEventBuildOperationProgressDetails
instanceKlass org/gradle/internal/operations/logging/LogEventBuildOperationProgressDetails
instanceKlass org/gradle/internal/logging/slf4j/BuildOperationAwareLogger
instanceKlass org/slf4j/helpers/BasicMarker
instanceKlass org/slf4j/helpers/Reporter
instanceKlass org/gradle/internal/logging/sink/OutputEventRenderer$2
instanceKlass org/gradle/internal/dispatch/ReflectionDispatch
instanceKlass org/gradle/internal/logging/sink/OutputEventRenderer$1
instanceKlass org/gradle/internal/logging/sink/OutputEventRenderer$LazyListener
# instanceKlass java/lang/invoke/LambdaForm$MH+0x000001424d01c000
instanceKlass java/lang/reflect/Proxy$ProxyBuilder$1
instanceKlass jdk/internal/org/objectweb/asm/Edge
instanceKlass  @bci java/lang/reflect/ProxyGenerator addProxyMethod (Ljava/lang/reflect/Method;Ljava/lang/Class;)V 23 <appendix> argL0 ; # java/lang/reflect/ProxyGenerator$$Lambda+0x000001424d0513c0
instanceKlass  @bci java/lang/reflect/ProxyGenerator addProxyMethod (Ljava/lang/reflect/ProxyGenerator$ProxyMethod;)V 10 <appendix> argL0 ; # java/lang/reflect/ProxyGenerator$$Lambda+0x000001424d051190
instanceKlass java/util/StringJoiner
instanceKlass java/lang/reflect/ProxyGenerator$ProxyMethod
instanceKlass  @bci java/lang/reflect/Proxy getLoader (Ljava/lang/Module;)Ljava/lang/ClassLoader; 6 <appendix> member <vmtarget> ; # java/lang/reflect/Proxy$$Lambda+0x000001424d050818
instanceKlass  @bci java/lang/module/ModuleDescriptor$Builder packages (Ljava/util/Set;)Ljava/lang/module/ModuleDescriptor$Builder; 17 <appendix> argL0 ; # java/lang/module/ModuleDescriptor$Builder$$Lambda+0x800000002
instanceKlass jdk/internal/module/Checks
instanceKlass java/lang/module/ModuleDescriptor$Builder
instanceKlass  @bci java/lang/reflect/Proxy$ProxyBuilder getDynamicModule (Ljava/lang/ClassLoader;)Ljava/lang/Module; 4 <appendix> argL0 ; # java/lang/reflect/Proxy$ProxyBuilder$$Lambda+0x000001424d0503f8
instanceKlass java/lang/PublicMethods
instanceKlass java/lang/reflect/Proxy$ProxyBuilder
instanceKlass  @bci java/lang/reflect/Proxy getProxyConstructor (Ljava/lang/Class;Ljava/lang/ClassLoader;[Ljava/lang/Class;)Ljava/lang/reflect/Constructor; 35 <appendix> argL0 ; # java/lang/reflect/Proxy$$Lambda+0x000001424d04f188
instanceKlass java/lang/reflect/Proxy
instanceKlass org/gradle/internal/dispatch/ProxyDispatchAdapter$DispatchingInvocationHandler
instanceKlass java/lang/reflect/InvocationHandler
instanceKlass org/gradle/internal/dispatch/ProxyDispatchAdapter
instanceKlass org/gradle/internal/logging/events/operations/ProgressStartBuildOperationProgressDetails
instanceKlass org/gradle/internal/operations/logging/ProgressStartBuildOperationProgressDetails
instanceKlass org/gradle/internal/logging/sink/OutputEventTransformer
instanceKlass org/gradle/internal/exceptions/NonGradleCauseExceptionsHolder
instanceKlass org/gradle/internal/exceptions/MultiCauseException
instanceKlass org/gradle/internal/exceptions/ResolutionProvider
instanceKlass org/gradle/internal/event/AbstractBroadcastDispatch
instanceKlass org/gradle/internal/event/ListenerBroadcast
instanceKlass org/gradle/internal/dispatch/Dispatch
instanceKlass org/gradle/internal/nativeintegration/console/ConsoleMetaData
instanceKlass org/gradle/internal/logging/console/ColorMap
instanceKlass org/gradle/internal/logging/config/LoggingSystem$Snapshot
instanceKlass org/gradle/internal/logging/text/StyledTextOutput
instanceKlass org/gradle/internal/logging/format/LogHeaderFormatter
instanceKlass org/gradle/internal/Factory
instanceKlass org/gradle/api/logging/StandardOutputListener
instanceKlass org/gradle/internal/logging/events/InteractiveEvent
instanceKlass org/gradle/internal/logging/events/OutputEvent
instanceKlass org/gradle/internal/logging/sink/OutputEventRenderer
instanceKlass org/gradle/internal/logging/config/LoggingRouter
instanceKlass org/gradle/internal/logging/LoggingOutputInternal
instanceKlass org/gradle/api/logging/LoggingOutput
instanceKlass org/gradle/internal/logging/config/LoggingSystem
instanceKlass org/gradle/internal/logging/console/UserInputReceiver$Normalizer
instanceKlass org/gradle/internal/logging/console/DefaultUserInputReceiver
instanceKlass org/slf4j/spi/LoggingEventBuilder
instanceKlass org/gradle/internal/logging/slf4j/OutputEventListenerBackedLoggerContext$NoOpLogger
instanceKlass org/gradle/api/logging/Logger
instanceKlass java/lang/invoke/VarForm
instanceKlass java/lang/invoke/VarHandleGuards
instanceKlass java/lang/ClassValue$Version
instanceKlass java/lang/ClassValue$Identity
instanceKlass java/lang/ClassValue
instanceKlass java/lang/invoke/VarHandles
instanceKlass java/util/concurrent/atomic/AtomicReference
instanceKlass org/gradle/internal/time/TimeSource$1
instanceKlass org/gradle/internal/time/TimeSource
instanceKlass org/gradle/internal/time/MonotonicClock
instanceKlass org/gradle/internal/time/Clock
instanceKlass org/gradle/internal/time/CountdownTimer
instanceKlass org/gradle/internal/time/Timer
instanceKlass org/gradle/internal/time/Time
instanceKlass org/gradle/internal/logging/events/OutputEventListener
instanceKlass org/gradle/internal/logging/console/GlobalUserInputReceiver
instanceKlass org/gradle/internal/logging/slf4j/OutputEventListenerBackedLoggerContext
instanceKlass org/slf4j/MDC
instanceKlass java/util/ServiceLoader$ProviderImpl
instanceKlass java/util/ServiceLoader$Provider
instanceKlass java/util/ServiceLoader$1
instanceKlass org/gradle/internal/logging/slf4j/StaticLoggerProvider
instanceKlass java/util/LinkedHashMap$LinkedHashIterator
instanceKlass java/nio/charset/CoderResult
instanceKlass sun/net/www/protocol/jar/JarFileFactory
instanceKlass sun/net/www/protocol/jar/URLJarFile$URLJarFileCloseController
instanceKlass java/net/URLClassLoader$3$1
instanceKlass java/net/URLClassLoader$3
instanceKlass jdk/internal/loader/URLClassPath$1
instanceKlass java/lang/CompoundEnumeration
instanceKlass jdk/internal/loader/BuiltinClassLoader$1
instanceKlass java/util/Collections$EmptyEnumeration
instanceKlass java/util/ServiceLoader$3
instanceKlass java/util/ServiceLoader$2
instanceKlass java/util/ServiceLoader$LazyClassPathLookupIterator
instanceKlass java/util/Spliterators$1Adapter
instanceKlass java/util/ServiceLoader$ModuleServicesLookupIterator
instanceKlass java/util/ServiceLoader
instanceKlass org/slf4j/helpers/Util
instanceKlass org/slf4j/helpers/NOPMDCAdapter
instanceKlass org/slf4j/helpers/NOPLoggerFactory
instanceKlass org/slf4j/helpers/NOP_FallbackServiceProvider
instanceKlass org/slf4j/helpers/ThreadLocalMapOfStacks
instanceKlass org/slf4j/helpers/BasicMDCAdapter
instanceKlass org/slf4j/Marker
instanceKlass org/slf4j/helpers/BasicMarkerFactory
instanceKlass java/util/concurrent/LinkedBlockingQueue$Node
instanceKlass java/util/concurrent/BlockingQueue
instanceKlass org/slf4j/Logger
instanceKlass org/slf4j/helpers/SubstituteLoggerFactory
instanceKlass org/slf4j/spi/MDCAdapter
instanceKlass org/slf4j/ILoggerFactory
instanceKlass org/slf4j/helpers/SubstituteServiceProvider
instanceKlass org/slf4j/spi/SLF4JServiceProvider
instanceKlass org/slf4j/event/LoggingEvent
instanceKlass org/slf4j/LoggerFactory
instanceKlass org/slf4j/IMarkerFactory
instanceKlass org/slf4j/MarkerFactory
instanceKlass org/gradle/api/logging/Logging
instanceKlass org/gradle/launcher/daemon/configuration/DaemonServerConfiguration
instanceKlass org/gradle/launcher/bootstrap/ExecutionListener
instanceKlass org/gradle/api/Action
instanceKlass org/gradle/internal/logging/text/StyledTextOutputFactory
instanceKlass org/gradle/api/logging/configuration/LoggingConfiguration
instanceKlass org/gradle/initialization/BuildClientMetaData
instanceKlass org/gradle/internal/problems/failure/FailureFactory
instanceKlass java/util/TreeMap$PrivateEntryIterator
instanceKlass java/util/TreeMap$Entry
instanceKlass java/util/NavigableMap
instanceKlass java/util/SortedMap
instanceKlass java/util/NavigableSet
instanceKlass java/util/SortedSet
instanceKlass org/gradle/launcher/bootstrap/ExecutionCompleter
instanceKlass org/gradle/launcher/bootstrap/EntryPoint
instanceKlass  @bci java/io/FilePermissionCollection add (Ljava/security/Permission;)V 68 <appendix> argL0 ; # java/io/FilePermissionCollection$$Lambda+0x000001424d049310
instanceKlass java/security/Security$1
instanceKlass jdk/internal/access/JavaSecurityPropertiesAccess
instanceKlass java/util/concurrent/ConcurrentHashMap$MapEntry
instanceKlass  @bci java/security/Security <clinit> ()V 9 <appendix> argL0 ; # java/security/Security$$Lambda+0x80000000b
instanceKlass java/security/Security
instanceKlass sun/security/util/SecurityProperties
instanceKlass sun/security/util/FilePermCompat
instanceKlass java/io/FilePermission$1
instanceKlass jdk/internal/access/JavaIOFilePermissionAccess
instanceKlass sun/net/www/MessageHeader
instanceKlass java/net/URLConnection
instanceKlass java/net/URLClassLoader$1
instanceKlass org/gradle/internal/classloader/ClassLoaderSpec
instanceKlass org/gradle/internal/classloader/InstrumentingClassLoader
instanceKlass jdk/internal/jimage/ImageLocation
instanceKlass jdk/internal/jimage/decompressor/Decompressor
instanceKlass jdk/internal/jimage/ImageStringsReader
instanceKlass jdk/internal/jimage/ImageStrings
instanceKlass jdk/internal/jimage/ImageHeader
instanceKlass jdk/internal/jimage/NativeImageBuffer$1
instanceKlass jdk/internal/jimage/NativeImageBuffer
instanceKlass jdk/internal/jimage/BasicImageReader$1
instanceKlass jdk/internal/jimage/BasicImageReader
instanceKlass jdk/internal/jimage/ImageReader
instanceKlass jdk/internal/jimage/ImageReaderFactory$1
instanceKlass java/nio/file/FileSystems$DefaultFileSystemHolder$1
instanceKlass java/nio/file/FileSystems$DefaultFileSystemHolder
instanceKlass java/nio/file/FileSystems
instanceKlass java/nio/file/Paths
instanceKlass jdk/internal/jimage/ImageReaderFactory
instanceKlass jdk/internal/module/SystemModuleFinders$SystemImage
instanceKlass jdk/internal/module/SystemModuleFinders$SystemModuleReader
instanceKlass java/lang/module/ModuleReader
instanceKlass jdk/internal/loader/BuiltinClassLoader$5
instanceKlass jdk/internal/loader/BuiltinClassLoader$2
instanceKlass jdk/internal/module/Resources
instanceKlass java/util/Collections$EmptyIterator
instanceKlass java/util/Collections$1
instanceKlass org/gradle/internal/Cast
instanceKlass java/util/AbstractList$Itr
instanceKlass org/gradle/internal/classpath/TransformedClassPath
instanceKlass org/gradle/api/internal/classpath/DefaultModuleRegistry$DefaultModule
instanceKlass org/gradle/api/internal/classpath/Module
instanceKlass org/gradle/api/internal/classpath/DefaultModuleRegistry$DefaultModuleAlias
instanceKlass java/util/Arrays$ArrayItr
instanceKlass org/gradle/internal/classpath/DefaultClassPath$ImmutableUniqueList$Builder
instanceKlass java/io/FileInputStream$1
instanceKlass org/gradle/api/Action
instanceKlass org/gradle/internal/IoActions
instanceKlass java/util/Properties$LineReader
instanceKlass java/util/regex/Pattern$TreeInfo
instanceKlass  @bci java/util/regex/Pattern union (Ljava/util/regex/Pattern$CharPredicate;Ljava/util/regex/Pattern$CharPredicate;Z)Ljava/util/regex/Pattern$CharPredicate; 6 <appendix> member <vmtarget> ; # java/util/regex/Pattern$$Lambda+0x800000032
instanceKlass  @bci java/util/regex/Pattern Range (II)Ljava/util/regex/Pattern$CharPredicate; 23 <appendix> member <vmtarget> ; # java/util/regex/Pattern$$Lambda+0x80000002a
instanceKlass java/util/regex/Pattern$BitClass
instanceKlass java/util/regex/Pattern$BmpCharPredicate
instanceKlass java/util/regex/Pattern$CharPredicate
instanceKlass java/util/regex/Pattern$Node
instanceKlass java/util/regex/Pattern
instanceKlass org/gradle/util/internal/GUtil
instanceKlass  @bci org/gradle/api/internal/classpath/DefaultModuleRegistry findModule (Ljava/lang/String;)Lorg/gradle/api/internal/classpath/Module; 7 <appendix> member <vmtarget> ; # org/gradle/api/internal/classpath/DefaultModuleRegistry$$Lambda+0x000001424d007190
instanceKlass org/gradle/api/specs/Spec
instanceKlass org/gradle/internal/classpath/DefaultClassPath
instanceKlass org/gradle/internal/classpath/ClassPath
instanceKlass org/gradle/internal/service/CachingServiceLocator
instanceKlass java/io/Reader
instanceKlass java/lang/Readable
instanceKlass org/gradle/internal/service/DefaultServiceLocator
instanceKlass org/gradle/internal/service/ServiceLocator
instanceKlass org/gradle/internal/classloader/DefaultClassLoaderFactory
instanceKlass org/gradle/api/internal/DefaultClassPathProvider
instanceKlass org/gradle/api/internal/ClassPathProvider
instanceKlass org/gradle/api/internal/DefaultClassPathRegistry
instanceKlass org/gradle/internal/installation/GradleInstallation$1
instanceKlass java/io/FileFilter
instanceKlass org/gradle/internal/installation/GradleInstallation
instanceKlass java/net/URI$Parser
instanceKlass org/gradle/internal/classloader/ClasspathUtil
instanceKlass org/gradle/internal/installation/CurrentGradleInstallationLocator
instanceKlass org/gradle/internal/installation/CurrentGradleInstallation
instanceKlass org/gradle/api/internal/classpath/Module$ModuleAlias
instanceKlass org/gradle/api/internal/classpath/DefaultModuleRegistry
instanceKlass org/gradle/internal/classloader/ClassLoaderHierarchy
instanceKlass org/gradle/internal/classloader/ClassLoaderFactory
instanceKlass org/gradle/api/internal/ClassPathRegistry
instanceKlass org/gradle/api/internal/classpath/ModuleRegistry
instanceKlass org/gradle/launcher/bootstrap/ProcessBootstrap
instanceKlass jdk/internal/misc/PreviewFeatures
instanceKlass jdk/internal/misc/MainMethodFinder
instanceKlass org/gradle/launcher/daemon/bootstrap/GradleDaemon
instanceKlass sun/security/util/ManifestEntryVerifier
instanceKlass jdk/internal/misc/ThreadTracker
instanceKlass java/util/jar/JarFile$ThreadTrackHolder
instanceKlass sun/launcher/LauncherHelper
instanceKlass jdk/internal/vm/PostVMInitHook$1
instanceKlass jdk/internal/util/EnvUtils
instanceKlass jdk/internal/vm/PostVMInitHook$2
instanceKlass jdk/internal/vm/PostVMInitHook
instanceKlass  @bci jdk/internal/reflect/DirectConstructorHandleAccessor invokeImpl ([Ljava/lang/Object;)Ljava/lang/Object; 88 <adapter> ; # java/lang/invoke/LambdaForm$MH+0x000001424d002800
# instanceKlass java/lang/invoke/LambdaForm$MH+0x000001424d002400
# instanceKlass java/lang/invoke/LambdaForm$MH+0x000001424d002000
# instanceKlass java/lang/invoke/LambdaForm$MH+0x000001424d001c00
instanceKlass  @bci org/gradle/internal/locking/LockFileReaderWriter <clinit> ()V 49 <appendix> form vmentry <vmtarget> ; # java/lang/invoke/LambdaForm$MH+0x000001424d001800
# instanceKlass java/lang/invoke/LambdaForm$MH+0x000001424d001400
instanceKlass  @cpi org/gradle/internal/scripts/BuildScriptCompilationAndInstrumentation 345 form vmentry <vmtarget> ; # java/lang/invoke/LambdaForm$DMH+0x000001424d001000
instanceKlass java/lang/instrument/ClassFileTransformer
instanceKlass org/gradle/instrumentation/agent/Agent
instanceKlass java/security/SecureClassLoader$DebugHolder
instanceKlass java/security/Permission
instanceKlass java/security/Guard
instanceKlass java/security/PermissionCollection
instanceKlass java/security/SecureClassLoader$1
instanceKlass java/util/zip/Checksum$1
instanceKlass java/util/zip/CRC32
instanceKlass java/util/zip/Checksum
instanceKlass sun/nio/ByteBuffered
instanceKlass java/lang/Package$VersionInfo
instanceKlass java/lang/NamedPackage
instanceKlass jdk/internal/loader/Resource
instanceKlass java/util/StringTokenizer
instanceKlass java/util/jar/Attributes$Name
instanceKlass java/util/jar/Attributes
instanceKlass java/util/jar/JarVerifier
instanceKlass sun/security/action/GetIntegerAction
instanceKlass sun/security/util/Debug
instanceKlass sun/security/util/SignatureFileVerifier
instanceKlass java/util/zip/ZipFile$InflaterCleanupAction
instanceKlass java/util/zip/Inflater$InflaterZStreamRef
instanceKlass java/util/zip/Inflater
instanceKlass java/util/zip/ZipEntry
instanceKlass java/util/zip/ZipFile$2
instanceKlass java/nio/Bits$1
instanceKlass jdk/internal/misc/VM$BufferPool
instanceKlass java/nio/Bits
instanceKlass sun/nio/ch/DirectBuffer
instanceKlass jdk/internal/perf/PerfCounter$CoreCounters
instanceKlass jdk/internal/perf/Perf
instanceKlass jdk/internal/perf/Perf$GetPerfAction
instanceKlass jdk/internal/perf/PerfCounter
instanceKlass sun/util/locale/LocaleUtils
instanceKlass sun/util/locale/BaseLocale
instanceKlass java/util/Locale
instanceKlass java/nio/file/attribute/FileTime
instanceKlass java/util/zip/ZipUtils
instanceKlass java/util/zip/ZipFile$Source$End
instanceKlass java/io/RandomAccessFile$2
instanceKlass jdk/internal/access/JavaIORandomAccessFileAccess
instanceKlass java/io/RandomAccessFile
instanceKlass java/io/DataInput
instanceKlass java/io/DataOutput
instanceKlass sun/nio/fs/WindowsNativeDispatcher$CompletionStatus
instanceKlass sun/nio/fs/WindowsNativeDispatcher$AclInformation
instanceKlass sun/nio/fs/WindowsNativeDispatcher$Account
instanceKlass sun/nio/fs/WindowsNativeDispatcher$DiskFreeSpace
instanceKlass sun/nio/fs/WindowsNativeDispatcher$VolumeInformation
instanceKlass sun/nio/fs/WindowsNativeDispatcher$FirstStream
instanceKlass sun/nio/fs/WindowsNativeDispatcher$FirstFile
instanceKlass java/util/Enumeration
instanceKlass java/util/concurrent/ConcurrentHashMap$Traverser
instanceKlass java/util/concurrent/ForkJoinPool$ManagedBlocker
instanceKlass java/util/concurrent/locks/AbstractQueuedSynchronizer$Node
instanceKlass sun/nio/fs/WindowsNativeDispatcher
instanceKlass sun/nio/fs/NativeBuffer$Deallocator
instanceKlass sun/nio/fs/NativeBuffer
instanceKlass java/lang/ThreadLocal$ThreadLocalMap
instanceKlass java/lang/ThreadLocal
instanceKlass sun/nio/fs/NativeBuffers
instanceKlass sun/nio/fs/WindowsFileAttributes
instanceKlass java/nio/file/attribute/DosFileAttributes
instanceKlass sun/nio/fs/AbstractBasicFileAttributeView
instanceKlass sun/nio/fs/DynamicFileAttributeView
instanceKlass sun/nio/fs/WindowsFileAttributeViews
instanceKlass sun/nio/fs/Util
instanceKlass java/nio/file/attribute/BasicFileAttributeView
instanceKlass java/nio/file/attribute/FileAttributeView
instanceKlass java/nio/file/attribute/AttributeView
instanceKlass java/nio/file/Files
instanceKlass java/nio/file/CopyOption
instanceKlass java/nio/file/attribute/BasicFileAttributes
instanceKlass sun/nio/fs/WindowsPath
instanceKlass java/util/zip/ZipFile$Source$Key
instanceKlass sun/nio/fs/WindowsPathParser$Result
instanceKlass sun/nio/fs/WindowsPathParser
instanceKlass java/nio/file/FileSystem
instanceKlass java/nio/file/OpenOption
instanceKlass java/nio/file/spi/FileSystemProvider
instanceKlass sun/nio/fs/DefaultFileSystemProvider
instanceKlass java/util/zip/ZipFile$Source
instanceKlass java/lang/ref/Cleaner$Cleanable
instanceKlass jdk/internal/ref/CleanerImpl
instanceKlass java/lang/ref/Cleaner$1
instanceKlass java/lang/ref/Cleaner
instanceKlass jdk/internal/ref/CleanerFactory$1
instanceKlass java/util/concurrent/ThreadFactory
instanceKlass jdk/internal/ref/CleanerFactory
instanceKlass java/util/zip/ZipCoder
instanceKlass java/util/zip/ZipFile$CleanableResource
instanceKlass java/lang/Runtime$Version
instanceKlass java/util/jar/JavaUtilJarAccessImpl
instanceKlass jdk/internal/access/JavaUtilJarAccess
instanceKlass jdk/internal/loader/FileURLMapper
instanceKlass jdk/internal/loader/URLClassPath$JarLoader$1
instanceKlass java/util/zip/ZipFile$1
instanceKlass jdk/internal/access/JavaUtilZipFileAccess
instanceKlass java/util/zip/ZipFile
instanceKlass java/util/zip/ZipConstants
instanceKlass jdk/internal/loader/URLClassPath$Loader
instanceKlass jdk/internal/loader/URLClassPath$3
instanceKlass java/security/PrivilegedExceptionAction
instanceKlass sun/net/util/URLUtil
instanceKlass sun/instrument/TransformerManager$TransformerInfo
instanceKlass sun/instrument/TransformerManager
instanceKlass jdk/internal/loader/NativeLibraries$3
instanceKlass jdk/internal/loader/NativeLibrary
instanceKlass java/util/ArrayDeque$DeqIterator
instanceKlass jdk/internal/loader/NativeLibraries$NativeLibraryContext$1
instanceKlass jdk/internal/loader/NativeLibraries$NativeLibraryContext
instanceKlass jdk/internal/loader/NativeLibraries$2
instanceKlass jdk/internal/loader/NativeLibraries$1
instanceKlass jdk/internal/loader/NativeLibraries$LibraryPaths
instanceKlass  @bci sun/instrument/InstrumentationImpl <clinit> ()V 16 <appendix> argL0 ; # sun/instrument/InstrumentationImpl$$Lambda+0x000001424d042650
instanceKlass sun/instrument/InstrumentationImpl
instanceKlass java/lang/instrument/Instrumentation
instanceKlass java/lang/invoke/StringConcatFactory
instanceKlass jdk/internal/module/ModuleBootstrap$SafeModuleFinder
instanceKlass  @bci java/lang/WeakPairMap computeIfAbsent (Ljava/lang/Object;Ljava/lang/Object;Ljava/util/function/BiFunction;)Ljava/lang/Object; 18 <appendix> member <vmtarget> ; # java/lang/WeakPairMap$$Lambda+0x000001424d041f08
instanceKlass  @bci java/lang/Module implAddExportsOrOpens (Ljava/lang/String;Ljava/lang/Module;ZZ)V 145 <appendix> argL0 ; # java/lang/Module$$Lambda+0x000001424d0415f0
instanceKlass  @bci jdk/internal/module/ModuleBootstrap decode (Ljava/lang/String;Ljava/lang/String;Z)Ljava/util/Map; 193 <appendix> argL0 ; # jdk/internal/module/ModuleBootstrap$$Lambda+0x000001424d0413c0
instanceKlass java/lang/ModuleLayer$Controller
instanceKlass java/util/concurrent/CopyOnWriteArrayList
instanceKlass jdk/internal/module/ServicesCatalog$ServiceProvider
instanceKlass jdk/internal/loader/AbstractClassLoaderValue$Memoizer
instanceKlass jdk/internal/module/ModuleLoaderMap$Modules
instanceKlass jdk/internal/module/ModuleLoaderMap$Mapper
instanceKlass jdk/internal/module/ModuleLoaderMap
instanceKlass java/lang/module/ResolvedModule
instanceKlass java/util/Collections$UnmodifiableCollection$1
instanceKlass java/util/SequencedMap
instanceKlass java/util/SequencedSet
instanceKlass java/lang/ModuleLayer
instanceKlass java/util/ImmutableCollections$ListItr
instanceKlass java/util/ListIterator
instanceKlass java/lang/module/ModuleFinder$1
instanceKlass java/nio/file/Path
instanceKlass java/nio/file/Watchable
instanceKlass java/lang/module/Resolver
instanceKlass java/lang/module/Configuration
instanceKlass  @bci java/util/stream/FindOps$FindSink$OfRef <clinit> ()V 43 <appendix> argL0 ; # java/util/stream/FindOps$FindSink$OfRef$$Lambda+0x80000004c
instanceKlass  @bci java/util/stream/FindOps$FindSink$OfRef <clinit> ()V 38 <appendix> argL0 ; # java/util/stream/FindOps$FindSink$OfRef$$Lambda+0x80000004e
instanceKlass  @bci java/util/stream/FindOps$FindSink$OfRef <clinit> ()V 16 <appendix> argL0 ; # java/util/stream/FindOps$FindSink$OfRef$$Lambda+0x80000004d
instanceKlass  @bci java/util/stream/FindOps$FindSink$OfRef <clinit> ()V 11 <appendix> argL0 ; # java/util/stream/FindOps$FindSink$OfRef$$Lambda+0x80000004f
instanceKlass java/util/stream/FindOps$FindOp
instanceKlass java/util/stream/FindOps$FindSink
instanceKlass java/util/stream/FindOps
instanceKlass  @bci jdk/internal/module/DefaultRoots exportsAPI (Ljava/lang/module/ModuleDescriptor;)Z 9 <appendix> argL0 ; # jdk/internal/module/DefaultRoots$$Lambda+0x800000055
instanceKlass java/util/stream/Sink$ChainedReference
instanceKlass java/util/stream/ReduceOps$AccumulatingSink
instanceKlass java/util/stream/TerminalSink
instanceKlass java/util/stream/Sink
instanceKlass java/util/function/Consumer
instanceKlass java/util/stream/ReduceOps$Box
instanceKlass java/util/stream/ReduceOps$ReduceOp
instanceKlass java/util/stream/TerminalOp
instanceKlass java/util/stream/ReduceOps
instanceKlass  @bci java/util/stream/Collectors castingIdentity ()Ljava/util/function/Function; 0 <appendix> argL0 ; # java/util/stream/Collectors$$Lambda+0x800000042
instanceKlass  @bci java/util/stream/Collectors toSet ()Ljava/util/stream/Collector; 14 <appendix> argL0 ; # java/util/stream/Collectors$$Lambda+0x800000040
instanceKlass java/util/function/BinaryOperator
instanceKlass  @bci java/util/stream/Collectors toSet ()Ljava/util/stream/Collector; 9 <appendix> argL0 ; # java/util/stream/Collectors$$Lambda+0x800000039
instanceKlass java/util/function/BiConsumer
instanceKlass  @bci java/util/stream/Collectors toSet ()Ljava/util/stream/Collector; 4 <appendix> argL0 ; # java/util/stream/Collectors$$Lambda+0x800000045
instanceKlass java/util/stream/Collector
instanceKlass java/util/Collections$UnmodifiableCollection
instanceKlass java/util/stream/Collectors
instanceKlass  @bci jdk/internal/module/DefaultRoots compute (Ljava/lang/module/ModuleFinder;Ljava/lang/module/ModuleFinder;)Ljava/util/Set; 42 <appendix> argL0 ; # jdk/internal/module/DefaultRoots$$Lambda+0x800000052
instanceKlass  @bci jdk/internal/module/DefaultRoots compute (Ljava/lang/module/ModuleFinder;Ljava/lang/module/ModuleFinder;)Ljava/util/Set; 32 <appendix> member <vmtarget> ; # jdk/internal/module/DefaultRoots$$Lambda+0x800000056
instanceKlass  @bci jdk/internal/module/DefaultRoots compute (Ljava/lang/module/ModuleFinder;Ljava/lang/module/ModuleFinder;)Ljava/util/Set; 21 <appendix> argL0 ; # jdk/internal/module/DefaultRoots$$Lambda+0x800000053
instanceKlass  @bci org/gradle/initialization/BuildStructureOperationProject <clinit> ()V 0 <appendix> form vmentry <vmtarget> ; # java/lang/invoke/LambdaForm$MH+0x000001424d000800
instanceKlass  @bci jdk/internal/module/DefaultRoots compute (Ljava/lang/module/ModuleFinder;Ljava/lang/module/ModuleFinder;)Ljava/util/Set; 11 <appendix> argL0 ; # jdk/internal/module/DefaultRoots$$Lambda+0x800000054
instanceKlass java/lang/invoke/LambdaProxyClassArchive
instanceKlass java/lang/invoke/InfoFromMemberName
instanceKlass java/lang/invoke/MethodHandleInfo
instanceKlass jdk/internal/org/objectweb/asm/ConstantDynamic
instanceKlass jdk/internal/org/objectweb/asm/Handle
instanceKlass sun/security/action/GetBooleanAction
instanceKlass java/lang/invoke/AbstractValidatingLambdaMetafactory
instanceKlass java/lang/invoke/BootstrapMethodInvoker
instanceKlass java/util/function/Predicate
instanceKlass java/lang/WeakPairMap$Pair$Lookup
instanceKlass java/lang/WeakPairMap$Pair
instanceKlass java/lang/WeakPairMap
instanceKlass java/lang/Module$ReflectionData
instanceKlass java/lang/invoke/LambdaMetafactory
# instanceKlass java/lang/invoke/LambdaForm$MH+0x000001424d000400
instanceKlass java/lang/invoke/MethodHandles$Lookup$ClassDefiner
instanceKlass java/lang/invoke/MethodHandles$Lookup$ClassFile
instanceKlass jdk/internal/org/objectweb/asm/Handler
instanceKlass jdk/internal/org/objectweb/asm/Attribute
instanceKlass jdk/internal/org/objectweb/asm/FieldVisitor
instanceKlass java/util/ArrayList$Itr
instanceKlass sun/invoke/empty/Empty
instanceKlass sun/invoke/util/VerifyType
instanceKlass java/lang/invoke/InvokerBytecodeGenerator$ClassData
instanceKlass jdk/internal/org/objectweb/asm/AnnotationVisitor
instanceKlass jdk/internal/org/objectweb/asm/Frame
instanceKlass jdk/internal/org/objectweb/asm/Label
instanceKlass jdk/internal/org/objectweb/asm/Type
instanceKlass jdk/internal/org/objectweb/asm/MethodVisitor
instanceKlass sun/invoke/util/BytecodeDescriptor
instanceKlass jdk/internal/org/objectweb/asm/ByteVector
instanceKlass jdk/internal/org/objectweb/asm/Symbol
instanceKlass jdk/internal/org/objectweb/asm/SymbolTable
instanceKlass jdk/internal/org/objectweb/asm/ClassVisitor
instanceKlass java/lang/invoke/LambdaFormBuffer
instanceKlass java/lang/invoke/LambdaFormEditor$TransformKey
instanceKlass java/lang/invoke/LambdaFormEditor
instanceKlass java/lang/invoke/Invokers$Holder
instanceKlass java/lang/invoke/DelegatingMethodHandle$Holder
instanceKlass java/lang/invoke/DirectMethodHandle$2
instanceKlass java/lang/invoke/ClassSpecializer$Factory
instanceKlass java/lang/invoke/ClassSpecializer$SpeciesData
instanceKlass java/lang/invoke/ClassSpecializer$1
instanceKlass java/lang/invoke/ClassSpecializer
instanceKlass java/lang/invoke/InvokerBytecodeGenerator$1
instanceKlass java/lang/invoke/InvokerBytecodeGenerator
instanceKlass java/lang/invoke/LambdaForm$Holder
instanceKlass java/lang/invoke/LambdaForm$Name
instanceKlass java/lang/reflect/Array
instanceKlass java/lang/invoke/Invokers
instanceKlass sun/invoke/util/ValueConversions
instanceKlass java/lang/invoke/DirectMethodHandle$Holder
instanceKlass java/lang/Void
instanceKlass sun/invoke/util/Wrapper$Format
instanceKlass java/lang/invoke/MethodHandleImpl$1
instanceKlass jdk/internal/access/JavaLangInvokeAccess
instanceKlass java/lang/invoke/LambdaForm$NamedFunction
instanceKlass java/lang/invoke/MethodHandleImpl
instanceKlass jdk/internal/reflect/MethodHandleAccessorFactory$LazyStaticHolder
instanceKlass java/lang/invoke/MethodTypeForm
instanceKlass java/lang/invoke/MethodType$ConcurrentWeakInternSet
instanceKlass sun/reflect/annotation/AnnotationParser
instanceKlass java/lang/Class$3
instanceKlass java/lang/PublicMethods$Key
instanceKlass java/lang/PublicMethods$MethodList
instanceKlass java/util/EnumMap$1
instanceKlass java/util/stream/StreamOpFlag$MaskBuilder
instanceKlass java/util/stream/Stream
instanceKlass java/util/stream/BaseStream
instanceKlass java/util/stream/PipelineHelper
instanceKlass java/util/stream/StreamSupport
instanceKlass java/util/Spliterators$IteratorSpliterator
instanceKlass java/util/Spliterator$OfDouble
instanceKlass java/util/Spliterator$OfLong
instanceKlass java/util/Spliterator$OfInt
instanceKlass java/util/Spliterator$OfPrimitive
instanceKlass java/util/Spliterator
instanceKlass java/util/Spliterators$EmptySpliterator
instanceKlass java/util/Spliterators
instanceKlass jdk/internal/module/DefaultRoots
instanceKlass jdk/internal/loader/BuiltinClassLoader$LoadedModule
instanceKlass jdk/internal/loader/AbstractClassLoaderValue
instanceKlass jdk/internal/module/ServicesCatalog
instanceKlass java/util/Deque
instanceKlass java/util/Queue
instanceKlass sun/net/util/IPAddressUtil$MASKS
instanceKlass sun/net/util/IPAddressUtil
instanceKlass java/net/URLStreamHandler
instanceKlass sun/net/www/ParseUtil
instanceKlass jdk/internal/misc/Blocker
instanceKlass java/net/URL$3
instanceKlass jdk/internal/access/JavaNetURLAccess
instanceKlass java/net/URL$DefaultFactory
instanceKlass java/net/URLStreamHandlerFactory
instanceKlass jdk/internal/loader/URLClassPath
instanceKlass java/security/Principal
instanceKlass java/security/ProtectionDomain$Key
instanceKlass java/security/ProtectionDomain$JavaSecurityAccessImpl
instanceKlass jdk/internal/access/JavaSecurityAccess
instanceKlass java/lang/ClassLoader$ParallelLoaders
instanceKlass java/security/cert/Certificate
instanceKlass jdk/internal/loader/ArchivedClassLoaders
instanceKlass java/util/concurrent/ConcurrentHashMap$CollectionView
instanceKlass jdk/internal/loader/ClassLoaderHelper
instanceKlass jdk/internal/loader/NativeLibraries
instanceKlass java/lang/Module$EnableNativeAccess
instanceKlass jdk/internal/loader/BootLoader
instanceKlass java/util/Optional
instanceKlass jdk/internal/module/SystemModuleFinders$SystemModuleFinder
instanceKlass java/lang/module/ModuleFinder
instanceKlass jdk/internal/module/SystemModuleFinders$3
instanceKlass jdk/internal/module/ModuleHashes$HashSupplier
instanceKlass jdk/internal/module/SystemModuleFinders$2
instanceKlass java/util/function/Supplier
instanceKlass java/lang/module/ModuleReference
instanceKlass jdk/internal/module/ModuleResolution
instanceKlass java/util/Collections$UnmodifiableMap
instanceKlass jdk/internal/module/ModuleHashes$Builder
instanceKlass jdk/internal/module/ModuleHashes
instanceKlass jdk/internal/module/ModuleTarget
instanceKlass java/util/ImmutableCollections$Set12$1
instanceKlass java/lang/reflect/AccessFlag$18
instanceKlass java/lang/reflect/AccessFlag$17
instanceKlass java/lang/reflect/AccessFlag$16
instanceKlass java/lang/reflect/AccessFlag$15
instanceKlass java/lang/reflect/AccessFlag$14
instanceKlass java/lang/reflect/AccessFlag$13
instanceKlass java/lang/reflect/AccessFlag$12
instanceKlass java/lang/reflect/AccessFlag$11
instanceKlass java/lang/reflect/AccessFlag$10
instanceKlass java/lang/reflect/AccessFlag$9
instanceKlass java/lang/reflect/AccessFlag$8
instanceKlass java/lang/reflect/AccessFlag$7
instanceKlass java/lang/reflect/AccessFlag$6
instanceKlass java/lang/reflect/AccessFlag$5
instanceKlass java/lang/reflect/AccessFlag$4
instanceKlass java/lang/reflect/AccessFlag$3
instanceKlass java/lang/reflect/AccessFlag$2
instanceKlass java/lang/reflect/AccessFlag$1
instanceKlass java/lang/module/ModuleDescriptor$Version
instanceKlass java/lang/module/ModuleDescriptor$Provides
instanceKlass java/lang/module/ModuleDescriptor$Opens
instanceKlass java/util/ImmutableCollections$SetN$SetNIterator
instanceKlass java/lang/module/ModuleDescriptor$Exports
instanceKlass java/lang/module/ModuleDescriptor$Requires
instanceKlass jdk/internal/module/Builder
instanceKlass jdk/internal/module/SystemModules$all
instanceKlass jdk/internal/module/SystemModules
instanceKlass jdk/internal/module/SystemModulesMap
instanceKlass java/net/URI$1
instanceKlass jdk/internal/access/JavaNetUriAccess
instanceKlass java/net/URI
instanceKlass jdk/internal/module/SystemModuleFinders
instanceKlass jdk/internal/module/ArchivedModuleGraph
instanceKlass jdk/internal/module/ArchivedBootLayer
instanceKlass jdk/internal/module/ModuleBootstrap$Counters
instanceKlass jdk/internal/module/ModulePatcher
instanceKlass java/io/FileSystem
instanceKlass java/io/DefaultFileSystem
instanceKlass java/io/File
instanceKlass java/lang/module/ModuleDescriptor$1
instanceKlass jdk/internal/access/JavaLangModuleAccess
instanceKlass sun/invoke/util/VerifyAccess
instanceKlass java/util/KeyValueHolder
instanceKlass java/util/ImmutableCollections$MapN$MapNIterator
instanceKlass java/lang/StrictMath
instanceKlass java/lang/invoke/MethodHandles$Lookup
instanceKlass java/lang/invoke/MemberName$Factory
instanceKlass java/lang/invoke/MethodHandles
instanceKlass java/lang/module/ModuleDescriptor
instanceKlass jdk/internal/module/ModuleBootstrap
instanceKlass java/lang/Character$CharacterCache
instanceKlass java/util/HexFormat
instanceKlass jdk/internal/util/ClassFileDumper
instanceKlass sun/security/action/GetPropertyAction
instanceKlass java/lang/invoke/MethodHandleStatics
instanceKlass java/util/concurrent/locks/AbstractQueuedSynchronizer$ConditionObject
instanceKlass java/util/concurrent/locks/Condition
instanceKlass java/util/Collections
instanceKlass java/lang/Thread$ThreadIdentifiers
instanceKlass sun/io/Win32ErrorMode
instanceKlass jdk/internal/misc/OSEnvironment
instanceKlass java/lang/Integer$IntegerCache
instanceKlass jdk/internal/misc/Signal$NativeHandler
instanceKlass java/util/Hashtable$Entry
instanceKlass jdk/internal/misc/Signal
instanceKlass java/lang/Terminator$1
instanceKlass jdk/internal/misc/Signal$Handler
instanceKlass java/lang/Terminator
instanceKlass java/nio/ByteOrder
instanceKlass java/nio/Buffer$2
instanceKlass jdk/internal/access/JavaNioAccess
instanceKlass java/nio/Buffer$1
instanceKlass jdk/internal/misc/ScopedMemoryAccess
instanceKlass sun/nio/cs/ArrayEncoder
instanceKlass java/nio/charset/CharsetEncoder
instanceKlass java/io/Writer
instanceKlass java/io/PrintStream$1
instanceKlass jdk/internal/access/JavaIOPrintStreamAccess
instanceKlass jdk/internal/misc/InternalLock
instanceKlass java/io/OutputStream
instanceKlass java/io/Flushable
instanceKlass java/io/FileDescriptor$1
instanceKlass jdk/internal/access/JavaIOFileDescriptorAccess
instanceKlass java/io/FileDescriptor
instanceKlass jdk/internal/util/StaticProperty
instanceKlass java/util/HashMap$HashIterator
instanceKlass java/util/concurrent/locks/LockSupport
instanceKlass java/util/concurrent/ConcurrentHashMap$Node
instanceKlass java/util/concurrent/ConcurrentHashMap$CounterCell
instanceKlass java/util/concurrent/locks/ReentrantLock
instanceKlass java/util/concurrent/locks/Lock
instanceKlass java/lang/CharacterData
instanceKlass java/lang/Runtime
instanceKlass java/lang/VersionProps
instanceKlass java/lang/StringConcatHelper
instanceKlass java/util/HashMap$Node
instanceKlass java/util/Map$Entry
instanceKlass java/lang/StringCoding
instanceKlass java/nio/charset/CodingErrorAction
instanceKlass sun/nio/cs/SingleByte
instanceKlass java/lang/StringUTF16
instanceKlass sun/nio/cs/MS1258$Holder
instanceKlass sun/nio/cs/ArrayDecoder
instanceKlass java/nio/charset/CharsetDecoder
instanceKlass jdk/internal/reflect/MethodHandleAccessorFactory
instanceKlass java/lang/reflect/Modifier
instanceKlass java/lang/Class$1
instanceKlass java/lang/Class$Atomic
instanceKlass java/lang/Class$ReflectionData
instanceKlass java/nio/charset/StandardCharsets
instanceKlass sun/nio/cs/HistoricallyNamedCharset
instanceKlass jdk/internal/util/ArraysSupport
instanceKlass java/util/Arrays
instanceKlass jdk/internal/util/Preconditions$3
instanceKlass jdk/internal/util/Preconditions$2
instanceKlass jdk/internal/util/Preconditions$4
instanceKlass java/util/function/BiFunction
instanceKlass jdk/internal/util/Preconditions$1
instanceKlass java/util/function/Function
instanceKlass jdk/internal/util/Preconditions
instanceKlass java/nio/charset/spi/CharsetProvider
instanceKlass java/nio/charset/Charset
instanceKlass jdk/internal/util/SystemProps$Raw
instanceKlass jdk/internal/util/SystemProps
instanceKlass java/lang/System$2
instanceKlass jdk/internal/access/JavaLangAccess
instanceKlass java/lang/ref/NativeReferenceQueue$Lock
instanceKlass java/lang/ref/ReferenceQueue
instanceKlass java/lang/ref/Reference$1
instanceKlass jdk/internal/access/JavaLangRefAccess
instanceKlass jdk/internal/reflect/ReflectionFactory
instanceKlass java/lang/Math
instanceKlass java/lang/StringLatin1
instanceKlass jdk/internal/reflect/Reflection
instanceKlass jdk/internal/reflect/ReflectionFactory$GetReflectionFactoryAction
instanceKlass java/security/PrivilegedAction
instanceKlass jdk/internal/access/SharedSecrets
instanceKlass java/lang/reflect/ReflectAccess
instanceKlass jdk/internal/access/JavaLangReflectAccess
instanceKlass java/util/ImmutableCollections
instanceKlass java/util/Objects
instanceKlass java/util/Set
instanceKlass jdk/internal/misc/CDS
instanceKlass java/lang/Module$ArchivedData
instanceKlass jdk/internal/misc/VM
instanceKlass java/lang/String$CaseInsensitiveComparator
instanceKlass java/util/Comparator
instanceKlass java/io/ObjectStreamField
instanceKlass jdk/internal/vm/FillerObject
instanceKlass jdk/internal/vm/vector/VectorSupport$VectorPayload
instanceKlass jdk/internal/vm/vector/VectorSupport
instanceKlass java/lang/reflect/RecordComponent
instanceKlass java/util/Iterator
instanceKlass java/lang/Number
instanceKlass java/lang/Character
instanceKlass java/lang/Boolean
instanceKlass java/util/concurrent/locks/AbstractOwnableSynchronizer
instanceKlass java/lang/LiveStackFrame
instanceKlass java/lang/StackFrameInfo
instanceKlass java/lang/StackWalker$StackFrame
instanceKlass java/lang/StackStreamFactory$AbstractStackWalker
instanceKlass java/lang/StackWalker
instanceKlass java/nio/Buffer
instanceKlass java/lang/StackTraceElement
instanceKlass java/util/RandomAccess
instanceKlass java/util/List
instanceKlass java/util/SequencedCollection
instanceKlass java/util/AbstractCollection
instanceKlass java/util/Collection
instanceKlass java/lang/Iterable
instanceKlass java/util/concurrent/ConcurrentMap
instanceKlass java/util/AbstractMap
instanceKlass java/security/CodeSource
instanceKlass jdk/internal/loader/ClassLoaders
instanceKlass java/util/jar/Manifest
instanceKlass java/lang/Enum
instanceKlass java/net/URL
instanceKlass java/io/InputStream
instanceKlass java/io/Closeable
instanceKlass java/lang/AutoCloseable
instanceKlass jdk/internal/module/Modules
instanceKlass jdk/internal/misc/Unsafe
instanceKlass jdk/internal/misc/UnsafeConstants
instanceKlass java/lang/AbstractStringBuilder
instanceKlass java/lang/Appendable
instanceKlass java/lang/AssertionStatusDirectives
instanceKlass jdk/internal/foreign/abi/ABIDescriptor
instanceKlass jdk/internal/foreign/abi/NativeEntryPoint
instanceKlass java/lang/invoke/CallSite
instanceKlass java/lang/invoke/MethodType
instanceKlass java/lang/invoke/TypeDescriptor$OfMethod
instanceKlass java/lang/invoke/LambdaForm
instanceKlass java/lang/invoke/MethodHandleNatives
instanceKlass java/lang/invoke/ResolvedMethodName
instanceKlass java/lang/invoke/MemberName
instanceKlass java/lang/invoke/VarHandle
instanceKlass java/lang/invoke/MethodHandle
instanceKlass jdk/internal/reflect/CallerSensitive
instanceKlass java/lang/annotation/Annotation
instanceKlass jdk/internal/reflect/FieldAccessor
instanceKlass jdk/internal/reflect/ConstantPool
instanceKlass jdk/internal/reflect/ConstructorAccessor
instanceKlass jdk/internal/reflect/MethodAccessor
instanceKlass jdk/internal/reflect/MagicAccessorImpl
instanceKlass jdk/internal/vm/StackChunk
instanceKlass jdk/internal/vm/Continuation
instanceKlass jdk/internal/vm/ContinuationScope
instanceKlass java/lang/reflect/Parameter
instanceKlass java/lang/reflect/Member
instanceKlass java/lang/reflect/AccessibleObject
instanceKlass java/lang/Module
instanceKlass java/util/Map
instanceKlass java/util/Dictionary
instanceKlass java/lang/ThreadGroup
instanceKlass java/lang/Thread$UncaughtExceptionHandler
instanceKlass java/lang/Thread$Constants
instanceKlass java/lang/Thread$FieldHolder
instanceKlass java/lang/Thread
instanceKlass java/lang/Runnable
instanceKlass java/lang/ref/Reference
instanceKlass java/lang/Record
instanceKlass java/security/AccessController
instanceKlass java/security/AccessControlContext
instanceKlass java/security/ProtectionDomain
instanceKlass java/lang/SecurityManager
instanceKlass java/lang/Throwable
instanceKlass java/lang/System
instanceKlass java/lang/ClassLoader
instanceKlass java/lang/Cloneable
instanceKlass java/lang/Class
instanceKlass java/lang/invoke/TypeDescriptor$OfField
instanceKlass java/lang/invoke/TypeDescriptor
instanceKlass java/lang/reflect/Type
instanceKlass java/lang/reflect/GenericDeclaration
instanceKlass java/lang/reflect/AnnotatedElement
instanceKlass java/lang/String
instanceKlass java/lang/constant/ConstantDesc
instanceKlass java/lang/constant/Constable
instanceKlass java/lang/CharSequence
instanceKlass java/lang/Comparable
instanceKlass java/io/Serializable
ciInstanceKlass java/lang/Object 1 1 124 7 1 10 12 1 1 10 7 12 1 1 1 10 7 12 1 1 1 10 12 1 1 8 1 10 12 1 1 10 7 12 1 1 1 10 12 1 10 12 1 1 10 7 12 1 1 1 10 12 1 10 12 1 7 1 10 7 12 1 1 1 10 12 1 1 10 12 1 100 1 8 1 10 12 1 3 8 1 7 1 5 0 1 1 1 1 1 1 1 1 1 1 1 1 1 1 1 1 7 1 1 1 1 1 1 1 1 1 1 7 1 1 1 1 1 1 1 1 1 1 3 1 1
ciMethod java/lang/Object equals (Ljava/lang/Object;)Z 1024 0 20966 0 88
ciMethod java/lang/Object hashCode ()I 256 0 128 0 -1
ciMethod java/lang/Object clone ()Ljava/lang/Object; 256 0 128 0 -1
ciInstanceKlass java/io/Serializable 1 0 7 100 1 100 1 1 1
ciInstanceKlass java/lang/System 1 1 834 10 7 12 1 1 1 9 7 12 1 1 1 10 12 1 10 12 1 1 10 12 1 1 10 12 1 9 12 1 1 10 7 12 1 1 1 11 100 12 1 1 1 10 100 12 1 1 1 10 12 1 1 10 12 1 1 100 1 8 1 10 12 1 10 7 12 1 1 1 10 100 12 1 1 1 18 12 1 1 10 7 12 1 1 1 7 1 10 12 1 1 10 7 12 1 1 1 10 12 1 10 7 12 1 1 1 9 100 12 1 1 1 10 7 12 1 1 1 11 7 12 1 1 1 10 12 1 1 10 7 12 1 1 1 7 1 10 10 12 1 1 8 1 10 12 1 8 1 10 12 1 9 12 1 1 8 1 10 7 12 1 1 1 10 12 1 1 100 1 8 1 10 9 12 1 1 8 1 10 12 1 1 10 100 12 1 1 1 8 1 10 12 1 7 1 10 12 1 8 1 10 12 1 10 12 1 1 100 1 10 12 10 12 1 9 12 1 1 9 12 1 1 10 7 12 1 1 1 10 7 12 1 1 1 10 12 1 1 10 12 1 10 12 1 10 7 12 1 1 1 10 12 1 100 1 100 1 8 1 10 12 1 10 12 1 1 7 1 10 12 1 100 1 8 1 10 10 12 1 100 1 8 1 10 8 1 10 7 12 1 1 8 1 10 12 100 1 8 1 10 10 12 1 1 10 100 12 1 1 1 100 1 18 12 1 100 1 9 100 12 1 1 1 10 12 1 100 1 10 12 1 1 10 12 1 1 10 7 12 1 1 1 10 12 1 1 10 12 1 10 12 1 10 12 1 1 10 12 1 7 1 10 12 1 9 7 12 1 1 1 10 7 12 1 1 1 10 12 1 10 12 1 10 7 12 1 1 1 7 1 8 1 10 9 12 1 9 12 1 10 12 1 10 7 12 1 1 10 12 1 10 12 1 1 8 1 10 12 1 1 8 1 11 12 1 10 12 11 12 1 1 11 7 12 1 1 1 11 7 12 1 1 11 12 1 1 7 1 11 12 1 10 12 1 8 1 10 12 1 1 8 1 8 1 8 1 8 1 11 12 1 10 12 1 10 12 1 10 12 1 8 1 10 12 1 1 8 1 9 12 1 8 1 10 7 12 1 1 8 1 7 1 9 7 12 1 1 1 10 12 1 7 1 9 12 10 9 12 7 1 10 12 9 12 1 1 8 1 10 12 1 1 8 1 10 7 12 1 1 10 12 1 10 12 1 1 11 7 12 1 1 10 12 10 7 12 1 1 1 9 12 1 1 7 1 8 1 10 12 1 1 10 7 12 1 1 1 7 1 10 12 1 1 10 12 1 8 1 8 1 10 8 1 8 1 8 1 8 1 10 10 7 12 1 1 10 12 1 10 12 1 1 10 12 1 1 10 12 1 10 100 12 1 1 1 10 7 1 8 1 10 10 10 12 1 1 10 12 1 1 8 1 10 12 1 8 1 8 1 10 12 1 10 7 12 1 1 1 10 12 1 1 7 1 10 10 12 1 10 12 1 9 12 1 1 3 1 3 1 1 1 1 1 1 1 1 1 1 1 1 100 1 1 100 1 1 1 1 1 1 1 1 1 1 1 100 1 7 1 1 1 1 1 1 1 1 1 1 1 1 1 1 1 1 1 1 1 1 1 1 1 1 1 1 1 1 1 1 1 1 1 1 1 1 1 1 1 1 1 1 1 1 1 1 1 1 1 1 1 1 1 1 1 1 1 1 100 1 1 1 1 1 1 1 1 1 1 1 1 1 1 1 1 1 1 1 1 1 1 1 1 1 1 1 1 1 1 1 1 1 100 1 1 16 15 10 12 1 1 16 15 10 12 16 1 15 10 100 12 1 1 1 1 1 1 1 1 1 100 1 100 1 1
staticfield java/lang/System in Ljava/io/InputStream; org/gradle/internal/daemon/clientinput/StdInStream
staticfield java/lang/System out Ljava/io/PrintStream; org/gradle/internal/io/LinePerThreadBufferingOutputStream
staticfield java/lang/System err Ljava/io/PrintStream; org/gradle/internal/io/LinePerThreadBufferingOutputStream
instanceKlass org/codehaus/groovy/reflection/ReflectionUtils$ClassContextHelper
ciInstanceKlass java/lang/SecurityManager 1 1 576 10 7 12 1 1 1 9 7 12 1 1 1 10 7 12 1 1 1 100 1 8 1 10 12 1 10 12 1 1 10 7 12 1 1 1 10 7 1 10 100 1 10 9 100 12 1 1 1 10 7 12 1 1 1 10 12 1 1 10 7 12 1 1 100 1 8 1 10 9 12 1 1 9 12 1 8 1 9 12 1 7 1 10 8 1 10 12 1 1 10 12 1 10 12 1 1 100 1 10 10 12 1 1 100 1 8 1 10 12 1 8 1 8 1 8 1 8 1 8 1 8 1 10 12 1 8 1 8 1 8 1 8 1 8 1 10 7 12 1 1 1 10 12 1 1 8 1 100 1 8 1 10 8 1 8 1 8 1 8 1 8 1 10 100 12 1 1 8 1 100 1 8 1 8 1 10 8 1 10 12 1 100 1 8 1 10 10 12 1 1 10 12 1 10 12 1 10 12 1 10 7 12 1 1 1 10 12 1 10 7 12 1 1 11 7 12 1 1 1 18 12 1 1 11 7 12 1 1 1 18 12 1 1 11 12 1 1 18 18 11 12 1 18 12 1 11 12 1 1 9 12 1 1 9 12 1 9 12 1 9 12 1 7 1 10 7 12 1 1 10 12 1 10 12 1 18 12 1 18 10 7 12 1 1 1 18 12 1 10 12 1 18 18 8 1 10 12 1 9 12 1 1 11 7 12 1 1 1 8 1 100 1 10 12 1 10 12 1 1 10 12 1 1 9 12 1 1 10 12 1 10 12 1 1 8 1 100 1 10 9 12 1 8 1 10 12 1 8 1 100 1 10 10 7 12 1 1 10 7 1 9 7 12 1 1 1 11 12 1 1 10 12 1 11 12 1 10 12 1 7 1 10 10 12 1 1 10 12 1 1 1 1 1 1 1 1 1 1 1 7 1 1 1 1 1 1 1 1 1 1 1 1 1 1 1 1 1 1 1 1 1 1 1 1 1 1 1 1 1 1 1 1 1 1 1 1 1 1 1 1 1 1 1 1 1 1 1 1 1 1 1 1 1 1 1 1 3 1 1 1 1 1 1 1 1 1 1 100 1 1 1 1 1 1 1 1 1 1 1 1 1 1 1 1 1 1 1 1 1 1 1 1 1 1 1 1 1 1 1 1 1 1 1 1 1 1 16 15 10 7 12 1 1 1 16 1 16 15 10 12 16 1 15 10 12 16 15 11 7 1 16 1 16 1 15 10 12 16 15 10 12 16 15 10 12 1 16 1 15 11 12 1 15 10 12 16 15 10 16 1 15 10 7 12 1 1 1 1 1 1 100 1 100 1 1
staticfield java/lang/SecurityManager packageAccessLock Ljava/lang/Object; java/lang/Object
staticfield java/lang/SecurityManager packageDefinitionLock Ljava/lang/Object; java/lang/Object
staticfield java/lang/SecurityManager nonExportedPkgs Ljava/util/Map; java/util/concurrent/ConcurrentHashMap
ciInstanceKlass java/security/AccessController 1 1 295 10 7 12 1 1 1 10 7 12 1 1 1 10 7 12 1 1 1 10 12 1 1 10 12 1 1 10 7 12 1 1 1 10 12 1 1 10 12 1 10 12 1 1 10 12 1 100 1 8 1 10 12 1 10 12 1 10 12 1 1 10 12 1 7 1 7 1 10 12 1 1 10 12 1 10 12 1 10 12 1 1 10 7 12 1 1 1 10 12 1 1 9 100 12 1 1 1 10 7 12 1 1 1 10 12 1 10 12 1 9 100 12 1 1 1 10 12 1 10 12 1 1 9 12 1 1 10 100 1 10 11 7 12 1 1 1 10 7 12 1 1 11 7 1 7 1 10 12 1 10 12 1 10 12 1 8 1 10 12 1 1 8 1 10 100 12 1 1 1 8 1 7 1 10 10 12 1 1 10 12 1 10 7 12 1 1 1 10 12 1 8 1 10 7 12 1 1 8 1 8 1 10 12 1 8 1 10 12 1 10 12 1 1 10 12 1 1 1 1 1 1 1 1 1 1 1 1 1 1 1 1 1 1 1 1 1 1 1 1 1 1 1 1 100 1 1 1 1 1 1 1 1 1 1 1 1 1 1 1 1 1 1 1 1 1 1 1 1 1 1 1 1 1 1 1 1 1 1 100 1 100 1 1 1 1 1 1 1 1 1 3 1 1 1
staticfield java/security/AccessController $assertionsDisabled Z 1
ciInstanceKlass java/security/ProtectionDomain 1 1 348 10 7 12 1 1 1 9 7 12 1 1 1 7 1 10 9 12 1 1 9 12 1 1 9 12 1 1 10 7 12 1 1 7 1 9 12 1 9 12 1 1 7 1 9 12 1 1 9 12 1 10 100 12 1 1 10 100 12 1 1 1 10 12 1 1 10 12 1 9 12 1 9 100 12 1 1 10 12 1 1 10 100 1 10 12 1 1 8 1 7 1 8 1 10 12 1 10 11 10 7 12 1 1 1 10 12 1 1 8 1 11 8 1 10 12 1 8 1 8 1 10 12 1 1 10 12 1 10 12 1 1 10 12 1 8 1 10 12 1 8 1 8 1 10 7 12 1 1 1 9 100 12 1 1 1 10 12 1 1 9 100 12 1 1 1 10 7 12 1 1 1 100 1 18 12 1 1 10 7 12 1 1 1 10 7 1 10 12 1 10 12 1 1 11 100 12 1 1 11 12 1 100 1 11 7 12 1 1 1 10 12 1 10 11 12 1 1 11 12 1 1 10 12 1 10 7 12 1 1 10 100 12 1 1 11 12 1 10 12 10 12 1 8 1 8 1 10 7 12 1 1 1 7 1 10 10 7 12 1 1 1 1 1 1 1 1 1 1 7 1 1 7 1 1 1 1 1 1 1 1 1 1 1 1 1 1 1 1 1 1 1 1 1 1 1 1 1 1 1 1 1 1 1 1 1 1 1 1 1 1 1 1 1 1 1 1 7 1 1 1 1 1 1 100 1 1 16 15 10 12 16 15 10 100 12 1 1 1 1 1 1 1 100 1 100 1 1
staticfield java/security/ProtectionDomain filePermCompatInPD Z 0
ciInstanceKlass java/security/CodeSource 1 1 398 10 7 12 1 1 1 9 7 12 1 1 1 9 12 1 1 9 12 1 1 9 12 1 1 10 7 12 1 1 1 9 12 1 1 10 100 12 1 1 10 100 10 7 12 1 1 1 10 100 12 1 1 1 10 12 1 1 7 1 10 10 100 12 1 1 1 10 100 12 1 1 1 10 12 1 1 100 1 10 12 1 1 10 12 1 1 10 12 1 1 10 12 1 10 10 10 12 1 1 10 7 12 1 1 1 10 12 1 10 12 1 10 12 1 8 1 10 12 1 10 12 1 10 12 1 1 10 12 1 8 1 10 12 1 1 10 7 1 10 10 12 1 1 8 1 10 12 1 10 12 1 10 12 1 8 1 8 1 9 12 1 1 100 1 8 1 10 12 1 10 12 1 1 8 1 10 12 1 8 1 8 1 8 1 10 100 12 1 1 10 12 1 1 10 12 1 10 12 1 1 10 12 1 1 10 12 1 1 100 1 100 1 10 12 1 10 12 10 12 1 1 10 100 12 1 1 10 12 1 7 1 10 12 10 100 12 1 1 1 10 8 1 10 12 1 10 12 1 10 12 1 1 100 1 10 12 1 1 100 1 7 1 8 1 8 1 10 10 12 1 1 10 100 12 1 1 1 7 1 10 12 10 12 1 1 11 7 12 1 1 10 10 12 1 11 10 12 1 8 1 100 1 10 12 1 10 12 1 1 10 12 1 11 12 1 1 7 1 1 1 1 5 0 1 1 1 1 1 1 1 1 1 1 1 1 1 1 1 1 1 1 1 1 1 1 1 1 1 1 1 1 1 1 1 1 1 1 1 1 1 1 1 1 1 1 1 1 1 1 1 1 1 1 1 1 1 1 1 1 1 1 1 1 1 1 1 1 1 1 100 1 1 1 1 1 1 1
ciInstanceKlass java/lang/Boolean 1 1 152 10 7 12 1 1 1 9 7 12 1 1 1 10 12 1 1 10 12 1 8 1 10 7 12 1 1 9 12 1 1 9 12 1 10 12 1 1 10 12 1 1 10 12 1 1 10 7 12 1 1 1 100 1 100 1 10 12 1 1 9 100 12 1 1 9 12 10 100 12 1 1 1 10 12 1 1 8 1 10 7 12 1 1 1 9 12 1 1 7 1 7 1 7 1 1 1 1 1 1 5 0 1 1 1 1 1 1 1 1 1 1 3 1 1 1 1 1 1 1 1 1 1 1 1 1 1 1 1 1 1 7 1 1 1 1 1 1 1 1 1 1 100 1 1 1 1 1 1 1 1 1
staticfield java/lang/Boolean TRUE Ljava/lang/Boolean; java/lang/Boolean
staticfield java/lang/Boolean FALSE Ljava/lang/Boolean; java/lang/Boolean
staticfield java/lang/Boolean TYPE Ljava/lang/Class; java/lang/Class
ciInstanceKlass java/lang/Comparable 1 0 12 100 1 100 1 1 1 1 1 1 1 1
ciInstanceKlass java/lang/constant/Constable 1 0 11 100 1 100 1 1 1 1 1 1 1
ciInstanceKlass java/util/Map 1 1 263 11 7 12 1 1 1 11 12 1 1 10 100 12 1 1 11 12 1 1 11 7 12 1 1 1 11 100 12 1 1 1 11 12 1 1 7 1 11 12 1 11 12 1 100 1 100 1 10 12 1 1 11 100 12 1 1 1 11 100 12 1 1 1 11 12 1 11 12 1 10 12 1 1 11 12 1 11 100 12 1 9 7 12 1 1 1 100 1 10 12 7 1 7 1 10 12 1 7 1 10 7 1 11 12 1 11 12 1 1 11 12 1 1 7 1 11 12 1 1 1 1 1 1 1 1 1 1 1 1 1 1 1 1 1 1 1 1 1 1 1 1 1 1 1 1 1 1 1 1 1 1 1 1 1 1 1 1 1 1 1 1 1 1 1 1 1 1 1 1 1 1 1 1 1 1 1 1 1 1 1 1 1 1 1 1 1 1 1 1 1 1 1 1 1 1 1 1 1 1 1 1 1 1 1 1 1 1 1 1 1 1 1 1 1 1 1 1 1 1 1 1 1 1 1 1 1 1 1 1 1 1 1 1 1 1 1 1 1 1 1 1 1 1 100 1 1 1 1 1 1 1 1 1 1 1 1 1 1 1 1 1 1
ciInstanceKlass java/lang/Class 1 1 1687 10 7 12 1 1 1 9 7 12 1 1 1 9 12 1 1 10 12 1 1 8 1 10 12 1 8 1 8 1 10 12 1 1 10 7 12 1 1 1 10 12 1 7 1 10 10 12 1 10 12 1 1 10 12 1 1 10 12 1 1 10 7 12 1 1 10 12 1 10 12 1 10 12 1 8 1 10 12 1 8 1 10 12 1 8 1 8 1 10 12 1 1 10 7 12 1 1 1 18 12 1 1 11 7 12 1 1 1 8 1 8 1 8 1 10 7 12 1 1 1 11 12 1 1 8 1 10 12 1 10 11 7 12 1 1 1 11 7 12 1 1 1 11 8 1 18 8 1 10 12 1 10 7 12 1 1 10 12 1 1 10 7 12 1 1 1 10 12 1 1 10 12 1 1 10 7 12 1 1 1 10 12 9 100 12 1 1 1 10 7 12 1 1 1 10 12 1 10 7 12 1 1 1 10 12 1 1 18 12 1 1 10 7 12 1 1 1 10 7 12 1 10 12 1 1 10 7 1 7 1 10 12 1 1 9 12 1 1 100 1 8 1 10 12 1 10 12 1 1 10 12 1 1 10 7 12 1 1 1 7 1 10 12 1 7 1 100 1 10 10 12 1 1 10 12 1 1 100 1 10 7 12 1 1 1 10 12 1 1 10 12 1 1 9 12 1 1 10 12 1 10 12 1 1 9 12 1 1 9 12 1 1 10 12 1 1 10 7 1 10 12 1 10 12 1 10 12 1 1 10 9 12 1 10 12 1 8 1 10 12 1 1 10 12 1 1 10 12 1 10 12 1 1 10 12 1 1 10 12 1 1 9 7 12 1 1 1 10 7 12 1 1 10 12 10 12 1 10 12 1 10 12 1 10 12 1 9 100 12 1 1 1 9 12 1 10 12 1 10 100 12 1 1 1 10 12 1 1 10 7 12 1 1 10 12 1 10 12 1 1 10 7 12 1 1 1 10 12 1 10 12 1 1 10 12 1 10 12 1 10 12 1 1 10 7 1 10 10 10 12 1 1 10 12 1 1 10 12 10 10 12 1 1 7 1 8 1 10 10 12 1 1 10 12 1 7 1 11 12 1 10 100 12 1 1 10 12 1 10 12 1 10 100 12 1 1 10 10 12 1 1 8 1 10 12 1 10 12 1 1 8 1 10 12 1 9 12 1 10 12 1 10 12 1 10 12 1 10 12 7 1 9 12 1 10 12 1 9 12 1 10 12 1 10 12 1 10 12 1 10 10 12 1 10 12 1 10 7 12 1 1 10 12 1 10 12 1 10 12 1 1 10 12 1 10 12 1 10 12 1 100 1 10 12 1 10 12 1 1 10 12 1 1 10 12 1 1 10 12 1 1 10 12 1 1 10 12 1 1 7 1 10 10 12 1 1 10 12 1 1 10 12 1 1 10 10 12 1 10 12 1 1 10 12 1 1 10 12 1 1 10 12 1 1 7 1 10 10 12 11 7 12 1 1 10 12 1 10 12 1 10 100 12 1 1 1 10 12 1 1 10 10 12 1 1 7 1 10 10 12 1 1 10 7 12 1 1 1 100 1 100 1 10 12 1 1 10 12 1 10 10 12 1 1 10 12 1 10 12 1 10 12 1 10 100 12 1 1 1 11 7 12 1 1 10 12 1 10 12 1 9 12 1 10 12 1 1 10 12 1 9 100 12 1 1 1 9 12 1 10 100 12 1 1 1 10 12 1 10 12 1 10 100 12 1 1 1 10 12 1 10 12 10 12 1 1 100 1 10 8 1 10 12 1 11 11 12 1 1 11 7 12 1 1 11 12 1 8 1 10 12 1 10 12 1 1 9 12 1 9 12 1 1 10 7 12 1 1 9 12 1 10 12 1 1 10 10 12 1 10 7 12 1 1 1 10 7 12 1 1 10 7 12 1 1 9 12 1 1 10 12 1 9 12 1 10 12 1 10 12 1 1 9 12 1 1 9 12 1 10 12 1 10 12 1 1 9 12 1 100 1 10 10 12 1 1 7 1 10 12 1 1 100 11 7 1 9 12 1 1 9 12 1 7 1 10 12 1 9 12 1 1 9 12 1 10 12 1 10 12 1 1 9 12 1 7 1 10 10 12 1 1 10 10 12 1 10 12 10 10 12 1 9 12 1 10 12 1 1 10 7 12 1 1 1 10 12 1 1 10 12 1 8 10 7 8 1 18 8 1 8 1 10 12 1 9 12 1 9 12 1 1 10 12 1 7 1 7 1 10 12 1 9 12 1 1 7 1 10 10 12 1 10 7 1 9 12 1 8 1 10 12 1 7 1 10 12 1 10 12 1 1 100 1 7 1 9 12 1 100 1 8 1 10 10 7 12 1 1 1 10 12 11 7 12 1 1 1 10 12 1 10 12 1 1 10 8 1 8 1 10 12 1 1 9 7 12 1 1 11 12 7 1 11 7 12 1 1 9 12 1 10 100 12 1 1 1 10 7 12 1 1 10 12 1 1 9 12 1 9 10 12 1 1 10 12 1 1 10 12 1 1 10 12 1 1 10 12 1 1 11 12 1 7 1 11 12 1 10 7 12 1 1 1 10 12 1 11 12 1 10 7 12 1 1 1 10 12 1 10 7 12 1 1 1 11 12 1 11 12 1 1 10 12 1 10 12 1 1 9 12 1 1 9 100 12 1 1 10 12 1 10 100 12 1 1 1 10 12 1 1 10 12 1 10 12 1 10 12 1 10 7 12 1 1 1 10 12 1 8 1 10 12 1 10 12 1 10 12 1 100 1 10 12 10 100 12 1 1 1 11 100 12 1 1 1 10 12 1 1 10 12 1 18 12 1 1 11 12 1 1 18 11 12 1 18 12 1 11 12 1 10 12 1 1 10 12 1 10 12 1 10 12 1 10 12 1 10 12 10 12 1 8 1 10 12 1 7 1 9 12 1 1 7 1 7 1 7 1 7 1 1 1 3 1 3 1 3 1 1 1 1 1 1 1 5 0 1 1 1 1 1 1 1 1 1 1 1 1 1 1 1 1 1 1 1 1 1 1 1 1 100 1 1 1 1 1 1 1 100 1 1 1 1 1 7 1 1 1 1 1 1 1 1 1 1 1 1 1 1 1 1 1 1 1 1 1 1 1 1 1 1 1 1 1 1 1 1 1 1 1 1 1 1 1 1 1 1 100 1 1 1 1 1 1 1 1 1 1 1 1 1 1 1 1 1 1 1 1 1 1 1 1 1 1 1 1 1 1 1 100 1 1 1 1 1 1 1 1 1 1 1 1 1 1 1 1 1 1 1 1 3 1 1 1 1 1 1 1 1 1 1 1 1 1 1 1 1 1 1 1 1 1 1 1 1 1 1 1 1 1 1 1 1 1 1 1 7 1 7 1 1 1 1 1 1 1 7 1 1 1 1 1 1 1 1 1 1 1 1 1 1 1 1 1 1 1 1 1 1 1 1 1 1 1 1 1 1 1 1 1 1 1 1 1 1 1 1 1 1 1 1 1 1 1 1 1 1 1 1 1 1 1 1 1 1 1 1 1 1 1 1 1 1 1 1 1 1 1 1 1 1 1 1 1 1 1 1 1 1 1 1 1 1 1 1 1 1 1 1 1 1 1 1 1 1 1 1 1 1 1 1 1 1 1 1 1 1 1 1 1 1 1 1 1 1 1 1 1 1 1 1 16 15 10 12 16 15 11 12 16 1 16 15 16 15 10 12 16 16 15 10 12 16 15 16 1 15 10 12 16 15 10 7 12 1 1 1 1 1 1 1 1 1 1 1 1 1 7 1 1 100 1 100 1 1 100 1 100 1 1 100 1 100 1 1
staticfield java/lang/Class EMPTY_CLASS_ARRAY [Ljava/lang/Class; 0 [Ljava/lang/Class;
staticfield java/lang/Class serialPersistentFields [Ljava/io/ObjectStreamField; 0 [Ljava/io/ObjectStreamField;
ciInstanceKlass java/lang/reflect/AnnotatedElement 1 1 164 11 7 12 1 1 1 11 12 1 1 7 1 10 100 12 1 1 1 10 12 1 1 10 12 1 1 10 12 1 10 100 12 1 1 1 11 12 1 1 11 7 12 1 1 10 7 12 1 1 1 10 12 1 10 100 12 1 1 1 18 12 1 1 11 100 12 1 1 18 12 1 18 12 1 1 10 100 12 1 1 1 11 100 12 1 1 1 7 1 10 100 12 1 1 1 1 1 1 1 1 1 1 1 1 1 1 1 1 1 1 1 1 1 1 1 1 1 100 1 1 1 1 1 1 1 1 1 1 1 16 15 16 1 16 1 15 11 12 16 16 1 15 10 100 12 1 1 1 16 1 15 10 100 12 1 1 1 1 100 1 100 1 1
ciInstanceKlass java/lang/invoke/TypeDescriptor 1 0 17 100 1 100 1 1 1 1 1 1 100 1 100 1 1 1 1
ciInstanceKlass java/lang/reflect/GenericDeclaration 1 0 30 7 1 7 1 7 1 1 1 1 1 1 1 1 100 1 8 1 1 12 10 1 1 1 8 1 1 1 8 1
ciInstanceKlass java/lang/reflect/Type 1 1 17 11 7 12 1 1 1 100 1 1 1 1 1 1 1 1 1
ciInstanceKlass java/lang/invoke/TypeDescriptor$OfField 1 0 21 100 1 100 1 100 1 1 1 1 1 1 1 1 1 1 1 1 1 1 1
ciInstanceKlass java/lang/StringBuilder 1 1 422 10 7 12 1 1 1 10 12 1 10 12 1 10 12 1 1 10 7 12 1 1 1 10 7 12 1 1 1 10 12 1 10 12 1 10 12 1 10 12 1 10 12 1 10 12 1 10 12 1 10 12 1 10 12 1 10 12 1 10 12 1 10 12 1 10 12 1 10 12 1 1 10 12 1 10 12 1 1 10 12 1 1 10 12 1 10 12 1 10 12 1 10 12 1 10 12 1 10 12 1 10 12 1 10 12 10 12 1 10 12 1 10 12 1 10 12 1 1 10 12 1 10 12 1 10 12 10 12 1 1 10 12 1 10 12 1 10 12 1 10 100 12 1 1 1 9 12 1 1 10 12 1 10 12 1 1 10 12 1 1 9 12 1 1 10 100 12 1 1 1 10 100 1 10 12 1 1 10 100 12 1 1 10 12 1 10 12 1 1 100 1 100 1 8 1 10 10 12 1 1 10 12 1 10 12 1 10 12 1 1 10 12 1 10 12 1 10 12 1 10 12 1 10 12 1 10 12 10 12 1 10 12 1 10 12 1 10 12 1 10 12 1 10 12 1 10 12 1 10 12 1 10 12 1 1 10 12 1 1 10 12 1 10 12 1 10 12 1 10 12 10 12 10 12 1 10 12 1 10 12 1 10 12 10 12 1 10 12 1 10 12 1 10 12 1 10 12 1 10 12 1 10 12 1 10 12 1 10 12 1 1 10 12 1 10 12 1 1 10 12 1 10 12 1 1 10 12 1 10 12 1 1 10 12 1 10 12 1 10 12 1 10 10 12 1 10 12 1 7 1 7 1 7 1 7 1 1 1 1 5 0 1 1 1 1 1 1 1 1 1 1 1 1 1 1 1 1 1 1 1 1 1 1 1 1 1 1 1 1 1 1 1 1 1 1 1 1 1 1 1 1 1 1 1 1 100 1 1 1 7 1 1 1 1 1 1 1 1 1 1 1
instanceKlass java/lang/StringBuilder
instanceKlass java/lang/StringBuffer
ciInstanceKlass java/lang/AbstractStringBuilder 1 1 609 7 1 10 7 12 1 1 1 9 7 12 1 1 1 9 12 1 9 12 1 1 9 12 1 1 10 7 12 1 1 1 10 12 1 1 7 1 3 3 10 12 1 10 12 1 1 11 7 1 100 1 7 1 10 8 1 10 12 1 10 12 1 10 12 1 1 10 12 1 10 12 1 9 12 1 10 12 1 9 12 1 1 10 12 1 1 10 7 12 1 1 1 10 10 12 1 10 12 1 10 12 1 1 10 12 1 1 10 7 12 1 1 1 10 7 12 1 1 1 7 1 8 1 10 10 12 1 1 100 1 10 12 10 12 1 1 10 10 7 12 1 1 1 10 12 1 1 10 12 1 1 10 12 1 1 10 12 1 1 10 10 7 12 1 1 1 10 12 1 100 1 10 10 7 12 1 1 1 9 12 1 1 9 12 1 10 12 1 1 10 10 12 1 1 10 12 10 12 1 10 12 1 1 10 12 1 1 10 12 1 1 10 12 1 10 12 1 1 10 12 1 1 10 12 1 10 12 1 1 8 1 10 12 1 1 10 12 1 10 12 1 10 12 1 10 12 1 10 12 1 10 12 1 10 7 12 1 1 10 12 1 10 12 1 10 100 12 1 1 1 100 1 100 1 10 12 1 10 7 12 1 1 10 12 1 10 12 1 1 10 12 1 10 12 1 1 10 12 1 10 12 1 1 10 12 1 1 10 10 7 12 1 1 1 10 12 1 10 12 1 10 12 1 1 10 12 1 10 12 1 10 12 1 10 12 1 10 12 1 10 12 1 10 12 1 10 12 1 1 10 12 1 10 12 1 10 12 10 12 1 1 18 12 1 1 100 1 10 100 12 1 1 1 18 10 12 1 1 10 12 1 1 10 12 1 10 12 1 1 11 12 1 1 10 12 1 10 12 10 10 10 12 1 10 5 0 10 10 12 1 1 100 1 8 1 10 10 12 1 1 10 100 12 1 1 1 10 12 1 10 12 1 1 100 1 10 12 100 1 10 100 1 10 7 1 1 1 1 1 1 1 1 1 1 1 100 1 1 1 1 1 1 1 1 1 1 1 1 1 1 1 1 1 1 1 1 1 1 1 1 1 1 1 1 1 1 1 1 1 1 1 1 1 1 1 1 1 1 1 1 1 1 1 1 1 1 1 1 1 1 1 1 1 1 1 1 1 1 1 1 1 1 1 1 1 1 1 1 1 1 1 1 1 1 1 1 1 1 1 1 1 1 1 1 1 1 1 1 1 1 1 1 1 1 1 100 1 1 1 1 1 1 1 1 1 1 1 1 1 1 1 1 1 100 1 1 1 1 1 1 7 1 1 16 1 15 10 12 16 15 10 12 15 10 100 12 1 1 1 1 1 1 1 100 1 100 1 1
staticfield java/lang/AbstractStringBuilder EMPTYVALUE [B 0
ciInstanceKlass java/lang/Appendable 1 0 14 100 1 100 1 1 1 1 7 1 1 1 1 1
ciInstanceKlass java/lang/CharSequence 1 1 131 11 7 12 1 1 1 18 12 1 1 100 1 10 100 12 1 1 1 18 10 100 12 1 1 1 11 12 1 1 11 7 1 11 12 1 1 10 100 12 1 1 1 11 12 1 1 100 1 10 12 1 1 10 100 12 1 1 1 100 1 10 10 12 1 1 7 1 1 1 1 1 1 1 1 1 1 1 1 1 1 1 1 1 1 1 1 1 1 1 1 1 1 1 1 1 1 1 1 1 16 1 15 11 12 16 15 11 12 15 10 100 12 1 1 1 1 1 100 1 100 1 1 100 1 1 100 1 100 1 1
ciInstanceKlass java/lang/AutoCloseable 1 0 12 100 1 100 1 1 1 1 7 1 1 1
ciInstanceKlass java/io/Closeable 1 0 14 100 1 100 1 100 1 1 1 1 7 1 1 1
instanceKlass sun/nio/fs/WindowsException
instanceKlass java/beans/PropertyVetoException
instanceKlass org/apache/maven/settings/building/SettingsBuildingException
instanceKlass com/jcraft/jsch/JSchException
instanceKlass java/util/concurrent/TimeoutException
instanceKlass javax/xml/xpath/XPathException
instanceKlass org/xml/sax/SAXException
instanceKlass javax/xml/parsers/ParserConfigurationException
instanceKlass com/google/common/collect/RegularImmutableMap$BucketOverflowException
instanceKlass sun/security/pkcs11/wrapper/PKCS11Exception
instanceKlass java/security/GeneralSecurityException
instanceKlass java/lang/CloneNotSupportedException
instanceKlass java/util/concurrent/ExecutionException
instanceKlass java/text/ParseException
instanceKlass java/lang/InterruptedException
instanceKlass java/security/PrivilegedActionException
instanceKlass java/io/IOException
instanceKlass java/net/URISyntaxException
instanceKlass java/lang/ReflectiveOperationException
instanceKlass java/lang/RuntimeException
ciInstanceKlass java/lang/Exception 1 1 40 10 7 12 1 1 1 10 12 1 10 12 1 10 12 1 10 12 1 100 1 1 1 1 5 0 1 1 1 1 1 1 1 1 1 1 1 1 1 1
instanceKlass java/lang/Exception
instanceKlass java/lang/Error
ciInstanceKlass java/lang/Throwable 1 1 404 10 7 12 1 1 1 9 7 12 1 1 1 9 12 1 1 9 12 1 9 12 1 1 9 12 1 10 12 1 1 9 12 1 1 10 12 1 1 10 12 1 100 1 7 1 10 8 1 10 12 1 1 8 1 10 100 12 1 1 10 10 12 1 100 1 8 1 10 10 12 1 1 10 7 12 1 1 10 12 1 8 1 9 7 12 1 1 1 10 12 1 1 100 1 10 12 10 12 1 10 100 12 1 1 1 100 1 10 12 10 12 1 10 12 1 100 1 10 10 7 12 1 1 1 11 100 12 1 1 1 10 12 1 1 10 12 1 1 8 1 10 12 1 10 12 1 1 8 1 8 1 10 12 1 1 10 12 1 8 1 8 1 9 12 1 1 10 12 1 1 100 1 10 11 12 1 8 1 8 1 10 7 12 1 1 8 1 10 12 1 8 1 100 1 10 12 1 9 12 1 1 10 12 1 10 7 12 1 9 12 1 1 10 12 1 1 100 1 8 1 10 12 1 10 100 12 1 1 10 12 1 1 7 1 10 100 12 1 1 1 10 12 1 11 7 12 1 1 1 11 7 12 1 1 11 12 1 8 1 10 12 1 1 8 1 10 10 9 100 12 1 1 1 8 1 10 12 1 1 11 10 100 1 8 1 10 11 12 1 1 8 1 9 12 1 10 7 12 1 1 11 9 12 1 1 11 12 1 1 100 10 12 1 10 12 1 1 7 1 1 1 1 5 0 1 1 1 1 1 1 1 1 1 1 1 1 1 7 1 1 1 1 1 1 1 1 1 1 1 1 1 1 1 1 1 1 1 1 1 1 1 1 1 1 1 1 1 1 1 1 1 1 1 1 1 1 1 1 1 1 1 1 7 1 7 1 1 1 1 1 1 1 1 1 1 1 1 1 1 1 1 1 1
staticfield java/lang/Throwable UNASSIGNED_STACK [Ljava/lang/StackTraceElement; 0 [Ljava/lang/StackTraceElement;
staticfield java/lang/Throwable SUPPRESSED_SENTINEL Ljava/util/List; java/util/Collections$EmptyList
staticfield java/lang/Throwable EMPTY_THROWABLE_ARRAY [Ljava/lang/Throwable; 0 [Ljava/lang/Throwable;
staticfield java/lang/Throwable $assertionsDisabled Z 1
instanceKlass org/gradle/internal/configuration/inputs/AccessTrackingProperties
instanceKlass java/security/Provider
ciInstanceKlass java/util/Properties 1 1 690 10 7 12 1 1 1 100 1 10 7 12 1 1 7 1 10 12 1 9 12 1 1 9 12 1 1 9 12 1 1 10 7 12 1 1 1 10 12 1 1 8 1 10 7 12 1 1 1 7 1 10 12 1 10 12 1 1 8 1 10 12 1 7 1 10 12 10 12 1 1 9 12 1 1 10 12 1 1 7 1 10 12 1 10 12 1 10 12 1 1 100 1 8 1 10 12 1 10 12 1 10 12 1 1 10 12 1 7 1 3 10 10 100 12 1 1 1 10 12 1 10 12 1 1 8 1 10 12 1 10 12 1 1 8 1 10 100 12 1 1 10 12 1 1 10 12 1 10 12 1 1 100 1 10 12 1 10 12 1 1 100 1 9 100 12 1 1 1 10 12 1 10 12 1 1 10 12 1 1 10 12 1 1 100 1 9 12 1 1 7 1 7 1 10 12 1 7 1 11 7 12 1 1 1 11 12 1 1 11 7 12 1 1 1 11 7 12 1 1 1 11 12 1 1 11 12 1 11 12 1 10 12 1 1 8 1 10 12 1 10 100 12 1 1 10 12 1 100 1 10 10 12 1 10 12 1 100 1 10 10 12 1 1 10 7 12 1 1 9 100 12 1 1 10 12 1 1 10 100 12 1 1 1 100 1 100 1 100 1 10 8 1 8 1 10 12 1 10 12 1 10 12 1 1 10 10 12 1 1 10 12 1 1 7 1 10 10 12 1 11 7 12 1 1 10 7 12 1 1 1 8 1 10 100 12 1 1 11 11 7 1 8 1 10 100 1 11 10 12 1 10 10 12 1 10 12 1 1 10 12 1 1 10 12 1 1 10 12 1 10 12 1 10 10 12 1 10 12 1 10 12 1 10 10 12 1 1 10 12 1 1 10 10 12 1 10 12 1 10 12 1 10 12 1 10 12 1 1 10 12 1 1 10 12 1 10 12 1 10 12 1 1 10 12 10 12 1 1 10 12 1 1 10 12 1 10 12 1 1 10 12 1 1 10 12 10 11 12 1 4 11 10 12 1 1 10 100 12 1 1 11 12 1 10 12 1 1 10 100 12 1 1 10 12 1 100 1 8 1 10 12 1 10 10 100 12 1 1 1 100 1 6 0 10 12 1 1 11 100 12 1 1 1 10 12 1 10 12 1 1 1 1 1 5 0 1 1 1 1 1 1 1 1 1 1 1 1 1 1 1 1 1 1 1 1 1 1 1 1 1 1 1 1 1 1 1 1 1 1 1 1 1 1 1 100 1 1 1 1 1 1 1 1 1 1 1 1 1 1 1 1 1 1 1 1 100 1 1 1 1 1 1 1 1 1 1 1 1 7 1 7 1 1 1 1 1 100 1 1 1 1 1 1 1 1 1 1 1 1 1 1 1 1 1 1 1 1 1 1 1 1 1 1 1 1 1 1 1 1 1 1 1 1 1 1 1 1 1 1 1 1 1 1 1 1 1 1 1 1 1 1 1 1 1 1 1 1 1 1 1 1 1 1 1 1 1 1 1 1 1 1 1 1 1 7 1 1 1 1 1 1 1 1 1 1 1 100 1 1
staticfield java/util/Properties UNSAFE Ljdk/internal/misc/Unsafe; jdk/internal/misc/Unsafe
instanceKlass java/util/Hashtable
ciInstanceKlass java/util/Dictionary 1 1 36 10 7 12 1 1 1 100 1 1 1 1 1 1 1 1 1 1 1 1 1 1 1 1 1 1 1 1 1 1 1 1 1 1 1 1
instanceKlass java/util/Properties
ciInstanceKlass java/util/Hashtable 1 1 516 7 1 10 7 12 1 1 1 9 7 12 1 1 1 100 1 7 1 10 8 1 10 12 1 1 10 12 1 10 12 1 1 10 12 1 10 7 12 1 1 1 8 1 10 12 1 9 12 1 1 7 1 9 12 1 1 4 10 7 12 1 1 1 9 12 1 4 10 12 1 11 7 12 1 1 1 10 12 1 1 10 12 1 1 9 12 1 10 12 1 1 100 1 10 9 12 1 1 10 7 12 1 1 1 9 12 1 1 10 12 1 10 12 1 3 9 12 1 9 12 1 3 10 12 1 10 12 1 10 12 1 1 11 12 1 1 11 7 12 1 1 1 11 7 12 1 1 1 11 12 1 7 1 11 12 1 11 12 1 10 12 1 1 10 12 1 1 10 12 1 9 12 1 1 9 12 9 12 1 1 10 100 1 7 1 10 12 1 10 8 1 10 10 12 1 8 1 10 8 1 10 7 12 1 1 1 7 1 10 12 1 10 12 1 100 1 10 12 1 10 12 1 1 7 1 10 100 1 10 10 12 1 1 11 12 1 1 11 12 1 7 1 10 10 10 100 12 1 1 11 100 12 1 1 1 100 1 10 11 100 12 1 1 11 100 12 1 10 12 1 10 12 1 1 10 100 12 1 1 10 12 1 1 10 12 1 1 10 12 1 1 10 100 12 1 1 1 8 10 100 12 1 1 100 1 8 1 10 4 4 10 12 1 1 10 12 1 8 1 4 10 12 10 100 12 1 1 1 100 1 11 100 12 1 1 1 10 100 12 1 1 1 10 12 1 10 12 1 1 10 7 1 7 1 1 1 1 1 1 5 0 1 1 1 1 1 3 1 3 1 3 1 1 1 1 1 1 1 1 1 1 1 1 1 1 1 1 1 1 1 1 1 1 1 1 1 100 1 1 1 1 1 1 1 1 1 1 1 1 1 1 1 1 1 1 1 1 1 1 1 1 1 1 1 1 1 7 1 1 1 1 1 1 1 1 1 1 1 1 1 1 7 1 1 1 1 1 1 1 1 1 1 1 1 1 1 1 1 1 1 1 1 1 1 1 1 1 1 1 1 1 1 1 1 1 1 1 1 1 1 1 1 1 1 1 1 100 1 1 1 7 1 1 1 1 1 7 1 1 1 1 1 1 1 1 1 1 1 1 1 1 1 1 1 1
ciInstanceKlass java/lang/String 1 1 1452 10 7 12 1 1 1 8 1 9 7 12 1 1 1 9 12 1 1 9 12 1 1 9 12 1 1 10 12 1 10 12 1 1 10 12 1 1 9 12 1 10 7 12 1 1 1 10 12 1 1 10 12 1 10 7 12 1 1 1 10 12 1 1 10 12 1 1 10 12 1 10 12 1 1 10 12 1 10 7 12 1 1 1 7 1 9 7 12 1 1 1 10 7 12 1 1 1 10 12 1 1 10 12 1 1 10 7 12 1 1 1 10 12 1 1 9 7 12 1 1 10 12 9 7 12 1 1 10 12 1 1 3 10 12 1 1 7 1 11 12 1 1 11 12 1 11 12 1 1 10 100 12 1 1 1 10 12 1 1 9 100 12 1 1 1 10 12 1 1 10 12 1 11 12 1 1 10 12 1 10 12 10 12 1 1 10 7 12 1 1 1 10 7 12 1 1 1 10 12 1 1 7 1 7 1 10 12 1 10 12 1 10 12 1 1 10 12 1 1 100 1 10 12 1 1 100 1 10 12 1 1 10 12 1 1 10 12 1 10 10 12 1 10 12 1 100 1 100 1 7 1 10 12 1 10 12 1 1 10 12 1 1 10 12 1 10 12 1 1 10 12 1 1 10 7 12 1 1 7 1 11 10 7 12 1 1 11 12 1 11 12 1 10 12 1 1 10 12 1 10 12 10 12 1 1 10 10 100 12 1 1 1 10 100 12 1 1 10 12 1 1 10 100 12 1 1 10 12 1 10 12 1 1 10 12 1 1 10 12 1 10 12 1 10 12 1 1 100 1 10 12 1 1 10 12 10 12 1 10 12 1 10 12 1 1 10 7 12 1 1 1 10 12 1 10 12 1 1 10 12 1 10 12 1 3 3 10 12 1 1 10 12 1 10 12 1 1 10 12 1 1 10 12 1 1 10 12 1 10 12 1 1 10 12 1 1 10 12 1 10 12 1 10 12 1 10 12 1 1 10 12 1 10 12 1 10 12 1 10 12 1 10 12 1 10 12 1 10 7 1 10 8 1 10 12 1 1 10 12 1 8 1 10 12 1 1 10 12 10 12 1 8 1 10 10 12 1 1 10 12 1 1 10 12 1 1 10 7 1 10 10 12 1 10 12 1 10 12 1 10 10 12 1 10 12 1 10 12 1 10 12 1 10 12 1 10 12 1 10 12 1 1 10 12 1 1 10 12 1 1 10 10 12 1 1 10 10 12 1 100 1 10 10 12 1 1 10 12 1 1 10 7 1 10 12 1 10 12 1 10 7 12 1 1 1 10 12 1 10 12 1 1 10 12 1 11 7 1 11 12 10 12 1 10 12 1 1 10 12 1 1 10 10 12 1 10 12 1 9 12 1 1 11 7 12 1 1 1 10 12 10 10 12 1 10 12 1 1 10 10 12 1 10 12 1 10 12 1 1 10 12 1 1 10 10 12 1 1 10 12 1 10 10 12 1 10 12 10 10 12 10 10 12 1 10 12 1 10 10 12 10 7 12 1 1 1 10 12 10 10 12 10 12 1 10 12 10 12 10 10 12 1 10 12 1 1 10 12 1 1 10 10 12 1 10 7 12 1 1 1 10 12 1 1 10 10 7 12 1 1 1 11 10 12 1 10 12 1 1 10 12 1 1 10 7 12 1 1 1 10 12 1 10 12 1 10 12 1 10 12 1 10 12 1 10 12 1 100 1 7 1 8 1 10 10 10 12 1 10 12 1 1 8 1 10 12 1 3 3 10 12 1 10 12 1 1 10 12 7 1 10 10 12 1 1 10 12 1 10 12 1 10 12 1 1 10 12 1 1 11 7 12 1 1 1 7 1 10 12 1 10 12 1 1 8 1 10 12 1 1 10 12 1 11 7 12 1 1 1 11 7 12 1 1 11 12 1 10 12 1 10 12 1 1 10 10 7 12 1 1 1 10 12 1 10 12 1 10 10 12 10 12 1 1 10 10 12 1 10 10 12 1 10 10 12 1 10 10 12 1 10 12 1 1 10 10 12 1 8 1 10 12 1 1 18 12 1 1 11 100 12 1 1 1 7 1 3 18 12 1 18 12 1 8 1 10 100 12 1 1 1 11 12 1 1 10 12 10 10 12 1 10 11 12 1 1 10 12 1 1 11 12 1 18 3 11 10 12 1 11 11 10 12 1 10 12 1 1 8 1 10 12 1 10 12 1 10 12 1 1 10 10 12 1 11 100 12 1 7 1 100 1 10 7 1 10 10 7 12 1 1 1 100 1 10 7 1 10 10 12 1 10 10 12 1 8 1 10 10 12 1 8 1 8 1 10 12 1 10 12 1 10 10 12 10 7 12 1 1 10 7 12 1 1 10 7 12 1 1 8 1 10 12 1 10 12 1 10 9 12 1 10 12 9 7 12 1 1 1 10 12 1 10 12 1 10 12 1 10 12 10 12 1 10 12 1 8 1 10 100 12 1 1 1 10 12 10 12 1 1 10 12 10 10 12 10 12 7 1 9 12 1 1 7 1 10 7 1 7 1 7 1 7 1 1 1 1 1 1 5 0 1 1 1 1 1 3 1 3 1 1 1 1 1 1 1 1 1 1 1 1 1 1 1 100 1 1 1 1 1 1 1 1 1 1 1 1 1 1 1 1 1 1 1 1 1 1 1 1 1 1 1 1 1 1 1 100 1 1 1 1 1 1 1 1 1 1 1 1 7 1 1 1 1 1 1 1 1 1 1 1 1 1 1 1 1 1 1 1 1 1 1 1 1 1 1 1 1 1 1 1 1 1 1 1 1 1 1 1 1 1 1 1 1 1 1 1 1 1 1 1 1 1 1 1 1 1 1 1 1 1 1 1 1 1 1 1 1 1 1 1 1 1 1 1 1 1 1 1 1 1 1 1 1 1 1 1 1 1 1 1 1 1 1 1 1 1 1 1 1 1 1 1 1 1 1 1 1 1 1 1 1 1 1 1 1 1 1 1 1 1 1 1 1 1 1 1 1 1 1 1 1 1 1 1 1 1 1 1 1 1 1 1 1 1 1 1 1 1 1 1 1 1 1 1 1 1 1 1 1 1 1 1 1 1 1 1 1 1 1 1 1 1 1 100 1 1 1 1 1 1 1 1 1 1 1 1 1 1 1 1 1 1 1 1 1 1 1 100 1 1 1 1 1 1 1 1 1 1 1 1 1 1 1 7 1 1 1 1 1 1 1 1 1 1 1 1 1 1 1 16 15 10 12 16 15 10 12 15 10 12 15 10 12 15 10 100 12 1 1 1 1 1 1 1 100 1 100 1 1 1
staticfield java/lang/String COMPACT_STRINGS Z 1
staticfield java/lang/String serialPersistentFields [Ljava/io/ObjectStreamField; 0 [Ljava/io/ObjectStreamField;
staticfield java/lang/String CASE_INSENSITIVE_ORDER Ljava/util/Comparator; java/lang/String$CaseInsensitiveComparator
ciInstanceKlass java/lang/constant/ConstantDesc 1 0 37 100 1 100 1 1 1 1 100 1 1 1 1 100 1 100 1 100 1 100 1 100 1 100 1 100 1 100 1 100 1 1 100 1 100 1 1
ciInstanceKlass java/lang/InternalError 1 1 34 10 7 12 1 1 1 10 12 1 10 12 1 10 12 1 100 1 1 1 1 5 0 1 1 1 1 1 1 1 1 1 1 1
instanceKlass kotlin/jvm/KotlinReflectionNotSupportedError
instanceKlass kotlin/NotImplementedError
instanceKlass com/google/common/util/concurrent/ExecutionError
instanceKlass java/util/ServiceConfigurationError
instanceKlass java/lang/AssertionError
instanceKlass java/lang/VirtualMachineError
instanceKlass java/lang/LinkageError
ciInstanceKlass java/lang/Error 1 1 40 10 7 12 1 1 1 10 12 1 10 12 1 10 12 1 10 12 1 100 1 1 1 1 5 0 1 1 1 1 1 1 1 1 1 1 1 1 1 1
instanceKlass java/lang/StackOverflowError
instanceKlass java/lang/OutOfMemoryError
instanceKlass java/lang/InternalError
ciInstanceKlass java/lang/VirtualMachineError 1 1 34 10 7 12 1 1 1 10 12 1 10 12 1 10 12 1 100 1 1 1 1 5 0 1 1 1 1 1 1 1 1 1 1 1
ciInstanceKlass java/util/Set 1 1 144 100 1 10 7 12 1 1 1 9 7 12 1 1 1 7 1 10 12 1 1 10 12 1 7 1 7 1 10 12 1 7 1 7 1 11 7 12 1 1 1 11 12 1 1 7 1 10 12 1 10 12 1 1 11 12 1 1 1 1 1 1 1 1 1 1 1 1 1 1 1 1 1 1 1 1 1 1 1 1 1 1 1 1 1 1 1 1 1 1 1 1 1 1 1 1 1 1 1 1 1 1 1 1 1 1 1 1 1 1 1 1 1 1 1 1 1 1 1 1 1 1 1 1 1 1 1 1 1 1 1 1 1 1 1 1 1 1 1 1 1 1 1 1
ciInstanceKlass java/util/Iterator 1 1 53 100 1 8 1 10 12 1 1 10 7 12 1 1 1 11 7 12 1 1 1 11 12 1 1 11 7 12 1 1 1 7 1 1 1 1 1 1 1 1 1 1 1 1 1 1 1 1 1 1 1 1 1
ciInstanceKlass java/util/Map$Entry 1 0 178 18 12 1 1 7 1 100 1 18 10 100 12 1 1 1 18 12 1 18 100 1 11 7 12 1 1 1 11 12 1 11 7 12 1 1 1 10 100 12 1 1 1 10 7 12 1 1 1 8 1 10 12 1 1 8 1 8 1 8 1 10 12 1 10 12 1 8 10 7 1 10 12 1 8 10 12 1 8 1 10 12 1 8 10 12 1 8 1 10 12 1 1 8 1 100 1 8 1 10 12 1 1 11 12 7 1 11 12 1 1 1 1 1 1 1 1 1 1 1 1 1 1 1 1 1 1 1 1 1 1 1 1 1 1 1 1 1 1 1 1 1 1 1 1 1 1 1 16 15 11 12 16 3 3 15 11 12 15 11 12 15 11 12 15 10 100 12 1 1 1 1 1 100 1 100 1 1
instanceKlass org/gradle/internal/io/StreamByteBuffer$StreamByteBufferInputStream
instanceKlass com/google/common/io/BaseEncoding$StandardBaseEncoding$2
instanceKlass org/gradle/util/internal/BulkReadInputStream
instanceKlass org/apache/tools/ant/util/FileUtils$1
instanceKlass java/io/ObjectInputStream
instanceKlass org/gradle/internal/remote/internal/inet/SocketConnection$SocketInputStream
instanceKlass org/gradle/internal/file/RandomAccessFileInputStream
instanceKlass org/gradle/internal/daemon/clientinput/StdInStream
instanceKlass com/esotericsoftware/kryo/io/Input
instanceKlass org/gradle/internal/serialize/kryo/KryoBackedDecoder$1
instanceKlass org/gradle/internal/serialize/AbstractDecoder$DecoderStream
instanceKlass org/gradle/internal/stream/EncodedStream$EncodedInput
instanceKlass java/util/zip/ZipFile$ZipFileInputStream
instanceKlass java/io/FilterInputStream
instanceKlass java/io/FileInputStream
instanceKlass java/io/ByteArrayInputStream
ciInstanceKlass java/io/InputStream 1 1 195 7 1 10 7 12 1 1 1 100 1 10 10 7 12 1 1 1 10 7 12 1 1 1 10 12 1 7 1 3 10 12 1 1 100 1 8 1 10 12 1 10 7 12 1 1 1 3 7 1 8 1 10 10 7 12 1 1 1 7 1 10 11 7 12 1 1 1 10 12 1 1 11 12 1 1 11 7 12 1 1 1 11 12 1 1 7 1 10 7 12 1 1 1 5 0 10 12 1 10 12 1 1 100 1 10 8 1 10 8 1 8 1 10 12 1 1 10 100 12 1 1 1 7 1 5 0 10 12 1 100 1 7 1 1 1 1 3 1 3 1 1 1 1 1 1 1 1 1 1 1 1 1 1 1 1 1 1 1 1 1 1 1 1 1 1 1 1 1 1 1 1 1 1 1 1 1 1 1 1 1 1 1 1 1 1 1 1 1 1 1 1 1 1 1
ciInstanceKlass jdk/internal/misc/Unsafe 1 1 1287 10 7 12 1 1 1 9 7 12 1 1 1 9 12 1 1 10 12 1 1 10 7 12 1 1 1 10 12 1 1 10 12 1 1 10 12 1 1 10 12 1 1 10 12 1 1 10 12 1 1 10 12 1 1 10 12 1 1 10 12 1 1 10 12 1 1 10 12 1 1 10 12 1 1 10 12 1 1 10 12 1 10 12 1 100 1 10 10 12 1 1 10 12 1 1 5 0 10 12 1 1 10 12 1 1 10 7 12 1 1 1 10 12 1 1 10 12 1 10 12 1 10 12 1 1 10 12 1 1 10 12 1 10 12 1 7 1 7 1 10 8 1 10 12 1 1 10 12 1 8 1 10 12 1 1 10 12 1 10 12 1 10 12 1 1 10 12 1 10 12 1 1 10 12 1 1 10 12 1 10 12 1 10 12 1 10 12 1 1 10 12 1 10 12 1 10 12 1 1 10 12 1 5 0 5 0 5 0 10 12 1 10 12 1 10 12 1 10 12 1 10 12 1 10 12 1 10 12 1 10 12 1 10 12 1 1 10 12 1 10 12 1 7 1 8 1 10 100 1 10 10 12 1 1 10 12 1 1 10 12 1 10 12 1 1 10 12 1 1 10 12 1 10 12 1 1 10 12 1 9 7 12 1 1 9 12 1 100 1 10 10 12 1 1 8 1 10 8 1 8 1 10 12 1 1 9 7 12 1 1 1 9 7 1 9 7 1 9 7 1 9 9 7 1 9 7 1 9 7 1 10 12 1 1 10 12 1 1 10 12 1 1 10 12 1 1 5 0 5 0 9 12 1 1 10 12 1 10 12 1 10 12 1 1 10 12 1 1 10 12 1 8 1 3 10 12 1 1 10 12 1 1 10 12 1 10 12 1 1 10 12 1 1 10 12 1 10 12 1 10 12 1 10 12 1 10 12 1 10 12 1 1 10 12 1 1 10 12 1 10 12 1 10 12 1 10 12 1 10 12 1 10 12 1 1 10 12 1 1 10 12 1 10 12 1 10 12 1 10 12 1 10 12 1 10 12 1 1 10 12 1 1 10 12 1 1 10 12 1 1 10 12 1 10 12 1 10 12 1 10 12 1 10 12 1 10 12 1 10 12 1 1 10 12 1 1 10 12 1 10 12 1 10 12 1 10 12 1 10 12 1 10 12 1 10 12 1 1 10 12 1 1 10 12 1 10 12 1 10 12 1 10 12 1 10 12 1 10 12 1 10 12 1 10 12 1 1 10 12 1 10 12 1 10 12 1 10 12 1 10 12 1 1 10 12 1 10 12 1 10 12 1 10 12 1 10 12 1 10 12 1 10 12 1 10 12 1 1 10 12 1 10 12 1 10 12 1 10 12 1 10 12 1 10 12 1 1 10 12 1 10 12 1 10 12 1 1 10 12 1 10 12 1 10 12 1 10 12 1 10 12 1 10 12 1 10 12 1 10 12 1 10 12 1 10 12 1 10 12 1 10 12 1 10 12 1 10 12 1 10 12 1 10 12 1 10 12 1 10 12 1 10 12 1 10 12 1 10 12 1 10 12 1 10 12 1 100 1 10 100 1 10 9 12 1 5 0 10 12 1 1 5 0 10 12 1 5 0 10 12 1 10 12 1 10 12 1 1 10 12 1 1 10 12 1 10 12 1 10 12 1 10 12 1 1 10 12 1 10 12 1 10 12 1 10 12 1 10 12 1 1 10 12 1 10 12 1 10 12 1 10 12 1 1 10 12 1 10 12 1 10 12 1 1 10 12 1 10 12 1 10 12 1 10 12 1 1 10 12 1 10 10 12 1 1 10 12 1 10 12 1 1 10 12 1 10 12 5 0 5 0 5 0 10 12 1 1 10 12 1 10 12 1 10 12 10 100 12 1 1 8 1 100 1 11 12 1 1 8 1 11 12 1 1 10 100 12 1 1 10 12 1 10 12 1 10 12 1 10 12 1 10 12 1 1 10 12 1 10 12 1 10 12 1 10 12 1 10 12 1 10 12 1 10 7 1 10 12 1 9 12 1 7 1 9 12 1 7 1 9 12 1 7 1 9 12 1 7 1 9 12 1 7 1 9 12 1 7 1 9 12 1 7 1 9 12 1 7 1 9 12 1 10 12 1 9 12 1 9 12 1 9 12 1 9 12 1 9 12 1 9 12 1 9 12 1 9 12 1 9 12 1 9 12 1 1 1 3 1 1 1 1 1 1 1 1 1 1 1 1 1 1 1 1 1 1 1 1 1 1 1 1 1 1 1 1 1 1 1 1 1 1 1 1 1 1 1 1 1 1 1 1 1 1 1 1 1 1 1 1 1 1 1 1 1 1 1 1 1 1 1 1 1 1 1 1 1 1 1 1 1 1 1 1 1 1 1 1 1 1 1 1 1 1 1 1 1 100 1 1 1 1 1 1 1 1 1 1 1 1 1 1 1 1 1 1 1 1 1 1 1 1 1 1 1 1 1 1 1 1 1 1 1 1 1 1 1 1 1 1 1 1 1 1 1 1 1 1 1 1 1 1 1 1 1 1 1 1 1 1 1 1 1 1 1 1 1 1 1 1 1 1 1 1 1 1 1 1 1 1 1 1 1 1 1 1 1 1 1 1 1 1 1 1 1 1 1 1 1 1 1 1 1 1 1 1 1 1 1 1 1 1 1 1 1 1 1 1 1 1 1 1 1 1 1 1 1 1 1 1 1 1 1 1 1 1 1 1 1 1 1 1 1 1 1 1 1 1 1 1 1 1 1 1 1 1 1 1 1 1 1 1 1 1 1 1 1 1 1 1 1 1 1 1 1 1 1 1 1 1 1 1 1 1 1 1 1 1 1 1 1 1 1 1 1 1 1 1 1 1 1 1 1 1 3 1 1 1 1 1 1 1 1 1 1 1 1 1 1 1 1 1 1 1 1 1
staticfield jdk/internal/misc/Unsafe theUnsafe Ljdk/internal/misc/Unsafe; jdk/internal/misc/Unsafe
staticfield jdk/internal/misc/Unsafe ARRAY_BOOLEAN_BASE_OFFSET I 16
staticfield jdk/internal/misc/Unsafe ARRAY_BYTE_BASE_OFFSET I 16
staticfield jdk/internal/misc/Unsafe ARRAY_SHORT_BASE_OFFSET I 16
staticfield jdk/internal/misc/Unsafe ARRAY_CHAR_BASE_OFFSET I 16
staticfield jdk/internal/misc/Unsafe ARRAY_INT_BASE_OFFSET I 16
staticfield jdk/internal/misc/Unsafe ARRAY_LONG_BASE_OFFSET I 16
staticfield jdk/internal/misc/Unsafe ARRAY_FLOAT_BASE_OFFSET I 16
staticfield jdk/internal/misc/Unsafe ARRAY_DOUBLE_BASE_OFFSET I 16
staticfield jdk/internal/misc/Unsafe ARRAY_OBJECT_BASE_OFFSET I 16
staticfield jdk/internal/misc/Unsafe ARRAY_BOOLEAN_INDEX_SCALE I 1
staticfield jdk/internal/misc/Unsafe ARRAY_BYTE_INDEX_SCALE I 1
staticfield jdk/internal/misc/Unsafe ARRAY_SHORT_INDEX_SCALE I 2
staticfield jdk/internal/misc/Unsafe ARRAY_CHAR_INDEX_SCALE I 2
staticfield jdk/internal/misc/Unsafe ARRAY_INT_INDEX_SCALE I 4
staticfield jdk/internal/misc/Unsafe ARRAY_LONG_INDEX_SCALE I 8
staticfield jdk/internal/misc/Unsafe ARRAY_FLOAT_INDEX_SCALE I 4
staticfield jdk/internal/misc/Unsafe ARRAY_DOUBLE_INDEX_SCALE I 8
staticfield jdk/internal/misc/Unsafe ARRAY_OBJECT_INDEX_SCALE I 4
staticfield jdk/internal/misc/Unsafe ADDRESS_SIZE I 8
instanceKlass org/gradle/internal/classloader/CachingClassLoader
instanceKlass org/gradle/internal/classloader/MultiParentClassLoader
instanceKlass org/gradle/internal/classloader/FilteringClassLoader$RetrieveSystemPackagesClassLoader
instanceKlass org/gradle/internal/classloader/FilteringClassLoader
instanceKlass org/gradle/internal/classloader/FilteringClassLoader
instanceKlass jdk/internal/reflect/DelegatingClassLoader
instanceKlass java/security/SecureClassLoader
ciInstanceKlass java/lang/ClassLoader 1 1 1108 9 7 12 1 1 1 10 7 12 1 1 1 9 12 1 1 10 7 12 1 1 1 7 1 10 12 1 1 10 12 1 1 9 12 1 1 10 12 1 1 100 1 10 12 1 10 12 1 1 10 7 12 1 1 1 100 1 8 1 10 12 1 10 7 12 1 1 1 10 7 12 1 10 7 1 10 7 1 7 1 7 1 10 12 1 10 12 1 9 12 1 1 10 10 7 12 1 1 1 9 12 1 1 9 12 1 9 12 1 1 9 12 1 9 12 1 1 9 12 1 1 7 1 10 12 1 9 12 1 1 10 12 1 1 10 7 12 1 1 1 9 12 1 9 12 1 1 9 12 1 10 12 1 1 9 12 10 12 1 1 7 1 10 8 1 10 12 1 1 10 12 1 10 7 1 7 1 10 12 1 1 10 7 12 1 1 1 8 1 10 12 1 10 12 1 10 12 1 1 10 12 1 1 10 12 1 1 10 12 1 1 10 12 1 1 10 12 1 7 1 10 12 1 10 7 12 1 1 1 10 12 1 1 10 12 1 10 12 1 10 12 1 10 12 1 10 12 1 1 10 10 12 1 10 12 1 10 100 12 1 1 10 12 1 1 10 12 1 1 10 12 1 100 1 10 12 1 7 1 10 12 1 10 7 12 1 1 1 10 10 12 1 1 10 12 1 1 7 1 8 1 10 8 1 10 12 1 10 12 1 100 1 8 1 10 12 1 1 10 12 1 1 10 10 12 1 1 10 12 1 1 10 12 1 1 10 7 1 10 12 1 1 10 12 1 1 10 12 1 1 10 12 1 1 10 12 1 1 10 12 1 1 10 12 1 10 7 12 1 1 1 10 12 1 10 12 1 10 12 1 1 10 12 1 10 12 1 10 12 1 10 12 1 1 10 12 1 10 12 1 1 8 1 9 12 1 10 12 1 1 8 1 8 1 10 7 12 1 1 100 1 10 10 12 10 12 1 10 12 1 10 12 1 10 12 1 1 10 7 12 1 1 10 12 1 10 7 1 7 1 10 12 1 1 10 12 1 10 7 1 10 12 1 100 1 18 12 1 10 100 12 1 1 1 10 100 12 1 1 1 10 7 12 1 1 10 12 1 10 12 1 100 1 10 12 1 8 1 10 10 12 1 1 10 12 1 10 12 1 1 7 1 10 12 1 10 12 1 1 10 7 12 1 1 10 12 1 8 1 100 1 10 10 12 1 9 12 1 10 7 12 1 1 10 12 1 7 1 8 1 10 12 1 10 8 1 8 1 10 12 1 1 10 12 1 1 10 12 1 1 10 7 12 1 1 7 1 100 1 10 12 1 1 7 1 7 1 10 7 12 1 1 10 12 1 10 12 1 1 10 12 1 10 12 1 1 10 12 1 1 9 100 12 1 1 1 10 12 1 1 10 12 1 10 12 1 10 12 1 1 10 12 1 8 1 7 1 18 12 1 1 10 12 1 1 10 12 1 10 12 1 10 12 1 8 1 10 12 1 10 12 1 18 12 1 11 7 12 1 1 1 7 1 10 12 1 1 10 12 1 10 11 12 1 1 10 18 10 12 1 1 11 7 12 1 18 12 1 11 12 1 1 10 12 10 12 1 1 10 12 1 1 100 1 8 1 10 10 12 1 8 1 8 1 10 100 12 1 1 10 12 1 100 1 10 10 12 1 8 1 8 1 8 1 10 12 1 10 12 1 1 10 12 1 10 7 12 1 1 1 11 7 12 1 1 100 1 10 11 10 12 1 10 12 1 10 12 1 1 9 7 12 1 1 9 12 1 1 9 12 9 12 1 9 12 1 9 12 1 8 10 12 1 1 10 7 12 1 1 1 10 12 1 1 10 12 1 1 10 12 1 10 10 12 1 11 12 1 1 10 100 12 1 1 1 100 1 10 12 1 10 12 1 10 12 1 1 1 1 1 1 1 1 1 1 1 1 1 1 1 1 1 1 1 1 1 1 1 1 1 1 1 1 100 1 1 1 1 1 1 1 1 1 1 1 1 1 1 1 1 1 1 1 1 1 100 1 1 1 1 1 1 1 1 1 1 7 1 1 1 1 1 1 1 1 1 1 1 1 1 1 1 1 1 1 1 1 1 1 1 1 1 1 1 1 1 1 1 1 1 1 1 1 1 1 1 1 1 100 1 1 1 1 1 1 1 1 1 1 1 1 1 1 1 1 1 1 1 7 1 1 1 1 1 1 1 1 1 1 1 1 1 1 1 1 1 1 1 1 1 1 1 1 1 1 1 1 1 1 1 1 1 1 1 1 1 1 1 1 1 1 1 1 1 1 1 1 1 1 100 1 1 1 1 1 1 1 1 1 1 1 1 1 1 1 1 1 1 1 1 1 1 1 1 1 1 1 1 1 1 1 1 1 1 1 1 1 1 1 1 1 1 1 1 1 1 16 1 15 10 12 16 1 16 15 10 12 16 1 16 1 15 10 12 16 15 10 12 16 15 10 12 16 15 10 7 12 1 1 1 1 1 100 1 100 1 1
staticfield java/lang/ClassLoader nocerts [Ljava/security/cert/Certificate; 0 [Ljava/security/cert/Certificate;
staticfield java/lang/ClassLoader $assertionsDisabled Z 1
ciInstanceKlass java/lang/reflect/Constructor 1 1 439 10 7 12 1 1 1 10 7 12 1 1 9 7 12 1 1 1 10 12 1 1 10 12 1 1 10 7 12 1 1 9 12 1 1 10 7 12 1 1 1 9 12 1 1 9 12 1 1 9 12 1 9 12 1 1 9 12 1 9 12 1 1 9 12 1 1 9 12 1 100 1 8 1 10 12 1 10 12 1 9 12 1 1 10 7 12 1 1 10 7 12 1 1 1 10 12 1 1 10 12 1 1 10 12 1 7 1 100 1 8 1 10 10 12 1 10 12 1 10 12 1 1 10 12 1 1 9 7 12 1 1 1 10 7 12 1 1 10 12 1 1 10 12 1 10 12 1 1 10 7 12 1 1 1 10 100 12 1 1 10 12 1 1 10 12 1 10 7 12 1 1 1 8 1 10 10 12 1 100 1 8 1 10 12 1 10 12 1 1 10 12 1 1 10 12 1 10 12 1 10 12 1 1 10 12 1 1 9 12 1 1 10 12 1 1 10 12 1 1 10 12 1 1 11 7 12 1 1 1 10 12 1 1 10 12 1 10 12 1 10 12 1 8 1 9 12 1 1 10 7 12 1 1 1 10 7 12 1 1 10 12 1 1 10 12 1 1 10 12 1 1 10 12 1 1 10 12 1 9 7 12 1 1 10 12 1 10 12 1 10 12 1 100 1 8 1 10 10 12 1 1 10 12 1 10 10 12 1 1 10 12 1 1 10 100 12 1 1 1 11 100 12 1 1 1 10 12 1 1 9 100 12 1 1 1 10 100 12 1 1 1 10 12 1 1 1 1 1 1 1 1 1 1 1 1 1 1 1 1 1 1 1 1 1 1 1 1 1 1 1 1 1 1 1 1 1 1 1 1 1 1 1 1 1 1 1 1 1 1 1 1 1 1 1 1 100 1 100 1 100 1 100 1 1 1 1 1 1 1 1 1 1 1 1 1 1 1 1 1 1 1 1 1 1 1 1 1 1 1 1 1 1 1 1 1 100 1 1
instanceKlass java/lang/reflect/Executable
instanceKlass java/lang/reflect/Field
ciInstanceKlass java/lang/reflect/AccessibleObject 1 1 400 10 7 12 1 1 1 9 100 12 1 1 1 10 7 12 1 1 1 10 7 12 1 1 10 7 12 1 1 1 10 100 12 1 1 1 10 12 1 1 10 12 1 1 9 12 1 1 7 1 10 7 12 1 1 1 11 12 1 7 1 10 12 1 7 1 100 1 10 12 1 10 12 1 1 10 12 1 1 10 12 1 1 10 12 1 1 7 1 10 7 12 1 1 1 10 12 1 1 11 10 7 12 1 1 1 10 12 1 1 10 12 1 10 12 1 10 12 1 1 10 12 1 8 1 7 1 7 1 10 10 12 1 1 8 1 10 12 1 10 12 1 8 1 8 1 8 1 8 1 8 1 8 1 8 1 8 1 8 1 100 1 10 12 1 10 12 1 9 12 1 1 10 12 1 1 10 12 1 10 7 1 100 1 8 1 10 8 1 10 12 1 8 1 10 12 1 10 12 1 1 10 100 1 8 1 10 11 7 12 1 1 1 10 12 1 1 10 12 1 1 10 12 1 1 9 12 1 1 100 1 10 12 1 7 1 10 12 1 10 12 1 1 10 100 1 10 12 1 10 12 10 12 1 10 12 1 10 12 1 1 10 12 1 9 12 1 10 100 12 1 1 8 1 10 100 12 1 1 1 8 1 10 7 12 1 1 1 9 12 1 7 1 10 7 1 10 10 7 12 1 1 1 7 1 10 10 7 12 1 1 1 7 1 9 12 1 1 1 1 1 1 1 1 1 1 1 1 1 1 1 1 1 1 1 1 1 1 1 1 1 1 1 1 1 1 1 1 1 1 1 1 1 1 1 1 1 1 1 1 1 1 1 1 1 1 1 1 1 1 1 1 1 1 1 1 1 1 1 1 1 1 1 1 1 1 1 1 1 1 1 1 1 1 1 1 1 1 1 1
staticfield java/lang/reflect/AccessibleObject reflectionFactory Ljdk/internal/reflect/ReflectionFactory; jdk/internal/reflect/ReflectionFactory
instanceKlass java/lang/reflect/Constructor
instanceKlass java/lang/reflect/Method
ciInstanceKlass java/lang/reflect/Executable 1 1 581 10 7 12 1 1 1 10 7 12 1 1 1 10 7 12 1 1 1 11 7 12 1 1 1 10 7 12 1 1 1 10 12 1 1 10 7 12 1 1 1 10 7 12 1 1 1 10 12 1 8 1 10 10 12 1 1 10 12 1 1 10 7 12 1 1 1 18 12 1 1 11 7 12 1 1 1 8 1 8 1 8 1 10 7 12 1 1 1 11 12 1 1 7 1 8 1 8 1 10 12 1 7 1 8 1 10 12 1 8 1 11 7 12 1 1 1 7 1 11 7 12 1 1 1 11 12 1 8 1 18 8 1 10 12 1 10 12 1 1 18 8 1 10 12 1 7 1 10 12 1 10 12 1 11 12 1 10 12 1 1 8 1 8 1 10 12 1 1 10 12 1 1 10 10 12 1 9 100 12 1 1 1 10 100 12 1 1 1 10 12 1 10 12 1 1 10 7 12 1 1 10 12 1 10 12 1 10 12 1 10 7 12 1 1 7 1 10 100 12 1 1 1 10 12 1 1 10 7 12 1 1 10 12 1 10 12 1 1 9 100 12 1 1 1 10 100 10 12 1 8 1 10 12 1 10 12 1 3 100 1 8 1 10 12 1 10 12 1 10 10 12 1 10 12 1 1 8 1 8 1 8 1 9 12 1 1 9 12 1 10 12 1 100 1 8 1 10 12 1 10 12 1 10 12 1 1 10 12 1 1 10 12 1 10 12 10 12 1 100 1 10 12 1 10 12 1 1 100 1 10 7 12 1 1 1 7 1 10 7 12 1 1 1 10 12 1 1 11 7 12 1 1 10 12 1 10 100 12 1 1 1 10 12 1 1 9 12 1 10 12 1 1 10 12 1 10 12 1 1 9 100 12 1 1 1 10 100 12 1 1 1 10 12 1 10 12 1 1 9 12 1 10 10 10 10 100 12 1 1 1 10 12 1 9 12 1 10 12 1 1 9 12 1 7 1 7 1 1 1 1 1 1 1 1 1 1 1 1 1 1 1 1 1 1 1 1 1 1 1 1 1 1 1 1 1 1 1 1 1 1 1 1 100 1 1 1 1 1 1 1 1 1 1 1 1 1 1 1 1 1 1 1 100 1 1 1 1 1 1 1 1 1 1 1 1 1 1 1 1 1 1 1 1 1 1 1 1 1 1 1 1 1 1 1 1 1 1 1 1 1 1 1 1 1 1 1 7 1 1 1 1 1 1 1 1 1 1 1 1 1 1 1 1 1 1 1 1 1 1 7 1 1 16 15 16 1 16 1 15 10 12 16 15 10 7 12 1 1 1 1 1 1 100 1 1 100 1 100 1 1
ciInstanceKlass java/lang/reflect/Member 1 1 37 100 1 10 12 1 1 100 1 100 1 1 1 1 3 1 3 1 1 1 1 1 1 1 1 1 1 1 1 1 1 1 1 1 1 1 1
instanceKlass org/gradle/fileevents/internal/AbstractFileEventFunctions$AbstractFileWatcher$1
instanceKlass org/gradle/launcher/daemon/server/exec/DaemonConnectionBackedEventConsumer$ForwardEvents
instanceKlass org/gradle/launcher/daemon/server/exec/LogToClient$AsynchronousLogDispatcher
instanceKlass java/util/logging/LogManager$Cleaner
instanceKlass jdk/internal/misc/InnocuousThread
instanceKlass java/util/concurrent/ForkJoinWorkerThread
instanceKlass java/lang/ref/Finalizer$FinalizerThread
instanceKlass java/lang/ref/Reference$ReferenceHandler
instanceKlass java/lang/BaseVirtualThread
ciInstanceKlass java/lang/Thread 1 1 870 10 7 12 1 1 1 9 12 1 1 10 7 12 1 1 10 12 1 10 100 12 1 1 100 1 8 1 10 12 1 1 9 12 1 9 12 1 1 9 12 1 1 7 1 10 12 1 1 10 12 1 10 7 12 1 1 1 10 12 9 12 1 1 10 12 1 7 1 10 12 1 100 1 8 1 10 9 7 12 1 1 1 10 12 1 1 10 12 1 1 10 12 1 1 10 12 1 10 12 1 1 3 8 1 7 1 5 0 10 7 12 1 1 1 9 12 1 10 12 1 1 10 7 12 1 1 1 10 7 12 1 1 1 10 12 1 1 10 12 1 1 9 12 1 1 10 7 1 8 1 10 7 1 10 12 1 9 12 1 1 10 7 12 1 1 1 10 10 12 1 1 9 100 12 1 1 1 10 12 1 1 10 12 1 1 10 7 12 1 1 10 12 1 10 12 1 10 7 12 1 1 9 12 1 10 7 12 1 1 1 10 12 1 1 9 12 1 1 9 12 1 1 10 7 12 1 1 1 9 12 1 1 10 100 12 1 1 10 100 12 1 1 1 10 12 1 10 12 1 10 7 12 1 1 9 12 1 8 1 9 7 12 1 1 9 12 1 1 5 0 100 1 10 100 1 10 100 1 10 7 1 10 8 1 10 12 1 1 10 7 12 1 10 12 1 10 12 1 100 1 8 1 10 10 12 1 10 12 1 1 10 100 12 1 1 1 10 100 12 1 1 1 10 12 1 7 1 9 12 1 1 100 1 10 10 12 1 9 12 1 1 10 12 1 1 10 12 1 1 10 12 1 10 12 1 9 12 1 1 10 10 12 1 1 10 12 1 1 11 7 12 1 1 10 7 12 1 1 9 12 1 9 12 1 1 9 12 1 1 10 100 12 1 1 10 12 1 1 9 7 12 1 1 1 10 7 12 1 1 10 12 1 10 12 1 100 1 10 10 12 9 12 1 1 10 12 1 11 100 12 1 1 10 12 1 10 12 1 10 12 1 9 12 1 10 10 12 1 10 12 1 1 9 12 1 9 12 10 12 1 8 1 10 12 1 10 12 1 10 12 1 10 12 1 10 12 1 1 10 12 1 10 12 1 1 10 12 1 10 12 1 10 12 1 10 12 1 10 12 1 1 9 7 12 1 1 1 8 1 10 9 12 1 10 12 1 7 1 8 1 10 10 12 1 8 1 10 12 1 1 9 12 10 12 8 1 10 10 12 1 10 12 1 8 1 10 12 1 10 8 1 10 100 12 1 1 10 12 1 1 100 1 8 1 10 9 12 1 9 12 1 1 10 12 1 1 10 10 12 1 10 12 1 100 10 7 12 1 1 1 9 12 1 10 12 1 1 10 12 1 1 10 100 12 1 1 1 11 7 12 1 1 1 9 100 12 1 1 1 10 100 12 1 1 1 7 1 10 12 1 100 1 10 12 1 10 12 1 1 10 12 1 1 8 1 9 12 1 10 12 1 10 12 1 1 11 7 12 1 1 1 10 12 1 1 1 1 3 1 3 1 3 1 3 1 1 1 1 1 1 1 1 1 1 1 1 1 1 1 1 1 1 1 1 1 7 1 1 1 1 1 1 1 1 1 1 1 1 1 1 1 1 1 1 1 1 1 1 100 1 1 1 1 1 1 1 1 1 1 1 1 1 1 1 1 7 1 7 1 1 1 1 1 1 1 1 1 1 1 1 1 1 1 1 1 1 1 1 1 1 1 1 1 1 1 1 1 1 1 1 1 1 1 1 1 1 1 1 1 1 1 1 1 1 1 1 1 1 1 1 1 1 1 1 1 1 1 1 1 1 1 1 1 1 1 1 1 1 1 1 1 1 1 1 100 100 1 1 1 1 1 1 1 1 1 1 1 1 1 1 1 1 1 1 1 1 1 1 1 1 1 1 100 1 100 1 100 1 100 1 100 1 1 100 1 1 1 1 1 1 1 1 1 1 1 1 1 1 1
staticfield java/lang/Thread NEW_THREAD_BINDINGS Ljava/lang/Object; java/lang/Class
staticfield java/lang/Thread EMPTY_STACK_TRACE [Ljava/lang/StackTraceElement; 0 [Ljava/lang/StackTraceElement;
ciInstanceKlass java/lang/Runnable 1 0 11 100 1 100 1 1 1 1 1 1 1
ciInstanceKlass java/net/URL 1 1 771 10 7 12 1 1 1 10 12 1 10 7 12 1 1 9 12 1 1 9 12 1 10 7 12 1 1 1 10 12 1 1 10 12 1 1 9 12 1 1 10 7 12 1 1 1 8 1 10 12 1 1 7 1 10 10 12 1 1 8 1 10 12 1 1 9 12 1 100 1 8 1 10 12 1 10 12 1 8 1 9 12 1 10 12 1 1 9 12 1 10 12 1 10 12 1 9 12 1 9 12 1 8 1 9 12 1 10 12 1 1 8 1 9 12 1 1 10 12 1 1 10 7 12 1 1 1 8 1 10 12 1 7 1 10 12 1 10 12 1 10 12 1 10 12 1 1 10 12 1 1 8 1 10 12 1 1 10 12 1 8 1 9 12 1 8 1 10 12 1 10 7 12 1 1 1 7 1 10 12 1 10 12 1 1 10 7 12 1 1 1 100 1 8 1 10 10 12 1 8 1 10 12 1 1 10 12 1 10 12 1 10 12 1 10 12 1 10 12 1 10 12 1 8 1 10 12 1 8 1 10 10 100 1 10 10 12 1 8 1 10 7 12 1 1 1 10 12 1 9 100 12 1 1 1 10 7 12 1 1 1 9 12 1 1 10 12 1 10 100 12 1 1 1 100 1 100 1 10 12 1 10 12 1 10 12 1 10 12 1 10 12 1 10 12 10 10 12 1 10 12 1 10 12 1 1 8 1 9 100 12 1 1 1 10 100 12 1 1 1 10 12 1 1 9 100 12 1 1 1 10 12 1 1 100 1 10 12 1 10 12 1 10 10 12 1 1 10 12 1 1 10 12 1 10 12 1 10 12 1 10 7 12 1 1 1 10 12 1 1 10 12 1 9 12 1 1 9 12 1 1 7 1 8 1 10 10 12 1 9 12 1 1 10 7 12 1 1 8 1 10 7 12 1 1 8 1 10 12 1 1 10 12 1 8 1 8 1 10 7 12 1 1 1 7 1 10 7 12 1 1 1 10 12 1 10 12 1 100 1 10 9 100 12 1 1 1 10 100 12 1 1 10 12 1 1 10 12 1 8 1 100 1 10 10 7 12 1 1 1 10 12 1 8 9 100 12 1 1 1 10 12 1 1 10 12 1 10 12 1 1 10 7 12 1 1 11 7 12 1 1 10 12 1 10 12 1 9 12 1 10 12 1 1 10 100 12 1 1 10 100 12 1 1 1 8 10 100 12 1 1 100 1 10 8 8 10 12 1 8 8 8 100 1 10 12 1 9 12 1 1 10 12 1 10 12 1 1 10 12 1 10 12 10 12 1 1 10 12 1 1 10 10 10 12 1 10 12 1 10 12 1 10 12 1 10 12 1 10 10 12 1 100 1 8 1 10 10 10 12 1 1 10 12 1 10 12 1 1 8 1 7 1 10 10 7 1 10 12 1 9 7 12 1 1 1 9 12 1 1 7 1 10 10 7 12 1 1 1 7 1 1 1 1 1 5 0 1 1 1 1 1 1 1 1 1 1 1 1 1 1 1 1 1 1 1 1 1 1 1 1 1 1 1 1 1 1 1 1 1 1 1 1 1 1 1 1 1 1 1 1 1 1 1 1 7 1 1 1 1 1 1 1 1 1 1 1 1 1 1 1 1 1 1 1 1 1 1 1 1 1 1 1 1 1 1 1 1 1 1 1 1 1 100 1 1 1 1 1 1 1 1 1 1 1 1 1 1 1 1 1 100 1 1 1 1 1 1 1 1 1 1 1 1 1 1 1 1 1 1 1
staticfield java/net/URL defaultFactory Ljava/net/URLStreamHandlerFactory; java/net/URL$DefaultFactory
staticfield java/net/URL streamHandlerLock Ljava/lang/Object; java/lang/Object
staticfield java/net/URL serialPersistentFields [Ljava/io/ObjectStreamField; 7 [Ljava/io/ObjectStreamField;
ciInstanceKlass java/lang/Module 1 1 1070 10 7 12 1 1 1 9 7 12 1 1 1 10 7 12 1 1 1 9 12 1 9 12 1 1 9 12 1 1 10 12 1 1 10 12 1 10 12 1 1 10 7 12 1 1 1 7 1 10 7 12 1 1 1 10 12 1 1 11 7 12 1 1 1 10 12 1 1 10 7 12 1 1 1 10 12 1 1 10 7 12 1 1 1 9 100 12 1 1 1 10 7 12 1 1 1 10 12 1 8 1 10 7 12 1 1 1 10 7 12 1 1 1 10 7 12 1 1 1 10 12 1 10 12 1 9 12 1 1 10 100 12 1 1 100 1 7 1 10 8 1 10 12 1 1 10 12 1 10 12 10 12 1 10 7 12 1 1 8 1 8 1 10 8 1 8 1 9 12 1 1 8 1 10 100 12 1 1 1 10 12 1 9 12 1 1 11 12 1 9 7 12 1 1 10 7 12 1 1 1 10 100 12 1 1 1 10 12 1 1 8 1 10 12 1 1 10 12 1 10 12 1 1 9 7 12 1 1 1 10 12 1 1 10 12 1 1 9 12 1 10 12 1 10 12 1 9 12 1 1 11 7 12 1 1 10 12 1 1 9 12 1 9 12 1 10 12 1 10 12 1 100 1 8 1 10 10 12 1 1 10 12 1 8 1 10 12 1 1 8 1 8 1 10 12 1 1 10 12 1 10 12 1 1 18 12 1 1 10 12 1 1 11 12 1 9 12 1 11 12 10 100 12 1 1 100 1 8 1 10 11 12 1 1 10 7 12 1 1 1 10 12 1 10 12 1 1 11 12 1 1 11 7 12 1 1 11 12 1 1 9 12 1 11 12 1 10 12 1 1 10 12 1 1 9 12 1 10 12 10 7 12 1 1 10 7 1 18 12 1 1 11 100 12 1 1 1 18 12 1 11 12 1 1 10 100 12 1 1 1 11 12 1 1 10 7 12 1 1 7 1 11 12 1 7 1 7 1 10 12 1 10 7 12 1 1 1 10 11 7 12 1 8 1 10 10 12 1 1 10 7 12 1 1 10 12 1 10 12 1 7 1 10 12 1 10 11 12 1 1 10 12 10 12 1 1 9 12 1 1 100 1 10 10 12 1 1 11 7 1 10 12 1 1 11 12 1 10 10 12 1 11 10 12 1 1 10 12 1 1 10 12 1 1 10 7 12 1 1 10 12 1 10 12 1 1 10 10 12 1 1 10 12 1 18 12 1 11 12 1 18 12 1 10 12 1 10 12 1 10 12 7 1 10 12 1 10 12 1 10 12 1 9 12 1 7 1 10 10 10 10 12 1 10 12 1 10 12 1 10 12 1 1 10 12 1 1 10 12 1 9 12 1 18 12 1 1 10 7 12 1 1 1 100 1 8 1 10 12 1 1 10 12 1 1 10 7 12 1 1 7 1 10 12 1 1 7 1 8 1 10 12 1 1 100 1 11 12 1 1 10 100 12 1 1 1 18 12 1 1 11 100 12 1 1 1 100 1 10 12 1 10 12 1 1 7 1 7 1 10 12 8 1 10 12 1 1 10 12 1 1 10 100 12 1 1 10 12 1 1 10 12 1 10 12 10 12 1 1 7 1 10 10 12 1 1 10 7 12 1 1 1 100 1 10 12 1 1 10 7 12 1 1 8 1 18 12 1 1 100 1 100 1 9 12 1 1 9 12 1 9 12 1 11 100 12 1 1 1 100 1 11 12 1 1 100 1 10 12 1 8 1 10 12 1 10 12 10 12 1 8 1 10 10 100 12 1 1 7 1 10 10 12 1 10 7 12 1 1 9 12 1 9 12 1 9 12 1 9 12 1 10 12 11 12 1 10 12 1 7 1 1 1 1 1 1 1 1 1 1 1 1 1 1 1 1 1 1 1 100 1 1 1 1 1 1 1 1 1 1 1 1 1 1 1 1 1 1 1 1 1 1 1 1 1 1 1 1 1 1 1 1 1 1 1 1 1 1 1 1 1 1 1 1 1 1 1 1 1 1 1 1 1 1 1 1 1 1 1 1 1 1 1 1 1 1 1 1 1 1 1 1 1 1 1 1 1 1 1 1 1 1 1 1 1 1 1 1 1 1 1 1 1 1 1 100 100 1 1 1 1 1 1 1 1 1 1 1 1 1 1 1 1 1 1 1 1 1 1 1 1 1 1 1 100 1 100 1 1 1 1 1 1 1 1 1 1 1 1 1 1 1 1 1 1 1 1 100 1 1 1 1 1 1 1 1 1 1 1 1 1 1 1 1 1 1 1 1 1 1 1 16 15 10 12 16 16 15 10 12 16 16 15 10 16 1 15 10 12 16 1 15 10 12 16 1 16 15 10 12 16 16 1 15 10 12 16 15 10 7 12 1 1 1 15 10 100 12 1 1 1 1 1 1 1 1 1 1 1 100 1 100 1 1 100 1 100 1 1
staticfield java/lang/Module ALL_UNNAMED_MODULE Ljava/lang/Module; java/lang/Module
staticfield java/lang/Module ALL_UNNAMED_MODULE_SET Ljava/util/Set; java/util/ImmutableCollections$Set12
staticfield java/lang/Module EVERYONE_MODULE Ljava/lang/Module; java/lang/Module
staticfield java/lang/Module EVERYONE_SET Ljava/util/Set; java/util/ImmutableCollections$Set12
staticfield java/lang/Module $assertionsDisabled Z 1
ciInstanceKlass java/lang/Character 1 1 604 7 1 7 1 100 1 9 12 1 1 8 1 9 12 1 1 7 1 9 12 1 1 10 7 12 1 1 1 10 100 12 1 1 1 10 100 12 1 1 1 10 7 12 1 1 1 9 7 12 1 1 1 10 12 1 10 12 1 1 10 12 1 1 10 7 12 1 1 10 12 1 1 3 3 3 3 3 10 12 1 1 10 12 1 3 11 7 12 1 1 1 11 12 1 1 10 12 1 1 10 12 1 1 100 1 10 10 12 1 3 10 12 1 1 10 12 1 10 12 1 1 100 1 8 1 10 12 1 1 10 12 1 10 12 1 10 12 1 10 100 12 1 1 1 10 12 1 10 12 1 10 12 1 1 10 12 1 10 7 12 1 1 10 10 12 1 10 10 12 1 10 12 1 1 10 12 1 10 10 12 1 10 12 1 10 12 1 10 12 1 10 12 1 10 12 1 10 12 1 10 12 10 10 12 10 10 12 1 10 10 12 1 10 10 12 1 10 10 12 1 10 12 1 10 12 1 10 12 1 10 12 1 10 12 1 10 12 1 10 10 12 1 10 10 12 1 10 10 12 1 1 10 10 12 1 10 5 0 10 12 1 10 12 1 10 10 12 1 10 10 12 1 1 10 10 12 1 10 10 12 1 9 12 1 1 100 1 10 10 12 1 10 12 1 1 3 10 100 12 1 1 1 10 12 1 10 100 12 1 1 7 1 10 10 12 1 1 10 12 1 1 10 12 1 1 8 1 10 12 1 9 100 12 1 1 1 10 12 1 10 10 12 1 10 12 1 1 10 12 1 10 10 12 1 1 10 10 12 1 1 7 1 8 1 10 12 1 1 10 7 12 1 1 1 8 1 10 12 1 1 9 12 1 1 7 1 7 1 7 1 1 1 1 3 1 3 1 3 1 3 1 1 1 1 1 3 1 1 3 1 3 1 3 1 3 1 3 1 3 1 3 1 3 1 3 1 3 1 3 1 3 1 3 1 3 1 3 1 3 1 3 1 3 1 3 1 3 1 3 1 3 1 3 1 3 1 3 1 3 1 3 1 3 1 1 1 1 1 1 1 1 1 1 1 1 1 1 1 1 1 1 1 3 1 1 1 1 1 1 1 3 1 1 3 1 1 1 1 1 3 1 1 5 0 1 1 1 1 1 1 1 1 1 1 1 1 1 1 1 1 1 1 1 1 1 1 1 1 1 1 1 1 1 1 1 1 1 1 1 1 1 1 1 1 1 1 1 1 1 1 1 1 1 1 1 1 1 1 1 1 1 1 1 1 1 1 1 1 1 1 1 1 1 1 1 1 1 1 1 1 1 1 1 1 1 1 1 1 1 1 1 1 1 1 100 1 100 1 1 1 1 1 1
staticfield java/lang/Character TYPE Ljava/lang/Class; java/lang/Class
staticfield java/lang/Character $assertionsDisabled Z 1
ciInstanceKlass java/lang/OutOfMemoryError 1 1 26 10 100 12 1 1 1 10 12 1 100 1 1 1 1 5 0 1 1 1 1 1 1 1 1 1
ciInstanceKlass java/lang/Integer 1 1 453 7 1 7 1 7 1 7 1 10 12 1 1 9 12 1 1 9 12 1 1 10 100 12 1 1 1 10 12 1 1 10 100 12 1 1 1 10 10 12 1 1 10 7 12 1 1 1 10 12 1 10 12 1 1 10 7 12 1 1 1 10 12 1 1 10 12 1 1 10 12 1 10 12 1 10 12 1 1 10 10 12 1 9 12 1 1 9 12 1 100 1 8 1 10 12 1 7 1 10 12 1 8 1 10 12 1 1 10 12 1 8 1 10 12 1 8 1 10 12 1 1 3 10 12 1 1 3 10 12 1 1 10 12 1 1 10 7 12 1 1 1 11 7 1 10 12 1 1 11 10 12 1 1 8 1 10 12 1 1 8 1 7 1 10 12 1 1 10 12 1 1 5 0 8 1 10 12 1 10 12 1 10 12 1 10 12 1 1 7 1 9 12 1 1 9 12 1 1 10 12 1 10 7 1 9 12 1 10 12 1 10 12 1 10 12 1 1 10 7 12 1 1 1 100 1 100 1 10 12 1 1 10 12 1 1 8 1 8 1 10 12 1 1 8 1 8 1 8 1 8 1 8 1 8 1 10 12 1 10 12 1 5 0 3 3 3 3 10 12 1 10 12 1 3 10 12 1 10 100 12 1 1 1 10 12 1 1 10 12 1 1 8 1 10 7 12 1 1 1 9 12 1 1 7 1 7 1 7 1 1 1 1 3 1 1 1 3 1 3 1 1 5 0 1 1 1 1 1 1 1 1 1 100 1 1 1 1 1 1 1 1 1 1 1 1 1 1 1 1 1 1 1 1 1 1 1 1 1 1 1 1 1 1 1 1 1 1 1 1 1 1 1 1 3 1 1 1 1 1 1 1 1 1 1 1 1 1 1 1 1 7 1 1 1 1 1 1 1 1 1 1 1 1 1 1 1 1 1 1 1 1 1 1 1 1 1 1 1 1 1 1 1 1 1 1 1 1 1 1 1 1 1 1 1 1 1 1 7 1 1 1 1 1 1 1 1 1 100 1 100 1 1
staticfield java/lang/Integer TYPE Ljava/lang/Class; java/lang/Class
staticfield java/lang/Integer digits [C 36
staticfield java/lang/Integer DigitTens [B 100
staticfield java/lang/Integer DigitOnes [B 100
instanceKlass java/math/BigDecimal
instanceKlass java/math/BigInteger
instanceKlass java/util/concurrent/atomic/Striped64
instanceKlass java/util/concurrent/atomic/AtomicLong
instanceKlass java/util/concurrent/atomic/AtomicInteger
instanceKlass java/lang/Long
instanceKlass java/lang/Integer
instanceKlass java/lang/Short
instanceKlass java/lang/Byte
instanceKlass java/lang/Double
instanceKlass java/lang/Float
ciInstanceKlass java/lang/Number 1 1 37 10 7 12 1 1 1 10 100 12 1 1 1 100 1 1 1 1 5 0 1 1 1 1 1 1 1 1 1 1 1 1 1 1 1 1 1
ciInstanceKlass java/lang/Thread$FieldHolder 1 1 48 10 7 12 1 1 1 9 7 12 1 1 1 9 12 1 1 9 12 1 1 9 12 1 1 9 12 1 1 1 1 1 1 1 1 1 1 100 1 100 1 1 1 1 100 1 1 1
ciInstanceKlass java/lang/Thread$Constants 0 0 59 7 1 10 7 12 1 1 1 100 1 10 10 7 12 1 1 1 7 1 8 1 10 12 1 9 7 12 1 1 1 7 1 7 1 10 12 1 10 12 1 9 12 1 1 1 1 1 1 1 1 1 1 1 1 1 1 1 1
ciInstanceKlass java/lang/ThreadGroup 1 1 411 10 7 12 1 1 1 9 7 12 1 1 1 8 1 9 12 1 1 7 1 9 12 1 1 9 12 1 1 10 7 12 1 1 1 10 12 1 1 10 12 1 10 12 1 10 12 1 10 12 1 1 10 12 1 1 10 12 1 10 12 1 1 10 12 1 10 12 1 10 100 12 1 1 1 10 12 1 1 18 12 1 1 11 7 12 1 1 1 10 7 12 1 1 1 10 7 12 1 10 12 1 1 10 12 1 1 10 12 1 1 10 100 12 1 1 1 10 12 1 11 12 1 1 11 7 12 1 1 11 12 1 1 10 12 1 1 10 12 1 10 12 1 11 12 1 11 12 1 1 100 1 10 10 12 1 100 1 10 18 12 1 1 11 7 12 1 1 1 11 12 1 1 9 12 1 1 10 12 1 1 8 1 10 7 12 1 1 1 10 100 12 1 1 1 10 12 1 1 11 12 10 12 1 1 10 12 1 1 11 7 1 9 12 1 7 1 10 8 1 10 12 1 1 10 12 1 1 8 1 10 12 1 10 7 12 1 1 1 10 12 1 1 10 7 1 8 1 10 8 1 10 12 1 10 12 1 8 1 9 12 1 1 9 12 1 10 100 12 1 1 1 100 9 12 1 1 7 1 9 12 1 10 12 10 12 1 1 100 10 12 9 12 1 10 12 1 100 1 10 11 12 1 1 7 1 10 10 12 1 10 12 1 1 1 1 1 1 1 1 1 1 1 1 1 1 1 1 1 1 3 1 1 1 1 1 1 1 1 1 1 1 1 100 1 1 1 1 1 1 1 1 1 1 1 1 1 1 1 1 1 1 1 1 1 1 1 1 1 1 1 1 1 1 1 1 1 1 1 1 1 1 1 1 1 1 1 16 15 10 12 16 16 15 10 12 16 15 10 100 12 1 1 1 1 1 100 1 100 1 1
staticfield java/lang/ThreadGroup $assertionsDisabled Z 1
ciInstanceKlass java/lang/Thread$UncaughtExceptionHandler 1 0 16 100 1 100 1 1 1 1 1 1 1 1 100 1 1 1
ciInstanceKlass java/security/AccessControlContext 1 1 374 9 7 12 1 1 1 9 12 1 1 10 100 12 1 1 1 8 1 10 100 12 1 1 1 10 7 12 1 1 1 9 12 1 9 12 1 1 9 12 1 1 10 7 12 1 1 7 1 10 12 1 11 7 12 1 1 1 11 12 1 11 12 1 11 12 1 1 7 1 11 12 1 1 10 12 1 10 7 12 1 1 1 9 100 12 1 1 1 10 7 12 1 1 1 11 100 12 1 1 1 10 7 1 100 1 8 1 10 12 1 10 12 1 1 7 1 10 7 12 1 1 1 9 12 1 9 12 1 9 12 1 9 12 1 1 9 12 1 1 9 12 1 9 12 1 10 7 12 1 1 1 9 12 1 10 12 1 1 10 12 1 1 8 1 10 12 1 1 10 12 1 1 10 7 12 1 1 1 7 1 10 10 12 1 1 10 7 12 1 1 1 10 8 1 10 7 12 1 1 8 1 10 7 12 1 1 8 1 8 1 10 12 1 8 1 10 12 1 8 1 10 12 1 10 12 1 10 12 1 1 8 1 8 1 100 1 10 12 1 10 12 1 1 100 1 10 12 1 8 1 10 12 1 10 12 1 10 8 1 10 12 1 1 10 12 1 1 10 12 1 1 10 12 1 1 10 12 1 10 12 1 11 10 12 1 10 12 1 1 10 10 10 12 1 1 1 1 1 1 1 1 1 1 1 1 1 1 1 1 1 1 1 1 1 1 1 1 100 1 1 1 1 1 1 1 1 1 1 1 1 1 1 1 1 1 1 1 1 1 1 1 1 1 1 1 1 1 1 1 1 1 1 1 1 1 1 1 1 1 1 1 1 1 1 1 1 1 1 1 1 3 1 1
instanceKlass java/lang/ThreadBuilders$BoundVirtualThread
instanceKlass java/lang/VirtualThread
ciInstanceKlass java/lang/BaseVirtualThread 0 0 36 10 100 12 1 1 1 100 1 1 1 1 1 1 1 1 1 1 1 1 1 1 1 1 1 1 1 1 100 1 100 1 1 100 1 1
ciInstanceKlass java/lang/VirtualThread 0 0 907 9 7 12 1 1 1 10 7 12 1 1 1 10 100 12 1 1 1 10 7 12 1 1 1 9 12 1 1 9 12 1 1 100 1 10 12 1 9 12 1 1 18 12 1 1 9 12 1 1 10 12 1 1 100 1 10 12 1 10 12 1 1 10 12 1 1 10 12 1 1 10 12 1 10 7 12 1 10 12 1 10 12 1 10 12 1 10 12 1 11 100 12 1 1 1 100 1 10 12 1 1 10 100 12 1 1 1 10 100 12 1 1 1 10 12 1 100 1 10 10 12 1 10 12 1 1 9 12 1 1 10 12 1 1 9 12 1 1 10 12 1 9 12 1 1 9 12 1 100 1 10 10 12 1 10 100 12 1 1 10 9 10 10 12 1 1 10 12 1 1 10 100 12 1 1 10 100 1 10 9 10 10 12 1 7 1 10 12 1 1 10 12 1 10 12 1 10 12 1 1 9 12 1 10 12 1 10 12 1 9 12 1 1 10 12 1 10 12 1 9 12 1 1 10 12 1 10 12 1 10 12 1 11 100 12 1 1 10 12 1 1 10 12 1 1 10 12 1 1 9 12 1 10 100 1 10 12 1 1 10 12 1 1 10 12 1 10 12 1 10 12 1 10 12 9 12 1 1 10 100 12 1 1 10 12 1 10 12 1 1 10 100 12 1 1 10 12 1 100 1 8 1 10 12 1 10 12 1 1 10 12 1 10 12 1 10 100 12 1 1 10 12 1 10 12 1 1 10 12 1 10 12 1 1 10 7 12 1 1 10 12 1 1 10 12 1 1 100 1 10 10 12 1 7 1 9 12 1 1 10 7 12 1 1 10 9 12 1 1 18 9 100 12 1 1 1 11 100 12 1 1 1 11 100 1 11 12 10 12 1 10 12 1 1 10 12 1 100 1 10 10 12 1 10 12 1 1 10 12 1 1 10 12 1 10 12 1 10 12 1 9 12 1 1 11 100 12 1 1 10 12 9 100 12 1 1 1 9 12 1 10 12 1 1 9 12 1 9 12 1 9 12 1 7 1 10 10 12 1 1 10 12 1 10 12 7 1 7 1 10 8 1 10 12 1 1 10 12 1 10 12 1 10 10 12 1 8 1 10 10 12 1 10 12 1 10 7 12 1 1 8 1 8 1 10 9 100 12 1 1 1 10 12 1 1 10 12 1 10 10 10 12 9 12 1 10 12 1 1 9 12 1 10 12 1 1 9 12 1 10 12 1 1 18 12 1 1 18 12 1 10 7 12 1 1 1 8 1 10 100 12 1 1 1 10 7 12 1 1 1 18 12 1 10 100 12 1 1 1 100 1 10 12 1 8 1 10 12 1 8 1 10 12 1 1 8 1 8 1 10 100 12 1 1 8 1 10 12 1 8 1 8 1 10 100 12 1 1 1 10 12 1 10 12 1 1 10 12 1 18 12 1 1 18 12 1 1 5 0 9 12 1 10 12 1 18 12 1 100 1 10 12 10 7 12 1 1 10 12 1 1 7 1 8 1 10 10 12 1 10 12 1 1 10 12 1 9 12 1 8 10 12 1 1 8 8 9 12 1 8 10 12 1 1 3 1 3 1 3 1 3 1 3 1 3 1 3 1 3 1 3 1 3 1 3 1 3 3 1 3 1 1 1 1 1 1 1 1 1 1 1 1 1 1 7 1 1 1 1 1 1 1 1 1 1 1 1 1 1 7 1 1 1 1 1 1 1 1 1 1 1 7 1 1 1 1 1 1 1 1 1 1 1 1 1 1 1 1 1 1 1 1 1 1 1 1 1 1 1 1 1 1 1 1 1 1 1 1 1 1 1 100 1 1 1 1 1 1 1 1 1 1 1 1 1 1 1 1 1 1 1 1 1 1 1 1 1 1 1 1 1 1 1 1 1 1 1 100 1 1 1 1 1 1 1 1 1 1 1 1 1 1 100 1 1 16 15 10 12 15 16 15 10 12 16 15 10 12 16 16 15 10 12 16 15 10 12 16 15 10 12 16 15 10 12 16 1 15 10 100 12 1 1 1 1 1 1 1 7 1 1 100 1 100 1 1
ciInstanceKlass java/lang/ThreadBuilders$BoundVirtualThread 0 0 132 10 7 12 1 1 1 9 7 12 1 1 1 10 7 12 1 1 1 9 12 1 1 10 12 1 1 10 12 1 1 9 12 1 1 10 7 12 1 1 1 10 12 1 1 7 1 8 1 10 12 1 10 12 1 1 10 12 1 1 10 12 1 1 10 7 12 1 1 1 8 1 10 12 1 8 1 10 12 1 1 10 100 12 1 1 9 100 12 1 1 1 10 12 1 1 10 10 12 1 1 1 1 1 1 1 1 1 1 1 1 1 1 1 1 1 1 1 1 1 1 1 1 1 1 1 1 100 1 1 1 1
ciInstanceKlass jdk/internal/vm/ContinuationScope 0 0 50 10 100 12 1 1 1 10 100 12 1 1 1 100 1 9 100 12 1 1 1 10 12 1 1 10 100 12 1 1 1 10 12 1 1 10 12 1 1 1 1 1 1 1 1 1 1 1 1 1
ciInstanceKlass jdk/internal/vm/StackChunk 0 0 32 10 100 12 1 1 1 9 100 12 1 1 1 9 12 1 1 9 12 1 1 1 1 1 1 1 1 1 1 1 1 1
ciInstanceKlass java/lang/Float 1 1 279 7 1 7 1 10 100 12 1 1 1 10 100 12 1 1 1 4 7 1 10 12 1 1 10 12 1 1 8 1 8 1 10 7 12 1 1 1 10 12 1 1 10 12 1 1 10 100 1 4 10 7 12 1 1 9 12 1 1 10 12 1 1 10 12 1 10 10 12 1 1 10 12 1 10 12 1 3 3 100 1 4 4 4 3 10 12 1 1 9 12 1 1 100 1 10 3 3 4 4 10 12 1 3 3 3 10 12 1 1 10 12 1 1 10 12 1 10 100 12 1 1 1 10 12 1 1 10 12 1 1 10 7 12 1 1 1 8 1 10 12 1 1 9 12 1 1 7 1 7 1 7 1 1 1 1 4 1 4 1 1 1 4 1 1 3 1 3 1 3 1 3 1 3 1 1 1 1 5 0 1 1 1 1 1 1 1 1 1 1 100 1 1 1 1 1 1 1 1 1 1 1 1 1 3 1 1 1 1 1 1 1 1 1 1 1 1 1 1 1 1 1 1 1 1 1 1 1 1 1 1 1 1 1 1 1 1 1 1 1 1 1 1 1 1 1 1 1 1 1 1 1 1 1 1 1 1 1 1 1 1 1 1 1 1 1 7 1 1 1 1 1 1 1 100 1 100 1 1
staticfield java/lang/Float TYPE Ljava/lang/Class; java/lang/Class
staticfield java/lang/Float $assertionsDisabled Z 1
ciInstanceKlass java/lang/Double 1 1 290 7 1 7 1 10 7 12 1 1 1 10 12 1 1 10 7 1 10 12 1 1 10 7 12 1 1 1 6 0 8 1 10 12 1 1 8 1 10 12 1 1 8 1 6 0 10 12 1 1 100 1 5 0 5 0 8 1 8 1 10 7 12 1 1 1 10 7 12 1 1 1 8 1 10 12 1 1 8 1 8 1 8 1 10 12 1 1 10 12 1 10 12 1 1 10 12 1 10 12 1 10 12 1 1 10 12 1 10 7 1 6 0 10 7 12 1 1 9 12 1 1 10 12 1 10 12 1 10 12 1 10 12 1 10 12 1 5 0 10 12 1 1 10 12 1 10 12 1 10 100 12 1 1 1 10 12 1 1 10 12 1 1 8 1 10 7 12 1 1 1 9 12 1 1 7 1 7 1 7 1 1 1 6 0 1 6 0 1 6 0 1 1 1 6 0 1 1 3 1 3 1 3 1 3 1 3 1 1 1 1 5 0 1 1 1 1 1 1 1 1 1 1 1 1 1 1 1 1 100 1 1 1 1 1 1 1 1 1 1 1 1 3 1 1 1 1 1 1 1 1 1 1 1 1 1 1 1 1 1 1 1 1 1 1 1 1 1 1 1 1 1 1 1 1 1 1 7 1 1 1 1 1 1 1 100 1 100 1 1
staticfield java/lang/Double TYPE Ljava/lang/Class; java/lang/Class
ciInstanceKlass java/lang/Byte 1 1 213 7 1 100 1 10 7 12 1 1 1 9 12 1 1 8 1 9 12 1 1 7 1 10 12 1 1 10 12 1 1 10 100 12 1 1 1 10 100 12 1 1 1 9 100 12 1 1 1 10 12 1 1 100 1 7 1 10 12 1 1 8 1 10 12 1 1 8 1 10 12 1 10 12 1 10 12 1 10 12 1 1 10 12 1 10 12 1 10 12 1 1 10 8 1 8 1 10 7 1 9 12 1 1 10 12 1 1 10 12 1 1 10 12 1 1 10 12 1 5 0 10 12 1 1 8 1 10 7 12 1 1 1 9 12 1 1 7 1 7 1 1 1 3 1 3 1 1 1 1 3 1 3 1 1 5 0 1 1 1 1 1 1 1 1 1 1 1 1 1 1 1 1 1 1 1 1 1 1 1 1 1 1 1 1 1 1 1 1 1 1 1 1 1 1 1 1 1 1 1 1 1 1 1 1 1 1 1 1 1 1 1 1
staticfield java/lang/Byte TYPE Ljava/lang/Class; java/lang/Class
ciInstanceKlass java/lang/Short 1 1 222 7 1 7 1 100 1 10 7 12 1 1 1 10 12 1 1 100 1 7 1 10 12 1 1 8 1 10 12 1 1 8 1 10 12 1 10 12 1 10 12 1 10 12 1 1 10 12 1 1 10 12 1 9 12 1 1 8 1 9 12 1 1 7 1 10 12 1 1 10 12 1 10 100 12 1 1 1 10 100 12 1 1 1 9 100 12 1 1 1 10 12 1 10 12 1 1 10 8 1 8 1 10 7 1 9 12 1 1 10 12 1 1 10 12 1 1 10 12 1 1 10 12 1 3 3 5 0 10 12 1 1 8 1 10 7 12 1 1 1 9 12 1 1 7 1 7 1 1 1 3 1 3 1 1 1 1 3 1 3 1 1 5 0 1 1 1 1 1 1 1 1 1 1 1 1 1 1 1 1 1 1 1 1 1 1 1 1 1 1 1 3 1 1 1 1 1 1 1 1 1 1 1 1 1 1 1 1 1 1 1 1 1 1 1 1 1 1 1 1 1 1
staticfield java/lang/Short TYPE Ljava/lang/Class; java/lang/Class
ciInstanceKlass java/lang/Long 1 1 524 7 1 7 1 7 1 7 1 10 12 1 1 9 12 1 1 9 7 12 1 1 1 10 7 12 1 1 1 10 12 1 1 10 100 12 1 1 1 10 10 12 10 12 1 10 12 1 10 12 1 5 0 5 0 7 1 10 12 1 1 10 12 1 1 10 12 1 10 12 1 10 12 1 10 12 1 1 10 100 12 1 1 10 12 1 10 12 1 1 10 12 1 1 10 12 1 1 10 12 1 1 10 100 12 1 1 1 10 12 1 1 10 12 1 10 12 1 10 12 1 10 12 1 1 10 10 12 1 5 0 5 0 9 12 1 1 9 12 1 5 0 100 1 8 1 10 12 1 8 1 10 12 1 8 1 8 1 10 12 1 1 5 0 10 12 1 1 5 0 10 12 1 1 10 12 1 1 10 100 12 1 1 1 11 7 1 10 12 1 1 11 10 12 1 1 8 1 10 12 1 1 8 1 7 1 10 12 1 1 10 12 1 8 1 8 1 11 12 1 1 10 12 1 10 12 1 10 12 1 5 0 5 0 9 7 12 1 1 1 10 12 1 10 12 1 1 8 1 8 1 10 12 1 1 8 1 8 1 8 1 8 1 8 1 8 1 10 12 1 10 7 1 9 12 1 1 10 12 1 10 12 1 1 10 12 1 1 10 7 12 1 1 1 100 1 100 1 10 12 1 1 10 12 1 1 5 0 10 12 1 10 12 1 5 0 5 0 5 0 10 12 1 1 10 12 1 5 0 5 0 10 12 1 10 12 1 10 100 12 1 1 1 10 12 1 1 10 12 1 1 8 1 10 7 12 1 1 1 9 12 1 1 7 1 7 1 7 1 1 1 1 5 0 1 1 1 1 3 1 3 1 5 0 1 1 1 1 1 1 1 1 1 100 1 1 1 1 1 1 1 1 1 1 1 1 1 1 1 1 1 1 1 1 1 1 1 1 1 1 1 1 1 1 1 1 1 1 1 1 1 1 1 1 1 1 1 1 1 1 1 1 1 1 1 1 1 1 1 3 1 1 1 1 1 1 1 1 1 1 1 1 1 1 1 7 1 1 1 1 1 1 1 1 1 1 1 1 1 1 1 1 1 1 1 1 1 1 1 1 1 1 1 1 1 1 1 1 1 1 1 1 1 1 1 1 1 1 1 7 1 1 1 1 1 1 1 1 1 100 1 100 1 1
staticfield java/lang/Long TYPE Ljava/lang/Class; java/lang/Class
ciInstanceKlass jdk/internal/vm/vector/VectorSupport 0 0 573 100 1 10 100 12 1 1 1 9 12 1 1 10 12 1 1 100 1 10 12 1 11 100 12 1 1 1 11 100 12 1 1 1 11 100 12 1 1 11 100 12 1 1 11 100 12 1 1 1 11 100 12 1 1 11 100 12 1 1 11 100 12 1 1 11 100 12 1 1 11 100 12 1 1 11 100 12 1 1 11 100 12 1 1 1 11 100 12 1 1 11 100 12 1 1 1 11 100 12 1 1 1 11 100 12 1 1 11 100 12 1 1 1 11 100 12 1 1 100 1 10 12 1 1 11 100 12 1 1 11 100 12 1 1 11 100 12 1 1 11 100 12 1 1 11 100 12 1 1 11 100 12 1 1 9 12 1 1 10 100 12 1 1 11 100 12 1 1 10 12 1 1 10 100 12 1 1 1 10 12 1 10 12 1 1 10 12 1 1 1 1 1 3 1 3 1 3 1 3 1 3 1 3 1 3 1 3 1 3 1 3 1 3 1 3 1 3 1 3 1 3 1 3 1 3 1 3 1 3 1 3 1 3 1 3 1 3 1 3 1 3 1 3 1 3 1 3 1 3 1 3 1 3 1 3 1 3 1 3 1 3 1 3 1 3 1 3 1 3 1 3 1 3 1 3 1 3 1 3 1 3 1 3 1 3 1 3 1 3 1 3 1 3 1 3 1 3 1 1 1 1 1 1 1 1 1 1 1 1 1 1 1 1 1 1 1 1 1 1 1 1 1 1 1 1 1 1 1 1 1 1 1 1 1 1 1 1 1 1 1 1 1 1 1 1 1 1 1 1 1 1 1 1 1 1 1 1 1 1 1 1 1 1 1 1 1 1 1 1 1 1 1 1 1 1 1 1 1 1 1 1 1 1 1 1 1 1 1 1 1 1 1 1 1 1 1 1 1 1 1 1 1 1 1 1 1 1 1 1 1 1 1 1 1 1 1 1 1 1 1 1 1 1 1 1 1 1 1 1 1 1 1 1 1 1 1 1 1 1 1 1 1 1 1 1 1 1 1 1 1 1 1 1 1 1 1 1 1 1 1 1 1 1 1 1 1 1 1 1 1 1 1 1 1 1 1 1 1 1 1 1 1 1 1 1 1 1 1 1 1 1 1 1 1 1 1 1 1 1 1 1 1 1 1 1 1 1 1 1 1 1 1 1 1 1 1 1 1 1 1 1 1 1 1 1 1 1 1 1 1 1 1 100 1 100 1 100 1 100 1 100 1 1 1 1 1 1 1 1 1 1 1 1 1 1 1 1 1 1 1 1 1 1 1 1 1 1 1 1 1 1 1
instanceKlass jdk/internal/vm/vector/VectorSupport$VectorShuffle
instanceKlass jdk/internal/vm/vector/VectorSupport$VectorMask
instanceKlass jdk/internal/vm/vector/VectorSupport$Vector
ciInstanceKlass jdk/internal/vm/vector/VectorSupport$VectorPayload 0 0 32 10 100 12 1 1 1 9 100 12 1 1 1 10 100 12 1 1 1 1 1 1 1 1 1 1 1 1 1 1 1 1
ciInstanceKlass jdk/internal/vm/vector/VectorSupport$Vector 0 0 28 10 100 12 1 1 1 100 1 1 1 1 1 1 1 1 1 1 1 1 1 1 1 100 1 1 1 1
ciInstanceKlass jdk/internal/vm/vector/VectorSupport$VectorMask 0 0 28 10 100 12 1 1 1 100 1 1 1 1 1 1 1 1 1 1 1 1 1 1 1 100 1 1 1 1
ciInstanceKlass jdk/internal/vm/vector/VectorSupport$VectorShuffle 0 0 28 10 100 12 1 1 1 100 1 1 1 1 1 1 1 1 1 1 1 1 1 1 1 100 1 1 1 1
ciInstanceKlass jdk/internal/vm/FillerObject 0 0 16 10 100 12 1 1 1 100 1 1 1 1 1 1 1 1
instanceKlass java/lang/ref/PhantomReference
instanceKlass java/lang/ref/FinalReference
instanceKlass java/lang/ref/WeakReference
instanceKlass java/lang/ref/SoftReference
ciInstanceKlass java/lang/ref/Reference 1 1 190 9 7 12 1 1 1 9 7 12 1 1 10 12 1 1 10 12 1 1 9 12 1 1 10 12 1 1 9 12 1 1 9 12 1 1 7 1 10 12 1 10 7 12 1 1 10 12 1 10 12 1 1 10 12 1 7 1 8 1 10 12 1 1 7 1 10 12 1 1 10 12 1 1 10 12 1 9 12 1 10 12 1 1 10 12 1 10 12 1 9 12 1 7 1 100 1 10 12 9 12 1 9 12 1 100 1 10 10 12 1 10 10 7 12 1 1 7 1 10 10 7 12 1 1 1 1 1 1 1 1 1 1 1 1 1 1 1 1 1 1 1 7 1 1 1 100 1 1 1 1 1 1 1 1 1 1 1 1 1 1 1 1 1 1 1 1 1 1 1 1 1 1 1 1 1 1 1 1 1 1 1 7 1 7 1 7 1 1 1
staticfield java/lang/ref/Reference processPendingLock Ljava/lang/Object; java/lang/Object
staticfield java/lang/ref/Reference $assertionsDisabled Z 1
ciMethod java/lang/ref/Reference get ()Ljava/lang/Object; 0 0 1 0 -1
ciMethod java/lang/ref/Reference <init> (Ljava/lang/Object;)V 256 0 8945 0 0
ciMethod java/lang/ref/Reference <init> (Ljava/lang/Object;Ljava/lang/ref/ReferenceQueue;)V 796 0 25565 0 528
instanceKlass com/sun/beans/util/Cache$Kind$Soft
instanceKlass org/codehaus/groovy/util/ReferenceType$SoftRef
instanceKlass java/io/ClassCache$CacheRef
instanceKlass sun/util/locale/provider/LocaleResources$ResourceReference
instanceKlass sun/util/resources/Bundles$BundleReference
instanceKlass sun/util/locale/LocaleObjectCache$CacheEntry
instanceKlass java/lang/invoke/LambdaFormEditor$Transform
ciInstanceKlass java/lang/ref/SoftReference 1 1 47 10 7 12 1 1 1 9 7 12 1 1 1 9 12 1 10 12 1 10 12 1 1 1 1 1 1 1 1 1 1 1 1 1 1 1 1 1 1 1 1 100 1 1 1 1 1
ciMethod java/lang/ref/SoftReference get ()Ljava/lang/Object; 512 0 5570 0 184
ciMethod java/lang/ref/SoftReference <init> (Ljava/lang/Object;)V 234 0 4895 0 0
instanceKlass com/google/common/cache/LocalCache$WeakValueReference
instanceKlass com/google/common/collect/MapMakerInternalMap$WeakValueReferenceImpl
instanceKlass java/beans/WeakIdentityMap$Entry
instanceKlass org/codehaus/groovy/util/ReferenceType$WeakRef
instanceKlass com/google/common/collect/MapMakerInternalMap$AbstractWeakKeyEntry
instanceKlass java/util/logging/LogManager$LoggerWeakRef
instanceKlass java/util/logging/Level$KnownLevel
instanceKlass sun/nio/ch/FileLockTable$FileLockReference
instanceKlass java/lang/ClassValue$Entry
instanceKlass java/lang/ThreadLocal$ThreadLocalMap$Entry
instanceKlass java/lang/WeakPairMap$WeakRefPeer
instanceKlass java/lang/invoke/MethodType$ConcurrentWeakInternSet$WeakEntry
instanceKlass java/util/WeakHashMap$Entry
ciInstanceKlass java/lang/ref/WeakReference 1 1 31 10 7 12 1 1 1 10 12 1 100 1 1 1 1 1 1 1 1 1 1 1 1 1 1 1 1 1 1 1 1
instanceKlass java/lang/ref/Finalizer
ciInstanceKlass java/lang/ref/FinalReference 1 1 50 10 7 12 1 1 1 10 7 12 1 1 1 10 12 1 1 7 1 8 1 10 12 1 1 1 1 1 1 1 1 1 1 1 1 1 1 1 1 1 1 1 1 1 1 1 1 1 7 1
instanceKlass jdk/internal/ref/PhantomCleanable
instanceKlass jdk/internal/ref/Cleaner
ciInstanceKlass java/lang/ref/PhantomReference 1 1 39 10 100 12 1 1 1 10 7 12 1 1 1 1 1 1 1 1 1 1 1 1 1 1 1 1 1 1 1 1 1 1 1 1 1 1 1 1 1
ciInstanceKlass java/lang/ref/Finalizer 1 1 155 9 7 12 1 1 1 10 7 12 1 1 1 9 12 1 1 9 12 1 1 9 12 1 9 12 1 9 12 1 1 10 12 1 7 1 8 1 10 12 1 10 12 1 1 9 12 1 100 1 10 12 1 7 1 11 100 12 1 1 10 12 1 7 1 10 12 1 100 1 10 12 1 10 7 12 1 1 1 10 100 12 1 1 1 100 1 10 10 12 1 7 1 10 12 1 7 1 10 12 1 1 10 12 1 1 10 12 1 10 7 12 1 1 1 7 1 10 7 1 10 10 12 1 1 1 1 1 1 1 1 1 1 1 1 1 1 1 1 1 1 1 1 1 1 1 1 1 1 1 1 1 1 1 1
staticfield java/lang/ref/Finalizer lock Ljava/lang/Object; java/lang/Object
staticfield java/lang/ref/Finalizer ENABLED Z 1
staticfield java/lang/ref/Finalizer $assertionsDisabled Z 1
instanceKlass org/gradle/internal/extensibility/ExtensibleDynamicObject$Location
instanceKlass org/gradle/api/internal/tasks/DefaultTaskContainer$AddTaskBehavior
instanceKlass org/gradle/model/internal/core/ModelNode$State
instanceKlass org/gradle/internal/jvm/inspection/JavaInstallationCapability
instanceKlass org/gradle/api/internal/project/ProjectStateInternal$State
instanceKlass org/gradle/api/internal/FeaturePreviews$Feature
instanceKlass org/gradle/api/internal/project/ProjectLifecycleController$State
instanceKlass org/gradle/caching/internal/services/AbstractBuildCacheControllerFactory$RemoteAccessMode
instanceKlass org/gradle/caching/internal/services/AbstractBuildCacheControllerFactory$BuildCacheMode
instanceKlass org/codehaus/groovy/vmplugin/v8/IndyInterface$CallType
instanceKlass org/gradle/internal/instrumentation/api/groovybytecode/InterceptScope$CallType
instanceKlass org/gradle/internal/classpath/InstrumentedGroovyCallsTracker$CallKind
instanceKlass org/gradle/internal/instrumentation/api/types/BytecodeInterceptorType
instanceKlass org/gradle/internal/instrumentation/api/types/BytecodeInterceptorFilter
instanceKlass org/gradle/internal/fingerprint/FingerprintHashingStrategy
instanceKlass org/gradle/api/internal/plugins/PluginTargetType
instanceKlass org/gradle/internal/snapshot/SnapshotVisitResult
instanceKlass org/gradle/internal/execution/steps/AssignImmutableWorkspaceStep$WorkspaceLoad$Status
instanceKlass org/gradle/internal/execution/Execution$ExecutionOutcome
instanceKlass com/google/common/cache/RemovalCause
instanceKlass java/nio/file/FileVisitResult
instanceKlass org/gradle/internal/snapshot/DirectorySnapshotBuilder$EmptyDirectoryHandlingStrategy
instanceKlass java/nio/file/FileTreeWalker$EventType
instanceKlass org/gradle/internal/file/FileType
instanceKlass org/gradle/internal/file/FileMetadata$AccessType
instanceKlass com/google/common/collect/MapMaker$Dummy
instanceKlass java/nio/file/AccessMode
instanceKlass com/sun/beans/introspect/PropertyInfo$Name
instanceKlass com/sun/beans/util/Cache$Kind
instanceKlass org/gradle/api/file/FileCollection$AntType
instanceKlass java/time/format/ResolverStyle
instanceKlass java/time/format/TextStyle
instanceKlass java/time/DayOfWeek
instanceKlass java/time/Month
instanceKlass java/time/format/FormatStyle
instanceKlass groovy/io/FileVisitResult
instanceKlass java/lang/System$Logger$Level
instanceKlass java/util/concurrent/Future$State
instanceKlass groovy/io/FileType
instanceKlass org/codehaus/groovy/util/ReferenceType
instanceKlass org/gradle/internal/component/resolution/failure/describer/NoCompatibleVariantsFailureDescriber$FailureSubType
instanceKlass org/gradle/api/initialization/resolve/RulesMode
instanceKlass org/gradle/api/initialization/resolve/RepositoriesMode
instanceKlass org/gradle/internal/management/DependencyResolutionManagementInternal$RulesModeInternal
instanceKlass org/gradle/internal/management/DependencyResolutionManagementInternal$RepositoriesModeInternal
instanceKlass com/google/common/reflect/Types$JavaVersion
instanceKlass com/google/common/reflect/Types$ClassOwnership
instanceKlass org/gradle/api/artifacts/dsl/LockMode
instanceKlass org/gradle/internal/watch/registry/impl/DefaultFileWatcherProbeRegistry$WatchProbe$State
instanceKlass org/gradle/internal/operations/UncategorizedBuildOperations
instanceKlass org/gradle/internal/watch/vfs/VfsLogging
instanceKlass com/google/common/cache/LocalCache$NullEntry
instanceKlass com/google/common/util/concurrent/AbstractFutureState$VarHandleAtomicHelperMaker
instanceKlass org/gradle/internal/buildtree/DefaultBuildTreeLifecycleController$State
instanceKlass org/gradle/api/internal/provider/ValueSupplier$ValueConsumer
instanceKlass org/gradle/internal/build/DefaultBuildLifecycleController$State
instanceKlass org/gradle/initialization/VintageBuildModelController$Stage
instanceKlass org/gradle/internal/execution/model/InputNormalizer
instanceKlass org/gradle/internal/fingerprint/DirectorySensitivity
instanceKlass org/gradle/api/internal/changedetection/state/AbiExtractingClasspathResourceHasher$FallbackStrategy
instanceKlass org/gradle/internal/properties/InputBehavior
instanceKlass org/gradle/internal/execution/caching/CachingDisabledReasonCategory
instanceKlass org/gradle/internal/execution/history/impl/DefaultOutputFilesRepository$OutputKind
instanceKlass org/gradle/api/internal/provider/ProviderResolutionStrategy
instanceKlass org/gradle/api/PathValidation
instanceKlass com/google/common/base/AbstractIterator$State
instanceKlass org/gradle/internal/jvm/inspection/ProbedSystemProperty
instanceKlass org/gradle/api/internal/component/ArtifactType
instanceKlass org/gradle/api/internal/artifacts/dsl/dependencies/DependencyFactoryInternal$ClassPathNotation
instanceKlass org/gradle/internal/buildtree/control/InvocationScenarioParameter
instanceKlass org/gradle/internal/logging/sink/ProgressLogEventGenerator$State
instanceKlass org/gradle/internal/logging/progress/DefaultProgressLoggerFactory$State
instanceKlass org/gradle/internal/resources/ResourceLockState$Disposition
instanceKlass org/gradle/internal/fingerprint/classpath/impl/ClasspathFingerprintingStrategy$NonJarFingerprintingStrategy
instanceKlass org/gradle/internal/fingerprint/LineEndingSensitivity
instanceKlass java/nio/file/FileVisitOption
instanceKlass com/google/common/collect/MapMakerInternalMap$Strength
instanceKlass org/gradle/internal/hash/HashCode$Usage
instanceKlass org/gradle/api/internal/changedetection/state/CrossBuildFileHashCache$Kind
instanceKlass org/gradle/internal/vfs/impl/DefaultSnapshotHierarchy$EmptySnapshotHierarchy
instanceKlass org/gradle/internal/snapshot/CaseSensitivity
instanceKlass com/google/common/io/FileWriteMode
instanceKlass org/gradle/api/internal/artifacts/ivyservice/CacheLayout
instanceKlass java/nio/file/attribute/PosixFilePermission
instanceKlass org/gradle/cache/internal/VersionStrategy
instanceKlass org/gradle/api/internal/cache/MarkingStrategyImpl
instanceKlass org/gradle/internal/reflect/PropertyAccessorType
instanceKlass com/google/common/cache/LocalCache$EntryFactory
instanceKlass com/google/common/cache/CacheBuilder$NullListener
instanceKlass com/google/common/cache/CacheBuilder$OneWeigher
instanceKlass com/google/common/cache/LocalCache$Strength
instanceKlass org/gradle/api/tasks/util/internal/PatternSpecFactory$CaseSensitivity
instanceKlass org/gradle/cache/internal/DefaultCrossBuildInMemoryCacheFactory$KeyRetentionPolicy
instanceKlass org/gradle/internal/file/TreeType
instanceKlass org/gradle/internal/properties/OutputFilePropertyType
instanceKlass org/gradle/internal/properties/annotations/PropertyAnnotationHandler$Kind
instanceKlass org/gradle/internal/execution/model/annotations/ModifierAnnotationCategory
instanceKlass org/gradle/internal/properties/InputFilePropertyType
instanceKlass java/util/stream/MatchOps$MatchKind
instanceKlass org/gradle/internal/buildevents/BuildExceptionReporter$ExceptionStyle
instanceKlass org/gradle/internal/problems/failure/StackTraceRelevance
instanceKlass org/gradle/internal/nativeintegration/EnvironmentModificationResult
instanceKlass com/google/common/collect/AbstractIterator$State
instanceKlass org/gradle/initialization/StartParameterBuildOptions$ConfigurationCacheProblemsOption$Value
instanceKlass org/gradle/internal/watch/registry/WatchMode
instanceKlass org/gradle/api/launcher/cli/WelcomeMessageDisplayMode
instanceKlass org/gradle/api/artifacts/verification/DependencyVerificationMode
instanceKlass java/lang/annotation/ElementType
instanceKlass org/gradle/launcher/daemon/toolchain/DaemonJvmCriteria$JavaHome$Source
instanceKlass org/gradle/cache/internal/locklistener/FileLockPacketType
instanceKlass org/gradle/cache/FileLockManager$LockMode
instanceKlass java/time/temporal/ChronoUnit
instanceKlass java/time/temporal/ChronoField
instanceKlass org/gradle/launcher/daemon/server/api/DaemonState
instanceKlass java/security/DrbgParameters$Capability
instanceKlass sun/security/util/KnownOIDs
instanceKlass org/gradle/internal/operations/BuildOperationCategory
instanceKlass java/net/StandardProtocolFamily
instanceKlass jdk/internal/util/OperatingSystem
instanceKlass java/lang/management/MemoryType
instanceKlass org/gradle/tooling/events/OperationType
instanceKlass org/gradle/api/logging/configuration/WarningMode
instanceKlass org/gradle/api/logging/configuration/ConsoleUnicodeSupport
instanceKlass org/gradle/api/logging/configuration/ConsoleOutput
instanceKlass org/gradle/api/logging/configuration/ShowStacktrace
instanceKlass org/gradle/launcher/daemon/server/expiry/DaemonExpirationStatus
instanceKlass sun/util/locale/provider/LocaleProviderAdapter$Type
instanceKlass org/gradle/internal/logging/text/StyledTextOutput$Style
instanceKlass net/rubygrapefruit/platform/internal/FunctionResult$Failure
instanceKlass java/math/RoundingMode
instanceKlass org/gradle/api/JavaVersion
instanceKlass jdk/internal/logger/BootstrapLogger$LoggingBackend
instanceKlass java/lang/invoke/MethodHandleImpl$ArrayAccess
instanceKlass org/gradle/internal/collect/Modification$Kind
instanceKlass org/gradle/internal/service/DefaultServiceRegistry$SingletonService$BindState
instanceKlass java/lang/annotation/RetentionPolicy
instanceKlass org/gradle/internal/service/DefaultServiceRegistry$State
instanceKlass org/gradle/fileevents/internal/NativeLogger$LogLevel
instanceKlass net/rubygrapefruit/platform/terminal/Terminals$Output
instanceKlass java/util/Locale$Category
instanceKlass org/gradle/internal/nativeintegration/services/NativeServices$NativeFeatures
instanceKlass org/gradle/launcher/daemon/configuration/DaemonPriority
instanceKlass org/gradle/internal/nativeintegration/services/NativeServices$NativeServicesMode
instanceKlass org/slf4j/helpers/Reporter$Level
instanceKlass org/slf4j/helpers/Reporter$TargetChoice
instanceKlass java/lang/reflect/ProxyGenerator$PrimitiveTypeInfo
instanceKlass org/gradle/api/logging/LogLevel
instanceKlass java/util/regex/Pattern$Qtype
instanceKlass java/util/zip/ZipCoder$Comparison
instanceKlass java/util/concurrent/TimeUnit
instanceKlass java/nio/file/LinkOption
instanceKlass sun/nio/fs/WindowsPathType
instanceKlass java/nio/file/StandardOpenOption
instanceKlass java/util/stream/Collector$Characteristics
instanceKlass java/util/stream/StreamShape
instanceKlass java/lang/invoke/MethodHandles$Lookup$ClassOption
instanceKlass java/lang/invoke/VarHandle$AccessType
instanceKlass java/lang/invoke/VarHandle$AccessMode
instanceKlass java/lang/invoke/MethodHandleImpl$Intrinsic
instanceKlass java/lang/invoke/LambdaForm$BasicType
instanceKlass java/lang/invoke/LambdaForm$Kind
instanceKlass sun/invoke/util/Wrapper
instanceKlass java/util/stream/StreamOpFlag$Type
instanceKlass java/util/stream/StreamOpFlag
instanceKlass java/io/File$PathStatus
instanceKlass java/lang/module/ModuleDescriptor$Requires$Modifier
instanceKlass java/lang/reflect/AccessFlag$Location
instanceKlass java/lang/reflect/AccessFlag
instanceKlass java/lang/module/ModuleDescriptor$Modifier
instanceKlass java/lang/reflect/ClassFileFormatVersion
instanceKlass java/lang/Thread$State
ciInstanceKlass java/lang/Enum 1 1 204 9 7 12 1 1 1 9 12 1 1 10 7 12 1 1 1 9 12 1 10 7 12 1 1 1 7 1 10 10 12 1 1 10 12 1 7 1 10 10 7 12 1 1 10 12 1 1 18 12 1 1 10 100 12 1 1 1 10 12 1 1 11 7 12 1 1 1 100 1 8 1 10 12 1 100 1 7 1 10 8 1 10 12 1 1 10 12 1 1 8 1 10 12 1 10 100 1 8 1 10 10 12 1 1 10 100 12 1 1 1 7 1 7 1 7 1 1 1 1 1 1 1 1 1 1 1 1 1 1 1 1 1 1 1 1 1 1 1 1 1 1 1 1 1 1 1 1 1 1 1 1 1 1 1 1 1 1 1 1 1 1 1 3 1 1 1 1 7 1 7 1 1 7 1 1 1 1 1 1 1 1 1 1 1 16 15 10 12 16 15 10 100 12 1 1 1 1 1 100 1 100 1 1
instanceKlass java/lang/ref/ReferenceQueue$Null
instanceKlass java/lang/ref/NativeReferenceQueue
ciInstanceKlass java/lang/ref/ReferenceQueue 1 1 183 9 7 12 1 1 1 11 7 12 1 1 1 11 12 1 9 7 12 1 1 1 11 12 1 10 7 12 1 1 9 12 1 1 7 1 10 9 12 1 1 10 12 1 1 9 7 12 1 1 1 9 12 1 9 12 1 9 12 1 1 100 1 10 9 12 1 1 9 12 1 7 1 10 100 12 1 1 1 10 12 1 10 12 1 1 10 7 12 1 1 1 10 12 1 5 0 10 10 12 10 12 1 1 10 12 1 10 12 1 1 100 1 8 1 10 12 1 10 12 1 10 12 1 1 10 12 11 100 12 1 1 1 10 7 12 1 1 7 1 10 1 1 1 1 1 1 1 1 1 1 100 1 1 1 1 1 1 1 1 1 1 1 1 1 1 1 7 1 1 1 1 1 1 1 1 1 1 1 1 1 1 1
staticfield java/lang/ref/ReferenceQueue NULL Ljava/lang/ref/ReferenceQueue; java/lang/ref/ReferenceQueue$Null
staticfield java/lang/ref/ReferenceQueue ENQUEUED Ljava/lang/ref/ReferenceQueue; java/lang/ref/ReferenceQueue$Null
staticfield java/lang/ref/ReferenceQueue $assertionsDisabled Z 1
ciInstanceKlass java/lang/reflect/Method 1 1 472 9 7 12 1 1 1 10 7 12 1 1 1 10 7 12 1 1 9 12 1 1 10 12 1 1 10 12 1 1 10 7 12 1 1 10 7 12 1 1 1 9 12 1 1 9 12 1 9 12 1 1 9 12 1 9 12 1 9 12 1 1 9 12 1 9 12 1 1 9 12 1 9 12 1 9 12 1 1 100 1 8 1 10 12 1 10 12 1 9 12 1 1 8 1 10 7 12 1 1 10 7 12 1 1 1 10 12 1 1 10 12 1 1 10 12 1 10 12 1 1 10 12 1 1 9 7 12 1 1 1 10 12 1 1 10 12 10 7 12 1 1 10 12 1 1 10 12 1 10 12 1 10 12 1 10 7 12 1 1 1 10 12 1 1 10 7 1 10 7 12 1 1 1 10 7 12 1 1 10 12 1 1 10 12 1 1 10 12 1 10 7 12 1 1 1 10 12 1 10 8 1 10 12 1 10 12 1 7 1 8 1 8 1 8 1 10 12 1 10 12 1 1 10 12 1 1 10 10 12 1 1 10 12 1 11 7 1 10 12 1 9 12 1 1 10 12 1 1 10 12 1 10 12 1 1 10 12 1 1 11 7 12 1 1 1 11 12 1 9 12 1 1 10 12 1 10 12 1 10 12 1 10 12 1 10 12 1 10 12 1 9 12 1 1 10 7 12 1 1 1 10 7 12 1 1 10 12 1 1 10 7 12 1 1 1 10 7 12 1 1 1 10 7 12 1 1 1 11 7 12 1 1 1 10 7 12 1 1 1 7 1 100 1 100 1 10 12 1 10 12 1 1 10 12 1 100 1 8 1 10 12 1 10 10 12 1 1 10 12 1 1 10 12 1 1 10 12 1 1 8 1 10 12 1 1 1 1 1 1 1 1 1 1 1 1 1 1 1 1 1 1 1 1 1 1 1 1 1 1 1 1 1 1 1 1 1 1 1 1 1 1 1 1 1 1 1 1 1 1 1 1 1 1 1 1 1 100 1 100 1 100 1 1 1 1 1 1 1 1 1 1 1 1 1 1 1 1 1 1 1 1 1 1 1 1 1 1 1 1 1 1
ciInstanceKlass java/lang/reflect/Field 1 1 457 9 7 12 1 1 1 10 12 1 1 10 100 12 1 1 1 10 100 12 1 1 9 12 1 1 10 12 1 1 10 12 1 1 10 100 12 1 1 10 7 12 1 1 1 9 12 1 1 9 12 1 9 12 1 9 12 1 1 9 12 1 1 9 12 1 9 12 1 1 9 12 1 1 100 1 8 1 10 12 1 10 12 1 9 12 1 1 9 12 1 10 12 1 10 7 12 1 1 10 12 1 1 10 12 1 1 10 12 1 10 12 1 1 9 100 12 1 1 1 10 100 12 1 1 1 7 1 10 12 1 1 10 12 1 1 10 12 1 1 10 12 1 10 12 1 10 7 1 10 7 12 1 1 7 1 10 8 1 10 12 1 1 10 12 1 1 8 1 10 12 10 12 1 8 1 8 1 10 11 7 1 9 12 1 10 12 1 1 10 12 1 1 11 7 12 1 1 1 10 12 1 11 12 1 1 11 12 1 1 11 12 1 1 11 12 1 1 11 12 1 1 11 12 1 1 11 12 1 1 11 12 1 1 11 12 1 1 11 12 1 1 11 12 1 1 11 12 1 1 11 12 1 1 11 12 1 1 11 12 1 1 11 12 1 1 11 12 1 1 10 12 1 10 7 12 1 1 10 12 1 10 12 1 10 12 1 9 12 1 1 10 7 12 1 1 1 10 12 1 1 10 12 1 10 7 12 1 1 10 12 1 1 11 7 1 10 12 1 7 1 10 100 12 1 1 1 10 7 12 1 1 1 9 12 1 10 7 12 1 1 1 11 7 12 1 1 1 10 12 1 1 10 12 1 1 9 100 12 1 1 10 100 12 1 1 1 10 12 1 1 7 1 1 1 1 1 1 1 1 1 1 1 1 1 1 1 1 1 1 1 1 1 1 1 1 1 1 1 1 1 1 1 1 1 1 1 1 1 1 1 100 1 1 1 1 1 1 1 1 1 1 1 1 1 1 1 1 1 1 1 1 1 1 1 1 1 1 1 1 1 1 1 1 7 1 1 1 1 1 1 1 1 1 100 1 1
ciInstanceKlass java/lang/reflect/Parameter 0 0 243 10 7 12 1 1 1 9 7 12 1 1 1 9 12 1 1 9 12 1 1 9 12 1 10 12 1 1 10 12 1 1 10 7 12 1 1 1 7 1 10 10 12 1 1 11 7 12 1 1 1 10 12 1 10 100 12 1 1 1 10 12 1 1 10 12 1 10 12 1 8 1 8 1 10 7 12 1 1 1 10 12 1 10 12 9 100 12 1 1 1 10 100 12 1 1 1 10 12 1 8 1 10 12 1 9 12 1 1 10 12 1 1 9 12 1 1 10 12 1 1 10 12 1 1 10 12 1 1 10 12 1 10 10 12 1 10 100 12 1 1 1 10 12 1 1 11 7 12 1 1 10 7 12 1 1 7 1 10 100 12 1 1 1 10 12 1 1 10 12 1 1 10 12 1 1 10 12 1 1 9 12 1 100 1 10 11 12 1 1 11 12 1 1 7 1 1 1 1 1 1 1 1 1 1 1 1 1 1 1 1 1 1 1 1 1 1 1 1 1 1 1 1 1 1 1 1 1 1 1 1 1 1 1 1 1 100 1 1 1 1 1 1
ciInstanceKlass java/lang/reflect/RecordComponent 0 0 196 10 7 12 1 1 1 9 7 12 1 1 1 9 12 1 1 9 12 1 10 12 1 1 10 12 1 1 10 100 12 1 1 1 10 12 1 1 9 12 1 1 10 12 1 1 10 12 1 1 10 12 1 10 100 12 1 1 10 100 12 1 1 9 12 1 1 10 100 12 1 1 1 11 100 12 1 1 1 10 9 100 12 1 1 1 10 100 12 1 1 1 9 12 1 1 10 100 12 1 1 1 10 12 1 1 11 7 12 1 1 10 7 12 1 1 7 1 9 12 1 9 12 1 1 9 12 1 10 100 12 1 1 1 10 12 1 1 10 12 1 1 7 1 10 10 12 1 10 12 1 1 8 1 10 12 1 10 12 1 9 12 1 7 1 1 1 1 1 1 1 1 1 1 1 1 1 1 1 1 1 1 1 1 1 1 7 1 1 1 1 1 1 100 1 1
ciInstanceKlass java/lang/StringBuffer 1 1 483 10 7 12 1 1 1 10 12 1 10 12 1 10 12 1 1 9 7 12 1 1 1 10 12 1 1 10 12 1 10 12 1 1 9 12 1 1 10 12 1 10 12 1 1 10 12 1 1 10 12 1 10 12 1 1 10 12 1 10 12 1 1 10 12 1 1 10 7 12 1 1 1 10 12 1 1 10 12 1 10 12 1 10 12 1 10 12 1 10 12 1 10 12 1 10 12 1 10 12 1 10 12 1 10 12 1 10 12 1 10 12 1 10 12 1 10 12 1 1 10 12 1 10 12 1 1 10 12 1 1 10 10 12 1 1 10 12 1 10 12 1 10 12 1 10 12 1 10 12 1 10 12 1 10 12 10 12 1 10 12 1 10 12 1 10 12 1 1 10 12 1 10 12 1 10 10 12 1 1 10 12 1 10 12 1 10 12 1 10 10 100 12 1 1 1 10 10 12 1 1 9 12 1 1 10 100 12 1 1 10 100 1 8 10 100 12 1 1 1 8 10 12 1 8 1 10 12 1 10 12 1 10 100 12 1 1 1 10 100 12 1 1 1 7 1 10 12 100 1 8 1 10 10 12 1 1 10 12 1 1 10 12 1 10 12 1 10 12 1 1 10 12 1 10 12 1 10 12 1 10 12 1 10 12 1 10 12 10 12 1 10 12 1 10 12 1 10 12 1 10 12 1 10 12 1 10 12 1 10 12 1 10 12 1 10 12 1 10 12 10 12 10 12 1 10 12 1 10 12 1 10 12 10 12 1 10 12 1 10 12 1 10 12 1 10 12 1 10 12 1 10 12 1 10 12 1 10 12 1 10 12 1 10 12 1 7 1 10 12 1 9 7 12 1 1 1 9 7 1 9 12 1 1 7 1 7 1 7 1 7 1 1 1 1 5 0 1 1 1 1 1 1 1 1 1 1 1 1 1 1 1 1 1 1 1 1 1 1 1 1 1 1 1 1 1 1 1 1 1 1 1 1 1 1 1 1 1 1 1 1 1 1 1 1 1 1 1 1 1 1 1 1 1 1 1 1 1 100 1 1 1 1 1 7 1 1 1 1 1 1 1 1 1 1 1 1 1 1 1 1 1 1
staticfield java/lang/StringBuffer serialPersistentFields [Ljava/io/ObjectStreamField; 3 [Ljava/io/ObjectStreamField;
instanceKlass jdk/internal/loader/BuiltinClassLoader
instanceKlass java/net/URLClassLoader
ciInstanceKlass java/security/SecureClassLoader 1 1 102 10 7 12 1 1 1 7 1 10 12 1 9 7 12 1 1 1 10 12 1 10 12 1 10 12 1 1 10 12 1 1 10 12 1 7 1 10 7 1 10 12 1 7 1 10 12 1 11 7 12 1 1 1 7 1 11 12 1 10 12 1 1 1 1 1 1 1 1 1 1 1 1 1 1 1 1 1 1 1 1 1 1 1 1 1 1 1 1 1 1 1 1 1 1 1 1 100 1 1 1 1
instanceKlass groovy/lang/GroovyClassLoader
instanceKlass org/gradle/internal/classloader/VisitableURLClassLoader
instanceKlass org/gradle/internal/classloader/VisitableURLClassLoader
ciInstanceKlass java/net/URLClassLoader 1 1 600 10 7 12 1 1 1 7 1 10 12 1 9 7 12 1 1 1 10 7 12 1 1 1 9 12 1 1 7 1 10 12 1 9 12 1 1 10 12 1 10 10 12 1 10 7 12 1 1 1 10 12 1 1 10 7 12 1 1 1 10 7 12 1 1 1 7 1 10 12 1 1 10 12 1 1 10 12 1 1 100 1 100 1 10 7 12 1 1 1 100 1 8 1 10 12 1 10 7 12 1 1 1 10 12 1 1 10 12 1 1 11 100 12 1 1 1 11 7 12 1 1 1 11 12 1 1 7 1 11 12 1 11 7 12 1 1 10 12 1 11 12 1 11 12 1 1 11 10 12 1 1 10 12 1 1 10 12 1 1 7 1 10 12 1 10 12 1 1 7 1 100 1 10 12 1 1 7 1 10 10 12 1 1 10 7 12 1 1 10 12 1 100 1 7 1 10 8 1 10 12 1 1 8 1 10 12 1 1 10 10 12 1 8 1 8 1 10 12 1 1 10 7 12 1 1 1 10 7 12 1 1 1 10 12 1 1 10 12 1 1 10 12 1 1 10 12 1 10 12 1 100 1 100 1 8 1 10 12 1 10 12 1 1 10 12 1 1 7 1 10 12 1 10 7 12 1 1 1 10 12 1 1 10 12 1 1 10 12 1 1 10 12 1 10 7 12 1 1 1 10 12 1 1 8 1 10 12 1 1 11 7 12 1 1 1 9 7 12 1 1 1 10 7 12 1 1 1 9 12 1 9 12 1 9 12 1 9 12 1 9 12 1 9 12 1 10 7 12 1 1 1 8 1 10 12 1 1 7 1 10 10 12 1 10 12 1 1 10 12 1 1 7 1 10 12 1 10 12 1 1 10 12 1 10 12 1 1 7 1 10 7 12 1 1 9 7 12 1 1 1 10 12 1 8 1 100 1 8 1 10 12 1 10 12 1 8 1 10 12 1 10 12 1 9 12 1 1 10 100 12 1 1 10 12 1 10 12 1 10 100 1 8 1 10 100 1 10 12 1 10 7 12 1 100 1 10 12 1 10 12 1 100 1 10 10 7 12 1 1 1 1 1 1 1 1 1 1 1 1 1 1 1 1 1 1 1 1 1 1 1 1 1 1 1 1 1 1 1 1 1 1 1 1 1 7 1 100 1 7 1 7 1 1 1 1 1 1 1 1 1 1 1 1 1 1 1 1 1 1 1 1 1 1 1 1 1 1 1 1 1 1 1 1 1 1 1 1 1 1 1 1 1 1 1 1 1 1 100 1 1 1 1 1 1 1 1 1 1 1 1 1 1 1 1 1 1 1 1 1 1 1 1 1 1 1 1 1 1 1 1 1 1 1 1 1 100 1 1 1
ciInstanceKlass java/util/jar/Manifest 1 1 339 10 7 12 1 1 1 7 1 10 9 7 12 1 1 1 7 1 10 9 12 1 1 9 12 1 1 10 12 1 10 12 1 1 10 12 1 1 10 12 1 1 10 12 1 1 11 7 1 11 12 1 1 10 12 1 1 10 100 12 1 1 1 100 1 7 1 10 8 1 10 12 1 1 10 12 1 1 10 12 1 10 12 1 11 100 1 10 12 1 10 12 1 1 11 12 1 1 10 12 1 11 12 1 1 11 100 12 1 1 1 11 7 12 1 1 11 12 1 1 100 1 10 12 1 8 1 11 12 1 7 1 10 12 1 1 11 12 1 10 12 1 10 12 1 10 7 12 1 1 1 8 1 10 12 1 1 10 9 7 12 1 1 1 10 12 1 1 10 100 12 1 10 12 1 10 12 1 9 100 12 1 1 1 8 1 10 12 1 8 1 8 1 7 1 10 12 1 10 12 1 10 12 1 1 100 1 8 1 10 12 1 1 8 1 10 10 12 1 1 8 1 10 12 1 1 10 7 12 1 1 1 10 12 1 10 11 12 1 1 10 12 1 10 7 12 1 1 1 10 12 1 1 10 12 1 10 12 1 1 11 10 12 1 11 10 12 1 7 1 1 1 1 1 1 1 1 1 1 1 1 1 1 1 1 1 1 1 1 1 1 1 1 1 1 1 1 1 1 1 1 1 1 1 1 1 1 1 1 1 1 1 100 1 1 1 1 1 1 1 1 1 1 1 1 1 1 7 1 1 1 1 1 1 1 1 1 1 1
ciInstanceKlass java/io/ByteArrayInputStream 1 1 117 10 7 12 1 1 1 9 7 12 1 1 1 9 12 1 1 9 12 1 9 12 1 10 7 12 1 1 1 10 7 12 1 1 1 10 7 12 1 1 1 10 100 12 1 1 1 10 12 1 1 3 10 100 1 10 100 12 1 1 1 9 12 1 1 100 1 10 10 7 12 1 1 1 1 1 1 1 1 1 1 1 1 1 1 1 1 1 1 1 1 1 1 1 1 1 1 1 1 1 1 1 100 1 1 1 1 1 1 1 1 1 1 1 1 1 1
staticfield java/io/ByteArrayInputStream $assertionsDisabled Z 1
instanceKlass java/nio/CharBuffer
instanceKlass java/nio/IntBuffer
instanceKlass java/nio/LongBuffer
instanceKlass java/nio/ByteBuffer
ciInstanceKlass java/nio/Buffer 1 1 256 100 1 10 7 12 1 1 1 9 7 12 1 1 1 9 12 1 9 12 1 1 9 12 1 9 12 1 1 10 12 1 1 10 12 1 1 10 12 100 1 7 1 10 8 1 10 12 1 1 10 12 1 8 1 8 1 10 12 1 1 10 12 1 8 1 9 12 1 1 100 1 8 1 10 12 1 8 1 8 1 9 12 10 12 1 8 1 8 1 8 1 10 12 1 8 1 8 1 8 1 100 1 10 100 1 10 100 1 10 9 12 1 1 10 7 12 1 1 1 100 1 10 12 1 1 10 12 1 10 100 12 1 1 10 7 12 1 1 1 10 7 12 1 1 1 9 12 1 1 10 7 12 1 1 1 9 12 1 1 7 1 10 10 12 1 1 7 1 10 10 7 12 1 1 1 1 1 3 1 1 1 1 1 1 1 1 1 1 1 1 1 1 100 1 1 1 1 1 1 1 7 1 1 1 1 1 1 1 1 1 1 1 1 1 1 1 1 1 1 1 1 1 1 1 1 1 1 1 1 1 1 1 1 1 1 1 1 1 1 1 100 1 100 1 100 1 100 1 100 1 100 1 100 1 1
staticfield java/nio/Buffer UNSAFE Ljdk/internal/misc/Unsafe; jdk/internal/misc/Unsafe
staticfield java/nio/Buffer SCOPED_MEMORY_ACCESS Ljdk/internal/misc/ScopedMemoryAccess; jdk/internal/misc/ScopedMemoryAccess
staticfield java/nio/Buffer IOOBE_FORMATTER Ljava/util/function/BiFunction; jdk/internal/util/Preconditions$4
staticfield java/nio/Buffer $assertionsDisabled Z 1
instanceKlass java/util/Collections$CopiesList
instanceKlass groovy/lang/EmptyRange
instanceKlass groovy/lang/ObjectRange
instanceKlass groovy/lang/IntRange
instanceKlass groovy/lang/Tuple
instanceKlass sun/security/jca/ProviderList$3
instanceKlass java/util/AbstractSequentialList
instanceKlass org/gradle/internal/classpath/DefaultClassPath$ImmutableUniqueList
instanceKlass java/util/Collections$SingletonList
instanceKlass java/util/Vector
instanceKlass org/gradle/internal/classpath/DefaultClassPath$ImmutableUniqueList
instanceKlass java/util/Arrays$ArrayList
instanceKlass java/util/ArrayList$SubList
instanceKlass java/util/Collections$EmptyList
instanceKlass java/util/ArrayList
ciInstanceKlass java/util/AbstractList 1 1 218 10 7 12 1 1 1 9 7 12 1 1 1 10 12 1 1 10 12 1 1 100 1 10 10 12 1 1 11 100 12 1 1 1 11 12 1 1 11 12 1 10 7 12 1 1 1 10 12 1 11 12 1 11 12 1 11 12 1 10 12 1 1 10 12 1 1 11 7 12 1 1 1 11 7 1 11 7 1 10 12 1 100 1 10 12 1 10 12 1 1 7 1 100 1 10 12 1 100 1 10 100 1 7 1 10 8 1 10 12 1 1 10 12 1 10 12 1 1 10 12 1 8 1 100 1 8 1 8 1 8 1 10 7 1 11 10 10 12 1 11 12 1 10 12 1 1 8 1 8 1 1 1 1 1 1 1 1 1 1 1 1 1 1 1 1 1 1 1 1 1 1 1 1 1 1 1 1 1 1 1 1 1 1 1 1 1 1 1 1 1 1 1 1 1 1 1 1 1 1 1 1 1 1 1 1 1 1 100 1 100 1 1 1 1 1 1 1
ciInstanceKlass java/lang/Iterable 1 1 62 10 7 12 1 1 1 11 7 12 1 1 1 11 7 12 1 1 1 11 12 1 1 11 7 12 1 1 1 10 100 12 1 1 1 100 1 1 1 1 1 1 1 1 1 1 1 1 1 1 1 1 1 1 1 1 1 1 1 1 1 1
ciInstanceKlass java/util/Collection 1 1 115 11 100 12 1 1 1 100 1 11 7 12 1 1 1 10 7 12 1 1 1 11 12 1 1 11 7 12 1 1 1 11 12 1 1 11 7 12 1 1 1 11 12 1 1 10 100 12 1 1 1 11 12 1 10 7 12 1 1 1 100 1 100 1 1 1 1 1 1 1 1 1 1 1 1 1 1 1 1 1 1 1 1 1 1 1 1 1 1 1 1 1 1 1 1 1 1 1 1 1 1 1 1 1 1 1 1 1 1 1 1 1 1 1 1
ciInstanceKlass java/util/SequencedCollection 1 1 109 100 1 10 12 1 1 11 7 12 1 1 1 11 7 12 1 1 1 11 12 1 1 11 12 1 7 1 7 1 1 1 1 1 1 1 1 1 1 1 1 1 1 1 1 1 1 1 1 1 1 1 1 1 1 1 1 1 100 1 8 1 1 12 10 1 1 1 8 1 1 1 8 1 1 1 8 1 1 1 8 1 1 8 1 1 1 8 1 1 8 1 1 1 8 1 1 8 1 1 1 8 1 1 8 1 1 8 1
ciInstanceKlass java/util/List 1 1 251 10 100 12 1 1 1 11 7 12 1 1 1 11 7 12 1 1 1 11 12 1 1 11 100 12 1 1 11 12 1 1 11 12 1 1 10 7 12 1 1 1 100 1 100 1 10 12 1 1 100 1 10 100 12 1 1 1 11 12 1 1 11 12 1 11 12 1 100 1 10 12 1 11 12 1 1 11 12 1 1 11 12 1 10 100 12 1 1 1 9 7 12 1 1 1 7 1 10 12 10 12 1 7 1 10 12 1 1 10 12 1 10 12 1 1 11 12 1 1 100 1 1 1 1 1 1 1 1 1 1 1 1 1 1 1 1 1 1 1 1 1 1 1 1 1 1 1 1 1 1 1 1 1 1 1 1 1 1 1 1 1 1 1 1 100 1 100 1 1 1 1 1 1 1 1 1 1 1 1 1 1 1 1 1 1 1 1 1 1 1 1 1 1 1 1 1 1 1 1 1 1 1 1 1 1 1 1 1 1 1 1 1 1 1 1 1 1 1 1 1 1 1 1 1 1 1 1 1 1 1 1 1 1 1 1 1 1 1 1 1 1 1 1 100 1 1 100 1 1 1
instanceKlass com/google/common/collect/AbstractMultiset
instanceKlass it/unimi/dsi/fastutil/objects/AbstractReferenceCollection
instanceKlass org/gradle/tooling/provider/model/internal/DefaultToolingModelBuilderRegistry$1
instanceKlass org/gradle/api/internal/DefaultDomainObjectCollection
instanceKlass it/unimi/dsi/fastutil/longs/AbstractLongCollection
instanceKlass com/google/common/collect/AbstractMapBasedMultimap$WrappedCollection
instanceKlass java/util/TreeMap$Values
instanceKlass com/google/common/collect/ImmutableCollection
instanceKlass java/util/IdentityHashMap$Values
instanceKlass java/util/LinkedHashMap$LinkedValues
instanceKlass java/util/AbstractQueue
instanceKlass java/util/HashMap$Values
instanceKlass java/util/ArrayDeque
instanceKlass java/util/AbstractSet
instanceKlass java/util/ImmutableCollections$AbstractImmutableCollection
instanceKlass java/util/AbstractList
ciInstanceKlass java/util/AbstractCollection 1 1 160 10 7 12 1 1 1 10 7 12 1 1 1 10 12 1 1 11 7 12 1 1 1 11 12 1 1 10 12 1 1 10 100 12 1 1 1 10 12 1 1 10 12 1 1 10 7 12 1 1 10 7 12 1 1 1 7 1 10 7 12 1 1 1 10 100 12 1 1 1 100 1 10 11 12 1 11 7 1 10 12 1 10 12 1 10 7 12 1 1 1 11 8 1 7 1 10 10 12 1 1 8 1 10 12 1 10 12 1 1 1 1 1 1 1 1 1 1 1 1 1 1 1 1 1 1 1 1 1 1 1 1 1 1 1 1 1 1 1 1 1 1 1 1 1 1 1 1 1 1 1 1 1 1 1 1 1 1 1 1
ciMethod java/util/AbstractCollection <init> ()V 1024 0 41144 0 0
ciInstanceKlass java/lang/AssertionStatusDirectives 0 0 24 10 100 12 1 1 1 100 1 1 1 1 1 1 1 1 1 1 1 1 1 1 1 1
instanceKlass org/gradle/internal/execution/OutputSnapshotter$OutputFileSnapshottingException
instanceKlass org/gradle/cache/internal/btree/CorruptedCacheException
instanceKlass org/gradle/internal/execution/InputFingerprinter$InputFingerprintingException
instanceKlass org/gradle/internal/execution/InputFingerprinter$InputFileFingerprintingException
instanceKlass org/w3c/dom/DOMException
instanceKlass groovy/lang/StringWriterIOException
instanceKlass java/lang/IllegalCallerException
instanceKlass java/lang/reflect/MalformedParameterizedTypeException
instanceKlass org/gradle/api/internal/attributes/AttributeMatchException
instanceKlass org/gradle/internal/locking/MissingLockStateException
instanceKlass org/gradle/internal/locking/InvalidLockFileException
instanceKlass org/gradle/api/internal/artifacts/ivyservice/resolveengine/result/GraphValidationException
instanceKlass org/gradle/cli/CommandLineArgumentException
instanceKlass org/gradle/internal/tools/api/ApiClassExtractionException
instanceKlass groovy/lang/GroovyRuntimeException
instanceKlass org/apache/commons/lang3/exception/CloneFailedException
instanceKlass org/gradle/internal/snapshot/impl/WorkSerializationException
instanceKlass org/gradle/tooling/internal/protocol/InternalBuildActionFailureException
instanceKlass org/gradle/tooling/internal/protocol/test/InternalTestExecutionException
instanceKlass kotlin/NoWhenBranchMatchedException
instanceKlass kotlin/KotlinNothingValueException
instanceKlass org/gradle/internal/snapshot/impl/IsolationException
instanceKlass org/gradle/internal/snapshot/ValueSnapshottingException
instanceKlass org/apache/tools/ant/BuildException
instanceKlass org/gradle/api/internal/attributes/AttributeMergingException
instanceKlass org/gradle/api/internal/provider/AbstractProperty$PropertyQueryException
instanceKlass java/util/ConcurrentModificationException
instanceKlass java/lang/TypeNotPresentException
instanceKlass org/gradle/internal/reflect/NoSuchPropertyException
instanceKlass org/gradle/internal/typeconversion/TypeConversionException
instanceKlass com/google/common/cache/CacheLoader$InvalidCacheLoadException
instanceKlass com/google/common/util/concurrent/UncheckedExecutionException
instanceKlass org/gradle/internal/work/NoAvailableWorkerLeaseException
instanceKlass org/gradle/internal/jvm/UnsupportedJavaRuntimeException
instanceKlass org/gradle/launcher/daemon/server/BadlyFormedRequestException
instanceKlass java/security/ProviderException
instanceKlass org/gradle/internal/remote/internal/MessageIOException
instanceKlass org/gradle/internal/remote/internal/ConnectException
instanceKlass org/gradle/cache/InsufficientLockModeException
instanceKlass org/gradle/cache/LockTimeoutException
instanceKlass org/gradle/launcher/daemon/registry/DaemonRegistry$EmptyRegistryException
instanceKlass org/gradle/cache/FileIntegrityViolationException
instanceKlass org/gradle/internal/file/FileException
instanceKlass org/gradle/launcher/daemon/server/api/DaemonStoppedException
instanceKlass org/gradle/launcher/daemon/server/api/DaemonUnavailableException
instanceKlass java/util/MissingResourceException
instanceKlass java/io/UncheckedIOException
instanceKlass org/gradle/internal/jvm/JavaHomeException
instanceKlass kotlin/UninitializedPropertyAccessException
instanceKlass org/gradle/api/reflect/ObjectInstantiationException
instanceKlass org/gradle/api/internal/classpath/UnknownModuleException
instanceKlass java/util/NoSuchElementException
instanceKlass org/gradle/internal/reflect/NoSuchMethodException
instanceKlass org/gradle/internal/nativeintegration/NativeIntegrationException
instanceKlass org/gradle/internal/service/ServiceLookupException
instanceKlass net/rubygrapefruit/platform/NativeException
instanceKlass com/esotericsoftware/kryo/KryoException
instanceKlass java/lang/reflect/UndeclaredThrowableException
instanceKlass org/gradle/internal/operations/BuildOperationInvocationException
instanceKlass org/gradle/internal/UncheckedException
instanceKlass org/gradle/api/GradleException
instanceKlass java/lang/SecurityException
instanceKlass java/lang/UnsupportedOperationException
instanceKlass java/lang/IllegalStateException
instanceKlass java/lang/IndexOutOfBoundsException
instanceKlass org/gradle/internal/service/ServiceLookupException
instanceKlass org/gradle/api/GradleException
instanceKlass org/gradle/api/internal/classpath/UnknownModuleException
instanceKlass java/lang/IllegalArgumentException
instanceKlass java/lang/ArithmeticException
instanceKlass java/lang/NullPointerException
instanceKlass java/lang/IllegalMonitorStateException
instanceKlass java/lang/ArrayStoreException
instanceKlass java/lang/ClassCastException
ciInstanceKlass java/lang/RuntimeException 1 1 40 10 7 12 1 1 1 10 12 1 10 12 1 10 12 1 10 12 1 100 1 1 1 1 5 0 1 1 1 1 1 1 1 1 1 1 1 1 1 1
instanceKlass jdk/net/UnixDomainPrincipal
instanceKlass java/nio/DirectByteBuffer$Deallocator
instanceKlass java/lang/reflect/Proxy$ProxyBuilder$ProxyClassContext
instanceKlass jdk/internal/misc/ThreadTracker$ThreadRef
instanceKlass java/security/SecureClassLoader$CodeSourceKey
instanceKlass jdk/internal/module/ModuleReferenceImpl$CachedHash
instanceKlass java/util/stream/Collectors$CollectorImpl
instanceKlass jdk/internal/reflect/ReflectionFactory$Config
instanceKlass jdk/internal/foreign/abi/UpcallLinker$CallRegs
instanceKlass jdk/internal/foreign/abi/VMStorage
ciInstanceKlass java/lang/Record 1 1 22 10 7 12 1 1 1 100 1 1 1 1 1 1 1 1 1 1 1 1 1 1
ciInstanceKlass java/lang/invoke/MethodType 1 1 780 7 1 10 7 12 1 1 1 9 12 1 1 9 12 1 1 9 12 1 1 10 7 12 1 1 1 9 7 12 1 1 8 1 10 100 12 1 1 1 9 7 1 9 7 1 10 12 1 1 7 1 10 8 1 10 12 1 1 10 12 1 10 12 1 1 7 1 8 1 10 12 1 100 1 10 10 12 1 10 12 1 1 10 12 1 1 11 7 12 1 1 1 9 12 1 11 12 1 1 7 10 12 1 1 10 12 1 1 7 1 7 1 10 7 12 1 1 1 10 12 1 10 12 1 9 12 1 1 10 7 12 1 1 10 12 1 1 10 7 12 1 1 1 10 7 12 1 1 1 10 12 1 9 12 1 1 10 12 1 1 10 12 1 1 10 12 1 1 10 12 1 1 10 12 1 1 10 12 1 10 12 1 10 12 1 1 10 12 1 8 1 8 1 10 12 1 1 9 12 1 1 100 1 10 10 12 1 1 10 12 1 10 12 1 1 10 12 1 1 10 12 1 10 12 1 10 12 1 8 1 10 12 1 1 10 100 12 1 1 1 10 12 1 10 12 1 1 10 12 1 10 12 1 10 12 1 1 10 12 1 10 12 1 9 12 1 10 12 1 10 10 12 1 1 10 12 1 9 12 1 1 10 12 1 1 11 12 1 1 10 12 1 1 7 1 10 12 10 12 1 10 12 1 100 1 8 1 8 1 8 1 10 12 1 10 12 1 10 12 1 10 10 12 1 11 12 1 1 11 12 1 10 100 12 1 1 1 9 12 1 10 12 1 10 12 1 1 10 12 1 1 10 12 1 10 12 1 10 100 12 1 1 1 10 12 1 1 10 12 1 10 12 1 10 12 1 10 9 12 1 1 7 1 10 12 1 10 12 1 1 9 100 12 1 1 1 10 7 12 1 1 1 10 7 12 1 1 1 10 12 1 1 10 7 12 1 1 1 10 12 1 1 8 1 10 7 12 1 1 1 11 12 1 1 9 12 1 1 10 12 1 1 10 12 1 10 12 1 1 10 12 1 1 10 100 12 1 1 100 1 10 12 1 1 11 100 12 1 1 18 12 1 1 11 12 1 1 18 12 1 11 12 1 100 1 11 100 12 1 1 10 12 1 100 1 10 12 1 10 100 12 1 1 10 12 1 1 9 12 1 1 9 100 12 1 1 1 10 7 12 1 1 1 9 12 1 10 100 12 1 1 10 12 1 100 10 12 1 1 10 12 1 10 7 1 7 1 9 12 1 1 7 1 7 1 7 1 1 1 5 0 1 1 1 1 1 1 1 3 1 3 1 3 1 1 1 1 1 1 1 1 1 1 1 1 1 1 1 1 1 1 1 1 1 1 1 1 1 1 1 1 1 1 1 1 1 1 1 1 1 1 1 1 1 1 1 1 1 1 1 1 1 1 1 1 1 1 1 1 1 1 1 1 1 1 1 1 1 1 1 1 1 1 1 1 1 1 1 1 1 1 1 1 1 1 1 1 1 1 1 1 1 1 1 1 1 1 1 1 1 1 1 1 1 1 1 1 1 1 1 1 1 1 1 1 1 1 1 1 1 1 1 1 1 1 1 1 1 1 1 1 1 1 1 100 1 100 1 1 1 1 1 1 1 1 1 1 1 1 1 100 1 1 1 7 1 1 1 1 1 1 1 1 1 1 1 1 1 1 1 1 1 1 1 1 1 1 16 15 10 12 16 16 15 10 12 16 15 10 100 12 1 1 1 1 1 1 1 7 1 1 7 1 1 100 1 100 1 1
staticfield java/lang/invoke/MethodType internTable Ljava/lang/invoke/MethodType$ConcurrentWeakInternSet; java/lang/invoke/MethodType$ConcurrentWeakInternSet
staticfield java/lang/invoke/MethodType NO_PTYPES [Ljava/lang/Class; 0 [Ljava/lang/Class;
staticfield java/lang/invoke/MethodType objectOnlyTypes [Ljava/lang/invoke/MethodType; 20 [Ljava/lang/invoke/MethodType;
staticfield java/lang/invoke/MethodType METHOD_HANDLE_ARRAY [Ljava/lang/Class; 1 [Ljava/lang/Class;
staticfield java/lang/invoke/MethodType serialPersistentFields [Ljava/io/ObjectStreamField; 0 [Ljava/io/ObjectStreamField;
staticfield java/lang/invoke/MethodType $assertionsDisabled Z 1
ciInstanceKlass java/lang/invoke/TypeDescriptor$OfMethod 1 0 43 100 1 100 1 100 1 1 1 1 1 1 1 1 1 1 1 1 1 1 1 1 1 1 1 1 1 1 1 1 1 1 1 1 1 1 1 1 1 1 100 1 1
instanceKlass java/lang/reflect/InvocationTargetException
instanceKlass java/lang/IllegalAccessException
instanceKlass java/lang/InstantiationException
instanceKlass java/lang/NoSuchFieldException
instanceKlass java/lang/NoSuchMethodException
instanceKlass java/lang/ClassNotFoundException
ciInstanceKlass java/lang/ReflectiveOperationException 1 1 34 10 7 12 1 1 1 10 12 1 10 12 1 10 12 1 100 1 1 1 1 5 0 1 1 1 1 1 1 1 1 1 1 1
instanceKlass java/lang/invoke/DelegatingMethodHandle
instanceKlass java/lang/invoke/BoundMethodHandle
instanceKlass java/lang/invoke/DirectMethodHandle
ciInstanceKlass java/lang/invoke/MethodHandle 1 1 733 100 1 9 7 12 1 1 1 10 7 12 1 1 1 10 7 12 1 1 1 7 1 7 1 10 12 1 1 9 12 1 1 10 12 1 10 12 1 1 10 12 1 1 10 7 12 1 1 1 10 12 1 1 10 12 1 1 11 7 12 1 1 1 10 12 1 1 10 12 1 10 12 1 10 12 1 1 9 12 1 1 9 12 1 1 10 7 12 1 1 1 10 12 1 1 10 12 1 10 12 1 100 1 7 1 10 8 1 10 12 1 1 10 12 1 8 1 10 12 1 1 10 12 1 10 7 12 1 1 1 10 12 1 1 10 12 1 1 10 12 1 1 10 7 12 1 1 1 10 12 1 1 10 12 1 1 10 12 1 10 12 1 1 10 7 12 1 1 10 7 12 1 1 10 12 1 10 12 1 10 12 1 1 10 12 1 1 10 12 1 1 10 12 1 1 10 7 12 1 1 1 10 7 12 1 1 1 10 12 1 1 10 12 1 1 10 12 1 1 8 1 10 7 12 1 1 1 8 1 10 12 1 10 12 1 1 10 12 1 1 10 12 1 8 1 10 12 1 1 8 1 10 12 1 8 1 10 7 12 1 1 1 9 12 1 1 100 1 10 9 7 12 1 1 1 9 7 1 8 1 10 12 1 1 10 12 1 10 12 1 1 10 12 1 10 12 1 1 10 12 1 10 12 1 1 10 12 1 10 12 1 1 10 12 1 1 8 1 10 12 1 1 8 1 10 12 1 10 12 1 1 10 12 1 10 12 1 10 12 1 1 9 100 12 1 1 1 10 12 1 1 11 12 1 10 12 1 10 12 1 1 10 100 12 1 1 100 1 11 12 1 10 100 1 11 12 1 7 1 10 12 1 11 12 1 9 100 12 1 1 1 11 12 1 1 11 100 12 1 1 1 10 12 1 1 9 12 1 11 12 1 9 12 1 9 12 1 9 12 1 11 12 1 1 9 12 1 9 12 1 9 12 1 9 12 1 9 12 1 9 12 1 9 12 1 8 1 10 12 1 10 12 1 8 1 10 12 1 10 12 1 10 12 1 1 10 10 10 7 12 1 1 10 12 1 1 100 1 100 1 8 1 8 1 10 10 12 1 1 10 12 1 10 12 1 7 1 10 100 12 1 1 1 10 9 7 12 1 1 1 10 12 1 1 10 12 1 1 8 1 8 1 10 7 12 1 1 9 12 1 9 12 1 1 9 12 1 1 10 12 1 7 1 10 12 1 10 12 1 1 9 12 1 1 9 12 1 1 10 7 12 1 1 1 11 7 12 1 1 9 12 1 10 12 1 1 9 12 1 10 12 1 8 10 12 1 1 8 1 1 1 1 1 1 1 1 7 1 1 1 1 1 1 1 1 1 1 1 1 1 1 1 1 1 1 1 1 1 1 1 1 1 1 1 1 1 1 100 1 1 1 1 1 1 1 1 1 1 1 1 1 1 1 1 1 1 1 1 1 1 1 1 1 1 1 1 1 1 1 1 1 1 1 1 1 1 1 1 1 1 1 1 1 1 1 1 1 1 1 1 1 1 1 1 1 1 1 1 1 1 1 1 1 1 1 1 1 1 1 1 1 1 1 1 1 1 1 1 1 1 1 1 1 1 100 1 1 100 1 7 1 100 1 1 100 1 1 100 1 1 1 1
staticfield java/lang/invoke/MethodHandle FORM_OFFSET J 20
staticfield java/lang/invoke/MethodHandle UPDATE_OFFSET J 13
staticfield java/lang/invoke/MethodHandle $assertionsDisabled Z 1
ciInstanceKlass java/util/concurrent/ConcurrentHashMap 1 1 1210 7 1 7 1 3 10 12 1 1 3 7 1 10 7 12 1 1 1 7 1 10 7 12 1 1 1 100 1 11 12 1 1 11 12 1 11 12 1 1 9 12 1 1 9 12 1 1 9 12 1 10 7 12 1 1 1 7 1 10 12 1 1 10 12 1 1 10 7 12 1 1 1 4 10 12 1 9 12 1 10 12 1 1 100 1 10 5 0 10 12 1 10 12 1 1 5 0 10 12 1 1 10 12 1 9 12 1 1 10 12 1 1 9 12 1 9 12 1 1 10 12 1 1 9 12 1 10 12 1 1 9 12 1 1 10 12 1 1 100 1 10 100 1 10 12 1 10 12 1 1 10 12 1 1 10 12 1 1 10 12 1 10 12 1 1 10 12 1 1 100 1 10 12 1 1 7 1 100 1 8 1 10 12 1 10 12 1 1 10 12 1 1 11 7 12 1 1 10 12 1 1 11 12 1 1 11 7 12 1 1 1 11 7 12 1 1 1 11 12 1 7 1 11 12 1 11 12 1 10 12 1 1 10 12 1 1 9 12 1 1 10 100 12 1 1 1 9 10 12 1 1 9 12 1 10 12 1 1 5 0 9 12 1 1 7 1 10 12 1 9 12 1 1 7 1 10 12 1 9 12 1 7 1 10 7 1 10 10 12 1 1 8 1 10 12 1 10 12 1 1 11 100 1 10 12 1 10 100 12 1 1 1 8 1 10 100 12 1 1 1 8 1 10 12 1 8 1 10 12 1 10 12 1 1 10 100 12 1 1 10 12 1 10 12 1 10 12 1 9 12 1 9 10 12 1 9 12 1 1 11 100 12 1 1 1 11 7 12 1 1 1 100 1 10 12 11 100 12 1 1 10 11 7 12 1 10 12 1 100 1 10 12 1 100 1 10 10 9 7 12 1 1 1 10 12 3 10 7 12 1 1 9 12 1 10 12 1 1 9 12 1 1 9 12 1 10 12 1 1 10 100 12 1 1 9 12 1 9 7 12 1 1 10 12 1 1 10 12 1 3 9 12 1 9 12 1 10 12 1 1 7 1 9 3 9 12 1 7 1 10 12 1 9 12 1 10 12 1 9 12 1 10 12 1 9 12 1 10 100 12 1 1 1 100 10 12 1 7 1 5 0 10 100 12 1 1 100 1 10 12 1 1 10 12 1 10 12 1 100 1 10 12 1 10 100 1 100 1 10 10 12 1 10 100 1 10 12 1 10 100 1 10 12 1 10 7 1 10 12 1 1 100 1 10 12 1 10 10 12 1 100 1 10 12 1 10 10 12 1 100 1 10 12 1 10 100 1 10 12 1 10 100 1 10 12 1 10 100 1 10 12 1 10 100 1 10 12 1 10 100 1 10 12 1 10 100 1 10 12 1 10 100 1 10 12 1 10 100 1 10 10 100 1 10 10 100 1 10 10 100 1 10 12 1 10 100 1 10 12 1 10 100 1 10 12 1 10 100 1 10 12 1 10 100 1 10 12 1 10 100 1 10 10 100 1 10 10 100 1 10 10 100 1 10 12 1 10 100 1 10 12 1 10 100 1 10 12 1 10 100 1 10 12 1 10 100 1 10 12 1 10 10 12 1 10 7 12 1 1 1 10 12 1 7 1 7 1 10 12 1 9 12 1 1 9 12 1 1 10 12 1 1 8 10 12 1 1 8 8 8 8 7 10 12 1 1 10 12 1 100 1 8 1 10 7 1 7 1 7 1 1 1 5 0 1 1 3 1 3 1 1 1 1 3 1 3 1 3 1 1 1 1 1 3 1 3 1 3 1 1 1 1 1 1 1 1 1 1 1 1 1 1 1 1 1 1 1 1 1 1 1 1 1 100 1 1 1 1 1 1 1 1 1 1 1 1 1 1 1 1 1 1 1 1 1 1 1 1 1 1 1 1 1 1 1 1 1 1 1 1 1 1 1 1 1 1 1 1 1 1 1 1 1 1 1 1 1 1 1 1 1 1 1 1 1 1 1 1 1 1 1 1 1 1 1 1 1 1 1 1 1 1 1 1 1 1 1 1 100 1 1 1 1 1 1 1 1 1 1 1 7 1 1 1 1 1 1 1 1 1 1 1 1 1 1 1 1 1 1 1 1 1 1 1 1 1 1 1 1 1 1 1 1 1 1 1 1 1 1 1 1 1 1 1 1 1 1 1 1 1 1 1 1 1 1 1 1 1 1 1 1 1 1 1 1 1 1 1 1 1 1 1 1 1 1 1 1 1 1 1 1 1 1 1 1 1 1 1 1 1 1 1 1 1 1 1 1 1 1 1 1 1 1 1 1 1 1 1 1 1 1 1 1 1 1 1 1 1 1 1 1 1 1 1 1 1 1 1 1 1 1 1 1 1 1 1 1 1 1 1 1 1 1 1 1 1 1 1 1 1 1 1 1 1 1 1 1 1 1 1 1 1 1 1 1 1 1 1 1 1 1 1 1 1 1 1 1 1 1 1 1 1 1 1 1 1 1 1 1 1 1 1 1 1 1 1 1 1 1 1 1 1 1 1 1 1 1 1 1 1 1 1 1 1 1 1 1 1 1 1 1 1 1 1 100 1 100 1 100 1 100 1 100 1 100 1 100 1 100 1 100 1 1 1 1 1 1 1 1 1 1 1 1 1 1 1 1 1 1 1 1 1 1 1 1 1 1 1 1 1 1 1 1 1 1 1 1 1 1 1 1 1 1 1 1 1 1 1 1 1 1 1 1 1 1 1 1 1 1
staticfield java/util/concurrent/ConcurrentHashMap NCPU I 12
staticfield java/util/concurrent/ConcurrentHashMap serialPersistentFields [Ljava/io/ObjectStreamField; 3 [Ljava/io/ObjectStreamField;
staticfield java/util/concurrent/ConcurrentHashMap U Ljdk/internal/misc/Unsafe; jdk/internal/misc/Unsafe
staticfield java/util/concurrent/ConcurrentHashMap SIZECTL J 20
staticfield java/util/concurrent/ConcurrentHashMap TRANSFERINDEX J 32
staticfield java/util/concurrent/ConcurrentHashMap BASECOUNT J 24
staticfield java/util/concurrent/ConcurrentHashMap CELLSBUSY J 36
staticfield java/util/concurrent/ConcurrentHashMap CELLVALUE J 144
staticfield java/util/concurrent/ConcurrentHashMap ABASE I 16
staticfield java/util/concurrent/ConcurrentHashMap ASHIFT I 2
ciInstanceKlass java/util/concurrent/ConcurrentMap 1 1 208 11 7 12 1 1 1 10 100 12 1 1 11 12 1 1 11 100 12 1 1 1 11 7 12 1 1 1 11 12 1 1 100 1 11 12 1 11 12 1 100 1 11 100 12 1 1 1 18 12 1 11 12 1 1 11 100 12 1 1 11 12 1 1 11 100 12 1 11 12 1 1 11 12 1 1 7 1 7 1 1 1 1 1 1 1 1 1 1 1 1 1 1 1 1 1 1 1 1 1 1 1 1 1 1 1 1 1 1 1 1 1 1 1 1 1 1 1 1 1 1 1 1 1 1 1 1 1 1 1 1 1 1 1 1 1 1 1 1 16 15 11 12 15 10 100 12 1 1 1 1 1 100 1 100 1 1 1 100 1 8 1 1 12 10 1 1 1 8 1 1 1 8 1 1 8 1 1 1 8 1 1 1 8 1 1 1 8 1 1 1 8 1 1 1 8 1 1 1 8 1 1 1 8 1 1 8 1
instanceKlass java/util/Collections$SingletonMap
instanceKlass com/google/common/collect/MapMakerInternalMap
instanceKlass com/google/common/cache/LocalCache
instanceKlass java/util/concurrent/ConcurrentSkipListMap
instanceKlass java/util/TreeMap
instanceKlass java/util/IdentityHashMap
instanceKlass java/util/EnumMap
instanceKlass java/util/WeakHashMap
instanceKlass java/util/Collections$EmptyMap
instanceKlass java/util/HashMap
instanceKlass sun/util/PreHashedMap
instanceKlass java/util/ImmutableCollections$AbstractImmutableMap
instanceKlass java/util/concurrent/ConcurrentHashMap
ciInstanceKlass java/util/AbstractMap 1 1 196 10 7 12 1 1 1 10 7 12 1 1 1 11 7 12 1 1 1 10 11 12 1 1 11 7 12 1 1 1 11 12 1 1 7 1 11 12 1 10 12 1 1 11 12 1 100 1 10 11 12 1 11 7 1 10 12 1 1 11 12 1 9 12 1 1 100 1 10 12 1 9 12 1 1 100 1 10 11 11 12 1 1 11 12 1 7 1 100 1 11 12 1 8 1 7 1 10 10 12 1 1 8 1 10 12 1 10 12 1 1 10 12 1 1 1 1 1 1 1 1 1 1 1 1 1 1 1 1 1 1 1 1 1 1 1 1 1 1 1 1 1 1 1 1 1 1 1 1 1 1 1 1 7 1 1 1 1 1 1 1 7 1 1 1 1 1 1 1 1 1 7 1 1 1 1 1 1 1 1 1 100 1 100 1 100 1 100 1 100 1 1 1 1 1 1
ciMethod java/util/concurrent/ConcurrentHashMap get (Ljava/lang/Object;)Ljava/lang/Object; 1024 10 12014 0 680
ciMethod java/util/concurrent/ConcurrentHashMap putIfAbsent (Ljava/lang/Object;Ljava/lang/Object;)Ljava/lang/Object; 1024 0 16290 0 104
ciInstanceKlass jdk/internal/loader/ClassLoaders 1 1 183 10 7 12 1 1 1 10 7 12 1 1 1 10 12 1 1 10 100 12 1 1 1 9 7 12 1 1 1 9 12 1 1 9 12 1 1 7 1 11 100 12 1 1 1 100 1 11 12 1 1 11 12 1 1 10 100 12 1 1 1 10 100 12 1 1 1 100 1 100 1 10 7 12 1 1 1 9 12 1 1 10 12 1 1 7 1 10 12 1 1 10 12 1 7 1 8 1 10 7 12 1 1 1 10 12 1 1 7 1 10 12 1 10 12 1 10 12 1 8 1 10 7 12 1 1 8 1 8 1 10 12 1 7 1 10 12 1 10 12 1 10 12 1 1 1 1 1 1 1 1 1 1 1 1 1 1 1 1 1 1 1 1 7 1 1 1 1 1 1 1 1 1 1 1 1 1 1 1 1 1 1 1
staticfield jdk/internal/loader/ClassLoaders JLA Ljdk/internal/access/JavaLangAccess; java/lang/System$2
staticfield jdk/internal/loader/ClassLoaders BOOT_LOADER Ljdk/internal/loader/ClassLoaders$BootClassLoader; jdk/internal/loader/ClassLoaders$BootClassLoader
staticfield jdk/internal/loader/ClassLoaders PLATFORM_LOADER Ljdk/internal/loader/ClassLoaders$PlatformClassLoader; jdk/internal/loader/ClassLoaders$PlatformClassLoader
staticfield jdk/internal/loader/ClassLoaders APP_LOADER Ljdk/internal/loader/ClassLoaders$AppClassLoader; jdk/internal/loader/ClassLoaders$AppClassLoader
instanceKlass jdk/internal/loader/ClassLoaders$BootClassLoader
instanceKlass jdk/internal/loader/ClassLoaders$PlatformClassLoader
instanceKlass jdk/internal/loader/ClassLoaders$AppClassLoader
ciInstanceKlass jdk/internal/loader/BuiltinClassLoader 1 1 737 9 7 12 1 1 1 10 7 12 1 1 1 10 7 12 1 1 1 9 12 1 1 9 12 1 1 7 1 10 12 1 9 12 1 10 12 1 9 12 1 10 7 12 1 1 1 10 7 12 1 1 1 10 7 12 1 1 1 11 7 12 1 1 1 7 1 7 1 10 10 12 1 1 8 1 10 12 1 10 12 7 1 10 12 1 10 12 1 1 11 7 12 1 1 1 11 7 12 1 1 1 11 12 1 1 7 1 8 1 8 1 10 9 12 1 1 10 7 12 1 1 11 12 1 1 10 12 1 1 10 12 1 1 10 12 1 1 10 7 12 1 1 1 10 12 1 10 7 12 1 1 1 10 12 1 1 11 7 12 1 1 1 10 7 12 1 1 7 1 10 7 12 1 1 1 10 12 1 100 1 8 1 10 12 1 1 10 8 1 10 12 1 1 10 12 1 1 10 12 1 1 11 7 12 1 1 11 12 1 7 1 10 11 12 1 1 11 10 12 1 1 7 1 10 12 1 10 7 12 1 10 12 1 7 1 10 12 1 10 7 12 1 1 1 100 1 10 12 1 1 11 12 1 100 1 100 1 10 12 1 10 12 1 1 100 1 100 1 10 12 1 10 12 1 18 12 1 1 10 12 1 10 12 1 1 18 100 1 10 7 12 1 1 1 7 1 10 10 12 1 1 10 12 1 1 10 12 1 1 10 12 1 9 12 1 1 100 1 10 10 12 1 1 10 12 1 1 10 12 1 10 12 10 12 1 1 10 12 1 1 10 12 1 1 10 12 1 10 12 1 1 18 12 1 7 1 10 12 1 1 10 12 1 10 12 1 1 10 12 1 100 1 10 12 1 7 1 10 12 1 10 7 12 1 1 1 10 12 1 11 12 1 7 1 10 12 1 7 1 100 1 10 12 1 10 12 1 11 12 1 1 10 12 1 1 10 12 1 1 10 12 1 1 10 12 1 1 10 12 1 10 12 1 10 12 1 10 12 1 8 1 10 12 1 1 10 7 12 1 1 10 12 1 100 1 8 1 8 1 10 10 12 1 8 1 8 1 10 7 12 1 1 1 11 7 12 1 1 1 9 7 12 1 1 1 10 7 12 1 1 1 9 12 1 9 12 1 9 12 1 9 12 1 9 12 1 9 12 1 10 7 12 1 1 1 8 1 10 12 1 7 1 10 12 1 1 10 12 1 7 1 10 11 12 1 1 10 12 10 12 1 10 12 1 100 1 10 12 1 10 12 1 10 10 12 1 10 7 12 1 1 8 1 10 7 12 1 1 10 12 1 1 1 1 1 1 1 1 1 1 1 1 1 1 1 1 1 1 1 1 1 1 1 1 1 1 1 1 1 1 1 1 1 1 1 1 1 1 1 1 1 1 1 1 1 1 1 1 1 1 1 1 1 1 1 1 7 1 1 1 1 1 1 1 1 1 1 1 1 1 1 1 1 1 1 7 1 7 1 1 1 1 1 1 1 1 1 1 1 1 1 1 1 1 1 1 1 1 1 1 1 1 1 1 1 1 1 1 1 1 1 1 1 1 1 1 1 1 1 1 1 1 1 1 1 1 1 1 1 100 1 1 16 15 10 12 16 15 10 12 16 15 10 12 16 1 15 10 100 12 1 1 1 1 1 100 1 1 1 1 1 100 1 100 1 1
staticfield jdk/internal/loader/BuiltinClassLoader packageToModule Ljava/util/Map; java/util/concurrent/ConcurrentHashMap
staticfield jdk/internal/loader/BuiltinClassLoader $assertionsDisabled Z 1
ciInstanceKlass jdk/internal/loader/ClassLoaders$AppClassLoader 1 1 119 8 1 10 7 12 1 1 1 10 7 12 1 1 1 10 7 12 1 1 1 10 12 1 1 10 7 12 1 1 1 10 12 1 1 10 12 1 1 7 1 8 1 10 12 10 7 12 1 1 1 10 7 12 1 1 10 12 1 1 10 12 1 1 10 7 12 1 1 1 7 1 10 12 1 1 1 1 1 1 1 1 1 1 1 1 1 1 1 1 1 1 1 1 1 7 1 1 1 1 1 1 1 1 1 1 1 1 1 1 1 1 1 1 1 7 1 1 1
ciInstanceKlass jdk/internal/loader/ClassLoaders$PlatformClassLoader 1 1 42 8 1 10 7 12 1 1 1 10 7 12 1 1 1 7 1 10 12 1 7 1 1 1 1 1 1 1 1 1 1 1 1 1 1 7 1 1 1 100 1 1
ciInstanceKlass java/lang/ArithmeticException 1 1 26 10 100 12 1 1 1 10 12 1 100 1 1 1 1 5 0 1 1 1 1 1 1 1 1 1
ciInstanceKlass java/lang/ArrayStoreException 1 1 26 10 100 12 1 1 1 10 12 1 100 1 1 1 1 5 0 1 1 1 1 1 1 1 1 1
instanceKlass org/codehaus/groovy/runtime/typehandling/GroovyCastException
ciInstanceKlass java/lang/ClassCastException 1 1 26 10 100 12 1 1 1 10 12 1 100 1 1 1 1 5 0 1 1 1 1 1 1 1 1 1
ciInstanceKlass java/lang/ClassNotFoundException 1 1 96 7 1 10 7 12 1 1 1 10 12 1 10 12 1 1 10 100 12 1 1 1 8 1 10 100 12 1 1 1 10 7 12 1 1 10 100 12 1 1 1 10 100 12 1 1 1 10 12 1 1 7 1 10 12 1 9 12 1 1 1 1 1 5 0 1 1 1 1 1 1 1 1 1 1 1 1 1 1 1 1 1 1 100 1 1 1 1 1 1 1 1 1 1 1 1
staticfield java/lang/ClassNotFoundException serialPersistentFields [Ljava/io/ObjectStreamField; 1 [Ljava/io/ObjectStreamField;
ciInstanceKlass java/lang/IllegalMonitorStateException 1 1 26 10 100 12 1 1 1 10 12 1 100 1 1 1 1 5 0 1 1 1 1 1 1 1 1 1
ciInstanceKlass java/lang/BootstrapMethodError 0 0 45 10 100 12 1 1 1 10 12 1 10 12 1 10 100 12 1 1 1 10 100 12 1 1 1 1 1 1 5 0 1 1 1 1 1 1 1 1 1 1 1 100 1 1 1
instanceKlass java/lang/ClassFormatError
instanceKlass java/lang/UnsatisfiedLinkError
instanceKlass java/lang/IncompatibleClassChangeError
instanceKlass java/lang/BootstrapMethodError
instanceKlass java/lang/NoClassDefFoundError
ciInstanceKlass java/lang/LinkageError 1 1 31 10 7 12 1 1 1 10 12 1 10 12 1 100 1 1 1 1 5 0 1 1 1 1 1 1 1 1 1 1 1
instanceKlass kotlin/KotlinNullPointerException
ciInstanceKlass java/lang/NullPointerException 1 1 52 10 100 12 1 1 1 10 12 1 9 100 12 1 1 1 10 12 1 1 9 12 1 1 10 12 1 1 10 12 1 1 1 1 5 0 1 1 1 1 1 1 1 1 100 1 100 1 100 1 1 1
ciInstanceKlass java/lang/NoClassDefFoundError 0 0 26 10 100 12 1 1 1 10 12 1 100 1 1 1 1 5 0 1 1 1 1 1 1 1 1 1
ciInstanceKlass java/lang/StackOverflowError 1 1 26 10 100 12 1 1 1 10 12 1 100 1 1 1 1 5 0 1 1 1 1 1 1 1 1 1
ciInstanceKlass java/lang/StackTraceElement 1 1 235 10 7 12 1 1 1 10 7 12 1 1 9 12 1 1 9 12 1 1 9 12 1 9 12 1 8 1 10 100 12 1 1 1 7 1 9 12 1 8 1 9 12 1 9 12 1 9 12 1 1 10 12 1 1 10 12 1 8 1 10 100 12 1 1 1 7 1 10 12 1 10 12 1 1 10 12 1 10 12 1 1 10 12 1 10 12 1 10 10 12 1 8 1 10 12 1 10 12 1 1 10 12 1 1 10 12 1 10 12 1 10 12 1 9 12 1 1 10 7 12 1 1 1 10 12 1 1 7 1 10 12 1 1 10 7 12 1 1 10 7 12 1 1 1 10 7 12 1 1 10 7 12 1 1 10 10 12 1 1 10 12 1 1 10 12 1 1 10 12 1 7 1 1 1 1 1 1 1 3 1 3 1 1 5 0 1 1 1 1 1 1 1 1 1 1 1 1 1 1 1 1 1 1 1 1 1 1 1 1 1 1 1 1 1 7 1 7 1 1 1 1 1 1 1 100 1 1 1 1 1 1 1 1 1
instanceKlass java/util/concurrent/locks/AbstractQueuedSynchronizer
ciInstanceKlass java/util/concurrent/locks/AbstractOwnableSynchronizer 1 1 32 10 7 12 1 1 1 9 7 12 1 1 1 100 1 1 1 1 5 0 1 1 1 1 1 1 1 1 1 1 1 1
ciInstanceKlass jdk/internal/vm/Continuation 0 0 549 9 100 12 1 1 1 9 12 1 9 12 1 100 1 7 1 10 12 1 1 8 1 10 12 1 1 10 12 1 10 12 1 1 10 12 1 9 7 12 1 1 1 11 100 12 1 1 1 10 7 1 9 12 1 1 9 12 1 1 10 8 1 10 12 1 9 12 1 1 10 11 12 1 1 100 1 10 100 12 1 1 1 10 12 1 1 10 12 1 10 12 1 1 11 12 1 1 9 12 1 1 10 12 1 1 18 12 1 1 10 7 12 1 1 1 100 1 10 12 1 11 100 12 1 1 1 10 12 1 9 12 1 10 12 1 1 100 1 8 1 10 12 1 10 12 1 1 9 12 1 1 11 12 1 1 9 12 1 1 8 1 10 11 12 1 1 11 12 1 1 10 12 1 1 10 12 1 1 9 12 1 10 12 1 10 10 12 1 8 1 10 12 1 8 1 8 1 10 7 12 1 1 1 10 7 12 1 1 1 10 12 1 9 12 1 11 12 1 7 1 10 12 1 10 12 1 1 9 12 1 1 7 1 10 12 1 1 9 12 1 1 10 12 1 10 12 1 11 7 12 1 1 10 7 1 10 12 1 8 1 9 12 1 10 12 1 1 9 12 1 1 10 7 12 1 1 8 1 8 1 8 1 8 1 10 12 1 1 10 12 1 10 12 1 10 12 1 10 12 1 1 10 12 1 1 8 1 10 12 1 1 9 12 1 1 10 12 1 1 9 12 1 8 1 10 7 12 1 1 1 10 12 1 8 1 100 1 8 1 10 9 12 1 1 8 1 10 7 12 1 1 10 100 12 1 1 8 1 8 1 10 12 10 100 12 1 1 1 10 7 1 10 7 12 1 1 1 18 11 100 12 1 1 1 18 12 1 11 12 1 1 7 1 10 7 12 1 1 10 12 1 1 8 10 12 1 1 10 100 12 1 1 1 10 100 12 1 1 10 12 1 8 1 10 12 1 7 1 7 1 10 12 1 1 1 1 1 1 1 1 1 1 1 1 1 1 1 1 1 1 1 1 1 1 1 1 1 1 1 1 1 1 1 1 1 1 1 1 1 1 1 1 1 1 1 1 1 1 1 1 1 1 1 1 1 1 1 1 1 1 1 1 1 1 1 1 1 1 1 1 1 1 1 1 1 1 1 100 1 1 16 1 15 10 12 16 15 11 7 12 1 1 1 16 1 16 1 15 10 12 16 15 10 100 12 1 1 1 1 1 1 1 1 100 1 100 1 1
ciInstanceKlass jdk/internal/misc/UnsafeConstants 1 1 34 10 100 12 1 1 1 9 7 12 1 1 1 9 12 1 9 12 1 1 9 12 1 9 12 1 1 1 1 1 1 1 1 1
staticfield jdk/internal/misc/UnsafeConstants ADDRESS_SIZE0 I 8
staticfield jdk/internal/misc/UnsafeConstants PAGE_SIZE I 4096
staticfield jdk/internal/misc/UnsafeConstants BIG_ENDIAN Z 0
staticfield jdk/internal/misc/UnsafeConstants UNALIGNED_ACCESS Z 1
staticfield jdk/internal/misc/UnsafeConstants DATA_CACHE_LINE_FLUSH_SIZE I 0
instanceKlass groovy/lang/SpreadMap
instanceKlass java/lang/ProcessEnvironment
instanceKlass java/util/LinkedHashMap
ciInstanceKlass java/util/HashMap 1 1 629 10 7 12 1 1 1 7 1 10 12 1 1 7 1 10 7 12 1 1 1 100 1 11 12 1 1 11 12 1 11 12 1 1 10 7 12 1 1 1 7 1 3 10 7 12 1 1 1 100 1 7 1 10 8 1 10 12 1 1 10 12 1 10 12 1 1 10 12 1 10 7 12 1 1 1 8 1 10 12 1 9 12 1 1 10 12 1 9 12 1 1 4 10 12 1 10 12 1 1 11 7 12 1 1 9 12 1 1 10 7 12 1 1 1 6 0 10 12 1 1 11 12 1 1 11 7 12 1 1 1 11 7 12 1 1 1 11 12 1 1 7 1 11 12 1 11 12 1 10 12 1 10 12 1 1 9 12 10 12 1 1 9 7 12 1 1 1 9 12 9 12 1 10 12 1 1 9 12 1 7 1 10 12 1 1 10 12 1 1 10 12 1 1 10 12 1 1 10 12 1 1 9 12 1 10 12 1 1 3 4 10 12 1 1 10 12 1 1 9 12 1 1 9 10 12 1 1 10 12 1 1 10 12 1 1 10 12 1 9 12 1 1 7 1 10 12 1 10 12 1 10 7 12 1 1 1 7 1 9 12 1 1 7 1 10 9 12 7 1 10 100 1 10 11 7 12 1 1 1 100 1 10 11 7 12 1 1 11 100 12 1 1 1 10 12 1 100 1 7 1 10 12 1 10 12 1 10 12 1 10 100 12 1 1 10 12 1 1 10 12 1 1 10 100 12 1 1 1 8 10 100 12 1 1 1 100 1 10 4 4 10 12 1 1 10 100 12 1 1 1 10 12 1 8 1 6 0 10 100 12 1 1 1 100 1 11 100 12 1 1 1 10 12 1 10 12 1 10 10 12 1 1 6 0 8 1 10 12 1 10 12 7 1 7 1 1 1 1 5 0 1 3 1 1 1 3 1 3 1 3 1 1 1 1 1 1 1 1 1 1 1 1 1 1 1 1 1 1 1 1 1 1 100 1 1 1 1 1 1 1 1 1 1 1 1 1 1 1 1 1 1 1 1 1 1 1 1 1 1 1 1 1 1 1 1 1 100 1 1 1 1 1 1 1 1 1 1 1 1 1 1 1 1 1 1 1 1 1 1 1 1 1 1 1 1 1 1 1 1 1 1 1 1 1 1 1 1 1 1 1 1 1 1 1 1 1 1 1 7 1 1 1 1 1 1 1 1 1 1 1 1 1 1 1 1 1 1 1 1 1 1 1 1 1 1 1 1 1 1 1 1 1 1 1 1 1 1 1 1 1 1 1 1 1 1 1 1 100 1 1 1 1 1 1 1 1 7 1 1 1 1 1 1 1 1 1 1 1 1 1 1 1 1 1 1 100 1 100 1 100 1 100 1 100 1 100 1 100 1 100 1 1 1 1 1 1 1 1 1 1 1 1 1 1 1 1 1 1
ciMethod java/util/HashMap put (Ljava/lang/Object;Ljava/lang/Object;)Ljava/lang/Object; 1024 0 21015 0 2120
ciMethod java/util/HashMap newNode (ILjava/lang/Object;Ljava/lang/Object;Ljava/util/HashMap$Node;)Ljava/util/HashMap$Node; 4146 0 8911 0 224
ciMethod java/util/HashMap afterNodeAccess (Ljava/util/HashMap$Node;)V 538 0 1404 0 80
ciMethod java/util/HashMap afterNodeInsertion (Z)V 4146 0 8911 0 80
ciMethod java/util/HashMap replacementTreeNode (Ljava/util/HashMap$Node;Ljava/util/HashMap$Node;)Ljava/util/HashMap$TreeNode; 0 0 1 0 -1
ciInstanceKlass java/lang/invoke/LambdaForm 1 1 1059 7 1 100 1 10 7 12 1 1 1 9 12 1 1 9 12 1 9 12 1 9 12 1 1 9 12 1 1 9 12 1 1 9 12 1 1 9 12 1 1 9 12 1 10 7 12 1 1 9 12 1 10 12 1 1 100 1 10 10 12 1 1 10 12 1 10 12 1 10 12 1 1 10 12 1 9 12 1 9 12 1 10 12 1 1 10 7 12 1 1 1 10 12 1 1 9 100 12 1 1 1 10 12 1 1 9 7 12 1 1 10 12 1 10 12 1 1 10 12 1 1 10 12 1 1 7 1 10 7 12 1 1 1 10 12 1 1 10 12 1 10 12 1 1 9 12 1 1 9 12 1 9 12 1 1 10 12 1 9 12 1 10 100 12 1 1 1 10 12 1 1 7 1 10 12 1 9 12 1 1 10 7 12 1 1 1 10 12 1 10 12 1 7 1 10 12 1 10 12 1 10 12 1 1 10 12 1 1 10 12 1 10 12 1 10 12 1 10 12 1 1 8 1 10 12 1 10 12 1 10 10 12 1 8 1 8 1 9 12 1 9 12 1 1 10 12 1 1 10 12 1 9 12 1 10 12 1 1 10 7 12 1 1 1 10 12 1 1 10 12 1 10 12 1 10 100 12 1 1 1 9 12 1 10 12 1 8 1 8 1 8 1 8 1 8 1 8 1 8 1 8 1 10 12 1 9 12 1 7 1 10 12 1 1 9 12 1 10 12 1 10 12 1 1 10 12 10 12 1 10 12 1 1 10 12 1 1 10 10 12 1 1 10 12 1 1 7 1 8 1 10 12 1 1 10 12 1 10 12 1 1 10 8 1 10 12 1 1 8 1 8 1 8 1 10 12 1 10 12 1 10 12 1 1 100 1 10 12 1 1 10 12 1 1 10 7 12 1 1 1 10 12 1 1 9 12 1 1 8 1 10 100 12 1 1 1 10 7 12 1 1 10 12 10 12 1 1 10 12 1 1 9 12 1 8 10 12 1 1 100 1 10 12 1 1 10 12 1 9 7 12 1 1 9 7 12 1 1 1 8 1 10 100 12 1 1 10 12 1 1 7 1 7 1 10 10 12 1 1 10 12 1 1 8 1 8 1 7 1 8 1 10 12 10 12 1 10 12 1 10 12 1 1 8 1 8 1 10 12 1 10 12 1 1 8 1 8 1 8 1 7 1 8 1 7 1 8 1 7 1 8 1 10 12 1 8 1 9 10 7 12 1 1 1 10 12 1 9 12 1 1 10 12 1 10 10 12 1 10 12 1 10 12 1 10 12 1 1 10 12 1 10 12 1 1 10 12 1 1 10 12 1 1 10 12 1 1 8 1 100 10 12 1 10 12 1 9 12 1 1 10 7 12 1 1 8 1 8 1 7 1 8 1 8 1 8 1 8 1 8 1 8 1 8 1 8 1 10 12 1 1 10 12 1 1 10 12 1 10 12 1 10 12 1 10 12 1 8 1 8 1 8 1 10 12 1 8 1 10 12 1 8 1 8 1 8 1 8 1 8 1 10 12 1 10 12 1 10 12 1 1 10 7 12 1 1 1 10 12 1 10 12 1 10 12 1 10 12 1 10 12 1 10 12 1 10 12 1 9 12 1 1 8 1 10 12 1 1 9 12 1 1 10 12 1 1 9 12 1 9 12 1 1 9 12 1 9 12 1 1 7 1 10 7 12 1 1 1 9 12 1 10 12 1 10 12 1 8 1 10 12 1 9 12 1 1 7 1 10 7 12 1 1 1 8 1 100 1 10 12 1 9 12 1 9 12 1 10 12 1 10 12 1 10 7 12 1 1 1 10 12 1 9 7 12 1 1 10 12 1 1 10 12 1 10 12 1 10 12 1 9 12 10 12 1 10 10 12 1 9 12 1 9 9 12 1 7 9 12 1 1 10 12 1 1 9 12 1 10 12 1 10 7 1 9 1 1 1 1 3 1 3 1 1 3 1 3 1 1 1 1 1 1 1 1 1 1 1 1 1 1 1 1 1 1 1 1 1 1 1 1 1 1 1 1 1 1 1 1 1 1 1 1 1 1 1 1 1 1 1 1 1 1 1 1 1 1 1 100 1 1 1 1 1 1 1 1 1 1 1 1 1 1 1 1 1 1 1 1 1 1 1 1 1 1 1 1 1 1 1 1 1 1 1 1 1 1 1 1 1 1 1 1 1 1 1 1 1 1 1 1 1 1 1 1 1 1 1 1 1 1 100 1 1 1 1 1 1 1 1 1 1 1 1 1 1 1 1 1 1 1 1 1 1 1 1 1 1 1 1 1 1 1 1 1 1 7 1 1 1 1 1 1 1 1 1 1 1 1 1 1 1 1 1 1 1 1 1 1 100 1 1 1 100 1 1 7 1 1 1 1 1 1 1 1 1 1 1
staticfield java/lang/invoke/LambdaForm DEFAULT_CUSTOMIZED Ljava/lang/invoke/MethodHandle; null
staticfield java/lang/invoke/LambdaForm DEFAULT_KIND Ljava/lang/invoke/LambdaForm$Kind; java/lang/invoke/LambdaForm$Kind
staticfield java/lang/invoke/LambdaForm COMPILE_THRESHOLD I 0
staticfield java/lang/invoke/LambdaForm INTERNED_ARGUMENTS [[Ljava/lang/invoke/LambdaForm$Name; 5 [[Ljava/lang/invoke/LambdaForm$Name;
staticfield java/lang/invoke/LambdaForm IMPL_NAMES Ljava/lang/invoke/MemberName$Factory; java/lang/invoke/MemberName$Factory
staticfield java/lang/invoke/LambdaForm LF_identity [Ljava/lang/invoke/LambdaForm; 6 [Ljava/lang/invoke/LambdaForm;
staticfield java/lang/invoke/LambdaForm LF_zero [Ljava/lang/invoke/LambdaForm; 6 [Ljava/lang/invoke/LambdaForm;
staticfield java/lang/invoke/LambdaForm NF_identity [Ljava/lang/invoke/LambdaForm$NamedFunction; 6 [Ljava/lang/invoke/LambdaForm$NamedFunction;
staticfield java/lang/invoke/LambdaForm NF_zero [Ljava/lang/invoke/LambdaForm$NamedFunction; 6 [Ljava/lang/invoke/LambdaForm$NamedFunction;
staticfield java/lang/invoke/LambdaForm createFormsLock Ljava/lang/Object; java/lang/Object
staticfield java/lang/invoke/LambdaForm DEBUG_NAME_COUNTERS Ljava/util/HashMap; null
staticfield java/lang/invoke/LambdaForm DEBUG_NAMES Ljava/util/HashMap; null
staticfield java/lang/invoke/LambdaForm TRACE_INTERPRETER Z 0
staticfield java/lang/invoke/LambdaForm $assertionsDisabled Z 1
ciInstanceKlass java/lang/invoke/MemberName 1 1 724 7 1 7 1 100 1 9 12 1 1 10 7 12 1 1 1 9 12 1 1 10 12 1 1 10 12 1 1 10 12 1 1 10 12 1 10 12 1 1 10 7 12 1 1 1 10 12 1 9 7 12 1 1 10 12 1 7 1 7 1 10 12 1 8 1 10 12 1 1 10 12 1 10 12 1 1 10 12 1 9 12 1 1 8 1 10 100 12 1 1 1 7 1 10 10 12 1 1 100 1 100 1 10 12 1 9 12 1 1 100 1 8 1 10 12 1 10 12 1 10 12 1 10 12 1 10 12 1 1 10 12 1 10 12 1 10 12 1 1 8 1 8 1 10 12 1 8 1 9 12 1 1 3 10 12 1 10 12 1 10 12 1 10 10 7 12 1 1 1 10 12 1 10 12 1 10 12 1 10 12 1 7 1 8 10 12 1 1 10 12 1 1 8 1 9 7 1 8 9 7 1 10 12 1 1 10 12 1 10 12 1 8 1 10 12 1 1 10 12 1 10 12 1 10 12 1 10 12 1 1 7 1 10 12 1 1 10 12 1 8 1 10 12 1 10 12 1 8 1 10 12 1 1 10 12 1 1 7 1 10 12 1 1 10 12 8 1 8 1 7 1 10 12 1 10 100 12 1 1 1 100 1 10 12 10 12 1 10 12 1 10 12 1 10 12 1 10 10 12 1 10 12 1 10 12 1 3 10 12 1 3 10 12 1 3 3 3 3 3 3 10 12 1 3 9 12 1 10 12 1 1 3 10 12 1 10 10 7 12 1 1 1 10 12 1 1 10 7 12 1 1 10 10 12 1 10 12 1 1 10 12 1 10 10 12 1 1 10 12 1 10 12 1 10 12 1 7 1 10 10 10 12 100 1 10 10 10 12 1 1 10 12 1 1 10 10 12 1 8 10 7 1 10 12 1 10 7 1 10 12 1 10 12 1 10 12 1 10 10 12 1 10 12 1 1 10 12 1 1 10 12 1 10 12 1 10 12 1 100 1 10 12 1 1 100 1 8 1 10 7 1 10 12 1 10 12 10 12 1 1 10 12 1 10 12 1 8 1 8 1 8 1 8 1 10 12 1 10 12 1 10 7 12 1 1 1 8 1 8 1 10 12 1 8 1 10 10 10 12 1 10 12 1 8 1 8 1 10 10 12 1 8 1 10 100 12 1 1 1 8 1 100 1 10 12 1 10 12 1 1 10 12 1 8 1 8 1 8 1 8 1 100 1 10 8 1 8 1 8 1 8 1 10 12 1 100 1 100 1 100 1 10 100 1 10 7 1 10 7 12 1 1 1 9 7 12 1 1 1 7 1 7 1 1 1 1 1 1 1 3 1 3 1 3 1 3 1 3 1 3 1 1 1 1 1 1 1 1 3 1 3 1 1 1 1 1 1 1 1 1 1 1 1 1 1 1 1 1 1 1 1 1 1 1 1 1 1 1 1 1 1 1 1 1 1 1 1 1 1 1 1 1 1 1 1 1 1 1 1 1 1 1 1 1 1 1 1 1 1 1 1 1 1 1 1 1 1 1 1 1 1 1 1 1 1 1 1 1 1 1 1 1 1 1 1 1 1 1 1 1 1 1 1 1 1 1 1 7 1 1 1 1 1 1 1 1 1 1 1 1 1 1 1
staticfield java/lang/invoke/MemberName $assertionsDisabled Z 1
instanceKlass java/lang/invoke/VarHandleReferences$Array
instanceKlass java/lang/invoke/VarHandleReferences$FieldStaticReadOnly
instanceKlass java/lang/invoke/VarHandleLongs$FieldInstanceReadOnly
instanceKlass java/lang/invoke/VarHandleBooleans$FieldInstanceReadOnly
instanceKlass java/lang/invoke/VarHandleInts$FieldInstanceReadOnly
instanceKlass java/lang/invoke/VarHandleByteArrayAsDoubles$ByteArrayViewVarHandle
instanceKlass java/lang/invoke/VarHandleByteArrayAsLongs$ByteArrayViewVarHandle
instanceKlass java/lang/invoke/VarHandleByteArrayAsFloats$ByteArrayViewVarHandle
instanceKlass java/lang/invoke/VarHandleByteArrayAsInts$ByteArrayViewVarHandle
instanceKlass java/lang/invoke/VarHandleByteArrayAsChars$ByteArrayViewVarHandle
instanceKlass java/lang/invoke/VarHandleByteArrayAsShorts$ByteArrayViewVarHandle
instanceKlass java/lang/invoke/VarHandleReferences$FieldInstanceReadOnly
ciInstanceKlass java/lang/invoke/VarHandle 1 1 473 10 7 12 1 1 1 10 7 12 1 1 9 12 1 1 9 12 1 1 100 1 10 8 1 10 12 1 1 10 7 12 1 1 1 10 12 1 1 10 7 12 1 1 1 9 100 12 1 1 1 10 12 1 1 10 7 12 1 1 1 10 12 1 1 9 12 1 10 12 1 9 12 1 1 10 7 12 1 1 10 12 1 9 100 12 1 1 1 9 12 1 1 10 12 1 1 100 1 7 1 10 8 1 10 12 1 1 10 12 1 8 1 10 12 1 10 12 1 9 12 1 1 9 12 1 10 12 1 10 12 1 1 10 12 1 10 10 100 12 1 1 1 10 12 1 1 10 12 1 1 10 7 12 1 1 1 10 100 12 1 1 1 10 100 12 1 1 1 9 12 1 1 9 10 12 1 10 12 1 10 12 1 1 10 12 1 10 7 12 1 1 1 9 12 1 1 10 12 1 1 9 12 1 10 12 1 10 12 1 10 7 12 1 1 100 1 10 9 7 12 1 1 1 9 12 1 1 10 7 12 1 1 1 10 12 1 10 12 1 10 12 1 10 12 1 10 12 1 10 12 1 1 8 10 12 1 1 7 1 10 12 1 1 7 1 1 1 1 1 1 1 1 1 1 1 1 1 1 1 1 1 1 1 1 1 1 1 1 1 1 1 1 1 1 1 1 1 1 1 1 1 1 1 1 1 1 1 1 1 1 1 1 1 1 1 1 1 1 1 1 1 1 1 1 1 1 1 1 1 1 1 1 100 1 1 1 1 1 1 1 1 100 1 1 1 1 1 1 1 1 1 1 1 1 100 1 100 1 1 100 1 100 1 100 1 100 1 100 1 100 1 100 1 100 1 100 1 100 1 100 1 100 1 100 1 100 1 100 1 100 1 100 1 100 1 100 1 100 1 100 1 100 1 100 1 100 1 100 1 100 1 100 1 100 1 100 1 100 1 100 1 100 1 100 1 100 1 100 1 1 1 1 1 1 100 1 1 1 100 1 1 100 1 100 1 100 1 100 1 100 1 100 1 1 1 1 100 1 100 1 100 1 100 1 100 1 100 1 100 1 100 1
staticfield java/lang/invoke/VarHandle VFORM_OFFSET J 16
staticfield java/lang/invoke/VarHandle $assertionsDisabled Z 1
instanceKlass jdk/internal/reflect/FieldAccessorImpl
instanceKlass jdk/internal/reflect/ConstructorAccessorImpl
instanceKlass jdk/internal/reflect/MethodAccessorImpl
ciInstanceKlass jdk/internal/reflect/MagicAccessorImpl 1 1 16 10 7 12 1 1 1 100 1 1 1 1 1 1 1 1
instanceKlass jdk/internal/reflect/DirectMethodHandleAccessor
ciInstanceKlass jdk/internal/reflect/MethodAccessorImpl 1 1 38 10 7 12 1 1 1 10 100 12 1 1 1 100 1 1 1 1 1 1 1 100 1 100 1 1 1 1 1 1 1 1 1 1 1 1 1 1
ciInstanceKlass jdk/internal/reflect/MethodAccessor 1 0 17 100 1 100 1 1 1 1 100 1 100 1 1 1 1 1 1
instanceKlass jdk/internal/reflect/SerializationConstructorAccessorImpl
instanceKlass jdk/internal/reflect/DirectConstructorHandleAccessor$NativeAccessor
instanceKlass jdk/internal/reflect/DirectConstructorHandleAccessor
instanceKlass jdk/internal/reflect/NativeConstructorAccessorImpl
ciInstanceKlass jdk/internal/reflect/ConstructorAccessorImpl 1 1 27 10 7 12 1 1 1 100 1 100 1 1 1 1 1 1 1 1 1 100 1 100 1 100 1 1 1
ciInstanceKlass jdk/internal/reflect/ConstructorAccessor 1 0 16 100 1 100 1 1 1 1 100 1 100 1 100 1 1 1
ciInstanceKlass jdk/internal/reflect/DelegatingClassLoader 1 1 18 10 7 12 1 1 1 100 1 1 1 1 1 1 1 1 1 1
ciInstanceKlass jdk/internal/reflect/CallerSensitive 0 0 17 100 1 100 1 100 1 1 1 1 1 1 1 1 1 1 1
ciInstanceKlass jdk/internal/reflect/NativeConstructorAccessorImpl 0 0 125 10 7 12 1 1 1 9 7 12 1 1 1 100 1 10 12 1 9 12 1 1 9 12 1 1 10 100 12 1 1 1 10 7 12 1 1 1 10 7 12 1 1 1 9 12 1 9 12 1 1 9 12 1 1 10 7 12 1 1 1 100 1 10 10 12 1 1 10 12 1 10 12 1 1 10 12 1 7 1 10 12 1 1 10 12 1 1 8 10 12 1 1 1 1 1 1 1 1 1 1 1 1 1 1 1 1 1 1 1 1 1 1 100 1 100 1 100 1 1 1 1 1 1 1
ciInstanceKlass jdk/internal/reflect/ConstantPool 1 1 142 10 7 12 1 1 1 9 7 12 1 1 1 10 12 1 1 10 12 1 1 10 12 1 10 12 1 1 10 12 1 1 10 12 1 10 12 1 1 10 12 1 10 12 1 1 10 12 1 10 12 1 10 12 1 10 12 1 1 10 12 1 1 10 12 1 1 10 12 1 1 10 12 1 10 12 1 1 10 100 12 1 1 1 8 11 7 12 1 1 1 10 7 12 1 1 1 1 1 1 1 1 1 1 1 1 1 1 1 1 1 1 1 1 1 1 1 1 1 1 1 1 1 1 1 1 1 1 1 1 1 1 1 1 1 1 1 1 1 1 1 1
ciInstanceKlass jdk/internal/reflect/UnsafeStaticFieldAccessorImpl 0 0 47 10 7 12 1 1 1 9 7 12 1 1 1 10 7 12 1 1 1 9 12 1 1 8 11 100 12 1 1 1 10 100 12 1 1 1 1 1 1 1 1 1 1 1 1 1 1
ciInstanceKlass jdk/internal/reflect/FieldAccessor 1 0 48 100 1 100 1 1 1 1 100 1 1 1 1 1 1 1 1 1 1 1 1 1 1 1 1 1 1 1 100 1 1 1 1 1 1 1 1 1 1 1 1 1 1 1 1 1 1 1
instanceKlass jdk/internal/reflect/MethodHandleFieldAccessorImpl
instanceKlass jdk/internal/reflect/UnsafeFieldAccessorImpl
ciInstanceKlass jdk/internal/reflect/FieldAccessorImpl 1 1 269 10 7 12 1 1 1 9 7 12 1 1 1 10 7 12 1 1 1 10 7 12 1 1 10 7 12 1 1 1 10 12 1 1 7 1 10 10 12 1 1 10 12 1 1 8 1 10 10 12 1 100 1 8 1 10 12 1 8 1 10 12 1 8 1 10 12 1 100 1 10 12 1 1 10 8 1 10 12 1 1 8 1 10 7 12 1 1 8 1 10 7 12 1 1 8 1 10 7 12 1 1 8 1 10 7 12 1 1 8 1 10 7 12 1 1 8 1 10 7 12 1 1 8 1 10 7 12 1 1 8 1 10 7 12 1 1 10 12 1 1 8 1 10 12 1 1 10 100 12 1 1 1 8 1 10 12 1 8 1 8 1 8 1 8 1 10 7 12 1 1 1 8 1 8 1 8 1 10 12 7 1 1 1 1 1 1 1 1 1 1 1 1 1 1 1 1 1 1 1 1 1 1 1 1 1 1 1 1 1 1 1 1 1 1 1 1 1 1 1 1 1 1 1 1 1 1 1 1 1 1 1 1 1 1 1 1 1 1 1 1 1 1 1 1 1 1 1 1 1 1 1 1 1 1 1 1 1 1 1 1 1 1 1 1 1 1 1 1
instanceKlass jdk/internal/reflect/UnsafeStaticFieldAccessorImpl
ciInstanceKlass jdk/internal/reflect/UnsafeFieldAccessorImpl 0 0 62 10 100 12 1 1 1 10 100 12 1 1 1 10 100 12 1 1 1 9 100 12 1 1 10 12 1 9 12 1 1 10 100 12 1 1 1 9 12 1 1 10 12 1 10 12 1 1 1 1 1 1 1 1 1 1 1 1 1 1 1 1
instanceKlass java/lang/invoke/VolatileCallSite
instanceKlass java/lang/invoke/MutableCallSite
instanceKlass java/lang/invoke/ConstantCallSite
ciInstanceKlass java/lang/invoke/CallSite 1 1 296 10 7 12 1 1 1 10 7 12 1 1 1 9 12 1 1 10 7 12 1 1 1 10 12 1 7 1 10 12 1 1 10 12 1 1 9 100 12 1 1 1 10 7 12 1 1 10 12 1 1 100 1 7 1 10 10 7 12 1 1 1 10 12 1 1 8 1 10 12 1 10 12 1 1 10 12 1 10 12 1 1 10 12 1 1 10 10 7 12 1 1 10 12 1 1 9 12 1 9 7 12 1 1 1 8 1 10 7 12 1 1 1 10 12 1 1 7 1 10 12 1 1 9 12 1 8 1 7 1 10 12 1 10 12 1 100 1 8 1 10 10 12 1 10 12 1 1 7 1 10 12 1 1 10 12 1 10 12 1 10 12 1 1 10 12 1 1 9 12 1 1 8 10 12 1 1 9 12 1 1 100 1 10 10 12 1 10 7 12 1 1 1 10 12 1 1 10 12 1 1 10 12 1 10 7 12 1 1 1 7 1 8 1 10 10 12 10 12 1 1 7 1 7 1 7 1 8 1 10 12 1 10 7 12 1 1 1 1 1 1 1 1 1 1 1 1 1 1 1 1 1 1 1 1 1 1 1 1 1 1 1 1 1 1 1 1 1 1 1 1 1 1 1 1 1 1 1 1 1 1 1 1 1 1 1 1 1 1 1 7 1 7 1 1 1
staticfield java/lang/invoke/CallSite $assertionsDisabled Z 1
ciInstanceKlass java/lang/invoke/ConstantCallSite 1 1 65 10 7 12 1 1 1 9 7 12 1 1 1 9 12 1 1 10 7 12 1 1 1 10 12 1 100 1 10 12 9 12 1 1 100 1 10 10 12 1 1 10 12 1 1 1 1 1 1 1 1 1 1 1 1 1 100 1 1 1 1 1 1 1 1
staticfield java/lang/invoke/ConstantCallSite UNSAFE Ljdk/internal/misc/Unsafe; jdk/internal/misc/Unsafe
instanceKlass java/lang/invoke/DirectMethodHandle$StaticAccessor
instanceKlass java/lang/invoke/DirectMethodHandle$Special
instanceKlass java/lang/invoke/DirectMethodHandle$Interface
instanceKlass java/lang/invoke/DirectMethodHandle$Constructor
instanceKlass java/lang/invoke/DirectMethodHandle$Accessor
ciInstanceKlass java/lang/invoke/DirectMethodHandle 1 1 923 7 1 7 1 100 1 7 1 7 1 10 7 12 1 1 1 10 7 12 1 1 1 7 1 10 12 1 10 12 1 1 10 7 12 1 1 10 12 1 1 10 12 1 10 12 1 7 1 10 12 1 1 10 12 1 1 10 12 1 10 12 1 1 10 7 12 1 1 1 10 12 1 9 12 1 1 100 1 10 9 12 1 1 9 12 1 10 12 1 10 12 1 10 12 1 1 10 12 1 10 12 1 10 12 1 10 7 12 1 1 1 10 12 1 10 12 1 1 8 1 10 12 1 1 7 1 10 12 1 7 1 10 10 12 1 10 12 1 10 12 1 10 7 12 1 1 1 10 12 1 1 7 1 10 12 1 10 12 1 7 1 10 12 1 10 12 1 1 10 12 1 1 10 12 1 8 10 7 12 1 1 1 10 12 1 10 12 1 10 12 1 1 10 12 1 9 7 12 1 1 1 7 1 10 12 1 10 7 12 1 1 1 10 12 1 10 12 1 1 9 12 1 1 7 1 10 8 1 10 12 1 1 10 12 1 1 8 1 10 12 1 10 12 1 10 10 12 1 10 12 1 10 12 1 10 12 1 10 12 1 1 10 12 1 10 12 1 1 10 12 1 10 12 1 1 10 10 7 12 1 1 1 10 12 1 10 12 1 1 10 12 1 10 12 1 1 8 1 9 7 12 1 1 1 8 1 9 12 1 9 12 1 8 1 9 12 1 9 12 1 8 1 9 12 1 9 12 1 8 1 10 12 1 10 12 1 1 9 12 1 1 7 1 10 12 1 1 7 1 10 7 12 1 1 1 10 12 1 1 10 12 1 10 12 1 1 7 1 10 12 1 1 10 12 1 10 12 1 1 7 1 10 12 1 1 10 12 1 10 7 12 1 1 1 10 12 1 10 12 1 1 10 12 1 9 12 1 1 10 7 1 9 12 9 12 1 10 7 12 1 1 1 10 12 1 7 1 7 1 7 1 9 12 1 1 10 7 12 1 1 1 10 12 10 12 1 7 1 10 12 1 10 12 1 1 8 1 9 12 1 9 12 1 10 12 1 1 9 12 1 1 10 7 12 1 1 1 9 12 1 1 9 12 1 1 10 12 1 10 12 1 10 12 1 10 12 1 1 10 12 1 9 12 1 10 12 1 10 12 1 10 12 1 10 12 1 1 10 12 1 1 9 12 1 1 10 12 1 1 9 7 12 1 1 1 9 12 1 9 12 1 9 12 1 9 12 1 9 12 1 9 12 1 9 12 1 9 12 1 9 12 1 9 12 1 9 12 1 9 12 1 9 12 1 9 12 1 9 12 1 9 12 1 9 12 1 9 12 1 9 12 1 9 12 1 9 12 1 9 12 1 9 12 1 9 12 1 9 12 1 9 12 1 9 12 1 9 12 1 9 12 1 9 12 1 9 12 1 9 12 1 9 12 1 9 12 1 9 12 1 9 12 1 8 1 9 12 1 1 9 12 1 1 10 12 1 10 12 1 1 9 7 1 10 12 1 9 12 1 1 10 12 10 12 1 10 12 1 10 12 1 10 12 1 10 8 1 8 1 8 1 8 1 10 12 1 1 9 12 1 1 10 12 1 10 100 12 1 1 1 8 9 12 1 1 10 12 1 1 8 1 8 8 9 12 1 8 1 8 8 8 8 8 1 8 10 12 1 7 1 10 12 1 8 1 8 1 10 12 1 10 12 1 10 12 1 10 12 1 1 7 1 1 1 1 3 1 3 1 3 1 3 1 3 1 3 1 3 1 3 1 3 1 3 1 1 1 1 1 1 1 1 1 1 3 1 3 1 1 1 1 3 1 1 1 1 1 1 1 1 1 1 1 1 1 1 1 1 1 1 1 1 1 1 1 1 1 1 1 1 1 1 1 1 1 1 1 1 1 1 1 1 1 1 1 1 1 1 1 1 1 1 1 1 1 1 1 1 1 100 1 1 1 1 1 1 1 1 1 100 1 1 1 1 1 1 1 1 1 1 1 1 1 1 1 1 1 1 1 1 1 1 1 1 1 1 1 1 1 1 1 1 1 1 1 1 1 1 1 1 1 1 1 1 1 1 1 1 1 1 1 1
staticfield java/lang/invoke/DirectMethodHandle IMPL_NAMES Ljava/lang/invoke/MemberName$Factory; java/lang/invoke/MemberName$Factory
staticfield java/lang/invoke/DirectMethodHandle FT_UNCHECKED_REF I 8
staticfield java/lang/invoke/DirectMethodHandle ACCESSOR_FORMS [Ljava/lang/invoke/LambdaForm; 132 [Ljava/lang/invoke/LambdaForm;
staticfield java/lang/invoke/DirectMethodHandle ALL_WRAPPERS [Lsun/invoke/util/Wrapper; 10 [Lsun/invoke/util/Wrapper;
staticfield java/lang/invoke/DirectMethodHandle NFS [Ljava/lang/invoke/LambdaForm$NamedFunction; 12 [Ljava/lang/invoke/LambdaForm$NamedFunction;
staticfield java/lang/invoke/DirectMethodHandle OBJ_OBJ_TYPE Ljava/lang/invoke/MethodType; java/lang/invoke/MethodType
staticfield java/lang/invoke/DirectMethodHandle LONG_OBJ_TYPE Ljava/lang/invoke/MethodType; java/lang/invoke/MethodType
staticfield java/lang/invoke/DirectMethodHandle $assertionsDisabled Z 1
instanceKlass org/codehaus/groovy/vmplugin/v8/CacheableCallSite
ciInstanceKlass java/lang/invoke/MutableCallSite 1 1 63 10 7 12 1 1 1 10 12 1 9 7 12 1 1 1 10 12 1 10 12 1 1 9 12 1 1 10 7 12 1 1 1 10 100 12 1 1 1 10 12 1 1 1 1 1 1 1 1 1 1 1 1 1 1 1 1 1 1 100 1 1 1
staticfield java/lang/invoke/MutableCallSite STORE_BARRIER Ljava/util/concurrent/atomic/AtomicInteger; java/util/concurrent/atomic/AtomicInteger
ciInstanceKlass java/lang/invoke/VolatileCallSite 0 0 37 10 100 12 1 1 1 10 12 1 10 100 12 1 1 1 10 12 1 10 12 1 1 1 1 1 1 1 1 1 1 1 1 1 1 1 1
ciInstanceKlass java/lang/invoke/ResolvedMethodName 1 1 16 10 100 12 1 1 1 100 1 1 1 1 1 1 1 1
ciInstanceKlass java/lang/invoke/MethodHandleNatives 1 1 685 100 1 10 7 12 1 1 1 9 7 12 1 1 1 10 12 1 1 100 1 10 10 12 1 1 10 12 1 10 12 1 8 1 8 1 8 1 8 1 8 1 8 1 8 1 8 1 8 1 8 1 10 12 1 1 7 1 10 7 12 1 1 1 10 7 12 1 1 1 7 1 10 10 12 1 1 8 1 10 12 1 8 1 10 12 1 1 8 1 10 12 1 1 9 7 12 1 1 1 8 1 10 100 12 1 1 1 7 1 10 12 100 1 100 1 8 1 7 1 10 10 12 1 7 1 9 7 12 1 1 10 12 1 1 10 12 1 10 7 12 1 1 1 10 12 1 1 9 12 1 8 1 10 12 1 1 10 12 1 8 1 10 12 1 1 7 1 10 12 1 10 7 12 1 1 1 10 12 1 10 12 1 1 10 12 1 1 8 1 10 12 1 1 8 1 10 12 1 8 1 8 1 8 1 7 1 10 12 1 8 1 10 7 12 1 1 1 10 12 1 1 10 7 12 1 1 10 10 12 1 1 10 12 1 10 100 12 1 1 1 100 1 8 1 10 100 12 1 1 1 7 1 8 1 10 12 1 8 1 8 1 8 1 8 1 8 1 10 12 1 1 10 12 1 1 10 12 1 10 12 1 1 10 12 1 1 7 1 10 12 1 7 1 7 1 10 12 1 10 12 1 8 1 8 1 10 10 12 1 1 10 12 1 1 8 1 10 7 12 1 1 8 1 8 1 10 12 1 1 10 7 12 1 1 1 100 1 10 12 1 1 7 1 9 12 1 1 10 7 12 1 1 1 10 10 12 1 9 12 1 10 12 1 9 12 1 9 12 1 10 12 1 1 10 12 1 10 12 1 1 7 1 7 1 10 12 1 1 10 12 1 10 12 1 1 10 7 12 1 1 1 10 12 1 8 1 10 12 1 10 12 1 10 12 1 1 10 12 1 10 7 12 1 1 1 10 12 1 1 100 1 8 1 10 9 7 12 1 1 1 10 12 1 1 10 12 1 1 7 1 10 12 1 1 10 12 1 1 100 1 100 1 10 10 100 1 100 1 10 100 1 10 10 12 1 1 10 7 1 10 12 1 10 12 1 1 10 12 1 1 10 12 1 1 10 12 1 10 12 1 1 10 8 1 10 12 1 10 12 1 10 12 1 10 12 1 10 12 1 1 10 12 1 10 12 1 10 12 1 10 10 7 12 1 1 10 12 1 1 1 1 1 1 1 1 1 1 1 1 1 7 1 1 1 1 1 1 1 1 1 1 1 1 1 1 1 1 1 1 1 1 1 1 1 1 1 1 1 1 1 1 1 1 1 1 1 1 1 1 1 1 1 1 1 1 1 1 1 1 1 1 1 1 1 1 1 1 1 1 1 1 1 1 1 100 1 1 1 1 1 1 1 1 1 1 1 1 1 1 1 1 1 1 1 1 1 1 1 1 1 1 1 1 1 1 1 1 1 100 1 1 1 1 1 1 1 1 1 1 1 1 1 1 1 1 1 1 1 1 1 1 1 1 1 1 1 1 1 1 1 1 100 1 1
staticfield java/lang/invoke/MethodHandleNatives $assertionsDisabled Z 1
ciInstanceKlass jdk/internal/foreign/abi/NativeEntryPoint 0 0 194 10 7 12 1 1 1 9 7 12 1 1 1 9 12 1 1 100 1 8 1 10 12 1 10 12 1 1 100 1 10 100 12 1 1 1 10 12 1 9 12 1 1 18 12 1 1 10 100 12 1 1 1 10 7 12 1 1 1 9 7 12 1 1 1 7 1 10 8 1 10 12 1 1 10 12 1 10 12 1 1 8 1 10 12 1 1 7 1 8 1 10 12 1 10 12 1 1 10 12 1 9 12 1 1 18 12 1 1 10 100 12 1 1 1 10 12 1 1 10 12 1 10 100 12 1 1 1 10 1 1 1 1 1 1 1 1 1 1 1 1 1 1 1 1 1 1 1 1 1 1 1 1 1 1 1 1 1 1 1 1 1 1 1 1 1 16 1 15 10 12 16 1 16 15 10 12 15 10 100 12 1 1 1 1 1 100 1 1 100 1 100 1 1
ciInstanceKlass jdk/internal/foreign/abi/ABIDescriptor 0 0 55 10 100 12 1 1 1 9 100 12 1 1 1 9 12 1 1 9 12 1 9 12 1 9 12 1 1 9 12 1 9 12 1 1 9 12 1 9 12 1 9 12 1 9 12 1 1 1 1 1 1 1 1 1 1
ciInstanceKlass jdk/internal/foreign/abi/VMStorage 0 0 91 10 7 12 1 1 1 9 7 12 1 1 1 9 12 1 1 9 12 1 1 9 12 1 1 7 1 10 8 1 10 12 1 1 10 12 1 10 12 1 1 10 12 1 18 12 1 18 12 1 1 18 12 1 1 1 1 1 1 1 1 1 1 1 1 1 1 1 1 1 1 1 8 1 15 15 15 15 15 10 100 12 1 1 1 1 100 1 100 1 1
ciInstanceKlass jdk/internal/foreign/abi/UpcallLinker$CallRegs 0 0 66 10 7 12 1 1 1 9 7 12 1 1 1 9 12 1 18 12 1 1 18 12 1 1 18 12 1 1 1 1 1 1 1 1 1 1 1 1 1 1 1 1 1 1 100 1 1 1 8 1 15 15 15 10 100 12 1 1 1 1 1 100 1 100 1 1
ciInstanceKlass java/lang/StackWalker 0 0 271 9 7 12 1 1 1 100 1 10 100 12 1 1 1 10 12 1 1 10 100 12 1 1 1 10 12 1 1 10 12 1 11 100 12 1 1 1 10 12 1 1 10 12 1 1 10 12 1 1 100 1 8 1 10 12 1 10 12 1 10 12 1 10 7 12 1 1 9 12 1 1 9 12 1 1 9 12 1 1 9 12 1 1 10 12 1 1 9 12 1 1 9 12 1 1 9 12 1 1 10 7 12 1 1 1 11 12 1 1 100 1 8 1 10 10 7 12 1 1 9 12 1 1 10 12 1 1 10 100 12 1 1 1 10 100 12 1 1 1 18 12 1 1 100 1 8 1 10 8 1 10 12 1 1 10 100 12 1 1 1 10 12 1 1 9 100 12 1 1 11 100 12 1 1 1 10 12 1 1 1 1 1 1 1 1 1 1 1 1 1 1 1 1 1 1 1 1 1 1 1 1 1 1 1 1 1 1 1 1 1 1 1 1 1 1 1 1 1 1 1 1 1 1 1 1 1 1 1 1 1 1 1 1 1 1 1 1 1 1 1 1 1 1 7 1 1 16 15 10 12 16 1 15 10 100 12 1 1 1 1 1 1 1 1 1 100 1 100 1 1
ciInstanceKlass java/lang/StackWalker$StackFrame 0 0 41 100 1 10 12 1 1 100 1 100 1 1 1 1 1 1 1 1 1 1 1 1 1 1 1 1 1 1 1 1 1 1 1 1 1 1 1 100 1 1 1
instanceKlass java/lang/LiveStackFrameInfo
ciInstanceKlass java/lang/StackFrameInfo 0 0 142 10 7 12 1 1 1 9 7 12 1 1 1 9 7 1 9 12 1 1 11 100 12 1 1 1 9 12 1 1 11 12 1 1 10 12 1 1 10 7 12 1 1 1 10 12 1 11 12 1 11 12 1 1 11 12 1 10 12 1 1 9 12 1 1 10 12 1 1 10 7 12 1 1 10 12 1 1 11 12 1 1 9 12 1 1 10 7 1 10 12 1 9 12 1 1 10 12 1 1 100 1 8 1 10 12 1 10 100 12 1 1 1 7 1 1 1 1 1 1 1 1 1 1 1 1 1 1 1 1 1 1 7 1 1 7 1 1 1 1 1 1
ciInstanceKlass java/lang/LiveStackFrameInfo 0 0 97 10 7 12 1 1 1 9 7 12 1 1 1 9 12 1 9 12 1 9 12 1 9 12 1 1 7 1 10 12 1 1 10 12 1 8 1 10 12 1 1 8 1 8 1 8 1 10 100 1 10 12 1 100 1 10 12 1 7 1 7 1 1 1 3 1 3 1 1 1 1 1 1 1 1 1 1 1 1 1 1 1 1 1 1 1 1 1 1 1 1 1 1 1 100 1 1
ciInstanceKlass java/lang/LiveStackFrame 0 0 135 100 1 10 100 12 1 1 1 11 7 12 1 1 1 11 12 1 10 7 12 1 1 1 100 1 8 1 10 12 1 1 10 7 12 1 1 1 9 100 12 1 1 1 10 7 12 1 1 1 10 7 12 1 1 1 11 12 1 10 12 1 7 1 7 1 1 1 1 1 1 1 1 1 1 1 1 1 1 1 1 1 1 1 1 1 1 1 1 1 1 1 1 100 1 1 1 1 1 1 1 100 1 8 1 1 12 10 1 1 1 8 1 1 1 8 1 1 1 8 1 1 1 8 1 1 8 1 1 1 8 1 1 8 1
ciInstanceKlass java/lang/StackStreamFactory$AbstractStackWalker 1 0 375 100 1 7 1 3 10 7 12 1 1 1 10 7 12 1 1 10 7 12 1 1 1 9 12 1 1 10 12 1 1 9 12 1 1 9 12 1 1 9 12 1 1 9 12 1 10 7 12 1 1 1 10 12 1 1 10 7 12 1 1 9 12 1 1 9 12 1 1 10 12 1 1 9 100 12 1 1 1 10 12 1 1 10 12 1 9 12 1 1 10 100 12 1 1 1 10 12 1 1 9 12 1 1 9 7 12 1 1 1 7 1 10 8 1 10 12 1 1 10 12 1 8 1 10 12 1 1 10 100 12 1 1 1 100 1 8 1 10 12 1 8 1 10 12 10 100 12 1 1 9 12 1 8 1 5 0 8 1 8 1 9 12 1 1 10 12 1 1 18 12 1 1 10 7 12 1 1 1 10 12 1 1 10 12 1 10 12 1 9 12 1 10 12 1 10 12 1 10 12 1 10 12 1 10 12 1 10 12 1 1 8 1 10 12 1 10 12 1 10 12 1 10 12 1 1 8 1 10 12 1 1 10 12 1 1 10 12 1 1 10 12 1 10 12 1 10 100 12 1 1 1 10 12 1 10 12 1 9 12 1 8 1 10 12 1 10 12 1 10 12 1 1 10 12 1 10 12 1 10 12 1 1 10 12 1 10 12 1 10 12 1 10 12 1 10 12 1 10 12 1 1 10 12 1 1 10 12 1 8 1 1 1 1 1 1 1 1 1 1 1 1 1 7 1 1 1 1 1 1 1 7 1 1 1 1 7 1 1 1 1 1 1 1 1 1 1 1 1 1 1 1 1 1 1 1 16 15 15 10 100 12 1 1 1 1 1 1 1 1 100 1 100 1 1
ciInstanceKlass jdk/internal/module/Modules 1 1 504 10 7 12 1 1 1 9 7 12 1 1 1 11 7 12 1 1 1 11 12 1 1 11 12 1 1 11 12 1 1 11 12 1 11 12 1 11 12 1 11 12 1 11 12 1 1 10 7 12 1 1 1 10 100 12 1 1 1 18 12 1 1 10 7 12 1 1 1 7 1 10 7 12 1 1 1 10 100 12 1 1 1 10 100 12 1 1 10 12 1 1 11 12 1 9 12 1 1 11 7 12 1 1 1 10 12 1 1 10 10 12 1 10 9 12 1 1 10 7 12 1 1 10 12 1 1 10 100 12 1 1 100 1 11 100 12 1 1 1 10 100 12 1 1 1 11 100 12 1 1 10 12 1 1 10 100 12 1 1 10 100 12 1 1 1 10 12 1 1 10 12 1 1 11 12 1 1 18 12 1 1 11 100 12 1 1 10 100 12 1 1 1 11 100 12 1 1 1 7 1 11 12 1 1 11 7 12 1 1 1 11 12 1 1 10 12 1 1 10 100 12 1 1 18 12 1 1 11 12 1 1 18 12 1 1 11 12 1 1 10 12 1 18 18 10 12 1 1 9 12 1 1 11 7 12 1 1 1 100 1 10 11 12 1 11 12 1 1 11 12 1 1 10 100 1 10 12 1 1 10 100 12 1 1 10 12 1 1 11 12 10 12 1 1 7 1 10 18 12 1 10 12 1 1 7 1 8 1 10 12 1 10 100 12 1 1 18 12 1 11 11 12 10 12 1 10 10 100 1 18 12 1 10 10 10 7 12 1 1 10 7 12 1 1 1 10 12 1 1 1 1 1 1 1 1 1 1 1 1 1 1 1 1 1 1 1 1 1 1 1 1 1 1 1 1 1 1 1 1 1 100 1 1 1 1 1 1 1 1 1 1 1 1 1 1 1 1 1 1 1 1 1 1 1 1 1 1 1 1 1 1 1 1 1 1 1 7 1 1 1 1 1 1 1 1 1 1 1 1 1 1 1 1 1 1 1 1 1 1 1 16 15 10 12 1 16 16 15 10 12 1 16 1 16 1 15 10 12 1 16 1 16 1 15 10 12 16 1 15 10 16 1 15 10 12 16 1 15 10 12 16 15 10 12 16 15 10 12 15 10 100 12 1 1 1 1 1 1 100 1 100 1 1
staticfield jdk/internal/module/Modules JLA Ljdk/internal/access/JavaLangAccess; java/lang/System$2
staticfield jdk/internal/module/Modules JLMA Ljdk/internal/access/JavaLangModuleAccess; java/lang/module/ModuleDescriptor$1
staticfield jdk/internal/module/Modules $assertionsDisabled Z 1
ciInstanceKlass java/util/ArrayList 1 1 509 10 7 12 1 1 1 7 1 9 7 12 1 1 1 9 12 1 100 1 7 1 10 8 1 10 12 1 1 10 12 1 10 12 1 1 10 12 1 9 12 1 11 7 12 1 1 1 9 12 1 1 11 12 1 1 7 10 7 12 1 1 1 9 12 1 10 12 1 10 12 1 1 10 7 12 1 1 1 10 7 12 1 1 1 10 12 1 1 10 12 1 1 10 12 1 1 10 12 1 10 12 1 1 100 1 7 1 10 12 1 10 10 7 12 1 1 1 10 7 12 1 1 10 12 1 100 1 10 10 12 10 12 1 1 10 12 1 1 10 12 1 10 12 10 12 1 1 7 1 10 12 1 1 10 12 1 1 10 12 1 100 1 10 11 12 1 1 11 7 12 1 1 1 11 12 1 10 12 1 10 12 1 10 12 1 1 100 1 10 12 1 1 10 10 12 1 1 10 12 1 8 1 8 1 8 1 8 1 10 12 1 1 10 12 1 1 11 12 1 7 1 10 100 12 1 1 10 12 1 10 12 1 1 10 100 12 1 1 10 12 1 10 100 12 1 1 1 11 100 12 1 1 1 10 12 1 100 1 8 1 10 100 1 10 12 1 7 1 10 12 1 10 12 1 1 7 1 10 12 1 10 12 1 1 11 7 12 1 1 7 1 10 12 1 10 12 1 1 11 100 12 1 1 10 12 1 1 10 12 1 1 10 12 1 1 10 12 1 1 11 100 12 1 1 10 12 1 1 7 1 7 1 7 1 1 1 1 5 0 1 3 1 1 1 1 1 1 1 1 1 1 1 1 1 1 1 1 1 1 1 1 1 1 1 1 1 1 1 1 1 1 1 1 1 1 1 1 1 1 1 1 1 1 1 1 1 1 1 1 1 1 1 1 1 1 1 1 1 1 1 1 1 1 1 1 1 1 1 1 1 1 1 1 1 1 1 1 1 1 1 1 1 1 1 1 1 1 1 1 1 1 1 1 1 1 1 1 1 1 1 1 1 1 1 1 100 1 1 1 1 7 1 1 1 1 1 1 1 1 1 1 1 1 1 1 1 1 1 1 1 1 1 1 1 1 1 1 1 1 1 100 1 1 1 1 1 1 1 1 1 1 1 1 1 1 1 1 1 1 100 1 100 1 1 1 1 1 1
staticfield java/util/ArrayList EMPTY_ELEMENTDATA [Ljava/lang/Object; 0 [Ljava/lang/Object;
staticfield java/util/ArrayList DEFAULTCAPACITY_EMPTY_ELEMENTDATA [Ljava/lang/Object; 0 [Ljava/lang/Object;
ciInstanceKlass java/util/RandomAccess 1 0 7 100 1 100 1 1 1
instanceKlass java/util/LinkedHashSet
ciInstanceKlass java/util/HashSet 1 1 303 10 7 12 1 1 1 7 1 10 9 7 12 1 1 1 11 7 12 1 1 1 10 7 12 1 1 1 10 12 1 1 10 12 1 1 10 12 1 10 12 1 7 1 10 10 12 1 1 11 7 12 1 1 1 10 10 12 1 1 10 12 1 1 9 12 1 1 10 12 1 1 10 12 1 1 10 12 1 10 7 12 1 1 1 10 100 1 7 1 10 12 1 10 100 12 1 1 10 12 1 10 12 1 10 12 1 1 10 12 1 1 11 7 12 1 1 11 12 1 10 12 1 1 10 100 12 1 1 1 10 12 1 100 1 7 1 10 8 1 10 12 1 1 10 12 1 10 12 1 1 10 12 1 10 12 1 10 7 12 1 1 1 8 1 10 12 1 4 4 10 12 1 1 8 1 10 12 1 1 4 10 100 12 1 1 1 100 1 10 12 1 1 11 100 12 1 1 1 100 1 10 12 1 7 1 10 12 1 10 12 1 1 10 12 1 100 1 8 1 10 10 12 1 10 10 7 1 7 1 1 1 1 5 0 1 1 1 1 1 1 1 1 1 1 1 1 1 1 1 1 1 1 1 1 1 1 1 1 1 1 1 1 1 1 1 1 1 1 100 1 1 1 1 7 1 1 1 1 1 1 1 1 1 1 1 1 1 1 1 1 1 1 1 100 1 1 100 1 7 1 1 1
staticfield java/util/HashSet PRESENT Ljava/lang/Object; java/lang/Object
instanceKlass java/util/Hashtable$EntrySet
instanceKlass com/google/common/collect/Sets$ImprovedAbstractSet
instanceKlass com/google/common/collect/Sets$SetView
instanceKlass java/lang/ProcessEnvironment$CheckedKeySet
instanceKlass java/util/concurrent/ConcurrentSkipListSet
instanceKlass java/util/concurrent/ConcurrentSkipListMap$EntrySet
instanceKlass java/util/concurrent/CopyOnWriteArraySet
instanceKlass java/util/TreeMap$EntrySet
instanceKlass java/util/LinkedHashMap$LinkedEntrySet
instanceKlass java/lang/ProcessEnvironment$CheckedEntrySet
instanceKlass java/util/LinkedHashMap$LinkedKeySet
instanceKlass java/util/TreeMap$KeySet
instanceKlass java/util/TreeSet
instanceKlass java/util/Collections$SingletonSet
instanceKlass java/util/IdentityHashMap$KeySet
instanceKlass java/util/EnumSet
instanceKlass java/util/HashMap$KeySet
instanceKlass java/util/WeakHashMap$KeySet
instanceKlass java/util/Collections$SetFromMap
instanceKlass java/util/HashSet
instanceKlass java/util/ImmutableCollections$MapN$1
instanceKlass java/util/Collections$EmptySet
instanceKlass java/util/HashMap$EntrySet
ciInstanceKlass java/util/AbstractSet 1 1 96 10 7 12 1 1 1 7 1 7 1 11 12 1 1 10 7 1 10 12 1 1 100 1 100 1 10 12 1 1 11 7 12 1 1 1 11 12 1 1 10 100 12 1 1 10 7 12 1 1 1 11 10 12 1 1 11 12 1 11 12 1 1 1 1 1 1 1 1 1 1 1 1 1 1 1 1 100 1 1 1 1 1 1 1 1 1 1 1 1 1 1 1 1 1 1
ciMethod java/util/HashSet add (Ljava/lang/Object;)Z 1024 0 142983 0 552
ciInstanceKlass java/lang/Class$ReflectionData 1 1 55 10 7 12 1 1 1 9 7 12 1 1 1 7 1 10 9 12 1 1 1 1 1 1 1 1 1 1 1 1 1 1 1 1 1 1 1 1 1 1 1 1 1 1 1 1 1 1 1 1 1 100 1 1 1
staticfield java/lang/Class$ReflectionData NULL_SENTINEL Ljava/lang/String; ""
ciMethod java/lang/Class$ReflectionData <init> (I)V 412 0 1455 0 0
ciInstanceKlass java/lang/module/ModuleDescriptor 1 1 516 10 7 12 1 1 1 9 7 12 1 1 1 100 1 10 9 12 1 1 9 12 1 1 9 12 1 11 7 12 1 1 1 9 12 1 1 9 7 12 1 1 1 11 12 1 1 9 12 1 9 12 1 9 12 1 11 12 1 1 18 12 1 1 11 100 12 1 1 1 11 12 1 11 12 1 1 11 12 1 1 9 12 1 9 12 1 9 12 1 9 12 1 9 12 1 9 12 1 9 12 1 9 12 1 1 11 12 1 1 11 7 12 1 1 1 11 12 1 1 10 12 1 9 100 12 1 1 1 10 100 12 1 1 1 10 7 12 1 1 1 10 100 12 1 1 1 10 12 1 7 1 10 10 12 10 12 1 1 8 1 10 12 1 10 10 7 12 1 1 1 10 12 1 1 10 12 1 10 12 1 1 10 7 12 1 1 10 12 1 10 12 1 11 10 100 12 1 1 10 12 1 10 12 1 1 11 10 12 1 10 12 1 8 1 8 1 10 12 1 11 12 1 8 1 8 1 8 1 8 1 8 1 8 1 7 1 10 12 1 100 1 8 1 10 12 1 7 1 10 12 1 11 12 11 12 1 10 12 1 1 100 1 10 100 12 1 1 1 10 100 12 1 1 1 10 12 1 10 12 1 1 8 1 10 12 1 1 18 11 12 1 11 12 1 1 8 1 10 100 12 1 1 1 11 12 1 1 11 7 1 7 1 10 7 1 11 12 11 12 1 1 10 100 12 1 1 1 10 12 1 10 12 1 10 12 1 10 9 100 12 1 1 1 10 12 1 1 10 7 12 1 1 7 1 10 10 7 12 1 1 1 1 1 1 1 1 1 1 1 1 1 1 1 1 1 1 1 1 1 1 1 1 1 1 1 1 1 1 1 1 1 1 1 1 1 1 1 1 1 1 1 1 1 1 1 1 1 1 1 1 1 1 1 1 1 1 1 1 1 100 1 1 1 1 1 1 1 1 1 1 1 1 1 1 1 1 1 1 1 1 1 1 1 1 1 1 1 1 1 1 1 1 1 1 1 1 1 1 1 1 1 1 1 1 1 1 1 1 1 100 1 100 1 100 1 100 1 100 1 100 1 100 1 1 16 15 10 16 1 15 10 12 16 15 10 100 12 1 1 1 1 1 1 1 1 1 1 1 1 1 100 1 100 1 1
staticfield java/lang/module/ModuleDescriptor $assertionsDisabled Z 1
ciInstanceKlass java/lang/Class$Atomic 1 1 84 10 7 12 1 1 1 9 7 12 1 1 1 9 12 1 1 10 7 12 1 1 1 9 12 1 9 12 1 10 12 1 1 7 1 8 1 10 12 1 1 8 1 8 1 1 1 1 1 1 1 1 1 1 1 1 1 1 1 1 1 1 1 1 1 1 1 1 1 1 1 1 1 1 1 1 1 1 100 1 1 100 1 1
staticfield java/lang/Class$Atomic unsafe Ljdk/internal/misc/Unsafe; jdk/internal/misc/Unsafe
staticfield java/lang/Class$Atomic reflectionDataOffset J 68
staticfield java/lang/Class$Atomic annotationTypeOffset J 88
staticfield java/lang/Class$Atomic annotationDataOffset J 84
ciMethod java/lang/Class$Atomic casReflectionData (Ljava/lang/Class;Ljava/lang/ref/SoftReference;Ljava/lang/ref/SoftReference;)Z 414 0 1355 0 296
ciInstanceKlass java/lang/annotation/Annotation 1 0 17 100 1 100 1 1 1 1 1 1 1 1 1 1 1 1 1
instanceKlass org/codehaus/groovy/vmplugin/v8/CacheableCallSite$1
ciInstanceKlass java/util/LinkedHashMap 1 1 386 9 7 12 1 1 1 9 12 1 1 9 12 1 9 7 12 1 1 9 12 1 10 7 12 1 1 1 10 12 1 1 10 12 1 1 9 12 1 9 12 1 1 9 12 1 10 12 1 1 7 1 10 10 12 1 1 10 12 1 10 12 1 1 9 12 1 1 9 12 1 10 12 1 1 10 100 12 1 1 1 10 12 1 10 12 1 10 12 10 12 1 1 10 7 12 1 1 1 10 12 1 1 10 12 1 1 9 7 1 10 12 1 10 12 1 1 9 12 1 1 7 1 10 12 1 7 1 100 1 10 10 12 1 1 10 12 1 1 9 12 1 1 7 1 10 7 1 10 12 1 9 12 1 7 1 10 100 1 10 11 100 12 1 1 1 100 1 10 11 100 12 1 1 100 1 7 1 10 8 1 10 12 1 1 10 12 1 10 12 1 1 10 12 1 10 12 1 1 10 100 1 10 12 1 7 1 1 1 1 5 0 1 1 1 3 1 3 1 3 1 1 1 1 1 1 1 1 1 1 1 1 1 1 1 1 1 1 1 1 1 1 1 1 1 1 1 1 1 1 1 1 1 1 1 1 1 1 1 1 1 1 1 1 1 1 1 7 1 1 1 1 1 1 1 1 100 1 1 1 1 1 1 1 1 1 1 1 1 1 1 1 1 1 1 1 1 1 1 1 1 1 1 1 1 100 1 1 1 1 1 1 1 1 1 1 1 1 1 1 100 1 1 1 1 1 1 1 1 1 7 1 1 1 1 1 1 1 1 1 1 1 1 1 1 1 1 1 1 1 1 1 1 1 1 1 1 1 1 1 1 1 100 1 100 1 100 1 100 1 1 1 1 1 100 1 7 1 1 1 1 1 1 1 1 1
ciInstanceKlass java/util/SequencedMap 1 1 157 11 7 12 1 1 1 11 100 12 1 1 1 11 7 12 1 1 1 100 1 11 12 1 1 100 1 10 12 1 1 11 12 1 1 11 12 1 1 100 1 10 12 100 1 10 12 1 100 1 10 100 1 10 7 1 7 1 1 1 1 1 1 1 1 1 1 1 1 1 1 1 1 1 1 1 1 1 1 1 1 1 1 1 1 1 1 1 1 1 1 1 1 1 1 1 1 1 1 1 1 1 1 1 1 1 1 100 1 8 1 1 12 10 1 1 1 8 1 1 1 8 1 1 8 1 1 1 8 1 1 1 8 1 1 1 8 1 1 1 8 1 1 1 8 1 1 1 8 1 1 1 8 1 1 8 1
ciMethod java/util/LinkedHashMap newNode (ILjava/lang/Object;Ljava/lang/Object;Ljava/util/HashMap$Node;)Ljava/util/HashMap$Node; 784 0 62157 0 1104
ciMethod java/util/LinkedHashMap afterNodeAccess (Ljava/util/HashMap$Node;)V 0 0 1125 0 0
ciMethod java/util/LinkedHashMap afterNodeInsertion (Z)V 1024 0 62470 0 168
ciMethod java/util/LinkedHashMap removeEldestEntry (Ljava/util/Map$Entry;)Z 322 0 61658 0 0
ciMethod java/util/LinkedHashMap linkNodeAtEnd (Ljava/util/LinkedHashMap$Entry;)V 808 0 18044 0 976
ciInstanceKlass java/lang/invoke/MethodType$ConcurrentWeakInternSet$WeakEntry 1 1 57 10 7 12 1 1 1 10 7 12 1 1 1 9 7 12 1 1 1 10 12 1 1 10 12 1 1 1 1 1 1 1 1 1 1 1 1 1 1 1 1 1 1 1 1 1 1 1 1 1 100 1 1 100 1 1 1
instanceKlass java/util/concurrent/ConcurrentHashMap$ForwardingNode
instanceKlass java/util/concurrent/ConcurrentHashMap$ReservationNode
ciInstanceKlass java/util/concurrent/ConcurrentHashMap$Node 1 1 97 10 7 12 1 1 1 9 7 12 1 1 1 9 12 1 1 9 12 1 10 12 1 9 12 1 1 10 12 1 1 10 100 12 1 1 1 100 1 10 100 1 11 12 1 1 11 12 1 10 12 1 1 1 1 1 1 1 1 1 1 1 1 1 1 1 1 1 1 1 1 1 1 1 1 1 1 1 1 1 1 1 1 1 1 1 1 1 1 1 100 1 1 1 100 1 1
ciMethod java/util/concurrent/ConcurrentHashMap$Node find (ILjava/lang/Object;)Ljava/util/concurrent/ConcurrentHashMap$Node; 0 0 1 0 -1
ciMethod java/util/concurrent/ConcurrentHashMap$Node <init> (ILjava/lang/Object;Ljava/lang/Object;)V 1024 0 23784 0 -1
ciInstanceKlass java/util/concurrent/ConcurrentHashMap$ReservationNode 1 1 34 100 1 10 7 12 1 1 1 100 1 1 1 1 1 1 1 1 1 1 1 1 1 1 1 1 1 1 1 1 1 1 1 1
ciInstanceKlass java/util/concurrent/ConcurrentHashMap$ForwardingNode 1 1 71 100 1 10 7 12 1 1 1 9 7 12 1 1 1 10 12 1 1 9 12 1 1 9 12 1 1 10 100 12 1 1 1 10 12 1 1 9 12 1 1 1 1 1 1 1 1 1 1 1 1 1 1 1 1 1 1 1 1 1 1 1 100 1 1 1 1 1 1 1 1
ciInstanceKlass java/lang/ref/ReferenceQueue$Null 1 1 29 10 7 12 1 1 1 100 1 1 1 1 1 1 1 1 1 1 1 1 1 1 1 1 1 1 1 1 1
instanceKlass java/util/LinkedHashMap$Entry
ciInstanceKlass java/util/HashMap$Node 1 1 95 10 7 12 1 1 1 9 7 12 1 1 1 9 12 1 1 9 12 1 9 12 1 1 7 1 10 10 12 1 1 8 1 10 12 1 10 12 1 1 10 100 12 1 1 1 7 1 11 12 1 1 10 12 1 1 11 12 1 1 1 1 1 1 1 1 1 1 1 1 1 1 1 1 1 1 1 1 1 1 1 1 1 1 1 1 1 1 100 1 1 1 7 1 1
ciMethod java/util/HashMap$Node <init> (ILjava/lang/Object;Ljava/lang/Object;Ljava/util/HashMap$Node;)V 1922 0 69507 0 0
ciInstanceKlass java/util/HashMap$TreeNode 0 0 250 7 1 10 7 12 1 1 1 9 7 12 1 1 1 9 12 1 1 9 12 1 9 12 1 1 9 12 1 1 10 12 1 1 100 1 10 12 1 9 12 1 9 12 1 9 12 1 1 10 7 12 1 1 1 10 12 1 1 10 12 1 1 10 12 1 1 10 12 1 1 10 12 1 1 10 7 12 1 1 1 10 7 12 1 1 1 10 7 12 1 1 1 9 12 1 10 12 1 1 10 12 1 1 10 12 1 1 10 12 1 1 9 100 1 10 12 1 1 10 12 1 1 10 12 1 10 12 1 1 10 12 1 10 12 1 10 12 1 1 1 1 1 1 1 1 1 1 1 1 1 1 1 1 1 1 1 1 1 1 1 1 1 1 100 1 1 1 1 1 1 1 1 1 1 1 1 1 1 1 1 1 1 1 1 1 1 1 1 1 1 1 1 1 1 1 1 1 1 1 1 1 1 1 1 1 1 1 1 1 1 1 1 1 1 1 1 1 1 1 1 1 1 1 1 1 1 1 1 1 1 1 1 1 1 1 1 1 1 1 1 1 1 1 1 100 1 1 1 1
instanceKlass java/util/HashMap$TreeNode
ciInstanceKlass java/util/LinkedHashMap$Entry 1 1 41 10 7 12 1 1 1 100 1 1 1 1 1 1 1 1 1 1 1 1 1 1 1 1 1 1 1 1 1 1 1 1 1 1 100 1 1 100 1 1 1
ciMethod java/util/LinkedHashMap$Entry <init> (ILjava/lang/Object;Ljava/lang/Object;Ljava/util/HashMap$Node;)V 792 0 62157 0 728
ciMethod java/util/HashMap$TreeNode split (Ljava/util/HashMap;[Ljava/util/HashMap$Node;II)V 2 20 1 0 -1
ciMethod java/util/HashMap$TreeNode putTreeVal (Ljava/util/HashMap;[Ljava/util/HashMap$Node;ILjava/lang/Object;Ljava/lang/Object;)Ljava/util/HashMap$TreeNode; 12 6 1 0 -1
ciMethod java/util/HashMap$TreeNode treeify ([Ljava/util/HashMap$Node;)V 4 74 1 0 -1
ciInstanceKlass jdk/internal/loader/ClassLoaderValue 1 1 44 10 7 12 1 1 1 10 100 12 1 1 1 10 100 12 1 1 1 10 100 12 1 1 1 1 1 1 1 1 1 1 1 1 1 1 1 1 1 1 1 1 1 1
ciMethod java/util/HashSet <init> ()V 1024 0 2107 0 0
ciMethod java/util/Set add (Ljava/lang/Object;)Z 0 0 1 0 -1
ciMethod java/util/AbstractSet <init> ()V 1024 0 8745 0 0
ciMethod java/util/HashMap removeNode (ILjava/lang/Object;Ljava/lang/Object;ZZ)Ljava/util/HashMap$Node; 512 0 1137 0 -1
ciMethod java/util/HashMap resize ()[Ljava/util/HashMap$Node; 538 8192 1992 0 2896
ciMethod java/util/HashMap treeifyBin ([Ljava/util/HashMap$Node;I)V 0 0 2 0 0
ciMethod java/util/HashMap putVal (ILjava/lang/Object;Ljava/lang/Object;ZZ)Ljava/lang/Object; 7578 494 89805 0 2016
ciMethod java/util/HashMap hash (Ljava/lang/Object;)I 4108 0 50250 0 208
ciMethod java/util/HashMap <init> ()V 1024 0 8834 0 88
ciMethod java/util/concurrent/ConcurrentHashMap addCount (JI)V 1024 0 5709 0 -1
ciMethod java/util/concurrent/ConcurrentHashMap treeifyBin ([Ljava/util/concurrent/ConcurrentHashMap$Node;I)V 0 0 1 0 -1
ciMethod java/util/concurrent/ConcurrentHashMap helpTransfer ([Ljava/util/concurrent/ConcurrentHashMap$Node;Ljava/util/concurrent/ConcurrentHashMap$Node;)[Ljava/util/concurrent/ConcurrentHashMap$Node; 0 0 1 0 -1
ciMethod java/util/concurrent/ConcurrentHashMap casTabAt ([Ljava/util/concurrent/ConcurrentHashMap$Node;ILjava/util/concurrent/ConcurrentHashMap$Node;Ljava/util/concurrent/ConcurrentHashMap$Node;)Z 1024 0 1552 0 -1
ciMethod java/util/concurrent/ConcurrentHashMap initTable ()[Ljava/util/concurrent/ConcurrentHashMap$Node; 74 0 2111 0 -1
ciMethod java/util/concurrent/ConcurrentHashMap putVal (Ljava/lang/Object;Ljava/lang/Object;Z)Ljava/lang/Object; 1024 24 20810 0 -1
ciMethod java/util/concurrent/ConcurrentHashMap tabAt ([Ljava/util/concurrent/ConcurrentHashMap$Node;I)Ljava/util/concurrent/ConcurrentHashMap$Node; 1024 0 5642 0 88
ciMethod java/util/concurrent/ConcurrentHashMap spread (I)I 1024 0 41154 0 96
ciMethod java/util/concurrent/ConcurrentHashMap <init> ()V 516 0 1629 0 0
ciMethod java/util/AbstractMap <init> ()V 1024 0 15989 0 0
ciMethod java/util/concurrent/ConcurrentMap get (Ljava/lang/Object;)Ljava/lang/Object; 0 0 1 0 -1
ciMethod java/util/concurrent/ConcurrentMap putIfAbsent (Ljava/lang/Object;Ljava/lang/Object;)Ljava/lang/Object; 0 0 1 0 -1
ciMethod jdk/internal/misc/Unsafe compareAndSetReference (Ljava/lang/Object;JLjava/lang/Object;Ljava/lang/Object;)Z 256 0 128 0 -1
ciMethod jdk/internal/misc/Unsafe getReferenceAcquire (Ljava/lang/Object;J)Ljava/lang/Object; 1024 0 5642 0 -1
ciMethod java/lang/Class newReflectionData (Ljava/lang/ref/SoftReference;I)Ljava/lang/Class$ReflectionData; 156 0 1455 0 0
ciMethod java/lang/Class getInterfaces0 ()[Ljava/lang/Class; 258 0 129 0 -1
ciMethod java/lang/Class reflectionData ()Ljava/lang/Class$ReflectionData; 524 0 5390 0 976
ciMethod java/lang/Class getInterfaces (Z)[Ljava/lang/Class; 512 0 7444 0 1536
ciMethod java/lang/Class getInterfaces ()[Ljava/lang/Class; 516 0 6404 0 0
ciMethod java/lang/Class getSuperclass ()Ljava/lang/Class; 256 0 128 0 -1
ciMethod java/lang/Object <init> ()V 4150 0 626760 0 80
ciInstanceKlass org/gradle/internal/service/DefaultServiceRegistry$ClassInspector 1 1 80 10 7 12 1 1 1 10 7 1 7 1 10 9 12 1 1 10 12 1 1 10 7 12 1 1 1 10 12 1 1 11 7 12 1 1 1 10 12 1 11 12 1 1 1 1 1 1 1 1 1 1 1 1 1 1 1 1 1 1 1 1 1 1 1 1 1 1 1 1 1 1 1 1 100 1 1 1 100 1
ciInstanceKlass org/gradle/internal/service/DefaultServiceRegistry$ClassInspector$ClassDetails 1 1 125 9 7 12 1 1 1 10 7 12 1 1 1 7 1 10 7 1 10 9 12 1 1 10 12 1 1 11 7 12 1 1 1 10 7 12 1 1 1 10 12 1 1 11 7 12 1 1 1 7 1 10 12 1 1 10 12 1 1 11 12 1 1 10 12 1 1 11 12 1 1 11 7 12 1 1 11 12 1 1 10 12 1 1 1 1 1 1 1 1 1 1 1 1 1 1 1 1 1 1 1 100 1 1 1 1 1 1 1 1 1 1 1 1 1 1 1 1 1 100 1 100 1 1 1
instanceKlass java/util/concurrent/CancellationException
instanceKlass org/gradle/api/internal/DefaultMutationGuard$IllegalMutationException
instanceKlass org/gradle/internal/enterprise/impl/legacy/UnsupportedBuildScanPluginVersionException
instanceKlass org/gradle/api/internal/provider/MissingValueException
instanceKlass java/nio/channels/ClosedSelectorException
instanceKlass java/nio/channels/OverlappingFileLockException
ciInstanceKlass java/lang/IllegalStateException 0 0 35 10 100 12 1 1 1 10 12 1 10 12 1 10 12 1 100 1 1 1 1 5 0 1 1 1 1 1 1 1 1 1 1 1 1
ciInstanceKlass org/gradle/internal/reflect/MethodSet$MethodKey 1 1 85 10 7 12 1 1 1 10 7 12 1 1 9 12 1 1 10 7 12 1 1 1 9 12 1 1 10 12 1 1 10 12 1 1 10 7 12 1 1 1 10 12 1 10 7 12 1 1 10 7 12 1 1 1 10 12 1 1 1 1 1 1 1 1 1 1 1 1 1 1 1 1 1 1 1 1 1 1 1 1 100 1 1 100 1
ciInstanceKlass org/codehaus/groovy/vmplugin/v8/CacheableCallSite$1 1 1 55 9 7 12 1 1 1 10 7 12 1 1 1 10 12 1 1 10 7 12 1 1 1 1 1 5 0 1 1 1 1 1 1 1 1 1 1 1 1 1 1 1 1 1 1 1 1 1 1 1 100 1 100 1 1
ciMethodData java/lang/Object <init> ()V 2 624685 orig 80 0 0 0 0 0 0 0 0 0 0 0 0 0 0 0 0 0 0 0 0 0 0 0 0 0 0 0 0 0 0 0 0 0 0 0 0 0 0 0 0 0 0 0 0 0 0 0 0 0 0 0 0 0 0 0 0 0 0 0 0 0 0 0 0 0 0 0 0 0 0 0 0 0 0 0 0 0 0 0 0 data 4 0x0 0x9 0x1 0x0 oops 0 methods 0
ciMethodData java/util/concurrent/ConcurrentHashMap tabAt ([Ljava/util/concurrent/ConcurrentHashMap$Node;I)Ljava/util/concurrent/ConcurrentHashMap$Node; 2 5130 orig 80 0 0 0 0 0 0 0 0 0 0 0 0 0 0 0 0 0 0 0 0 0 0 0 0 0 0 0 0 0 0 0 0 0 0 0 0 0 0 0 0 0 0 0 0 0 0 0 0 0 0 0 0 0 0 0 0 0 0 0 0 0 0 0 0 0 0 0 0 0 0 0 0 0 0 0 0 0 0 0 0 data 27 0xf000b 0x140b 0x0 0x0 0x0 0x0 0x0 0x2 0x1 0x14269860520 0x120104 0x0 0x0 0x14269860470 0x8ff 0x14269077420 0x230 0x0 0x0 0x0 0x0 0x0 0x0 0x9 0x2 0x0 0x0 oops 3 9 [Ljava/util/concurrent/ConcurrentHashMap$Node; 13 java/util/concurrent/ConcurrentHashMap$Node 15 java/util/concurrent/ConcurrentHashMap$ForwardingNode methods 0
ciMethodData java/util/concurrent/ConcurrentHashMap spread (I)I 2 40642 orig 80 0 0 0 0 0 0 0 0 0 0 0 0 0 0 0 0 0 0 0 0 0 0 0 0 0 0 0 0 0 0 0 0 0 0 0 0 0 0 0 0 0 0 0 0 0 0 0 0 0 0 0 0 0 0 0 0 0 0 0 0 0 0 0 0 0 0 0 0 0 0 0 0 0 0 0 0 0 0 0 0 data 5 0x0 0x0 0x9 0x1 0x0 oops 0 methods 0
ciMethodData java/util/HashMap hash (Ljava/lang/Object;)I 2 48196 orig 80 0 0 0 0 0 0 0 0 0 0 0 0 0 0 0 0 0 0 0 0 0 0 0 0 0 0 0 0 0 0 0 0 0 0 0 0 0 0 0 1 0 0 0 0 0 0 0 0 0 0 0 0 0 0 0 0 0 0 0 0 0 0 0 0 0 0 0 0 0 0 0 0 0 0 0 0 0 0 0 0 data 23 0x8000000600010007 0xbc45 0x38 0x1 0x50003 0x1 0x50 0x90005 0x6db6 0x0 0x1424babb6b8 0x4cc1 0x142661ab728 0x1cd 0x0 0x0 0x0 0x0 0x0 0x0 0x9 0x1 0xffffffffffffffff oops 2 10 java/lang/String 12 java/lang/module/ModuleDescriptor methods 0
ciMethodData java/util/AbstractCollection <init> ()V 2 40632 orig 80 0 0 0 0 0 0 0 0 0 0 0 0 0 0 0 0 0 0 0 0 0 0 0 0 0 0 0 0 0 0 0 0 0 0 0 0 0 0 0 0 0 0 0 0 0 0 0 0 0 0 0 0 0 0 0 0 0 0 0 0 0 0 0 0 0 0 0 0 0 0 0 0 0 0 0 0 0 0 0 0 data 7 0x10002 0x9eb9 0x0 0x0 0x9 0x1 0x0 oops 0 methods 0
ciMethodData java/util/HashMap putVal (ILjava/lang/Object;Ljava/lang/Object;ZZ)Ljava/lang/Object; 2 86016 orig 80 6 0 0 0 1 0 0 0 0 0 0 0 0 0 0 0 0 0 0 0 4 0 0 6 0 0 0 0 0 0 0 0 0 0 0 0 0 0 0 5 0 0 0 0 0 0 0 0 0 0 0 0 0 0 0 0 0 0 0 0 0 0 0 0 0 0 0 0 0 0 0 0 0 0 0 0 0 0 0 0 data 198 0x70007 0x935 0x40 0x146cc 0x100007 0x146cc 0x58 0x0 0x140005 0x935 0x0 0x0 0x0 0x0 0x0 0x2c0007 0x8e4d 0xa8 0xc1b4 0x8000000700380005 0x21 0x0 0x142661b0e68 0x2c54 0x142661a9370 0x9543 0x3b0004 0x0 0x0 0x142661ad710 0x2c75 0x14269a180a0 0x9543 0x3c0003 0xc1b8 0x410 0x450007 0x7a45 0xd0 0x1408 0x510007 0x10c 0x98 0x12fc 0x550007 0x0 0x90 0x12fc 0x80000004005b0005 0xa 0x0 0x1424babb6b8 0x12ec 0x14269a18150 0x8 0x5e0007 0x8 0x38 0x12f6 0x650003 0x1402 0x2a8 0x6a0004 0xffffffffffff85b3 0x0 0x142661ad710 0x927 0x14269a180a0 0x38 0x6d0007 0x7a4d 0xa8 0x0 0x720004 0x0 0x0 0x0 0x0 0x0 0x0 0x7b0005 0x0 0x0 0x0 0x0 0x0 0x0 0x800003 0x0 0x1c8 0x8e0007 0x2e86 0xc8 0x748c 0x980005 0x18 0x0 0x142661b0e68 0x1061 0x142661a9370 0x6413 0x8000000600a20007 0x748c 0x158 0x1 0xa90005 0x1 0x0 0x0 0x0 0x0 0x0 0xac0003 0x1 0x100 0x8000000600b50007 0x28be 0xd0 0x5ca 0x8000000600c10007 0x39 0xc8 0x592 0xc50007 0x0 0x90 0x592 0x8000000700cb0005 0xd 0x0 0x1424babb6b8 0x583 0x1424babfa58 0x4 0xce0007 0x7 0x38 0x58d 0xd10003 0x58d 0x30 0xdb0003 0x28c5 0xfffffffffffffe68 0xe00007 0x748d 0x98 0x19c8 0x8000000600ec0007 0x19c6 0x40 0x3 0xf10007 0x3 0x20 0x0 0x400fd0005 0xe4 0x0 0x142661b0e68 0x1843 0x142661a9370 0xa4 0x11c0007 0x12dd9 0x58 0x86c 0x1200005 0x86c 0x0 0x0 0x0 0x0 0x0 0x1270005 0x39 0x0 0x142661b0e68 0x3cb5 0x142661a9370 0xf957 0x0 0x0 0x0 0x0 0x0 0x0 0x0 0x0 0x0 0x9 0x6 0x0 0x0 0x0 0x0 0x0 0x0 oops 16 22 java/util/HashMap 24 java/util/LinkedHashMap 29 java/util/HashMap$Node 31 java/util/LinkedHashMap$Entry 51 java/lang/String 53 org/gradle/internal/reflect/MethodSet$MethodKey 65 java/util/HashMap$Node 67 java/util/LinkedHashMap$Entry 97 java/util/HashMap 99 java/util/LinkedHashMap 130 java/lang/String 132 java/lang/Integer 159 java/util/HashMap 161 java/util/LinkedHashMap 177 java/util/HashMap 179 java/util/LinkedHashMap methods 0
ciMethodData java/util/HashMap newNode (ILjava/lang/Object;Ljava/lang/Object;Ljava/util/HashMap$Node;)Ljava/util/HashMap$Node; 2 6838 orig 80 0 0 0 0 0 0 0 0 0 0 0 0 0 0 0 0 0 0 0 0 0 0 0 0 0 0 0 0 0 0 0 0 0 0 0 0 0 0 0 0 0 0 0 0 0 0 0 0 0 0 0 0 0 0 0 0 0 0 0 0 0 0 0 0 0 0 0 0 0 0 0 0 0 0 0 0 0 0 0 0 data 11 0x90002 0x1ab7 0x0 0x0 0x9 0x5 0x0 0x0 0x0 0x0 0x0 oops 0 methods 0
ciMethodData java/util/HashMap$Node <init> (ILjava/lang/Object;Ljava/lang/Object;Ljava/util/HashMap$Node;)V 2 68546 orig 80 0 0 0 0 0 0 0 0 0 0 0 0 0 0 0 0 0 0 0 0 0 0 0 0 0 0 0 0 0 0 0 0 0 0 0 0 0 0 0 0 0 0 0 0 0 0 0 0 0 0 0 0 0 0 0 0 0 0 0 0 0 0 0 0 0 0 0 0 0 0 0 0 0 0 0 0 0 0 0 0 data 13 0x10002 0x10bc3 0x0 0x0 0x0 0x0 0x9 0x5 0xe 0x0 0x0 0x0 0x0 oops 0 methods 0
ciMethodData java/util/HashMap afterNodeInsertion (Z)V 2 6838 orig 80 0 0 0 0 0 0 0 0 0 0 0 0 0 0 0 0 0 0 0 0 0 0 0 0 0 0 0 0 0 0 0 0 0 0 0 0 0 0 0 0 0 0 0 0 0 0 0 0 0 0 0 0 0 0 0 0 0 0 0 0 0 0 0 0 0 0 0 0 0 0 0 0 0 0 0 0 0 0 0 0 data 5 0x0 0x9 0x2 0x0 0x0 oops 0 methods 0
ciMethodData java/util/HashMap put (Ljava/lang/Object;Ljava/lang/Object;)Ljava/lang/Object; 2 20503 orig 80 1 0 0 0 0 0 0 0 0 0 0 0 0 0 0 0 0 0 0 0 0 0 0 0 0 0 0 0 0 0 0 0 0 0 0 0 0 0 0 0 0 0 0 0 0 0 0 0 0 0 0 0 0 0 0 0 0 0 0 0 0 0 0 0 0 0 0 0 0 0 0 0 0 0 0 0 0 0 0 0 data 20 0x20002 0x5018 0x90005 0x5019 0x0 0x0 0x0 0x0 0x0 0x0 0x0 0x0 0x0 0x0 0x0 0x9 0x3 0x0 0x0 0x0 oops 0 methods 0
ciMethodData java/util/HashSet add (Ljava/lang/Object;)Z 2 142471 orig 80 3 0 0 0 0 0 0 0 0 0 0 0 0 0 0 0 0 0 0 0 0 0 0 0 0 0 0 0 0 0 0 0 0 0 0 0 0 0 0 0 0 0 0 0 0 0 0 0 0 0 0 0 0 0 0 0 0 0 0 0 0 0 0 0 0 0 0 0 0 0 0 0 0 0 0 0 0 0 0 0 data 24 0x80005 0x0 0x0 0x142661b0e68 0x2eee 0x142661a9370 0x1fd9a 0xb0007 0x25c9 0x38 0x206c1 0xf0003 0x206c1 0x18 0x0 0x0 0x0 0x0 0x0 0x0 0x9 0x2 0x0 0x0 oops 2 3 java/util/HashMap 5 java/util/LinkedHashMap methods 0
ciMethodData java/lang/Object equals (Ljava/lang/Object;)Z 2 20454 orig 80 0 0 0 0 0 0 0 0 0 0 0 0 0 0 0 0 0 0 0 0 0 0 0 0 0 0 0 0 0 0 0 0 0 0 0 0 0 0 0 0 0 0 0 0 0 0 0 0 0 0 0 0 0 0 0 0 0 0 0 0 0 0 0 0 0 0 0 0 0 0 0 0 0 0 0 0 0 0 0 0 data 17 0x20007 0x3a46 0x38 0x15a1 0x60003 0x15a1 0x18 0x0 0x0 0x0 0x0 0x0 0x0 0x9 0x2 0x0 0x0 oops 0 methods 0
ciMethodData java/util/HashMap resize ()[Ljava/util/HashMap$Node; 2 1723 orig 80 0 0 0 0 0 0 0 0 0 0 0 0 0 0 0 0 0 0 0 0 0 0 0 0 0 0 0 0 0 0 0 0 0 0 0 0 0 0 0 0 0 0 0 0 0 0 0 0 0 0 0 0 0 0 0 0 0 0 0 0 0 0 0 0 0 0 0 0 0 0 0 0 0 0 0 0 0 0 0 0 data 171 0x60007 0x399 0x38 0x322 0xa0003 0x322 0x18 0x190007 0x322 0x98 0x399 0x1f0007 0x399 0x20 0x0 0x320007 0x0 0x90 0x399 0x380007 0xbd 0x70 0x2dc 0x400003 0x2dc 0x50 0x440007 0x15f 0x38 0x1c3 0x4a0003 0x1c3 0x18 0x570007 0x43b 0x78 0x280 0x680007 0x0 0x58 0x280 0x700007 0x0 0x38 0x280 0x760003 0x280 0x18 0x910007 0x322 0x378 0x399 0x9a0007 0x39a 0x358 0x8f35 0xa40007 0x40ae 0x320 0x4e87 0xab0104 0x0 0x0 0x0 0x0 0x0 0x0 0xb10007 0x19bc 0x70 0x34cb 0xc20004 0x0 0x0 0x142661ad710 0xb0a 0x14269a180a0 0x29c1 0xc30003 0x34cb 0x270 0xc80004 0xffffffffffffe644 0x0 0x142661ad710 0x4ea 0x0 0x0 0xcb0007 0x19bc 0xa8 0x0 0xd00004 0x0 0x0 0x0 0x0 0x0 0x0 0xd90005 0x0 0x0 0x0 0x0 0x0 0x0 0xdc0003 0x0 0x190 0xf90007 0x19c4 0x70 0x1fdc 0xfe0007 0xab1 0x38 0x152b 0x1050003 0x152b 0x18 0x1130003 0x1fdc 0x50 0x1180007 0x829 0x38 0x119b 0x11f0003 0x119b 0x18 0x1320007 0x1fe4 0xffffffffffffff58 0x19bc 0x1370007 0x491 0x58 0x152b 0x1460004 0x0 0x0 0x142661ad710 0x409 0x14269a180a0 0x1122 0x1490007 0x821 0x58 0x119b 0x15a0004 0x0 0x0 0x142661ad710 0x3fd 0x14269a180a0 0xd9e 0x15e0003 0x8f35 0xfffffffffffffcc0 0x0 0x0 0x0 0x0 0x0 0x0 0x0 0x0 0x0 0x9 0x1 0x0 oops 7 74 java/util/HashMap$Node 76 java/util/LinkedHashMap$Entry 84 java/util/HashMap$Node 141 java/util/HashMap$Node 143 java/util/LinkedHashMap$Entry 152 java/util/HashMap$Node 154 java/util/LinkedHashMap$Entry methods 0
ciMethodData java/util/concurrent/ConcurrentHashMap putVal (Ljava/lang/Object;Ljava/lang/Object;Z)Ljava/lang/Object; 2 20298 orig 80 2 0 0 0 0 0 0 0 0 0 0 0 0 0 0 0 0 0 0 0 0 0 0 0 0 0 0 0 0 0 0 0 0 0 0 0 0 0 0 2 0 0 0 0 0 0 0 0 0 0 0 0 0 0 0 0 0 0 0 0 0 0 0 0 0 0 0 0 0 0 0 0 0 0 0 0 0 0 0 0 data 250 0x10007 0x0 0x40 0x4f49 0x50007 0x4f4b 0x30 0x0 0xc0002 0x0 0x110005 0xff2 0x0 0x1424babb6b8 0x3f56 0x14267ea8b90 0x3 0x140002 0x4f4a 0x240007 0x300 0x40 0x4f4b 0x2d0007 0x4f4c 0x70 0x0 0x310005 0x300 0x0 0x0 0x0 0x0 0x0 0x360003 0x300 0x5f8 0x450002 0x4f4c 0x4b0007 0x2397 0x78 0x2bb5 0x5b0002 0x2bb5 0x5e0002 0x2bb6 0x8000000600610007 0x2 0x590 0x2bb6 0x640003 0x2bb6 0x588 0x700007 0x2397 0x70 0x0 0x780005 0x0 0x0 0x0 0x0 0x0 0x0 0x7d0003 0x0 0x500 0x810007 0x2e3 0xf8 0x20b4 0x880007 0x18aa 0xd8 0x80a 0x940007 0x1 0x98 0x809 0x990007 0x0 0x98 0x809 0x9f0005 0x0 0x0 0x1424babb6b8 0x806 0x14267ea8c40 0x3 0xa20007 0x0 0x40 0x809 0xad0007 0x0 0x20 0x80a 0xc00002 0x1b8d 0xc50007 0x0 0x330 0x1b8d 0xca0007 0x0 0x188 0x1b8d 0xdb0007 0x2350 0xf0 0x2f5 0xe70007 0x6 0x98 0x2ef 0xec0007 0x0 0xb0 0x2ef 0xf20005 0x0 0x0 0x1424babb6b8 0x2ee 0x14267ea8c40 0x1 0xf50007 0x0 0x58 0x2ef 0x8000000601000007 0x2d1 0x98 0x25 0x1090003 0x25 0x78 0x1180007 0xab8 0x48 0x1898 0x1250002 0x1898 0x12b0003 0x1899 0x30 0x1310003 0xab8 0xfffffffffffffec8 0x1340003 0x1b8f 0x1a0 0x1390004 0x0 0x0 0x0 0x0 0x0 0x0 0x13c0007 0x0 0xe8 0x0 0x1440004 0x0 0x0 0x0 0x0 0x0 0x0 0x14b0005 0x0 0x0 0x0 0x0 0x0 0x0 0x1510007 0x0 0x40 0x0 0x15c0007 0x0 0x20 0x0 0x1650003 0x0 0x80 0x16a0004 0x0 0x0 0x0 0x0 0x0 0x0 0x16d0007 0x0 0x30 0x0 0x1760002 0x0 0x17d0003 0x1b8f 0x18 0x18a0007 0x0 0x98 0x1b8f 0x1910007 0x1b8f 0x58 0x0 0x1990005 0x0 0x0 0x0 0x0 0x0 0x0 0x19e0007 0x1899 0x38 0x2f6 0x1a40003 0x302 0xfffffffffffff990 0x1ab0005 0x444f 0x0 0x0 0x0 0x0 0x0 0x0 0x0 0x0 0x0 0x0 0x0 0x0 0x0 0x0 0x9 0x4 0x0 0x0 0x0 0x0 oops 6 13 java/lang/String 15 jdk/internal/loader/ClassLoaderValue 87 java/lang/String 89 java/lang/invoke/MethodType$ConcurrentWeakInternSet$WeakEntry 124 java/lang/String 126 java/lang/invoke/MethodType$ConcurrentWeakInternSet$WeakEntry methods 0
ciMethodData java/util/concurrent/ConcurrentHashMap putIfAbsent (Ljava/lang/Object;Ljava/lang/Object;)Ljava/lang/Object; 2 15778 orig 80 0 0 0 0 0 0 0 0 0 0 0 0 0 0 0 0 0 0 0 0 0 0 0 0 0 0 0 0 0 0 0 0 0 0 0 0 0 0 0 0 0 0 0 0 0 0 0 0 0 0 0 0 0 0 0 0 0 0 0 0 0 0 0 0 0 0 0 0 0 0 0 0 0 0 0 0 0 0 0 0 data 18 0x40005 0x3da3 0x0 0x0 0x0 0x0 0x0 0x0 0x0 0x0 0x0 0x0 0x0 0x9 0x3 0xffffffffffffffff 0xffffffffffffffff 0xffffffffffffffff oops 0 methods 0
ciMethodData java/util/AbstractMap <init> ()V 2 15477 orig 80 0 0 0 0 0 0 0 0 0 0 0 0 0 0 0 0 0 0 0 0 0 0 0 0 0 0 0 0 0 0 0 0 0 0 0 0 0 0 0 0 0 0 0 0 0 0 0 0 0 0 0 0 0 0 0 0 0 0 0 0 0 0 0 0 0 0 0 0 0 0 0 0 0 0 0 0 0 0 0 0 data 7 0x10002 0x3c76 0x0 0x0 0x9 0x1 0x0 oops 0 methods 0
ciMethodData java/util/AbstractSet <init> ()V 2 8233 orig 80 0 0 0 0 0 0 0 0 0 0 0 0 0 0 0 0 0 0 0 0 0 0 0 0 0 0 0 0 0 0 0 0 0 0 0 0 0 0 0 0 0 0 0 0 0 0 0 0 0 0 0 0 0 0 0 0 0 0 0 0 0 0 0 0 0 0 0 0 0 0 0 0 0 0 0 0 0 0 0 0 data 7 0x10002 0x202a 0x0 0x0 0x9 0x1 0x0 oops 0 methods 0
ciMethodData java/util/HashMap <init> ()V 2 8322 orig 80 0 0 0 0 0 0 0 0 0 0 0 0 0 0 0 0 0 0 0 0 0 0 0 0 0 0 0 0 0 0 0 0 0 0 0 0 0 0 0 0 0 0 0 0 0 0 0 0 0 0 0 0 0 0 0 0 0 0 0 0 0 0 0 0 0 0 0 0 0 0 0 0 0 0 0 0 0 0 0 0 data 9 0x10002 0x2083 0x0 0x0 0x0 0x0 0x9 0x1 0x10 oops 0 methods 0
ciMethodData java/util/HashMap treeifyBin ([Ljava/util/HashMap$Node;I)V 1 4 orig 80 0 0 0 0 0 0 0 0 0 0 0 0 66 1 0 0 0 0 0 0 0 0 0 0 0 0 0 0 0 0 0 0 0 0 0 0 0 0 0 0 0 0 0 0 0 0 0 0 0 0 0 0 0 0 0 0 0 0 0 0 0 0 0 0 0 0 0 0 0 0 0 0 0 0 0 0 0 0 0 0 data 69 0x10007 0x0 0x40 0x4 0xa0007 0x2 0x70 0x2 0xe0005 0x2 0x0 0x0 0x0 0x0 0x0 0x120003 0x2 0x158 0x220007 0x0 0x140 0x2 0x2f0005 0x0 0x0 0x142661a9370 0x12 0x0 0x0 0x360007 0x10 0x38 0x2 0x3d0003 0x2 0x18 0x5a0007 0x10 0xffffffffffffff90 0x2 0x630004 0x0 0x0 0x14269a13c18 0x2 0x0 0x0 0x640007 0x0 0x58 0x2 0x6a0005 0x2 0x0 0x0 0x0 0x0 0x0 0x0 0x0 0x0 0x0 0x0 0x0 0x9 0x3 0xffffffffffffffff 0xffffffffffffffff 0x0 oops 2 25 java/util/LinkedHashMap 43 java/util/HashMap$TreeNode methods 0
ciMethodData java/util/concurrent/ConcurrentHashMap get (Ljava/lang/Object;)Ljava/lang/Object; 2 11502 orig 80 1 0 0 0 0 0 0 0 0 0 0 0 0 0 0 0 0 0 0 0 0 0 0 0 0 0 0 0 0 0 0 0 0 0 0 0 0 0 0 1 0 0 0 0 0 0 0 0 0 0 0 0 0 0 0 0 0 0 0 0 0 0 0 0 0 0 0 0 0 0 0 0 0 0 0 0 0 0 0 0 data 101 0x10005 0xbc5 0x0 0x1424babdf48 0x64e 0x1424babb6b8 0x1adc 0x40002 0x2cef 0xf0007 0x1a8 0x290 0x2b49 0x170007 0x0 0x270 0x2b48 0x220002 0x2b48 0x270007 0x8a5 0x240 0x22a4 0x330007 0xb09 0xb8 0x179b 0x3e0007 0x769 0x98 0x1032 0x430007 0x0 0x108 0x1032 0x490005 0x203 0x0 0x1424babdf48 0x391 0x1424babb6b8 0xa9e 0x4c0007 0x0 0xb0 0x1031 0x560007 0xb09 0x90 0x0 0x5d0005 0x0 0x0 0x0 0x0 0x0 0x0 0x630007 0x0 0x38 0x0 0x6b0003 0x0 0x18 0x760007 0x3a1 0xd8 0x93c 0x7f0007 0x1d2 0xffffffffffffffe0 0x76a 0x8a0007 0x2fe 0x98 0x46c 0x8f0007 0x0 0xffffffffffffffa0 0x46c 0x950005 0x76 0x0 0x1424babb6b8 0x34d 0x1424babdf48 0xa9 0x8000000600980007 0x2 0xffffffffffffff48 0x46b 0x0 0x0 0x0 0x0 0x0 0x0 0x9 0x2 0x0 0x0 oops 6 3 java/lang/invoke/MethodType 5 java/lang/String 38 java/lang/invoke/MethodType 40 java/lang/String 83 java/lang/String 85 java/lang/invoke/MethodType methods 0
ciMethodData java/lang/ref/Reference <init> (Ljava/lang/Object;Ljava/lang/ref/ReferenceQueue;)V 2 25167 orig 80 0 0 0 0 0 0 0 0 0 0 0 0 66 1 0 0 0 0 0 0 0 0 0 0 0 0 0 0 0 0 0 0 0 0 0 0 0 0 0 0 0 0 0 0 0 0 0 0 0 0 0 0 0 0 0 0 0 0 0 0 0 0 0 0 0 0 0 0 0 0 0 0 0 0 0 0 0 0 0 0 data 20 0x10002 0x624f 0xb0007 0x442e 0x38 0x1e20 0x110003 0x1e20 0x18 0x0 0x0 0x0 0x0 0x0 0x0 0x9 0x3 0x6 0x0 0x0 oops 0 methods 0
ciMethodData java/util/HashMap afterNodeAccess (Ljava/util/HashMap$Node;)V 2 1135 orig 80 0 0 0 0 0 0 0 0 0 0 0 0 66 1 0 0 0 0 0 0 0 0 0 0 0 0 0 0 0 0 0 0 0 0 0 0 0 0 0 0 0 0 0 0 0 0 0 0 0 0 0 0 0 0 0 0 0 0 0 0 0 0 0 0 0 0 0 0 0 0 0 0 0 0 0 0 0 0 0 0 data 5 0x0 0x9 0x2 0x0 0x0 oops 0 methods 0
ciMethodData java/util/LinkedHashMap newNode (ILjava/lang/Object;Ljava/lang/Object;Ljava/util/HashMap$Node;)Ljava/util/HashMap$Node; 2 61765 orig 80 0 0 0 0 0 0 0 0 0 0 0 0 66 1 0 0 0 0 0 0 0 0 0 0 0 0 0 0 0 0 0 0 0 0 0 0 0 0 0 0 0 0 0 0 0 0 0 0 0 0 0 0 0 0 0 0 0 0 0 0 0 0 0 0 0 0 0 0 0 0 0 0 0 0 0 0 0 0 0 0 data 22 0x90002 0xf145 0x110005 0xf145 0x0 0x0 0x0 0x0 0x0 0x0 0x0 0x0 0x0 0x0 0x0 0x9 0x5 0x0 0x0 0x0 0x0 0x0 oops 0 methods 0
ciMethodData java/util/LinkedHashMap$Entry <init> (ILjava/lang/Object;Ljava/lang/Object;Ljava/util/HashMap$Node;)V 2 61761 orig 80 0 0 0 0 0 0 0 0 0 0 0 0 66 1 0 0 0 0 0 0 0 0 0 0 0 0 0 0 0 0 0 0 0 0 0 0 0 0 0 0 0 0 0 0 0 0 0 0 0 0 0 0 0 0 0 0 0 0 0 0 0 0 0 0 0 0 0 0 0 0 0 0 0 0 0 0 0 0 0 0 data 11 0x60002 0xf141 0x0 0x0 0x9 0x5 0x0 0x0 0x0 0x0 0x0 oops 0 methods 0
ciMethodData java/util/LinkedHashMap linkNodeAtEnd (Ljava/util/LinkedHashMap$Entry;)V 2 17640 orig 80 0 0 0 0 0 0 0 0 0 0 0 0 66 1 0 0 0 0 0 0 0 0 0 0 0 0 0 0 0 0 0 0 0 0 0 0 0 0 0 0 0 0 0 0 0 0 0 0 0 0 0 0 0 0 0 0 0 0 0 0 0 0 0 0 0 0 0 0 0 0 0 0 0 0 0 0 0 0 0 0 data 31 0x50007 0x44e8 0x70 0x0 0x130007 0x0 0x38 0x0 0x1b0003 0x0 0x18 0x280003 0x0 0x50 0x360007 0x4444 0x38 0xa4 0x3e0003 0xa4 0x18 0x0 0x0 0x0 0x0 0x0 0x0 0x9 0x2 0x0 0x0 oops 0 methods 0
ciMethodData java/util/LinkedHashMap afterNodeInsertion (Z)V 2 61958 orig 80 1 0 0 0 0 0 0 0 0 0 0 0 0 0 0 0 0 0 0 0 0 0 0 0 0 0 0 0 0 0 0 0 0 0 0 0 0 0 0 0 0 0 0 0 0 0 0 0 0 0 0 0 0 0 0 0 0 0 0 0 0 0 0 0 0 0 0 0 0 0 0 0 0 0 0 0 0 0 0 0 data 38 0x10007 0x66 0xe0 0xf1a1 0xa0007 0x0 0xc0 0xf1a1 0xf0005 0x0 0x0 0x142661a9370 0xf1a0 0x14266c7bd20 0x1 0x120007 0xf1a1 0x68 0x0 0x1c0002 0x0 0x230005 0x0 0x0 0x0 0x0 0x0 0x0 0x0 0x0 0x0 0x0 0x0 0x0 0x9 0x2 0x0 0x0 oops 2 11 java/util/LinkedHashMap 13 org/codehaus/groovy/vmplugin/v8/CacheableCallSite$1 methods 0
ciMethodData java/util/LinkedHashMap removeEldestEntry (Ljava/util/Map$Entry;)Z 2 61497 orig 80 0 0 0 0 0 0 0 0 0 0 0 0 66 1 0 0 0 0 0 0 0 0 0 0 0 0 0 0 0 0 0 0 0 0 0 0 0 0 0 0 0 0 0 0 0 0 0 0 0 0 0 0 0 0 0 0 0 0 0 0 0 0 0 0 0 0 0 0 0 0 0 0 0 0 0 0 0 0 0 0 data 5 0x0 0x9 0x2 0x0 0x0 oops 0 methods 0
ciMethodData java/util/LinkedHashMap afterNodeAccess (Ljava/util/HashMap$Node;)V 2 1150 orig 80 0 0 0 0 0 0 0 0 0 0 0 0 66 1 0 0 0 0 0 0 0 0 0 0 0 0 0 0 0 0 0 0 0 0 0 0 0 0 0 0 0 0 0 0 0 0 0 0 0 0 0 0 0 0 0 0 0 0 0 0 0 0 0 0 0 0 0 0 0 0 0 0 0 0 0 0 0 0 0 0 data 100 0x50007 0x0 0x60 0x47e 0xc0007 0x0 0x158 0x47e 0x130007 0x47e 0x138 0x0 0x1d0007 0x0 0x118 0x0 0x210004 0x0 0x0 0x0 0x0 0x0 0x0 0x3c0007 0x0 0x38 0x0 0x450003 0x0 0x18 0x510007 0x0 0x38 0x0 0x5b0003 0x0 0x18 0x620007 0x0 0x38 0x0 0x6b0003 0x0 0x18 0x8a0003 0x0 0x138 0x920007 0x47e 0x120 0x0 0x9c0007 0x0 0x100 0x0 0xa00004 0x0 0x0 0x0 0x0 0x0 0x0 0xbb0007 0x0 0x38 0x0 0xc40003 0x0 0x18 0xd00007 0x0 0x38 0x0 0xda0003 0x0 0x18 0xe10007 0x0 0x38 0x0 0xea0003 0x0 0x18 0x0 0x0 0x0 0x0 0x0 0x0 0x0 0x0 0x0 0x0 0x0 0x0 0x0 0x9 0x2 0x0 0x0 oops 0 methods 0
ciMethodData java/lang/ref/SoftReference get ()Ljava/lang/Object; 2 5314 orig 80 0 0 0 0 0 0 0 0 0 0 0 0 66 1 0 0 0 0 0 0 0 0 0 0 0 0 0 0 0 0 0 0 0 0 0 0 0 0 0 0 0 0 0 0 0 0 0 0 0 0 0 0 0 0 0 0 0 0 0 0 0 0 0 0 0 0 0 0 0 0 0 0 0 0 0 0 0 0 0 0 data 19 0x10002 0x14c2 0x60007 0x2 0x40 0x14c0 0x110007 0x13ff 0x20 0xc1 0x0 0x0 0x0 0x0 0x0 0x0 0x9 0x1 0x0 oops 0 methods 0
ciMethodData java/lang/ref/SoftReference <init> (Ljava/lang/Object;)V 2 4778 orig 80 0 0 0 0 0 0 0 0 0 0 0 0 66 1 0 0 0 0 0 0 0 0 0 0 0 0 0 0 0 0 0 0 0 0 0 0 0 0 0 0 0 0 0 0 0 0 0 0 0 0 0 0 0 0 0 0 0 0 0 0 0 0 0 0 0 0 0 0 0 0 0 0 0 0 0 0 0 0 0 0 data 10 0x20002 0x12aa 0x0 0x0 0x0 0x0 0x9 0x2 0x36 0x0 oops 0 methods 0
ciMethodData java/lang/ref/Reference <init> (Ljava/lang/Object;)V 2 8817 orig 80 0 0 0 0 0 0 0 0 0 0 0 0 66 1 0 0 0 0 0 0 0 0 0 0 0 0 0 0 0 0 0 0 0 0 0 0 0 0 0 0 0 0 0 0 0 0 0 0 0 0 0 0 0 0 0 0 0 0 0 0 0 0 0 0 0 0 0 0 0 0 0 0 0 0 0 0 0 0 0 0 data 8 0x30002 0x2271 0x0 0x0 0x9 0x2 0x6 0x0 oops 0 methods 0
ciMethodData java/lang/Class reflectionData ()Ljava/lang/Class$ReflectionData; 2 5128 orig 80 0 0 0 0 0 0 0 0 0 0 0 0 66 1 0 0 0 0 0 0 0 0 0 0 0 0 0 0 0 0 0 0 0 0 0 0 0 0 0 0 0 0 0 0 0 0 0 0 0 0 0 0 0 0 0 0 0 0 0 0 0 0 0 0 0 0 0 0 0 0 0 0 0 0 0 0 0 0 0 0 data 42 0xb0007 0x561 0xd0 0xea7 0xf0005 0x0 0x0 0x1424babc698 0xea7 0x0 0x0 0x120004 0x0 0x0 0x14266c7f4f0 0xea7 0x0 0x0 0x170007 0x0 0x40 0xea7 0x1f0007 0x0 0x20 0xea7 0x270005 0x561 0x0 0x0 0x0 0x0 0x0 0x0 0x0 0x0 0x0 0x0 0x0 0x9 0x1 0x0 oops 2 7 java/lang/ref/SoftReference 14 java/lang/Class$ReflectionData methods 0
ciMethodData java/lang/Class newReflectionData (Ljava/lang/ref/SoftReference;I)Ljava/lang/Class$ReflectionData; 2 1377 orig 80 0 0 0 0 0 0 0 0 0 0 0 0 66 1 0 0 0 0 0 0 0 0 0 0 0 0 0 0 0 0 0 0 0 0 0 0 0 0 0 0 0 0 0 0 0 0 0 0 0 0 0 0 0 0 0 0 0 0 0 0 0 0 0 0 0 0 0 0 0 0 0 0 0 0 0 0 0 0 0 0 data 50 0x50002 0x561 0x100002 0x561 0x130002 0x561 0x160007 0x0 0x20 0x561 0x260007 0x0 0xd0 0x0 0x2a0005 0x0 0x0 0x0 0x0 0x0 0x0 0x2d0004 0x0 0x0 0x0 0x0 0x0 0x0 0x320007 0x0 0x40 0x0 0x3a0007 0x0 0x20 0x0 0x3f0003 0x0 0xfffffffffffffee0 0x0 0x0 0x0 0x0 0x0 0x0 0x9 0x3 0x0 0x0 0x0 oops 0 methods 0
ciMethodData java/util/HashSet <init> ()V 2 1595 orig 80 0 0 0 0 0 0 0 0 0 0 0 0 0 0 0 0 0 0 0 0 0 0 0 0 0 0 0 0 0 0 0 0 0 0 0 0 0 0 0 0 0 0 0 0 0 0 0 0 0 0 0 0 0 0 0 0 0 0 0 0 0 0 0 0 0 0 0 0 0 0 0 0 0 0 0 0 0 0 0 0 data 11 0x10002 0x63c 0x90002 0x63c 0x0 0x0 0x0 0x0 0x9 0x1 0x0 oops 0 methods 0
ciMethodData java/lang/Class getInterfaces (Z)[Ljava/lang/Class; 2 7188 orig 80 0 0 0 0 0 0 0 0 0 0 0 0 66 1 0 0 0 0 0 0 0 0 0 0 0 0 0 0 0 0 0 0 0 0 0 0 0 0 0 0 0 0 0 0 0 0 0 0 0 0 0 0 0 0 0 0 0 0 0 0 0 0 0 0 0 0 0 0 0 0 0 0 0 0 0 0 0 0 0 0 data 60 0x10005 0x1c14 0x0 0x0 0x0 0x0 0x0 0x60007 0x1c14 0x58 0x0 0xa0005 0x0 0x0 0x0 0x0 0x0 0x0 0x140007 0x164b 0x58 0x5c9 0x180005 0x5c9 0x0 0x0 0x0 0x0 0x0 0x220007 0x517 0xa8 0x16fd 0x260005 0x0 0x0 0x142661b5978 0x16fd 0x0 0x0 0x290004 0x0 0x0 0x142661b5978 0x16fd 0x0 0x0 0x2c0003 0x16fd 0x18 0x0 0x0 0x0 0x0 0x0 0x0 0x9 0x2 0x0 0x0 oops 2 36 [Ljava/lang/Class; 43 [Ljava/lang/Class; methods 0
ciMethodData java/lang/Class getInterfaces ()[Ljava/lang/Class; 2 6152 orig 80 0 0 0 0 0 0 0 0 0 0 0 0 66 1 0 0 0 0 0 0 0 0 0 0 0 0 0 0 0 0 0 0 0 0 0 0 0 0 0 0 0 0 0 0 0 0 0 0 0 0 0 0 0 0 0 0 0 0 0 0 0 0 0 0 0 0 0 0 0 0 0 0 0 0 0 0 0 0 0 0 data 16 0x20005 0x1808 0x0 0x0 0x0 0x0 0x0 0x0 0x0 0x0 0x0 0x0 0x0 0x9 0x1 0x0 oops 0 methods 0
ciMethodData java/util/concurrent/ConcurrentHashMap <init> ()V 2 1371 orig 80 0 0 0 0 0 0 0 0 0 0 0 0 66 1 0 0 0 0 0 0 0 0 0 0 0 0 0 0 0 0 0 0 0 0 0 0 0 0 0 0 0 0 0 0 0 0 0 0 0 0 0 0 0 0 0 0 0 0 0 0 0 0 0 0 0 0 0 0 0 0 0 0 0 0 0 0 0 0 0 0 data 7 0x10002 0x55b 0x0 0x0 0x9 0x1 0x0 oops 0 methods 0
ciMethodData java/lang/Class$ReflectionData <init> (I)V 2 1249 orig 80 0 0 0 0 0 0 0 0 0 0 0 0 66 1 0 0 0 0 0 0 0 0 0 0 0 0 0 0 0 0 0 0 0 0 0 0 0 0 0 0 0 0 0 0 0 0 0 0 0 0 0 0 0 0 0 0 0 0 0 0 0 0 0 0 0 0 0 0 0 0 0 0 0 0 0 0 0 0 0 0 data 10 0x10002 0x4e1 0x0 0x0 0x0 0x0 0x9 0x2 0x6 0x0 oops 0 methods 0
ciMethodData java/lang/Class$Atomic casReflectionData (Ljava/lang/Class;Ljava/lang/ref/SoftReference;Ljava/lang/ref/SoftReference;)Z 2 1148 orig 80 0 0 0 0 0 0 0 0 0 0 0 0 66 1 0 0 0 0 0 0 0 0 0 0 0 0 0 0 0 0 0 0 0 0 0 0 0 0 0 0 0 0 0 0 0 0 0 0 0 0 0 0 0 0 0 0 0 0 0 0 0 0 0 0 0 0 0 0 0 0 0 0 0 0 0 0 0 0 0 0 data 18 0x90005 0x81 0x0 0x0 0x0 0x0 0x0 0x0 0x0 0x0 0x0 0x0 0x0 0x9 0x3 0x0 0x0 0x0 oops 0 methods 0
ciMethod org/gradle/internal/service/DefaultServiceRegistry$ClassInspector getDetailsForClass (Ljava/lang/Class;)Lorg/gradle/internal/service/DefaultServiceRegistry$ClassInspector$ClassDetails; 516 0 5380 0 -1
ciMethod org/gradle/internal/service/DefaultServiceRegistry$ClassInspector$ClassDetails <init> (Ljava/lang/Class;)V 348 0 1123 0 0
ciMethod org/gradle/internal/service/DefaultServiceRegistry$ClassInspector$ClassDetails collectTypes (Ljava/lang/Class;Ljava/util/Set;)V 772 86 5285 0 0
ciMethodData org/gradle/internal/service/DefaultServiceRegistry$ClassInspector$ClassDetails collectTypes (Ljava/lang/Class;Ljava/util/Set;)V 2 4899 orig 80 0 0 0 0 0 0 0 0 0 0 0 0 66 1 0 0 0 0 0 0 0 0 0 0 0 0 0 0 0 0 0 0 0 0 0 0 0 0 0 0 0 0 0 0 0 0 0 0 0 0 0 0 0 0 0 0 0 0 0 0 0 0 0 0 0 0 0 0 0 0 0 0 0 0 0 0 0 0 0 0 data 51 0x10007 0x7de 0x78 0xb45 0x60005 0x0 0x0 0x142661af408 0xb45 0x0 0x0 0xb0007 0xb05 0x20 0x40 0x110005 0xb05 0x0 0x0 0x0 0x0 0x0 0x150002 0xb05 0x190005 0xb05 0x0 0x0 0x0 0x0 0x0 0x280007 0xb05 0x48 0x43d 0x350002 0x43d 0x3b0003 0x43d 0xffffffffffffffd0 0x0 0x0 0x0 0x0 0x0 0x0 0x9 0x3 0x0 0xffffffffffffffff 0xffffffffffffffff oops 1 7 java/util/HashSet methods 0
ciMethodData org/gradle/internal/service/DefaultServiceRegistry$ClassInspector getDetailsForClass (Ljava/lang/Class;)Lorg/gradle/internal/service/DefaultServiceRegistry$ClassInspector$ClassDetails; 2 5122 orig 80 0 0 0 0 0 0 0 0 0 0 0 0 66 1 0 0 0 0 0 0 0 0 0 0 0 0 0 0 0 0 0 0 0 0 0 0 0 0 0 0 0 0 0 0 0 0 0 0 0 0 0 0 0 0 0 0 0 0 0 0 0 0 0 0 0 0 0 0 0 0 0 0 0 0 0 0 0 0 0 0 data 48 0x50005 0x0 0x0 0x1424babef48 0x1402 0x0 0x0 0xa0104 0x0 0x0 0x1426985c798 0x104d 0x0 0x0 0xf0007 0x104d 0xc0 0x3b5 0x170002 0x3b5 0x210005 0x0 0x0 0x1424babef48 0x3b5 0x0 0x0 0x260104 0x0 0x0 0x0 0x0 0x0 0x0 0x2b0007 0x0 0x20 0x3b5 0x0 0x0 0x0 0x0 0x0 0x0 0x9 0x2 0x0 0x0 oops 3 3 java/util/concurrent/ConcurrentHashMap 10 org/gradle/internal/service/DefaultServiceRegistry$ClassInspector$ClassDetails 23 java/util/concurrent/ConcurrentHashMap methods 0
ciMethodData org/gradle/internal/service/DefaultServiceRegistry$ClassInspector$ClassDetails <init> (Ljava/lang/Class;)V 1 949 orig 80 0 0 0 0 0 0 0 0 0 0 0 0 66 1 0 0 0 0 0 0 0 0 0 0 0 0 0 0 0 0 0 0 0 0 0 0 0 0 0 0 0 0 0 0 0 0 0 0 0 0 0 0 0 0 0 0 0 0 0 0 0 0 0 0 0 0 0 0 0 0 0 0 0 0 0 0 0 0 0 0 data 16 0x10002 0x3b5 0x90002 0x3b5 0x140002 0x3b5 0x200002 0x3b5 0x0 0x0 0x0 0x0 0x9 0x2 0x6 0xffffffffffffffff oops 0 methods 0
compile org/gradle/internal/service/DefaultServiceRegistry$ClassInspector getDetailsForClass (Ljava/lang/Class;)Lorg/gradle/internal/service/DefaultServiceRegistry$ClassInspector$ClassDetails; -1 4 inline 97 0 -1 0 org/gradle/internal/service/DefaultServiceRegistry$ClassInspector getDetailsForClass (Ljava/lang/Class;)Lorg/gradle/internal/service/DefaultServiceRegistry$ClassInspector$ClassDetails; 1 5 0 java/util/concurrent/ConcurrentHashMap get (Ljava/lang/Object;)Ljava/lang/Object; 2 4 0 java/util/concurrent/ConcurrentHashMap spread (I)I 2 34 0 java/util/concurrent/ConcurrentHashMap tabAt ([Ljava/util/concurrent/ConcurrentHashMap$Node;I)Ljava/util/concurrent/ConcurrentHashMap$Node; 2 73 0 java/lang/Object equals (Ljava/lang/Object;)Z 2 149 0 java/lang/Object equals (Ljava/lang/Object;)Z 1 23 0 org/gradle/internal/service/DefaultServiceRegistry$ClassInspector$ClassDetails <init> (Ljava/lang/Class;)V 2 1 0 java/lang/Object <init> ()V 2 9 0 java/util/HashSet <init> ()V 3 1 0 java/util/AbstractSet <init> ()V 4 1 0 java/util/AbstractCollection <init> ()V 5 1 0 java/lang/Object <init> ()V 3 9 0 java/util/HashMap <init> ()V 4 1 0 java/util/AbstractMap <init> ()V 5 1 0 java/lang/Object <init> ()V 2 20 0 java/util/concurrent/ConcurrentHashMap <init> ()V 3 1 0 java/util/AbstractMap <init> ()V 4 1 0 java/lang/Object <init> ()V 2 32 0 org/gradle/internal/service/DefaultServiceRegistry$ClassInspector$ClassDetails collectTypes (Ljava/lang/Class;Ljava/util/Set;)V 3 6 0 java/util/HashSet add (Ljava/lang/Object;)Z 4 8 0 java/util/HashMap put (Ljava/lang/Object;Ljava/lang/Object;)Ljava/lang/Object; 5 2 0 java/util/HashMap hash (Ljava/lang/Object;)I 5 9 0 java/util/HashMap putVal (ILjava/lang/Object;Ljava/lang/Object;ZZ)Ljava/lang/Object; 6 56 0 java/util/HashMap newNode (ILjava/lang/Object;Ljava/lang/Object;Ljava/util/HashMap$Node;)Ljava/util/HashMap$Node; 7 9 0 java/util/HashMap$Node <init> (ILjava/lang/Object;Ljava/lang/Object;Ljava/util/HashMap$Node;)V 8 1 0 java/lang/Object <init> ()V 6 91 0 java/lang/Object equals (Ljava/lang/Object;)Z 6 203 0 java/lang/Object equals (Ljava/lang/Object;)Z 6 152 0 java/util/HashMap newNode (ILjava/lang/Object;Ljava/lang/Object;Ljava/util/HashMap$Node;)Ljava/util/HashMap$Node; 7 9 0 java/util/HashMap$Node <init> (ILjava/lang/Object;Ljava/lang/Object;Ljava/util/HashMap$Node;)V 8 1 0 java/lang/Object <init> ()V 6 253 0 java/util/HashMap afterNodeAccess (Ljava/util/HashMap$Node;)V 6 295 0 java/util/HashMap afterNodeInsertion (Z)V 6 56 0 java/util/LinkedHashMap newNode (ILjava/lang/Object;Ljava/lang/Object;Ljava/util/HashMap$Node;)Ljava/util/HashMap$Node; 7 9 0 java/util/LinkedHashMap$Entry <init> (ILjava/lang/Object;Ljava/lang/Object;Ljava/util/HashMap$Node;)V 8 6 0 java/util/HashMap$Node <init> (ILjava/lang/Object;Ljava/lang/Object;Ljava/util/HashMap$Node;)V 9 1 0 java/lang/Object <init> ()V 7 17 0 java/util/LinkedHashMap linkNodeAtEnd (Ljava/util/LinkedHashMap$Entry;)V 6 152 0 java/util/LinkedHashMap newNode (ILjava/lang/Object;Ljava/lang/Object;Ljava/util/HashMap$Node;)Ljava/util/HashMap$Node; 7 9 0 java/util/LinkedHashMap$Entry <init> (ILjava/lang/Object;Ljava/lang/Object;Ljava/util/HashMap$Node;)V 8 6 0 java/util/HashMap$Node <init> (ILjava/lang/Object;Ljava/lang/Object;Ljava/util/HashMap$Node;)V 9 1 0 java/lang/Object <init> ()V 7 17 0 java/util/LinkedHashMap linkNodeAtEnd (Ljava/util/LinkedHashMap$Entry;)V 6 295 0 java/util/LinkedHashMap afterNodeInsertion (Z)V 7 15 0 java/util/LinkedHashMap removeEldestEntry (Ljava/util/Map$Entry;)Z 3 21 0 org/gradle/internal/service/DefaultServiceRegistry$ClassInspector$ClassDetails collectTypes (Ljava/lang/Class;Ljava/util/Set;)V 4 6 0 java/util/HashSet add (Ljava/lang/Object;)Z 5 8 0 java/util/HashMap put (Ljava/lang/Object;Ljava/lang/Object;)Ljava/lang/Object; 6 2 0 java/util/HashMap hash (Ljava/lang/Object;)I 6 9 0 java/util/HashMap putVal (ILjava/lang/Object;Ljava/lang/Object;ZZ)Ljava/lang/Object; 7 56 0 java/util/HashMap newNode (ILjava/lang/Object;Ljava/lang/Object;Ljava/util/HashMap$Node;)Ljava/util/HashMap$Node; 8 9 0 java/util/HashMap$Node <init> (ILjava/lang/Object;Ljava/lang/Object;Ljava/util/HashMap$Node;)V 9 1 0 java/lang/Object <init> ()V 7 91 0 java/lang/Object equals (Ljava/lang/Object;)Z 7 203 0 java/lang/Object equals (Ljava/lang/Object;)Z 7 152 0 java/util/HashMap newNode (ILjava/lang/Object;Ljava/lang/Object;Ljava/util/HashMap$Node;)Ljava/util/HashMap$Node; 8 9 0 java/util/HashMap$Node <init> (ILjava/lang/Object;Ljava/lang/Object;Ljava/util/HashMap$Node;)V 9 1 0 java/lang/Object <init> ()V 7 253 0 java/util/HashMap afterNodeAccess (Ljava/util/HashMap$Node;)V 7 295 0 java/util/HashMap afterNodeInsertion (Z)V 7 56 0 java/util/LinkedHashMap newNode (ILjava/lang/Object;Ljava/lang/Object;Ljava/util/HashMap$Node;)Ljava/util/HashMap$Node; 8 9 0 java/util/LinkedHashMap$Entry <init> (ILjava/lang/Object;Ljava/lang/Object;Ljava/util/HashMap$Node;)V 9 6 0 java/util/HashMap$Node <init> (ILjava/lang/Object;Ljava/lang/Object;Ljava/util/HashMap$Node;)V 10 1 0 java/lang/Object <init> ()V 8 17 0 java/util/LinkedHashMap linkNodeAtEnd (Ljava/util/LinkedHashMap$Entry;)V 7 152 0 java/util/LinkedHashMap newNode (ILjava/lang/Object;Ljava/lang/Object;Ljava/util/HashMap$Node;)Ljava/util/HashMap$Node; 8 9 0 java/util/LinkedHashMap$Entry <init> (ILjava/lang/Object;Ljava/lang/Object;Ljava/util/HashMap$Node;)V 9 6 0 java/util/HashMap$Node <init> (ILjava/lang/Object;Ljava/lang/Object;Ljava/util/HashMap$Node;)V 10 1 0 java/lang/Object <init> ()V 8 17 0 java/util/LinkedHashMap linkNodeAtEnd (Ljava/util/LinkedHashMap$Entry;)V 7 295 0 java/util/LinkedHashMap afterNodeInsertion (Z)V 8 15 0 java/util/LinkedHashMap removeEldestEntry (Ljava/util/Map$Entry;)Z 4 25 0 java/lang/Class getInterfaces ()[Ljava/lang/Class; 5 2 0 java/lang/Class getInterfaces (Z)[Ljava/lang/Class; 6 1 0 java/lang/Class reflectionData ()Ljava/lang/Class$ReflectionData; 7 15 0 java/lang/ref/SoftReference get ()Ljava/lang/Object; 7 39 0 java/lang/Class newReflectionData (Ljava/lang/ref/SoftReference;I)Ljava/lang/Class$ReflectionData; 8 5 0 java/lang/Class$ReflectionData <init> (I)V 9 1 0 java/lang/Object <init> ()V 8 16 0 java/lang/ref/SoftReference <init> (Ljava/lang/Object;)V 9 2 0 java/lang/ref/Reference <init> (Ljava/lang/Object;)V 10 3 0 java/lang/ref/Reference <init> (Ljava/lang/Object;Ljava/lang/ref/ReferenceQueue;)V 11 1 0 java/lang/Object <init> ()V 8 19 0 java/lang/Class$Atomic casReflectionData (Ljava/lang/Class;Ljava/lang/ref/SoftReference;Ljava/lang/ref/SoftReference;)Z 3 25 0 java/lang/Class getInterfaces ()[Ljava/lang/Class; 4 2 0 java/lang/Class getInterfaces (Z)[Ljava/lang/Class; 5 1 0 java/lang/Class reflectionData ()Ljava/lang/Class$ReflectionData; 6 15 0 java/lang/ref/SoftReference get ()Ljava/lang/Object; 6 39 0 java/lang/Class newReflectionData (Ljava/lang/ref/SoftReference;I)Ljava/lang/Class$ReflectionData; 7 5 0 java/lang/Class$ReflectionData <init> (I)V 8 1 0 java/lang/Object <init> ()V 7 16 0 java/lang/ref/SoftReference <init> (Ljava/lang/Object;)V 8 2 0 java/lang/ref/Reference <init> (Ljava/lang/Object;)V 9 3 0 java/lang/ref/Reference <init> (Ljava/lang/Object;Ljava/lang/ref/ReferenceQueue;)V 10 1 0 java/lang/Object <init> ()V 7 19 0 java/lang/Class$Atomic casReflectionData (Ljava/lang/Class;Ljava/lang/ref/SoftReference;Ljava/lang/ref/SoftReference;)Z 1 33 0 java/util/concurrent/ConcurrentHashMap putIfAbsent (Ljava/lang/Object;Ljava/lang/Object;)Ljava/lang/Object;
